v -0.190659 0.572082 0.213437
v 0.179976 0.586233 0.218060
v -0.313257 -0.491320 0.192747
v 0.312806 -0.502336 0.191275
v 0.010247 -0.396236 0.911379
v -0.005525 0.372127 0.687639
v -0.006388 -0.192748 -0.254896
v 0.000156 0.559837 -0.540089
v 0.350693 0.122601 -0.051678
v 0.309564 0.093722 0.484216
v -0.332792 0.133675 -0.042746
v -0.331351 0.101456 0.496131
v -0.005588 0.711660 0.149209
v -0.152297 0.521768 0.441144
v -0.254817 0.764914 -0.273218
v -0.284735 0.370584 0.021472
v -0.301485 0.373433 0.376539
v 0.157647 0.543022 0.454818
v 0.222103 0.814132 -0.247202
v 0.272704 0.363473 0.012974
v 0.273491 0.371516 0.379862
v 0.002092 -0.569852 0.197415
v -0.226110 -0.588254 0.640754
v -0.185169 -0.460421 -0.110765
v -0.374330 -0.164787 0.056099
v -0.375358 -0.193382 0.404102
v 0.230180 -0.597675 0.623026
v 0.184427 -0.483715 -0.113565
v 0.371443 -0.171927 0.047087
v 0.376047 -0.202742 0.399550
v -0.001837 0.062326 0.945813
v 0.321388 -0.130954 0.801514
v -0.321729 -0.127019 0.799484
v 0.219138 0.261804 0.663917
v -0.221574 0.250584 0.660922
v 0.001404 0.125805 -0.545514
v 0.181785 -0.019345 -0.210208
v -0.169980 -0.014396 -0.198699
v 0.320534 0.345900 -0.408145
v -0.327395 0.342946 -0.399982
v 0.361839 0.097946 0.206376
v -0.363123 0.106114 0.219680
v -0.122370 0.653158 0.168534
v -0.207337 0.582488 0.326656
v -0.154030 0.605265 -0.045060
v -0.222756 0.486740 0.111406
v -0.262523 0.496125 0.311663
v 0.125998 0.658649 0.170767
v 0.190000 0.583129 0.331942
v 0.164817 0.631875 -0.014412
v 0.215598 0.497894 0.110330
v 0.227931 0.499669 0.314815
v -0.192290 -0.595941 0.176447
v -0.236554 -0.465664 0.370654
v -0.371336 -0.613992 -0.013709
v -0.374927 -0.361607 0.116130
v -0.352660 -0.351130 0.304871
v 0.199880 -0.611624 0.188363
v 0.224801 -0.479552 0.378102
v 0.357508 -0.623351 -0.012328
v 0.374898 -0.376414 0.108307
v 0.345055 -0.361000 0.301762
v -0.142729 -0.573003 0.916299
v 0.160224 -0.747077 0.827689
v -0.000835 -0.154608 0.999914
v 0.206238 -0.313009 0.921647
v -0.193445 -0.272772 0.924556
v -0.067791 0.445641 0.584386
v 0.075868 0.460501 0.584742
v -0.005568 0.248255 0.803197
v 0.111936 0.330176 0.695874
v -0.109410 0.321569 0.697996
v -0.056603 -0.309058 -0.166990
v 0.054839 -0.309412 -0.159841
v -0.002232 -0.037625 -0.360064
v 0.074046 -0.126278 -0.254327
v -0.069315 -0.129755 -0.255530
v -0.137993 0.724711 -0.426209
v 0.125441 0.717343 -0.433800
v 0.000004 0.364105 -0.659309
v 0.199259 0.478587 -0.553786
v -0.199122 0.483771 -0.551738
v 0.330468 0.212874 -0.036017
v 0.348972 0.017897 -0.000017
v 0.300374 0.074776 -0.127551
v 0.311420 0.219274 -0.179208
v 0.362433 0.105913 0.056530
v 0.293975 0.221578 0.433741
v 0.349278 -0.037005 0.455745
v 0.323956 0.002650 0.616145
v 0.274630 0.170753 0.577942
v 0.340056 0.098155 0.357881
v -0.320352 0.228371 -0.027350
v -0.337501 0.013430 0.012922
v -0.273978 0.082925 -0.114087
v -0.294232 0.229871 -0.172183
v -0.348831 0.111772 0.071765
v -0.318642 0.230939 0.442520
v -0.360663 -0.030328 0.463395
v -0.330265 0.005450 0.619852
v -0.293659 0.175831 0.587230
v -0.356771 0.106550 0.369036
v -0.081208 0.629650 0.319189
v -0.084642 0.801869 -0.163058
v 0.077503 0.620848 0.319089
v 0.079638 0.749823 -0.076448
v -0.251467 0.468548 0.420155
v 0.008997 0.551535 0.458996
v -0.189826 0.395895 0.552729
v -0.322029 0.573947 -0.147085
v -0.004526 0.836128 -0.281175
v -0.290655 0.571476 -0.358185
v -0.301889 0.371179 0.230315
v -0.303636 0.387214 -0.184557
v -0.324768 0.229668 0.139480
v -0.272627 0.337414 0.514015
v -0.337779 0.240680 0.297498
v 0.228056 0.481083 0.431022
v 0.198090 0.425172 0.562176
v 0.304144 0.566767 -0.150958
v 0.276702 0.593578 -0.365796
v 0.274912 0.362271 0.223316
v 0.284604 0.385194 -0.192307
v 0.329574 0.217037 0.126288
v 0.255452 0.339306 0.512019
v 0.320187 0.230184 0.291305
v -0.080055 -0.554917 0.408546
v -0.114664 -0.610730 0.003752
v 0.085598 -0.577392 0.421853
v 0.114032 -0.620515 -0.007549
v -0.332960 -0.363586 0.524226
v 0.013597 -0.632115 0.655551
v -0.344397 -0.375687 0.787162
v -0.361045 -0.334135 -0.076512
v 0.003925 -0.456533 -0.075215
v -0.186561 -0.231660 -0.141935
v -0.385980 -0.187504 0.225218
v -0.298633 -0.107029 -0.080730
v -0.375371 -0.021790 0.148149
v -0.356012 -0.180601 0.599603
v -0.387877 -0.033526 0.303783
v 0.326905 -0.376470 0.521043
v 0.348802 -0.414821 0.764925
v 0.362747 -0.352213 -0.081385
v 0.188594 -0.237875 -0.139015
v 0.387137 -0.195135 0.215926
v 0.303173 -0.113904 -0.090400
v 0.388539 -0.016018 0.134499
v 0.358385 -0.189774 0.596589
v 0.371951 -0.040004 0.291612
v 0.182320 -0.035481 0.942280
v -0.186102 -0.035737 0.938574
v 0.140773 0.163129 0.824531
v -0.140326 0.159555 0.819934
v 0.260372 0.078496 0.757079
v -0.270252 0.078968 0.759655
v 0.117583 0.047970 -0.400393
v -0.108942 0.053289 -0.394267
v 0.209077 0.225232 -0.609983
v -0.218563 0.214568 -0.627417
v 0.236637 0.157137 -0.330909
v -0.224921 0.168604 -0.320130
v -0.162977 0.608139 0.189673
v -0.203682 0.584856 0.275588
v -0.164503 0.579400 0.108187
v -0.200888 0.535094 0.168603
v -0.225211 0.541728 0.267259
v 0.162035 0.620275 0.194959
v 0.185287 0.589699 0.277780
v 0.170270 0.600507 0.118541
v 0.193227 0.551474 0.172467
v 0.200898 0.553905 0.274562
v -0.272119 -0.556723 0.186031
v -0.275218 -0.475231 0.264549
v -0.341898 -0.553910 0.114711
v -0.351960 -0.443729 0.155372
v -0.326872 -0.422440 0.243703
v 0.278840 -0.571626 0.192169
v 0.266609 -0.483588 0.264064
v 0.351957 -0.569428 0.113175
v 0.350521 -0.457220 0.151910
v 0.320581 -0.432888 0.241111
v -0.052760 -0.464689 0.887486
v 0.099941 -0.518483 0.855322
v 0.003992 -0.285473 0.953472
v 0.103381 -0.377882 0.926232
v -0.087432 -0.340298 0.928954
v -0.034009 0.408286 0.646609
v 0.029820 0.410222 0.641757
v -0.006567 0.320991 0.738011
v 0.046702 0.353880 0.693307
v -0.055791 0.356024 0.704024
v -0.022701 -0.248842 -0.219392
v 0.013297 -0.244256 -0.213372
v -0.004502 -0.123146 -0.297808
v 0.023099 -0.164851 -0.257676
v -0.030221 -0.173358 -0.267919
v -0.058223 0.627291 -0.491423
v 0.055764 0.629401 -0.496507
v -0.001107 0.471751 -0.588749
v 0.089348 0.528278 -0.552378
v -0.092814 0.530282 -0.552057
v 0.347160 0.156455 -0.045069
v 0.356063 0.080332 -0.028684
v 0.342058 0.107644 -0.080047
v 0.335104 0.160378 -0.099464
v 0.357269 0.112164 -0.005086
v 0.302064 0.150946 0.461687
v 0.327650 0.036339 0.472915
v 0.310716 0.054553 0.538085
v 0.292465 0.127623 0.526666
v 0.323047 0.095738 0.428374
v -0.332292 0.172003 -0.038702
v -0.334360 0.084229 -0.015946
v -0.315052 0.115300 -0.073366
v -0.313060 0.175164 -0.091353
v -0.341541 0.121563 0.006426
v -0.325463 0.160267 0.472598
v -0.345451 0.043425 0.483337
v -0.329603 0.060490 0.547593
v -0.315948 0.135152 0.537858
v -0.343589 0.104550 0.439632
v -0.069276 0.704616 0.162292
v 0.065451 0.686850 0.150173
v -0.045194 0.679612 0.245801
v -0.024988 0.729031 0.018447
v 0.033397 0.664051 0.238190
v 0.036549 0.733106 0.033342
v -0.193971 0.559389 0.374729
v -0.108154 0.483560 0.512572
v -0.117470 0.576297 0.382065
v -0.210942 0.498729 0.430811
v -0.073554 0.538174 0.451210
v -0.175687 0.462511 0.498899
v -0.245711 0.693939 -0.202683
v -0.206992 0.780715 -0.324294
v -0.233998 0.841327 -0.303993
v -0.463040 0.764822 -0.224782
v -0.149450 0.830765 -0.284846
v -0.300092 0.696680 -0.355282
v -0.253555 0.432279 0.060529
v -0.306404 0.297825 -0.006280
v -0.265475 0.455819 -0.065011
v -0.290467 0.365665 0.131179
v -0.291441 0.381684 -0.085025
v -0.308009 0.297032 0.088264
v -0.287101 0.439110 0.344907
v -0.310712 0.302287 0.409709
v -0.281312 0.429756 0.405531
v -0.306577 0.377025 0.309024
v -0.288180 0.361977 0.444685
v -0.321356 0.309158 0.338654
v 0.182042 0.565898 0.389034
v 0.123756 0.510934 0.523147
v 0.121863 0.583198 0.391105
v 0.093248 0.558725 0.463511
v 0.207892 0.522236 0.445177
v 0.186933 0.494696 0.511056
v 0.207923 0.711080 -0.142462
v 0.209145 0.824010 -0.359772
v 0.138193 0.788405 -0.173822
v 0.193472 0.993914 -0.261613
v 0.419619 0.762328 -0.234791
v 0.248769 0.730884 -0.323439
v 0.242476 0.434529 0.055271
v 0.303478 0.286906 -0.016619
v 0.243789 0.453511 -0.071855
v 0.273030 0.358351 0.121381
v 0.272372 0.374195 -0.093528
v 0.303254 0.284527 0.077491
v 0.253301 0.439614 0.351859
v 0.285136 0.296834 0.406036
v 0.251156 0.431376 0.411600
v 0.275768 0.369942 0.310158
v 0.264964 0.359559 0.443927
v 0.295435 0.300734 0.336479
v -0.099789 -0.567564 0.176386
v 0.101531 -0.597020 0.195630
v -0.041434 -0.562290 0.296028
v -0.062847 -0.557868 0.101065
v 0.046819 -0.576347 0.304473
v 0.067849 -0.575849 0.107267
v -0.206881 -0.485223 0.501267
v -0.249511 -0.726975 0.843412
v -0.134853 -0.561778 0.525654
v -0.276644 -0.452285 0.593421
v -0.117815 -0.643785 0.665115
v -0.335899 -0.539303 0.740179
v -0.278614 -0.564834 -0.116922
v -0.111632 -0.375564 -0.119984
v -0.160862 -0.564707 -0.089790
v -0.283139 -0.417857 -0.110461
v -0.092993 -0.460318 -0.084113
v -0.190619 -0.343790 -0.116201
v -0.380571 -0.263951 0.083659
v -0.353858 -0.071206 0.034632
v -0.371973 -0.247476 -0.003642
v -0.382485 -0.179703 0.138807
v -0.349234 -0.141018 -0.019195
v -0.375670 -0.090123 0.106806
v -0.372197 -0.276973 0.359776
v -0.373053 -0.110345 0.437708
v -0.361924 -0.278692 0.461451
v -0.383452 -0.192172 0.312655
v -0.366160 -0.190293 0.499632
v -0.383558 -0.112047 0.351618
v 0.194778 -0.501508 0.513597
v 0.240740 -0.677286 0.739557
v 0.143496 -0.599365 0.540684
v 0.144319 -0.673736 0.654476
v 0.261407 -0.463591 0.585551
v 0.312910 -0.546420 0.704908
v 0.286317 -0.589552 -0.118199
v 0.113394 -0.383364 -0.119731
v 0.167538 -0.577574 -0.086209
v 0.097966 -0.468105 -0.086567
v 0.280860 -0.436263 -0.097665
v 0.191019 -0.358040 -0.110289
v 0.380455 -0.276909 0.073595
v 0.355777 -0.070617 0.024865
v 0.370732 -0.260040 -0.012021
v 0.383184 -0.186913 0.128953
v 0.345439 -0.148123 -0.026501
v 0.378567 -0.090965 0.095784
v 0.372560 -0.287351 0.356204
v 0.367435 -0.117815 0.431622
v 0.363836 -0.290322 0.459932
v 0.385930 -0.200773 0.305931
v 0.365829 -0.199722 0.496577
v 0.380778 -0.118688 0.343338
v 0.000869 -0.040909 1.041741
v -0.003429 0.159882 0.871026
v 0.089164 0.012359 0.966237
v -0.093057 0.013563 0.964014
v 0.076233 0.112286 0.891045
v -0.081302 0.113001 0.894189
v 0.280063 -0.221265 0.876247
v 0.339676 -0.055168 0.711889
v 0.331527 -0.268244 0.785702
v 0.346148 -0.168837 0.699039
v 0.262998 -0.085376 0.883256
v 0.299823 -0.017145 0.796413
v -0.274693 -0.200621 0.879332
v -0.340394 -0.056291 0.709438
v -0.327008 -0.243374 0.793459
v -0.343293 -0.160117 0.700934
v -0.264800 -0.083663 0.880382
v -0.301792 -0.019556 0.792326
v 0.178407 0.303426 0.691475
v 0.251822 0.216970 0.625245
v 0.209671 0.347840 0.613741
v 0.242066 0.305976 0.584830
v 0.189334 0.214906 0.749006
v 0.233631 0.171290 0.711109
v -0.166055 0.283868 0.681520
v -0.270107 0.220941 0.635437
v -0.204406 0.325406 0.606450
v -0.251743 0.296509 0.585826
v -0.185184 0.204642 0.739902
v -0.245315 0.169389 0.714941
v -0.000717 0.046533 -0.442601
v 0.001195 0.222190 -0.649673
v 0.071528 0.086543 -0.483322
v -0.070021 0.086508 -0.479304
v 0.099384 0.172107 -0.590859
v -0.097002 0.165993 -0.594578
v 0.126965 -0.076658 -0.238659
v 0.240946 0.031925 -0.172729
v 0.184098 -0.126016 -0.172278
v 0.242874 -0.069377 -0.144920
v 0.141115 0.018316 -0.301560
v 0.191146 0.075323 -0.262328
v -0.113661 -0.073370 -0.229395
v -0.227635 0.039307 -0.157482
v -0.177477 -0.121933 -0.167371
v -0.236396 -0.063829 -0.136234
v -0.127674 0.027100 -0.291217
v -0.178947 0.087347 -0.251221
v 0.298766 0.417107 -0.515434
v 0.305392 0.281875 -0.284632
v 0.302172 0.466272 -0.390729
v 0.304405 0.378425 -0.292131
v 0.327963 0.275200 -0.550586
v 0.306168 0.234047 -0.394821
v -0.295238 0.418866 -0.514677
v -0.301659 0.284734 -0.279144
v -0.300160 0.455061 -0.385330
v -0.308097 0.375726 -0.286189
v -0.329730 0.280281 -0.546518
v -0.297602 0.239052 -0.381488
v 0.365216 0.100224 0.128584
v 0.355361 0.097932 0.283420
v 0.349827 0.156197 0.166408
v 0.343385 0.161500 0.247133
v 0.374812 0.039846 0.169678
v 0.369010 0.033180 0.246976
v -0.356769 0.106924 0.144782
v -0.366071 0.106745 0.294693
v -0.344955 0.168762 0.180982
v -0.350090 0.171976 0.257357
v -0.371917 0.041980 0.184251
v -0.376515 0.039115 0.259980
v -0.167471 0.624135 0.264056
v -0.129920 0.626863 0.056828
v -0.112695 0.662931 0.256335
v -0.083843 0.676222 0.024116
v -0.237910 0.543153 0.325083
v -0.153185 0.610433 0.321849
v -0.231405 0.527604 0.374327
v -0.183255 0.545974 0.029473
v -0.136960 0.696139 -0.112836
v -0.235142 0.605179 -0.128554
v -0.243750 0.488116 0.229630
v -0.221881 0.508064 -0.034354
v -0.266650 0.428940 0.181889
v -0.264586 0.491317 0.365517
v -0.285839 0.439504 0.281443
v 0.160124 0.620330 0.261691
v 0.141476 0.651068 0.079069
v 0.107042 0.642227 0.246120
v 0.096393 0.697360 0.052660
v 0.208200 0.546544 0.331623
v 0.149504 0.605383 0.325573
v 0.211319 0.537612 0.385917
v 0.186485 0.563575 0.040611
v 0.132413 0.695625 -0.050765
v 0.225877 0.615879 -0.107264
v 0.220243 0.497669 0.234294
v 0.212455 0.515166 -0.030265
v 0.245516 0.430024 0.173938
v 0.230891 0.494094 0.374949
v 0.248138 0.434534 0.277370
v -0.203885 -0.512088 0.269823
v -0.291464 -0.677026 0.095114
v -0.124912 -0.533834 0.277089
v -0.160051 -0.678644 0.084005
v -0.306197 -0.415173 0.341425
v -0.156805 -0.507060 0.392156
v -0.285232 -0.422027 0.457752
v -0.381696 -0.475576 0.054272
v -0.244876 -0.702949 -0.061966
v -0.376807 -0.473737 -0.064410
v -0.360636 -0.353696 0.210040
v -0.386103 -0.360549 0.017421
v -0.379812 -0.270775 0.174831
v -0.353316 -0.359358 0.407904
v -0.376849 -0.272867 0.265368
v 0.201384 -0.531751 0.279796
v 0.307644 -0.699395 0.095247
v 0.125621 -0.563141 0.296030
v 0.164257 -0.677440 0.081183
v 0.294657 -0.426383 0.342158
v 0.146778 -0.528538 0.409976
v 0.273120 -0.434142 0.459829
v 0.382715 -0.494498 0.049779
v 0.236336 -0.709964 -0.075047
v 0.364359 -0.504803 -0.063310
v 0.358082 -0.365215 0.204285
v 0.388984 -0.383745 0.007135
v 0.377596 -0.280764 0.165130
v 0.340132 -0.368019 0.409163
v 0.378130 -0.283710 0.258605
v 0.011255 -0.575064 0.820306
v -0.182473 -0.414678 0.905320
v -0.065113 -0.644724 0.795286
v -0.319706 -0.515583 0.892564
v 0.218995 -0.518880 0.915910
v 0.085341 -0.639617 0.743508
v 0.318501 -0.606729 0.855083
v 0.103331 -0.228883 0.962308
v -0.101793 -0.212299 0.970463
v 0.099188 -0.096936 0.993765
v -0.102364 -0.093866 0.997177
v 0.314628 -0.389540 0.881353
v 0.197320 -0.157838 0.943473
v -0.285128 -0.331443 0.877307
v -0.196756 -0.147957 0.946056
v 0.003813 0.458529 0.586779
v -0.093560 0.388184 0.642072
v -0.031345 0.498965 0.520610
v -0.134590 0.424977 0.572347
v 0.096969 0.399490 0.638776
v 0.048854 0.511817 0.526711
v 0.145882 0.450594 0.577473
v 0.056295 0.285674 0.753041
v -0.065590 0.290435 0.765463
v 0.065552 0.204175 0.819771
v -0.072183 0.206363 0.826780
v 0.163495 0.381522 0.632748
v 0.126056 0.251760 0.759294
v -0.150108 0.356965 0.625915
v -0.123570 0.245032 0.757197
v -0.001993 -0.320527 -0.168876
v -0.061861 -0.224018 -0.208501
v -0.036303 -0.387070 -0.121740
v -0.116212 -0.279462 -0.152570
v 0.062997 -0.218722 -0.203071
v 0.038735 -0.390566 -0.119932
v 0.116874 -0.282524 -0.146964
v 0.037487 -0.079079 -0.313674
v -0.039961 -0.088129 -0.326556
v 0.051090 0.007124 -0.388123
v -0.052219 0.004163 -0.390262
v 0.115748 -0.177650 -0.185108
v 0.090338 -0.034116 -0.317567
v -0.113949 -0.178969 -0.188533
v -0.082679 -0.034113 -0.316788
v -0.000623 0.733634 -0.442302
v -0.175960 0.598209 -0.494786
v -0.090766 0.835053 -0.347983
v -0.251376 0.667309 -0.427444
v 0.169303 0.604865 -0.497959
v 0.078140 0.817416 -0.368487
v 0.235353 0.690778 -0.427541
v 0.110633 0.419380 -0.618700
v -0.114682 0.421773 -0.616794
v 0.127610 0.299446 -0.668847
v -0.127837 0.296933 -0.666746
v 0.267121 0.549214 -0.469490
v 0.227059 0.360451 -0.646250
v -0.265944 0.540651 -0.470347
v -0.225392 0.363732 -0.615688
v 0.325755 0.220762 -0.105807
v 0.352264 0.150625 0.013946
v 0.301771 0.294017 -0.105521
v 0.333378 0.209822 0.041349
v 0.333162 0.039630 -0.062004
v 0.361443 0.067238 0.029730
v 0.331278 -0.047301 -0.043202
v 0.372280 0.002952 0.062940
v 0.307472 0.150034 -0.153385
v 0.294828 -0.013720 -0.107739
v 0.248445 0.128237 -0.203123
v 0.306185 0.296073 -0.192326
v 0.272299 0.207171 -0.249668
v 0.353251 0.150984 0.086104
v 0.374249 0.052808 0.094272
v 0.282080 0.203067 0.503232
v 0.317383 0.161022 0.394390
v 0.274767 0.282864 0.475066
v 0.308960 0.230038 0.364220
v 0.337154 -0.023846 0.536501
v 0.343211 0.030888 0.401047
v 0.357517 -0.109004 0.522048
v 0.361216 -0.041373 0.373999
v 0.293228 0.087317 0.602416
v 0.351936 -0.089104 0.614879
v 0.299968 0.038375 0.692170
v 0.265656 0.257462 0.546981
v 0.269014 0.127766 0.661438
v 0.334238 0.164340 0.323109
v 0.356877 0.031044 0.324823
v -0.316473 0.230541 -0.101846
v -0.334644 0.168435 0.027519
v -0.308036 0.301651 -0.098776
v -0.321137 0.225421 0.055848
v -0.310929 0.043539 -0.047934
v -0.349270 0.062954 0.043685
v -0.321645 -0.043561 -0.029797
v -0.359410 -0.008562 0.076664
v -0.278291 0.161897 -0.143779
v -0.280666 -0.008304 -0.092995
v -0.233214 0.132744 -0.199701
v -0.306593 0.301920 -0.187515
v -0.263641 0.216504 -0.243765
v -0.338276 0.166224 0.103401
v -0.363079 0.049796 0.110955
v -0.305070 0.211399 0.513688
v -0.338226 0.171269 0.404150
v -0.296367 0.287314 0.481144
v -0.331302 0.240157 0.370958
v -0.346085 -0.018180 0.542804
v -0.360024 0.038332 0.412031
v -0.360194 -0.102468 0.526237
v -0.376263 -0.034326 0.383568
v -0.309394 0.091082 0.609726
v -0.347506 -0.085257 0.616343
v -0.306725 0.038704 0.694187
v -0.281950 0.258493 0.554625
v -0.284081 0.131036 0.669240
v -0.349969 0.174566 0.331997
v -0.373712 0.038064 0.336300
v -0.001917 0.633260 0.317895
v -0.037089 0.590621 0.387979
v 0.004702 0.774563 -0.118268
v -0.081731 0.824105 -0.277429
v 0.045936 0.595285 0.393064
v 0.053557 0.810985 -0.200499
v -0.226048 0.434100 0.482204
v -0.262540 0.403737 0.467229
v -0.237265 0.367055 0.534546
v -0.351277 0.596843 -0.267975
v -0.297000 0.481985 -0.173808
v -0.305382 0.478734 -0.275779
v -0.314692 0.300734 0.181030
v -0.321577 0.306688 0.263901
v -0.332883 0.235618 0.220571
v 0.221275 0.459653 0.493455
v 0.245896 0.414999 0.473663
v 0.230905 0.384662 0.540021
v 0.333745 0.632110 -0.271697
v 0.280134 0.486000 -0.181970
v 0.295873 0.490719 -0.283059
v 0.302409 0.288563 0.171435
v 0.300449 0.296091 0.259606
v 0.326569 0.223861 0.211584
v 0.005824 -0.580799 0.419172
v -0.039761 -0.598515 0.537997
v 0.006019 -0.526553 0.037672
v -0.051604 -0.516656 -0.036636
v 0.058725 -0.618321 0.544140
v 0.063472 -0.519919 -0.030631
v -0.331929 -0.379085 0.650720
v -0.352284 -0.276651 0.570197
v -0.345148 -0.268811 0.684065
v -0.272527 -0.285461 -0.110555
v -0.328383 -0.214168 -0.075391
v -0.255914 -0.170585 -0.122402
v -0.385309 -0.102210 0.185919
v -0.388464 -0.109159 0.267812
v -0.385775 -0.029517 0.225092
v 0.323255 -0.394523 0.637457
v 0.355786 -0.291010 0.565218
v 0.344934 -0.287598 0.674651
v 0.271198 -0.298809 -0.102963
v 0.336373 -0.226193 -0.087176
v 0.259166 -0.180308 -0.126247
v 0.390317 -0.105111 0.175056
v 0.387349 -0.114943 0.257901
v 0.380390 -0.032971 0.212384
v 0.161649 0.068052 0.891839
v 0.240814 0.025609 0.861687
v -0.163205 0.066363 0.886903
v -0.242728 0.022704 0.857402
v 0.206634 0.121013 0.803136
v -0.210434 0.117727 0.799937
v 0.161578 0.123647 -0.509031
v 0.185023 0.094592 -0.388113
v -0.159459 0.121750 -0.496449
v -0.168676 0.109186 -0.374964
v 0.265128 0.163889 -0.496173
v -0.265754 0.157198 -0.479745
v -0.178427 0.588339 0.205310
v -0.197179 0.580095 0.247360
v -0.176698 0.573968 0.172859
v -0.194155 0.556350 0.196188
v -0.205564 0.560307 0.243450
v 0.172250 0.601462 0.209554
v 0.181883 0.590053 0.250373
v 0.175019 0.591621 0.175734
v 0.184748 0.573806 0.202709
v 0.188571 0.574333 0.248516
v -0.297307 -0.521367 0.189606
v -0.295513 -0.484774 0.223167
v -0.323748 -0.517243 0.159562
v -0.332098 -0.473110 0.175775
v -0.317835 -0.458965 0.215108
v 0.299605 -0.533576 0.190947
v 0.292175 -0.494778 0.223096
v 0.327688 -0.530031 0.158886
v 0.331597 -0.484955 0.173418
v 0.313782 -0.469019 0.213021
v -0.015434 -0.427944 0.897954
v 0.043678 -0.445383 0.891664
v 0.006348 -0.347343 0.931373
v 0.052559 -0.391472 0.917945
v -0.034828 -0.370984 0.920684
v -0.019302 0.389805 0.671927
v 0.009399 0.388972 0.667656
v -0.006417 0.349944 0.709398
v 0.017425 0.364079 0.690511
v -0.028812 0.366064 0.696869
v -0.013637 -0.218487 -0.240784
v 0.000908 -0.214855 -0.236013
v -0.006128 -0.162311 -0.273894
v 0.003432 -0.180127 -0.256672
v -0.017117 -0.185480 -0.263347
v -0.025632 0.590177 -0.519547
v 0.025464 0.590885 -0.523233
v -0.000231 0.520907 -0.561640
v 0.041628 0.549945 -0.550957
v -0.041479 0.546667 -0.544564
v 0.349701 0.137475 -0.049003
v 0.354216 0.104008 -0.041085
v 0.349969 0.115809 -0.064991
v 0.345685 0.138018 -0.071716
v 0.354294 0.116979 -0.030972
v 0.306015 0.119076 0.474427
v 0.316896 0.068342 0.478847
v 0.308744 0.076865 0.506850
v 0.301547 0.108472 0.503340
v 0.315499 0.094413 0.459438
v -0.334971 0.150189 -0.041109
v -0.336094 0.112285 -0.031121
v -0.328730 0.126236 -0.056298
v -0.325258 0.151554 -0.063475
v -0.338344 0.127578 -0.021717
v -0.328698 0.127554 0.485808
v -0.337672 0.075894 0.490748
v -0.330185 0.083843 0.518546
v -0.324289 0.116247 0.514907
v -0.336918 0.103118 0.470936
v -0.042179 0.720361 0.160473
v 0.030677 0.701272 0.146735
v -0.026299 0.695458 0.200676
v -0.016705 0.733032 0.096833
v 0.012054 0.688631 0.195813
v 0.016886 0.721858 0.091133
v -0.176611 0.542270 0.406597
v -0.130641 0.503275 0.477134
v -0.136158 0.549904 0.411743
v -0.187144 0.511904 0.435424
v -0.113406 0.530399 0.446547
v -0.168255 0.493614 0.470507
v -0.270952 0.736360 -0.249950
v -0.230791 0.769200 -0.303111
v -0.225929 0.788908 -0.265517
v -0.326762 0.755187 -0.227327
v -0.203391 0.802122 -0.286343
v -0.292180 0.752398 -0.304668
v -0.269448 0.402223 0.039384
v -0.296798 0.335212 0.006370
v -0.271210 0.409891 -0.019122
v -0.285737 0.366681 0.076605
v -0.286769 0.375616 -0.032304
v -0.297758 0.332807 0.057816
v -0.295045 0.406348 0.360192
v -0.306310 0.338231 0.393009
v -0.291915 0.403643 0.392719
v -0.304505 0.375435 0.342772
v -0.295224 0.368583 0.410132
v -0.311256 0.341482 0.358281
v 0.170377 0.554610 0.421021
v 0.143580 0.530580 0.489946
v 0.140798 0.563646 0.423774
v 0.126426 0.551536 0.458968
v 0.184772 0.533147 0.450205
v 0.172868 0.520097 0.483500
v 0.224663 0.762757 -0.197673
v 0.207694 0.855530 -0.296904
v 0.179425 0.814651 -0.216347
v 0.192063 0.909189 -0.269272
v 0.285039 0.764085 -0.236483
v 0.236367 0.776477 -0.275205
v 0.257243 0.400358 0.031864
v 0.287986 0.325688 -0.003325
v 0.257642 0.406942 -0.026960
v 0.272759 0.360085 0.067388
v 0.272373 0.368618 -0.041168
v 0.288303 0.322992 0.047360
v 0.264641 0.407257 0.367371
v 0.280036 0.334264 0.392607
v 0.262663 0.404060 0.398228
v 0.274707 0.372339 0.346667
v 0.269345 0.366016 0.411528
v 0.284222 0.336683 0.359227
v -0.049483 -0.565776 0.189762
v 0.052872 -0.582316 0.198760
v -0.021444 -0.566706 0.244769
v -0.026715 -0.559650 0.148338
v 0.026094 -0.574880 0.249616
v 0.031027 -0.571816 0.152167
v -0.211410 -0.527422 0.568904
v -0.234750 -0.672838 0.730288
v -0.174710 -0.574094 0.583847
v -0.257455 -0.521523 0.617910
v -0.175540 -0.636846 0.658906
v -0.299414 -0.593141 0.686696
v -0.226866 -0.518597 -0.127457
v -0.146151 -0.414693 -0.109621
v -0.175139 -0.516525 -0.108322
v -0.233117 -0.446244 -0.114668
v -0.138239 -0.463248 -0.100532
v -0.189831 -0.401551 -0.111548
v -0.378452 -0.214139 0.069334
v -0.365803 -0.117100 0.044523
v -0.373169 -0.205055 0.027305
v -0.380378 -0.173027 0.096812
v -0.365669 -0.153816 0.016584
v -0.375442 -0.126483 0.082586
v -0.374791 -0.235515 0.383482
v -0.375611 -0.151689 0.421972
v -0.369376 -0.235585 0.431790
v -0.379626 -0.193006 0.357976
v -0.371624 -0.192595 0.451077
v -0.379678 -0.152278 0.377209
v 0.209814 -0.546107 0.568708
v 0.259249 -0.661853 0.675231
v 0.185472 -0.605492 0.586600
v 0.199795 -0.658844 0.643363
v 0.248098 -0.529305 0.605330
v 0.274180 -0.581590 0.660855
v 0.231275 -0.543587 -0.117847
v 0.147458 -0.428315 -0.109360
v 0.181025 -0.538289 -0.110673
v 0.141724 -0.476938 -0.101438
v 0.231745 -0.468969 -0.104665
v 0.188251 -0.419652 -0.103650
v 0.379106 -0.224427 0.058947
v 0.363209 -0.120908 0.035967
v 0.370207 -0.215174 0.018380
v 0.379536 -0.180436 0.087199
v 0.360109 -0.161322 0.009147
v 0.373784 -0.130738 0.073090
v 0.375475 -0.245298 0.379130
v 0.374020 -0.159878 0.416983
v 0.370330 -0.245907 0.428898
v 0.381991 -0.202131 0.352193
v 0.370994 -0.202085 0.447664
v 0.382344 -0.160049 0.371413
v -0.000996 0.011550 0.995458
v -0.002498 0.111902 0.906344
v 0.043004 0.036920 0.963877
v -0.046137 0.037886 0.960581
v 0.039045 0.087230 0.921443
v -0.043457 0.087765 0.921437
v 0.301988 -0.175883 0.839534
v 0.333967 -0.091239 0.757843
v 0.324131 -0.198335 0.792611
v 0.335713 -0.152088 0.750546
v 0.296085 -0.108935 0.845602
v 0.314319 -0.070675 0.804330
v -0.299785 -0.163836 0.840265
v -0.333972 -0.090768 0.754831
v -0.323225 -0.184094 0.795947
v -0.334085 -0.145030 0.750852
v -0.296615 -0.106238 0.842207
v -0.317042 -0.072146 0.800997
v 0.201252 0.283811 0.680054
v 0.236303 0.239668 0.645862
v 0.215450 0.306580 0.639463
v 0.231139 0.284582 0.623781
v 0.205160 0.238776 0.705999
v 0.225693 0.217639 0.688581
v -0.194586 0.266982 0.671878
v -0.247594 0.235943 0.649454
v -0.212162 0.288627 0.633186
v -0.237041 0.273817 0.623108
v -0.204192 0.227252 0.700185
v -0.232852 0.211249 0.688796
v 0.000405 0.086224 -0.491528
v 0.001868 0.170681 -0.599281
v 0.040054 0.105551 -0.517048
v -0.038244 0.105892 -0.514660
v 0.049052 0.142375 -0.576488
v -0.044568 0.145473 -0.572585
v 0.153187 -0.047551 -0.225025
v 0.210430 0.006857 -0.192179
v 0.182620 -0.072544 -0.190639
v 0.211408 -0.044078 -0.173915
v 0.158190 0.000652 -0.253417
v 0.183432 0.029481 -0.234247
v -0.141167 -0.043277 -0.214331
v -0.199603 0.012887 -0.180208
v -0.173625 -0.068102 -0.182078
v -0.203439 -0.039765 -0.166271
v -0.143680 0.008466 -0.240294
v -0.169985 0.038257 -0.220727
v 0.321403 0.381716 -0.468439
v 0.312470 0.312562 -0.345746
v 0.326416 0.408150 -0.404901
v 0.313711 0.366086 -0.347749
v 0.332727 0.316703 -0.479126
v 0.322382 0.288506 -0.406391
v -0.321265 0.378395 -0.463938
v -0.313292 0.312927 -0.338235
v -0.313843 0.399264 -0.396005
v -0.313384 0.362383 -0.340732
v -0.341691 0.314498 -0.469460
v -0.318950 0.287894 -0.396700
v 0.364201 0.098635 0.166737
v 0.358789 0.097742 0.245043
v 0.357200 0.126880 0.185267
v 0.354046 0.128680 0.225789
v 0.368721 0.068542 0.187724
v 0.366512 0.066601 0.225495
v -0.360550 0.106108 0.182136
v -0.364721 0.105801 0.257319
v -0.354762 0.137235 0.200021
v -0.356725 0.138153 0.238359
v -0.369181 0.073836 0.201893
v -0.371241 0.072730 0.239104
v -0.144655 0.630537 0.178715
v -0.097410 0.678403 0.161251
v -0.145698 0.641239 0.223653
v -0.124596 0.640495 0.113624
v -0.121178 0.664215 0.218379
v -0.101431 0.664610 0.101708
v -0.207021 0.586123 0.301883
v -0.203730 0.573545 0.349456
v -0.189567 0.605813 0.298631
v -0.223103 0.563447 0.327170
v -0.187307 0.599184 0.323559
v -0.221441 0.556761 0.350244
v -0.153855 0.587995 0.036105
v -0.196948 0.649947 -0.123924
v -0.138666 0.614533 0.004592
v -0.166626 0.575112 -0.009582
v -0.155123 0.649684 -0.079968
v -0.187355 0.603193 -0.086752
v -0.210102 0.511675 0.139577
v -0.237147 0.460080 0.084695
v -0.202354 0.516501 0.070746
v -0.232059 0.485583 0.175489
v -0.217659 0.493057 0.040964
v -0.244441 0.457540 0.149452
v -0.245588 0.520691 0.290444
v -0.276582 0.470237 0.329165
v -0.251439 0.521305 0.320969
v -0.256286 0.493550 0.276095
v -0.266176 0.496378 0.339569
v -0.274786 0.469326 0.297546
v 0.146327 0.639225 0.180438
v 0.096873 0.671720 0.157721
v 0.142640 0.637688 0.218787
v 0.132036 0.656410 0.124835
v 0.116891 0.650406 0.209001
v 0.108524 0.675868 0.112738
v 0.188160 0.587373 0.304353
v 0.189754 0.576517 0.360312
v 0.175888 0.602872 0.299691
v 0.199770 0.565658 0.332851
v 0.173292 0.595688 0.328802
v 0.202751 0.561870 0.360554
v 0.165711 0.613364 0.054502
v 0.179285 0.662149 -0.083153
v 0.152426 0.642859 0.032881
v 0.173755 0.596542 0.010204
v 0.152560 0.665112 -0.035047
v 0.182022 0.621582 -0.064875
v 0.203720 0.526167 0.141059
v 0.228812 0.467750 0.080634
v 0.200771 0.531050 0.074619
v 0.217787 0.495763 0.173420
v 0.213619 0.504094 0.042115
v 0.230592 0.464353 0.144166
v 0.214309 0.528949 0.296640
v 0.240610 0.470392 0.334369
v 0.217805 0.525400 0.325811
v 0.225736 0.501164 0.281598
v 0.229311 0.497649 0.346064
v 0.236790 0.469216 0.299507
v -0.237302 -0.585944 0.181052
v -0.147781 -0.578851 0.165408
v -0.197768 -0.546602 0.218834
v -0.239697 -0.659175 0.136850
v -0.156647 -0.546395 0.212438
v -0.174723 -0.665039 0.147977
v -0.255702 -0.467766 0.313279
v -0.217203 -0.467385 0.434252
v -0.218520 -0.487610 0.321882
v -0.273493 -0.442289 0.357186
v -0.195926 -0.484834 0.382403
v -0.258250 -0.443888 0.416478
v -0.362734 -0.591282 0.058090
v -0.335526 -0.608869 -0.083482
v -0.348530 -0.664798 0.039882
v -0.376692 -0.543015 0.021391
v -0.320820 -0.674092 -0.043163
v -0.374095 -0.545497 -0.045157
v -0.366348 -0.406004 0.135025
v -0.378950 -0.313677 0.099152
v -0.378411 -0.414421 0.085834
v -0.367435 -0.357704 0.163806
v -0.381199 -0.363370 0.067373
v -0.375816 -0.314212 0.145734
v -0.338667 -0.386467 0.274619
v -0.365883 -0.315360 0.333588
v -0.333718 -0.385250 0.323461
v -0.355797 -0.351595 0.256886
v -0.351418 -0.353730 0.354843
v -0.368549 -0.313685 0.285734
v 0.246075 -0.603437 0.193604
v 0.149765 -0.608198 0.191064
v 0.200566 -0.569673 0.234745
v 0.251412 -0.677800 0.156315
v 0.158107 -0.576862 0.235984
v 0.189110 -0.654799 0.139914
v 0.245614 -0.479833 0.318149
v 0.205229 -0.483732 0.445321
v 0.210375 -0.504127 0.330643
v 0.262033 -0.453951 0.361097
v 0.185837 -0.503631 0.395486
v 0.246634 -0.457298 0.421900
v 0.358950 -0.602070 0.055921
v 0.339781 -0.621833 -0.081537
v 0.341882 -0.677497 0.033670
v 0.378631 -0.560250 0.020161
v 0.313391 -0.674746 -0.038862
v 0.371641 -0.565472 -0.040850
v 0.365030 -0.420256 0.129462
v 0.379841 -0.328217 0.089559
v 0.378312 -0.432453 0.079119
v 0.366504 -0.370854 0.156845
v 0.382663 -0.381932 0.058376
v 0.374654 -0.326496 0.137393
v 0.331187 -0.396749 0.271442
v 0.361232 -0.325484 0.329886
v 0.322184 -0.395377 0.322101
v 0.351180 -0.361974 0.252326
v 0.341251 -0.363121 0.353961
v 0.363859 -0.323693 0.280302
v -0.097478 -0.509278 0.888788
v -0.201004 -0.661632 0.918932
v -0.070824 -0.560395 0.860295
v -0.171288 -0.494326 0.904821
v -0.119607 -0.632905 0.887537
v -0.243570 -0.561625 0.916115
v 0.136955 -0.645426 0.851364
v 0.207841 -0.702534 0.795655
v 0.071976 -0.654575 0.827406
v 0.204852 -0.667229 0.918467
v 0.116646 -0.677142 0.783777
v 0.258954 -0.720654 0.858169
v 0.001796 -0.219268 0.977400
v -0.001525 -0.094752 1.024478
v 0.051764 -0.190602 0.982227
v -0.052020 -0.182747 0.988302
v 0.050395 -0.126559 1.003046
v -0.053483 -0.122562 1.008191
v 0.156165 -0.351686 0.927889
v 0.249702 -0.266645 0.906291
v 0.212268 -0.406552 0.913980
v 0.154751 -0.269318 0.943253
v 0.260241 -0.355331 0.900870
v 0.203131 -0.230159 0.935800
v -0.142359 -0.306834 0.931712
v -0.239224 -0.236986 0.908715
v -0.189453 -0.340188 0.913657
v -0.148849 -0.242249 0.948991
v -0.239236 -0.303027 0.901641
v -0.197724 -0.208715 0.938284
v -0.050462 0.428643 0.619357
v -0.087326 0.464769 0.548581
v -0.032574 0.453173 0.585846
v -0.082407 0.418522 0.614109
v -0.050154 0.472530 0.552101
v -0.102499 0.436989 0.579418
v 0.052046 0.434051 0.613651
v 0.099858 0.485554 0.554033
v 0.039856 0.461026 0.586558
v 0.086416 0.430189 0.611512
v 0.063856 0.488596 0.557234
v 0.111123 0.456024 0.581501
v -0.006705 0.287320 0.770527
v -0.004541 0.205592 0.837526
v 0.026284 0.266209 0.779024
v -0.037797 0.271091 0.788471
v 0.029083 0.225617 0.813204
v -0.038777 0.229058 0.820378
v 0.078664 0.342804 0.695490
v 0.145862 0.317177 0.694959
v 0.104627 0.366035 0.666733
v 0.084680 0.306935 0.725214
v 0.138864 0.355576 0.665021
v 0.118912 0.292391 0.726801
v -0.082389 0.340405 0.703827
v -0.137726 0.302627 0.690447
v -0.101886 0.356400 0.670690
v -0.088313 0.305373 0.732320
v -0.129785 0.338818 0.662459
v -0.116163 0.284504 0.727167
v -0.036065 -0.279874 -0.193576
v -0.081697 -0.340620 -0.141709
v -0.028862 -0.317632 -0.169801
v -0.060006 -0.267202 -0.187435
v -0.048862 -0.349194 -0.144499
v -0.085069 -0.296269 -0.160418
v 0.032428 -0.274974 -0.185084
v 0.082068 -0.345271 -0.136963
v 0.026127 -0.315949 -0.165226
v 0.059481 -0.263715 -0.180195
v 0.048616 -0.351114 -0.140802
v 0.085578 -0.297083 -0.154175
v -0.003074 -0.080451 -0.326583
v -0.001632 0.005642 -0.398924
v 0.018674 -0.057832 -0.338807
v -0.023065 -0.061420 -0.342798
v 0.022599 -0.014842 -0.375537
v -0.025974 -0.017231 -0.377690
v 0.047356 -0.147154 -0.257732
v 0.099994 -0.102455 -0.248036
v 0.066964 -0.172770 -0.227822
v 0.055333 -0.101681 -0.285436
v 0.094176 -0.151091 -0.220114
v 0.081610 -0.079321 -0.283519
v -0.048284 -0.154206 -0.264600
v -0.091010 -0.103121 -0.243871
v -0.064487 -0.177544 -0.230481
v -0.054029 -0.108794 -0.293047
v -0.085257 -0.154047 -0.218627
v -0.074846 -0.081309 -0.284281
v -0.096161 0.672335 -0.460901
v -0.183854 0.780136 -0.382566
v -0.071987 0.732726 -0.433003
v -0.156256 0.657320 -0.461837
v -0.119930 0.793968 -0.381152
v -0.202264 0.718289 -0.441298
v 0.089733 0.671849 -0.466558
v 0.167625 0.766276 -0.396731
v 0.065784 0.728176 -0.440751
v 0.147172 0.662706 -0.466071
v 0.107764 0.774712 -0.404280
v 0.181757 0.705967 -0.430366
v -0.001106 0.418644 -0.620146
v 0.000726 0.293787 -0.668839
v 0.059294 0.390502 -0.636089
v -0.061440 0.391522 -0.637669
v 0.067341 0.333286 -0.667342
v -0.066210 0.331906 -0.668522
v 0.142687 0.505127 -0.554456
v 0.254467 0.448919 -0.542612
v 0.184280 0.541703 -0.522225
v 0.155860 0.448034 -0.590790
v 0.241998 0.513970 -0.515995
v 0.214731 0.419185 -0.593831
v -0.145769 0.510140 -0.555062
v -0.252835 0.457299 -0.546441
v -0.187266 0.540863 -0.522283
v -0.158156 0.452084 -0.586415
v -0.240208 0.516534 -0.516748
v -0.211957 0.424479 -0.582984
v 0.339242 0.180953 -0.040687
v 0.318399 0.248802 -0.027724
v 0.327359 0.217571 -0.071234
v 0.342396 0.179131 -0.008726
v 0.315538 0.252982 -0.067998
v 0.333677 0.209805 0.000959
v 0.351463 0.051677 -0.014522
v 0.351254 -0.023626 0.013134
v 0.340952 0.027377 -0.030859
v 0.356143 0.046337 0.015321
v 0.341018 -0.014414 -0.020584
v 0.359402 0.007708 0.030529
v 0.326452 0.093153 -0.102667
v 0.271561 0.054462 -0.151246
v 0.321415 0.055323 -0.093918
v 0.304861 0.113902 -0.139359
v 0.296172 0.031824 -0.117849
v 0.274604 0.099027 -0.163401
v 0.323408 0.188235 -0.136355
v 0.304799 0.250978 -0.228474
v 0.322078 0.221226 -0.141794
v 0.308948 0.184545 -0.168102
v 0.312953 0.255849 -0.185450
v 0.295715 0.214599 -0.215223
v 0.359479 0.108669 0.024315
v 0.364021 0.102366 0.091390
v 0.358406 0.128410 0.035382
v 0.363016 0.085962 0.043224
v 0.358850 0.127453 0.070827
v 0.367595 0.080571 0.075960
v 0.297924 0.185587 0.447856
v 0.289881 0.258873 0.419777
v 0.287604 0.213744 0.468278
v 0.305472 0.191564 0.413821
v 0.283557 0.252127 0.454315
v 0.301101 0.226902 0.399121
v 0.338918 0.000548 0.465324
v 0.358735 -0.076920 0.444730
v 0.343352 -0.031896 0.496379
v 0.346082 -0.002970 0.427107
v 0.353393 -0.072262 0.487293
v 0.355832 -0.040172 0.415495
v 0.316605 0.029432 0.575186
v 0.331988 -0.025478 0.661934
v 0.331155 -0.012010 0.576797
v 0.307741 0.045589 0.610923
v 0.338677 -0.042203 0.617693
v 0.314296 0.019874 0.655496
v 0.283473 0.148300 0.552217
v 0.264631 0.193834 0.602361
v 0.278625 0.188277 0.539775
v 0.282271 0.128950 0.591313
v 0.269592 0.213738 0.563106
v 0.271679 0.150023 0.618114
v 0.331498 0.096730 0.394166
v 0.347656 0.098257 0.321100
v 0.329681 0.130564 0.375594
v 0.341683 0.065113 0.377887
v 0.337801 0.131188 0.339853
v 0.349602 0.065263 0.340850
v -0.326502 0.199172 -0.034449
v -0.314491 0.259434 -0.017419
v -0.320953 0.227986 -0.066734
v -0.326926 0.196492 0.001376
v -0.313583 0.261470 -0.060861
v -0.320284 0.225632 0.013271
v -0.334180 0.051660 -0.000434
v -0.343754 -0.027525 0.024778
v -0.324309 0.028096 -0.016489
v -0.344338 0.038357 0.028811
v -0.328426 -0.011960 -0.003059
v -0.348835 0.001232 0.043625
v -0.294387 0.101182 -0.092286
v -0.252798 0.062598 -0.135494
v -0.294699 0.061365 -0.080493
v -0.275464 0.125009 -0.126714
v -0.275765 0.038491 -0.102423
v -0.252319 0.108135 -0.151475
v -0.300447 0.202143 -0.127066
v -0.295169 0.257696 -0.223434
v -0.305310 0.232643 -0.136853
v -0.284325 0.197934 -0.157963
v -0.302240 0.264052 -0.182353
v -0.281390 0.222850 -0.208643
v -0.345505 0.115716 0.037633
v -0.353157 0.108281 0.107522
v -0.341448 0.140597 0.050706
v -0.350979 0.086950 0.057525
v -0.344264 0.138301 0.087280
v -0.357342 0.081331 0.091279
v -0.322098 0.195629 0.458340
v -0.314901 0.266326 0.426179
v -0.312152 0.223536 0.478047
v -0.328876 0.202004 0.423190
v -0.308066 0.259377 0.461957
v -0.325730 0.237059 0.406903
v -0.352713 0.007782 0.474217
v -0.368700 -0.069923 0.451074
v -0.353446 -0.025517 0.503652
v -0.360435 0.004346 0.436446
v -0.360760 -0.066013 0.493624
v -0.368585 -0.033203 0.423673
v -0.328918 0.033923 0.581842
v -0.332985 -0.024958 0.662113
v -0.338669 -0.007685 0.581555
v -0.319320 0.048481 0.616298
v -0.340420 -0.039482 0.620054
v -0.319863 0.020946 0.657967
v -0.304902 0.154707 0.562336
v -0.281849 0.198148 0.611882
v -0.298620 0.195007 0.549614
v -0.301230 0.133632 0.599913
v -0.287402 0.217780 0.572201
v -0.289556 0.154462 0.627162
v -0.350394 0.105652 0.404870
v -0.362901 0.106873 0.332499
v -0.347659 0.139465 0.386261
v -0.358998 0.072421 0.389684
v -0.353522 0.140423 0.350143
v -0.365437 0.072650 0.352760
v -0.062860 0.655985 0.283917
v -0.098938 0.602714 0.351668
v -0.098484 0.648061 0.287660
v -0.117308 0.620795 0.320282
v -0.042981 0.634937 0.318296
v -0.060289 0.609680 0.352264
v -0.040676 0.736615 -0.071196
v -0.197375 0.971314 -0.270223
v -0.078575 0.706692 -0.067761
v -0.124133 0.767883 -0.143389
v -0.029469 0.786113 -0.152047
v -0.092259 0.856653 -0.266808
v 0.055393 0.641518 0.279717
v 0.100279 0.601453 0.355903
v 0.093449 0.632575 0.282411
v 0.114971 0.613315 0.321401
v 0.038395 0.628262 0.318111
v 0.062231 0.609233 0.356014
v 0.057385 0.740953 -0.023169
v 0.105931 0.763635 -0.127202
v 0.087165 0.722620 -0.009978
v 0.109532 0.728519 -0.062906
v 0.044094 0.764355 -0.093519
v 0.068796 0.779763 -0.142306
v -0.231722 0.484227 0.426119
v -0.267888 0.450690 0.413735
v -0.241472 0.498080 0.397814
v -0.258533 0.480594 0.392717
v -0.237947 0.451143 0.450608
v -0.257030 0.435979 0.443738
v -0.032760 0.545213 0.454998
v 0.051899 0.557160 0.462212
v -0.010950 0.526030 0.490357
v 0.030373 0.532259 0.493388
v -0.013647 0.570634 0.423179
v 0.028262 0.576142 0.426517
v -0.182506 0.429427 0.526154
v -0.197272 0.361622 0.580059
v -0.162870 0.410634 0.562639
v -0.169883 0.376140 0.589514
v -0.208251 0.415285 0.517094
v -0.215197 0.381078 0.542817
v -0.477294 0.662845 -0.165609
v -0.268086 0.508711 -0.117055
v -0.299130 0.603069 -0.133547
v -0.249628 0.536085 -0.106906
v -0.375412 0.589382 -0.204225
v -0.296110 0.535160 -0.169538
v -0.081094 0.831896 -0.283477
v 0.086881 0.850004 -0.269707
v -0.045641 0.830963 -0.315942
v 0.037587 0.832261 -0.320564
v -0.042374 0.816721 -0.259403
v 0.033338 0.823997 -0.245093
v -0.291677 0.629098 -0.344791
v -0.292773 0.512558 -0.372488
v -0.272583 0.618721 -0.397608
v -0.276966 0.556889 -0.413406
v -0.316751 0.583928 -0.311512
v -0.303353 0.524867 -0.318808
v -0.297414 0.367824 0.183159
v -0.306533 0.376218 0.273243
v -0.288139 0.400937 0.210231
v -0.294662 0.405938 0.258205
v -0.309211 0.336167 0.204820
v -0.312647 0.339717 0.247698
v -0.298866 0.385878 -0.135131
v -0.305471 0.383955 -0.234647
v -0.304598 0.344244 -0.140056
v -0.305847 0.342833 -0.187853
v -0.299697 0.433654 -0.179688
v -0.303876 0.432396 -0.230399
v -0.316374 0.261852 0.115857
v -0.334188 0.198649 0.160928
v -0.322723 0.227796 0.097485
v -0.331007 0.197290 0.120770
v -0.319607 0.264943 0.159055
v -0.328309 0.232859 0.180241
v -0.281523 0.350194 0.478684
v -0.262504 0.316747 0.549208
v -0.284697 0.313819 0.499008
v -0.276816 0.299173 0.535544
v -0.267933 0.371932 0.490765
v -0.257457 0.353253 0.524823
v -0.330097 0.274912 0.317854
v -0.344450 0.206119 0.277208
v -0.335912 0.241239 0.334504
v -0.344716 0.207789 0.314297
v -0.330195 0.273714 0.280623
v -0.336831 0.238643 0.259701
v 0.218454 0.501242 0.438757
v 0.240043 0.457875 0.422687
v 0.220067 0.509510 0.408773
v 0.229866 0.487972 0.402558
v 0.226511 0.471861 0.461564
v 0.238057 0.448970 0.452832
v 0.193217 0.461473 0.536832
v 0.204616 0.387686 0.587837
v 0.177495 0.442261 0.571226
v 0.184050 0.405839 0.597985
v 0.211385 0.443339 0.527131
v 0.215906 0.405482 0.551792
v 0.475377 0.662619 -0.173578
v 0.241855 0.510822 -0.121204
v 0.283798 0.600234 -0.130704
v 0.230239 0.539877 -0.103653
v 0.378401 0.593001 -0.202231
v 0.286016 0.535015 -0.174267
v 0.259929 0.660964 -0.353862
v 0.287500 0.527495 -0.377242
v 0.253522 0.640008 -0.394846
v 0.271298 0.572402 -0.413532
v 0.296488 0.616711 -0.327680
v 0.292133 0.544431 -0.327846
v 0.274078 0.359407 0.173334
v 0.275858 0.366063 0.269757
v 0.260421 0.395794 0.200326
v 0.261480 0.398399 0.251258
v 0.288308 0.325622 0.196177
v 0.288606 0.329187 0.242566
v 0.274049 0.380568 -0.144037
v 0.295764 0.384433 -0.241095
v 0.288506 0.337029 -0.147561
v 0.295583 0.338940 -0.193803
v 0.280864 0.434617 -0.187812
v 0.291345 0.436739 -0.237432
v 0.317211 0.249158 0.103614
v 0.340268 0.185917 0.147308
v 0.332510 0.213120 0.083698
v 0.342064 0.183064 0.105698
v 0.316015 0.252520 0.148003
v 0.328120 0.220340 0.169201
v 0.260244 0.351022 0.477481
v 0.250258 0.324847 0.547361
v 0.264753 0.312193 0.494238
v 0.260938 0.300728 0.529791
v 0.251117 0.379056 0.493072
v 0.244828 0.363747 0.527039
v 0.307733 0.265163 0.313740
v 0.333103 0.195429 0.268969
v 0.316094 0.231701 0.328398
v 0.328658 0.197431 0.307000
v 0.311603 0.263347 0.276056
v 0.323681 0.227432 0.252369
v -0.060140 -0.557965 0.351186
v -0.103295 -0.554839 0.467447
v -0.100780 -0.540007 0.342718
v -0.120095 -0.533124 0.400703
v -0.037489 -0.570936 0.414681
v -0.059878 -0.574601 0.473798
v -0.090831 -0.587141 0.053453
v -0.140964 -0.598109 -0.047020
v -0.127462 -0.692629 0.040126
v -0.176165 -0.676044 -0.031482
v -0.063439 -0.548083 0.023474
v -0.084687 -0.554728 -0.018661
v 0.066465 -0.576525 0.361586
v 0.108865 -0.583966 0.484666
v 0.103433 -0.566406 0.358841
v 0.118413 -0.558569 0.418208
v 0.047510 -0.584064 0.421373
v 0.072125 -0.597714 0.484311
v 0.092928 -0.602048 0.053516
v 0.141208 -0.608876 -0.055575
v 0.124490 -0.690799 0.022799
v 0.167136 -0.687929 -0.051473
v 0.069939 -0.557812 0.025570
v 0.090531 -0.563411 -0.020443
v -0.305755 -0.406092 0.557866
v -0.354426 -0.322367 0.492518
v -0.313523 -0.396995 0.493497
v -0.348828 -0.362923 0.465680
v -0.328495 -0.369743 0.586430
v -0.345039 -0.322464 0.549572
v -0.051544 -0.636066 0.662534
v 0.077699 -0.644470 0.652106
v -0.022328 -0.635633 0.717709
v 0.051799 -0.627741 0.701233
v -0.014645 -0.621431 0.600160
v 0.040903 -0.628913 0.599845
v -0.341440 -0.457726 0.774790
v -0.335707 -0.305968 0.791708
v -0.337297 -0.444761 0.845120
v -0.329903 -0.355675 0.846035
v -0.338249 -0.383880 0.718494
v -0.341564 -0.319561 0.732212
v -0.328733 -0.377842 -0.101854
v -0.365561 -0.290316 -0.037277
v -0.370261 -0.401746 -0.073956
v -0.378496 -0.351989 -0.031344
v -0.318745 -0.311009 -0.097878
v -0.346739 -0.272515 -0.075613
v -0.044350 -0.457335 -0.078948
v 0.052126 -0.460961 -0.074819
v -0.018920 -0.423383 -0.098626
v 0.023864 -0.425277 -0.097483
v -0.021074 -0.486088 -0.054461
v 0.032702 -0.487314 -0.047980
v -0.189718 -0.287291 -0.128877
v -0.182460 -0.176278 -0.154941
v -0.149900 -0.258905 -0.146511
v -0.148471 -0.204374 -0.163299
v -0.228414 -0.258693 -0.124803
v -0.222570 -0.201687 -0.134224
v -0.385156 -0.184335 0.181938
v -0.385395 -0.190283 0.268531
v -0.383237 -0.228428 0.200662
v -0.384750 -0.230636 0.245440
v -0.386301 -0.144598 0.205067
v -0.387331 -0.147988 0.247379
v -0.325149 -0.125179 -0.050652
v -0.269073 -0.086443 -0.108246
v -0.311910 -0.075130 -0.055481
v -0.288213 -0.056876 -0.085935
v -0.314287 -0.159400 -0.078266
v -0.282323 -0.138964 -0.104475
v -0.375995 -0.055206 0.128423
v -0.374773 0.010804 0.166272
v -0.368159 -0.016174 0.111554
v -0.369073 0.014765 0.129801
v -0.381314 -0.061173 0.166797
v -0.380585 -0.026510 0.186041
v -0.360793 -0.186308 0.549174
v -0.349138 -0.171913 0.650232
v -0.359159 -0.140375 0.561280
v -0.352525 -0.132371 0.609355
v -0.355560 -0.228707 0.586901
v -0.350515 -0.223033 0.640158
v -0.385962 -0.072444 0.327129
v -0.385353 0.003892 0.281131
v -0.383845 -0.034463 0.343607
v -0.382713 0.002902 0.320213
v -0.388366 -0.071091 0.286644
v -0.388886 -0.031674 0.264289
v 0.294792 -0.418191 0.552533
v 0.354570 -0.335750 0.491256
v 0.301761 -0.408548 0.492900
v 0.338332 -0.374073 0.466357
v 0.321626 -0.383245 0.578584
v 0.348612 -0.337530 0.545440
v 0.328380 -0.484968 0.741564
v 0.339689 -0.341514 0.777131
v 0.343100 -0.501764 0.814020
v 0.341982 -0.411643 0.827561
v 0.331843 -0.406313 0.699077
v 0.340924 -0.345832 0.717477
v 0.328192 -0.398861 -0.099050
v 0.368349 -0.306653 -0.045469
v 0.363788 -0.429272 -0.077564
v 0.380272 -0.374729 -0.039449
v 0.316634 -0.327449 -0.093065
v 0.351836 -0.285771 -0.082682
v 0.191076 -0.296535 -0.122174
v 0.185861 -0.181113 -0.155466
v 0.152220 -0.261570 -0.142579
v 0.149073 -0.206332 -0.158389
v 0.229385 -0.269307 -0.119139
v 0.225827 -0.210278 -0.135605
v 0.385485 -0.191146 0.172112
v 0.387833 -0.198420 0.260514
v 0.382673 -0.237307 0.191573
v 0.383197 -0.239713 0.237096
v 0.389018 -0.150234 0.195242
v 0.390739 -0.154292 0.238435
v 0.326826 -0.132304 -0.059875
v 0.274663 -0.092840 -0.117337
v 0.319450 -0.080556 -0.067653
v 0.297145 -0.062171 -0.098009
v 0.316765 -0.168816 -0.086991
v 0.283947 -0.147312 -0.110637
v 0.384923 -0.052730 0.116467
v 0.381239 0.011628 0.151926
v 0.381818 -0.008646 0.097373
v 0.382169 0.021337 0.113539
v 0.391397 -0.060327 0.155005
v 0.385882 -0.025593 0.172939
v 0.361174 -0.195895 0.545774
v 0.354642 -0.180759 0.647682
v 0.359446 -0.147952 0.558591
v 0.361282 -0.138159 0.607761
v 0.356835 -0.241003 0.581952
v 0.352134 -0.236077 0.634514
v 0.374990 -0.079202 0.316708
v 0.368086 -0.002454 0.268330
v 0.366481 -0.041469 0.332969
v 0.364204 -0.004012 0.308385
v 0.379073 -0.076934 0.275194
v 0.375713 -0.037644 0.251766
v 0.136355 -0.011562 0.958566
v 0.224174 -0.060812 0.914751
v 0.143908 -0.065904 0.974255
v 0.189757 -0.093685 0.946665
v 0.172804 0.017791 0.921773
v 0.215065 -0.004750 0.904043
v -0.140111 -0.011949 0.955919
v -0.227378 -0.060056 0.912276
v -0.146716 -0.065420 0.970486
v -0.192601 -0.090643 0.945874
v -0.176518 0.017240 0.918975
v -0.218411 -0.006125 0.901027
v 0.110131 0.137509 0.858127
v 0.167792 0.189189 0.788728
v 0.103050 0.183464 0.823985
v 0.132750 0.208436 0.791205
v 0.149824 0.116234 0.857389
v 0.176139 0.142422 0.819171
v -0.113762 0.136890 0.859854
v -0.164084 0.181890 0.780457
v -0.105805 0.182554 0.825814
v -0.131429 0.203195 0.787860
v -0.151000 0.113930 0.853398
v -0.175405 0.137977 0.811409
v 0.279384 0.031603 0.778509
v 0.244710 0.125133 0.733613
v 0.281606 0.057980 0.726547
v 0.265308 0.103599 0.707492
v 0.253464 0.052864 0.809677
v 0.235291 0.099812 0.782537
v -0.284889 0.030303 0.777408
v -0.258027 0.126085 0.739789
v -0.290408 0.058472 0.728728
v -0.278223 0.105637 0.713224
v -0.258549 0.051036 0.807885
v -0.244272 0.099005 0.785239
v 0.096923 0.066977 -0.444485
v 0.132257 0.031671 -0.352297
v 0.082925 0.027709 -0.396809
v 0.101992 0.008340 -0.356200
v 0.137331 0.085198 -0.452152
v 0.153238 0.068507 -0.399292
v -0.093998 0.067941 -0.439920
v -0.115490 0.042807 -0.343800
v -0.081883 0.027225 -0.398751
v -0.093174 0.011475 -0.353496
v -0.130575 0.089570 -0.441525
v -0.139429 0.079868 -0.387460
v 0.152641 0.201456 -0.601630
v 0.273644 0.242331 -0.613633
v 0.172155 0.261044 -0.655773
v 0.229657 0.279996 -0.654280
v 0.187495 0.169329 -0.560447
v 0.248941 0.183982 -0.569672
v -0.154684 0.187754 -0.613370
v -0.286697 0.241786 -0.609670
v -0.171739 0.258237 -0.652220
v -0.228741 0.314701 -0.655209
v -0.190837 0.159887 -0.557844
v -0.260172 0.168603 -0.556049
v 0.210896 0.117192 -0.294947
v 0.271583 0.193695 -0.367504
v 0.230701 0.149386 -0.259795
v 0.252377 0.189428 -0.289545
v 0.214181 0.124397 -0.364801
v 0.252386 0.160116 -0.409837
v -0.194289 0.133663 -0.284724
v -0.264280 0.199682 -0.354108
v -0.218981 0.157533 -0.254542
v -0.244648 0.195766 -0.282877
v -0.197780 0.140710 -0.351615
v -0.244347 0.166379 -0.394741
v -0.183314 0.598503 0.239217
v -0.161163 0.594467 0.149610
v -0.165852 0.618921 0.229734
v -0.144000 0.617161 0.131177
v -0.217038 0.565464 0.276008
v -0.188918 0.605702 0.272945
v -0.221466 0.566301 0.303288
v -0.182119 0.557317 0.137228
v -0.147330 0.602413 0.081862
v -0.171411 0.563120 0.068640
v -0.213267 0.536910 0.222139
v -0.190403 0.537822 0.103323
v -0.221960 0.512417 0.200918
v -0.233097 0.543700 0.299313
v -0.233626 0.515661 0.251729
v 0.173722 0.605720 0.241556
v 0.164852 0.612542 0.156317
v 0.160780 0.622506 0.229264
v 0.151201 0.634588 0.139776
v 0.193297 0.574027 0.281633
v 0.175148 0.605646 0.270644
v 0.196933 0.569588 0.306506
v 0.181207 0.575935 0.144557
v 0.157682 0.625944 0.097474
v 0.177158 0.583249 0.080395
v 0.194687 0.552418 0.232012
v 0.190157 0.555108 0.109563
v 0.205877 0.525550 0.203666
v 0.205170 0.550704 0.304518
v 0.209832 0.528150 0.257349
v -0.268504 -0.510610 0.224589
v -0.309270 -0.567037 0.151001
v -0.233771 -0.532418 0.221536
v -0.286772 -0.624016 0.150542
v -0.303347 -0.450488 0.256403
v -0.241388 -0.495930 0.267842
v -0.288215 -0.444575 0.303393
v -0.348940 -0.495402 0.132741
v -0.330018 -0.623572 0.105573
v -0.374139 -0.523660 0.082098
v -0.337392 -0.431016 0.199780
v -0.368883 -0.460547 0.107833
v -0.354713 -0.396783 0.181739
v -0.316204 -0.417506 0.290359
v -0.345613 -0.390126 0.227742
v 0.267400 -0.522198 0.227510
v 0.317543 -0.579973 0.152091
v 0.237130 -0.549724 0.230608
v 0.304141 -0.639547 0.154737
v 0.294403 -0.458964 0.254434
v 0.236454 -0.508552 0.272505
v 0.278345 -0.455113 0.304456
v 0.350594 -0.509556 0.129949
v 0.342024 -0.634956 0.102275
v 0.371857 -0.539464 0.078870
v 0.334483 -0.442485 0.196403
v 0.368772 -0.476310 0.103726
v 0.352876 -0.409646 0.177180
v 0.306915 -0.427419 0.289360
v 0.341178 -0.401303 0.223769
v 0.017328 -0.488439 0.868398
v -0.074700 -0.402631 0.909834
v -0.023363 -0.525204 0.859116
v -0.119801 -0.442415 0.903201
v 0.099309 -0.453736 0.904578
v 0.051989 -0.567640 0.844044
v 0.139880 -0.552141 0.923839
v 0.053758 -0.327180 0.939388
v -0.042537 -0.311693 0.941728
v 0.053111 -0.258774 0.960969
v -0.047747 -0.247830 0.963590
v 0.155841 -0.442651 0.917803
v 0.104112 -0.302218 0.943723
v -0.133194 -0.374211 0.915812
v -0.095276 -0.276583 0.948045
v -0.002343 0.411441 0.643711
v -0.046941 0.382925 0.675108
v -0.016367 0.432594 0.616500
v -0.064444 0.400953 0.647361
v 0.039545 0.383396 0.666919
v 0.017577 0.435468 0.615630
v 0.062640 0.405612 0.639907
v 0.020505 0.336074 0.716994
v -0.033936 0.339840 0.725754
v 0.023734 0.303202 0.746715
v -0.036391 0.308513 0.756834
v 0.071450 0.375653 0.667182
v 0.051825 0.321626 0.722288
v -0.074268 0.371051 0.674318
v -0.062025 0.326596 0.735571
v -0.004343 -0.249888 -0.216947
v -0.026933 -0.212210 -0.243522
v -0.014555 -0.286526 -0.196357
v -0.040241 -0.240191 -0.216475
v 0.016560 -0.205106 -0.235118
v 0.008731 -0.282186 -0.190961
v 0.036804 -0.233071 -0.208306
v 0.009099 -0.142724 -0.280365
v -0.019211 -0.146719 -0.285042
v 0.014609 -0.101198 -0.307171
v -0.020953 -0.104966 -0.312307
v 0.039361 -0.190812 -0.232074
v 0.030342 -0.122700 -0.284150
v -0.044112 -0.198446 -0.240203
v -0.035404 -0.129790 -0.292604
v -0.001023 0.632926 -0.494477
v -0.078354 0.579039 -0.520930
v -0.032816 0.680088 -0.466312
v -0.116126 0.615465 -0.492270
v 0.077683 0.581121 -0.526685
v 0.029480 0.679392 -0.468599
v 0.112301 0.618954 -0.497725
v 0.047293 0.497914 -0.573083
v -0.048869 0.499127 -0.572332
v 0.052667 0.445939 -0.603385
v -0.054953 0.447238 -0.602756
v 0.129451 0.563263 -0.525858
v 0.100442 0.474052 -0.582541
v -0.132356 0.562127 -0.523414
v -0.102811 0.477171 -0.582096
v 0.341976 0.159577 -0.071840
v 0.354192 0.131660 -0.023048
v 0.336208 0.186840 -0.072370
v 0.349841 0.153278 -0.016673
v 0.352374 0.091749 -0.054392
v 0.357552 0.096301 -0.015965
v 0.350751 0.063146 -0.042716
v 0.357500 0.072856 -0.000099
v 0.339354 0.133935 -0.091791
v 0.342863 0.078630 -0.067671
v 0.332138 0.126197 -0.110504
v 0.331800 0.187678 -0.102447
v 0.326933 0.156977 -0.125735
v 0.356655 0.128589 0.004271
v 0.359298 0.091364 0.012452
v 0.295948 0.141916 0.493344
v 0.312772 0.124419 0.443734
v 0.291432 0.177017 0.481745
v 0.309294 0.156970 0.428459
v 0.319255 0.043169 0.506071
v 0.325116 0.065430 0.447988
v 0.331596 0.006607 0.502416
v 0.335753 0.032761 0.437976
v 0.299688 0.091562 0.534172
v 0.324425 0.016519 0.538886
v 0.302772 0.069708 0.570648
v 0.286694 0.165052 0.516010
v 0.290544 0.109164 0.562496
v 0.320559 0.127625 0.410723
v 0.333596 0.064533 0.414661
v -0.324336 0.175248 -0.066811
v -0.337659 0.146781 -0.014838
v -0.323740 0.200243 -0.067298
v -0.333228 0.170552 -0.007328
v -0.330031 0.099324 -0.043889
v -0.341162 0.102543 -0.004014
v -0.322597 0.066997 -0.027660
v -0.341817 0.072684 0.012987
v -0.312625 0.146135 -0.084057
v -0.311579 0.081733 -0.060071
v -0.295243 0.137183 -0.106025
v -0.315533 0.202629 -0.098111
v -0.296042 0.170561 -0.116892
v -0.339161 0.143422 0.016470
v -0.346908 0.094081 0.025308
v -0.319902 0.149639 0.505388
v -0.334698 0.133524 0.454967
v -0.315394 0.186140 0.492701
v -0.331929 0.167181 0.439047
v -0.337792 0.050039 0.516286
v -0.344646 0.073481 0.459522
v -0.345440 0.013333 0.510845
v -0.352545 0.039889 0.448494
v -0.322116 0.097703 0.545133
v -0.337799 0.021979 0.546975
v -0.320336 0.074601 0.579126
v -0.309953 0.172177 0.526816
v -0.312213 0.114846 0.572483
v -0.341259 0.137301 0.421584
v -0.351611 0.072486 0.425342
v -0.064286 0.698096 0.210114
v -0.046131 0.714133 0.092611
v -0.091741 0.687113 0.215127
v -0.074895 0.690370 0.094003
v 0.049829 0.676952 0.195421
v 0.049326 0.709438 0.094493
v 0.084940 0.663908 0.200069
v 0.080029 0.693606 0.102705
v -0.005962 0.672569 0.240164
v -0.080318 0.675547 0.250926
v -0.023687 0.655716 0.281109
v 0.004825 0.738514 0.025202
v -0.052304 0.703726 0.020000
v -0.004881 0.752991 -0.055365
v 0.072030 0.654314 0.240883
v 0.016128 0.649681 0.279355
v 0.067803 0.717802 0.042793
v 0.024383 0.751698 -0.038479
v -0.158226 0.568143 0.377948
v -0.202988 0.529459 0.403577
v -0.176119 0.586373 0.349103
v -0.213866 0.544393 0.375634
v -0.091479 0.511034 0.481696
v -0.145126 0.474575 0.507290
v -0.070070 0.492098 0.517336
v -0.123457 0.455082 0.543710
v -0.096099 0.556892 0.415348
v -0.137391 0.593975 0.350168
v -0.077708 0.583376 0.384646
v -0.194626 0.481285 0.464709
v -0.222794 0.514727 0.401902
v -0.217332 0.466411 0.457144
v -0.052049 0.518984 0.486429
v -0.055183 0.564536 0.419762
v -0.155265 0.443582 0.535557
v -0.201896 0.448646 0.490810
v -0.244242 0.703789 -0.319811
v -0.317790 0.723084 -0.192557
v -0.187831 0.695499 -0.178428
v -0.253762 0.658008 -0.145217
v -0.178188 0.812772 -0.287479
v -0.253238 0.731150 -0.342382
v -0.165567 0.867539 -0.251607
v -0.226524 0.724140 -0.385987
v -0.183359 0.838458 -0.281673
v -0.157645 0.797580 -0.209420
v -0.160328 0.936662 -0.315836
v -0.395481 0.752297 -0.305919
v -0.336048 0.677645 -0.190103
v -0.440524 0.674365 -0.269646
v -0.122390 0.841564 -0.293384
v -0.120918 0.839303 -0.270897
v -0.267703 0.678372 -0.378611
v -0.350925 0.647137 -0.311106
v -0.253739 0.441104 -0.003606
v -0.272841 0.398791 0.098022
v -0.234460 0.467992 0.016004
v -0.257853 0.428464 0.123713
v -0.297588 0.338161 -0.043683
v -0.306986 0.296973 0.040713
v -0.307042 0.299032 -0.052704
v -0.314416 0.260784 0.026414
v -0.279241 0.419974 -0.075554
v -0.241579 0.484649 -0.053738
v -0.282104 0.471226 -0.121728
v -0.299909 0.331597 0.109650
v -0.279369 0.398211 0.155838
v -0.303918 0.333394 0.157865
v -0.301168 0.341598 -0.092319
v -0.291536 0.429140 -0.128100
v -0.315574 0.260364 0.071302
v -0.309675 0.297436 0.135704
v -0.285875 0.436149 0.375233
v -0.296932 0.408766 0.328285
v -0.276795 0.467391 0.357344
v -0.287467 0.441540 0.314950
v -0.299287 0.333302 0.427995
v -0.316623 0.306343 0.374132
v -0.303432 0.295627 0.445158
v -0.321569 0.271523 0.390392
v -0.284258 0.395052 0.424504
v -0.274614 0.461529 0.385587
v -0.272006 0.416878 0.435226
v -0.314354 0.343553 0.323364
v -0.297693 0.409135 0.295088
v -0.314158 0.342460 0.286983
v -0.292384 0.324117 0.463014
v -0.277639 0.384795 0.457256
v -0.326787 0.274218 0.354403
v -0.322362 0.308794 0.302137
v 0.154896 0.574892 0.389713
v 0.195365 0.545005 0.418468
v 0.166647 0.585724 0.357975
v 0.201793 0.554464 0.388214
v 0.111404 0.538019 0.494856
v 0.157717 0.504283 0.517539
v 0.088012 0.514807 0.527199
v 0.135096 0.481284 0.550138
v 0.108245 0.571868 0.427191
v 0.135894 0.594471 0.357042
v 0.084717 0.590118 0.392124
v 0.073060 0.538129 0.496693
v 0.070361 0.577934 0.429492
v 0.199661 0.510389 0.478180
v 0.209875 0.530159 0.414026
v 0.216181 0.492954 0.469642
v 0.169764 0.475873 0.544854
v 0.208319 0.479758 0.502468
v 0.173492 0.753136 -0.158076
v 0.282345 0.722344 -0.183245
v 0.160785 0.698080 -0.101619
v 0.232357 0.665749 -0.125895
v 0.226894 0.923498 -0.264785
v 0.222783 0.773776 -0.335486
v 0.164007 0.831647 -0.360157
v 0.210557 0.742558 -0.386248
v 0.140209 0.862603 -0.225550
v 0.136122 0.737554 -0.113228
v 0.104946 0.803138 -0.191702
v 0.126803 0.866148 -0.313005
v 0.094998 0.861306 -0.231938
v 0.327771 0.752950 -0.282375
v 0.318438 0.673311 -0.160334
v 0.457127 0.724430 -0.256653
v 0.236177 0.706229 -0.369627
v 0.319866 0.706858 -0.361708
v 0.242597 0.442752 -0.008637
v 0.258053 0.396243 0.090141
v 0.227619 0.475024 0.014108
v 0.244044 0.431275 0.115248
v 0.287280 0.329901 -0.052693
v 0.303904 0.285157 0.029775
v 0.302270 0.290770 -0.061802
v 0.319929 0.246810 0.014509
v 0.259737 0.415106 -0.083916
v 0.228199 0.487369 -0.053897
v 0.258079 0.470481 -0.130456
v 0.288157 0.322137 0.098123
v 0.258962 0.395033 0.145804
v 0.287970 0.322758 0.148179
v 0.286937 0.333865 -0.100881
v 0.267628 0.426043 -0.137597
v 0.319286 0.247373 0.058615
v 0.302863 0.285426 0.125171
v 0.252974 0.437816 0.383061
v 0.263951 0.406230 0.333100
v 0.241956 0.468434 0.365200
v 0.250939 0.438778 0.317832
v 0.275339 0.328832 0.425730
v 0.290823 0.299881 0.371757
v 0.279800 0.290873 0.440274
v 0.296681 0.263188 0.385422
v 0.259236 0.397920 0.428371
v 0.241449 0.464536 0.394256
v 0.249045 0.424371 0.441784
v 0.286327 0.335658 0.323174
v 0.262569 0.402876 0.294999
v 0.288713 0.333193 0.285498
v 0.269623 0.321496 0.459670
v 0.255062 0.388772 0.460145
v 0.303119 0.265296 0.350356
v 0.298910 0.299493 0.299998
v -0.068397 -0.559570 0.235497
v -0.081303 -0.575804 0.139062
v -0.113394 -0.548900 0.221402
v -0.131641 -0.604722 0.128459
v 0.072125 -0.581475 0.249482
v 0.083164 -0.597831 0.147681
v 0.115954 -0.583667 0.245070
v 0.132796 -0.628010 0.141276
v 0.003206 -0.570985 0.302297
v -0.084315 -0.549256 0.286752
v -0.017058 -0.569598 0.357292
v 0.005394 -0.547094 0.111500
v -0.109218 -0.615236 0.091517
v -0.034718 -0.533159 0.071823
v 0.088072 -0.574982 0.302873
v 0.025734 -0.576494 0.360899
v 0.110798 -0.629464 0.091935
v 0.046973 -0.541713 0.073776
v -0.174004 -0.527990 0.515030
v -0.238817 -0.472734 0.551746
v -0.177597 -0.494713 0.448783
v -0.244284 -0.451342 0.482402
v -0.173930 -0.689658 0.744634
v -0.340211 -0.670811 0.794965
v -0.145497 -0.722295 0.858216
v -0.303060 -0.625963 0.866733
v -0.127581 -0.603174 0.594452
v -0.142514 -0.527740 0.459151
v -0.088510 -0.584268 0.533658
v -0.299969 -0.494974 0.660518
v -0.275909 -0.431448 0.523843
v -0.310056 -0.423105 0.625048
v -0.094862 -0.663414 0.741009
v -0.072874 -0.615312 0.599109
v -0.273029 -0.550426 0.824646
v -0.326748 -0.446482 0.694879
v -0.213521 -0.579023 -0.131027
v -0.282918 -0.499031 -0.118836
v -0.268616 -0.639313 -0.115423
v -0.339974 -0.530336 -0.099930
v -0.104462 -0.419869 -0.104094
v -0.150099 -0.362894 -0.116413
v -0.074068 -0.382645 -0.121938
v -0.115110 -0.327994 -0.135884
v -0.125496 -0.507272 -0.084602
v -0.200359 -0.635854 -0.087261
v -0.107185 -0.540809 -0.056739
v -0.235146 -0.379950 -0.109327
v -0.336283 -0.451926 -0.105147
v -0.278703 -0.348423 -0.107905
v -0.061765 -0.422688 -0.099621
v -0.073719 -0.494403 -0.065468
v -0.150529 -0.311031 -0.128764
v -0.232355 -0.317050 -0.115454
v -0.378933 -0.257494 0.039141
v -0.381838 -0.220740 0.112744
v -0.381247 -0.310507 0.052369
v -0.380488 -0.268024 0.129109
v -0.350894 -0.105355 0.009102
v -0.366184 -0.081685 0.069807
v -0.338375 -0.058240 0.002379
v -0.356496 -0.038851 0.057311
v -0.364016 -0.192840 -0.012982
v -0.379727 -0.303171 0.006271
v -0.353589 -0.232643 -0.041837
v -0.380779 -0.134127 0.122312
v -0.383013 -0.225155 0.156689
v -0.383869 -0.140238 0.163118
v -0.333316 -0.091660 -0.023880
v -0.339551 -0.177409 -0.046862
v -0.367216 -0.048034 0.091793
v -0.381453 -0.097029 0.145691
v -0.366575 -0.277615 0.409504
v -0.378176 -0.234126 0.336190
v -0.362001 -0.318306 0.383606
v -0.376051 -0.274324 0.311873
v -0.370291 -0.149536 0.467352
v -0.378782 -0.111834 0.394387
v -0.366838 -0.107206 0.481487
v -0.375424 -0.072014 0.409647
v -0.365245 -0.234807 0.482170
v -0.358016 -0.320758 0.436598
v -0.357732 -0.277995 0.515084
v -0.384097 -0.151814 0.333241
v -0.381570 -0.232474 0.290059
v -0.386394 -0.150478 0.289943
v -0.364205 -0.145993 0.514268
v -0.360176 -0.232452 0.533759
v -0.382446 -0.072560 0.368282
v -0.387444 -0.111050 0.309451
v 0.170805 -0.552185 0.528038
v 0.229879 -0.486689 0.551907
v 0.163567 -0.512546 0.467387
v 0.232741 -0.465213 0.487921
v 0.186921 -0.666350 0.692119
v 0.295116 -0.645846 0.724660
v 0.159357 -0.669296 0.742062
v 0.298862 -0.680937 0.807637
v 0.159633 -0.682189 0.609993
v 0.133254 -0.551093 0.481008
v 0.104155 -0.625589 0.550079
v 0.117709 -0.653295 0.697379
v 0.097134 -0.650970 0.604575
v 0.282227 -0.500992 0.640865
v 0.264066 -0.444658 0.522345
v 0.293972 -0.433204 0.613641
v 0.326362 -0.588200 0.786462
v 0.311685 -0.459687 0.673048
v 0.231168 -0.600577 -0.113533
v 0.281933 -0.512908 -0.104814
v 0.280543 -0.648917 -0.100181
v 0.339814 -0.559532 -0.106348
v 0.107217 -0.429137 -0.105790
v 0.150554 -0.374085 -0.113383
v 0.076116 -0.390138 -0.119711
v 0.116752 -0.333754 -0.133246
v 0.131129 -0.517973 -0.083673
v 0.204096 -0.640944 -0.085074
v 0.114523 -0.548358 -0.056272
v 0.066287 -0.428432 -0.098795
v 0.084531 -0.499144 -0.058915
v 0.233286 -0.397629 -0.100860
v 0.331261 -0.476750 -0.096294
v 0.276838 -0.365077 -0.095062
v 0.153044 -0.317958 -0.127351
v 0.230660 -0.332081 -0.100308
v 0.377846 -0.270577 0.029570
v 0.381215 -0.230445 0.102143
v 0.382203 -0.326960 0.042493
v 0.379945 -0.279636 0.119116
v 0.350877 -0.109111 0.000044
v 0.367957 -0.081485 0.059058
v 0.343894 -0.059054 -0.009014
v 0.363097 -0.034659 0.045165
v 0.359492 -0.203100 -0.020488
v 0.379567 -0.320597 -0.003461
v 0.354751 -0.245243 -0.050159
v 0.382031 -0.138643 0.112190
v 0.381895 -0.234455 0.146549
v 0.386902 -0.144983 0.153167
v 0.336224 -0.095970 -0.034417
v 0.343810 -0.187341 -0.056175
v 0.374606 -0.044083 0.079509
v 0.386754 -0.098693 0.134878
v 0.367208 -0.288684 0.407260
v 0.380324 -0.244166 0.330660
v 0.361553 -0.329907 0.381912
v 0.378902 -0.286339 0.306431
v 0.367760 -0.157909 0.463368
v 0.374476 -0.119223 0.387203
v 0.361307 -0.114501 0.476719
v 0.364743 -0.079205 0.402034
v 0.366347 -0.245234 0.479621
v 0.359912 -0.333918 0.437170
v 0.359566 -0.290548 0.512068
v 0.388563 -0.159544 0.326417
v 0.383360 -0.242360 0.283168
v 0.389936 -0.157682 0.281902
v 0.362602 -0.154174 0.510635
v 0.361868 -0.243528 0.530460
v 0.370575 -0.079731 0.359235
v 0.383055 -0.117749 0.300219
v 0.048410 -0.014464 1.017909
v -0.049641 -0.012582 1.001647
v 0.051150 -0.065604 1.031121
v -0.054291 -0.065400 1.030994
v 0.035501 0.135719 0.883685
v -0.041217 0.136685 0.885684
v 0.032283 0.181925 0.848606
v -0.039749 0.184013 0.852313
v 0.082362 0.063192 0.928141
v 0.095130 -0.040140 0.992847
v 0.127744 0.040206 0.929545
v -0.087180 0.063805 0.930769
v -0.098599 -0.039266 0.990128
v -0.131643 0.039917 0.928552
v 0.070791 0.159507 0.855367
v 0.118384 0.089637 0.893662
v -0.076145 0.160556 0.859175
v -0.122258 0.089192 0.894172
v 0.312933 -0.247769 0.835966
v 0.270846 -0.149890 0.880708
v 0.298205 -0.299355 0.878206
v 0.241084 -0.190312 0.912164
v 0.345928 -0.110118 0.707864
v 0.323258 -0.036632 0.756552
v 0.344429 -0.074424 0.661916
v 0.322399 -0.006192 0.705440
v 0.337963 -0.216002 0.741492
v 0.330509 -0.325854 0.835387
v 0.340372 -0.281498 0.730786
v 0.354259 -0.126251 0.657187
v 0.346282 -0.228208 0.688060
v 0.289337 -0.048823 0.846939
v 0.232741 -0.122090 0.916121
v 0.253728 -0.027270 0.878252
v 0.302050 0.011397 0.743192
v 0.274110 0.004251 0.833918
v -0.305514 -0.223852 0.840013
v -0.270225 -0.140792 0.880547
v -0.281678 -0.263269 0.880760
v -0.237745 -0.175048 0.914014
v -0.341725 -0.107660 0.706186
v -0.324022 -0.038957 0.752651
v -0.342933 -0.072450 0.662189
v -0.321976 -0.008280 0.703339
v -0.335532 -0.200921 0.745999
v -0.317315 -0.286606 0.843643
v -0.338581 -0.258631 0.740421
v -0.347108 -0.121598 0.657810
v -0.344179 -0.213944 0.693597
v -0.290769 -0.050794 0.841825
v -0.233381 -0.116202 0.915296
v -0.257480 -0.028836 0.876310
v -0.305477 0.010374 0.741779
v -0.274910 0.001328 0.828355
v 0.195986 0.326398 0.652591
v 0.184337 0.260426 0.721119
v 0.171341 0.344014 0.662235
v 0.152923 0.277003 0.725916
v 0.246485 0.261819 0.605322
v 0.243538 0.195167 0.667746
v 0.259961 0.238775 0.585013
v 0.258870 0.172762 0.644227
v 0.227024 0.327443 0.600083
v 0.190576 0.367371 0.625248
v 0.221624 0.366832 0.576287
v 0.255536 0.283405 0.566695
v 0.236530 0.346157 0.562536
v 0.212696 0.193407 0.732665
v 0.160519 0.234384 0.757738
v 0.195904 0.167993 0.775539
v 0.252637 0.149456 0.688027
v 0.221531 0.146204 0.756348
v -0.185574 0.304468 0.643756
v -0.174495 0.245204 0.710485
v -0.158189 0.321078 0.653166
v -0.145550 0.264160 0.719595
v -0.260881 0.260488 0.611493
v -0.260185 0.195905 0.675327
v -0.275859 0.240222 0.593640
v -0.276185 0.175937 0.653109
v -0.228616 0.310412 0.596340
v -0.177815 0.340805 0.616012
v -0.222487 0.346658 0.569754
v -0.270416 0.280403 0.572907
v -0.243733 0.332069 0.559980
v -0.216649 0.186325 0.729140
v -0.154231 0.223822 0.749225
v -0.197171 0.162050 0.770035
v -0.269255 0.152531 0.696446
v -0.229514 0.143716 0.757520
v 0.032898 0.067417 -0.464669
v -0.033298 0.066078 -0.463215
v 0.027040 0.027638 -0.417600
v -0.029311 0.025379 -0.417700
v 0.056848 0.195028 -0.625412
v -0.050891 0.195253 -0.621583
v 0.065940 0.256359 -0.667869
v -0.059945 0.258572 -0.657919
v 0.085220 0.125767 -0.538372
v 0.059684 0.048462 -0.433638
v 0.114408 0.105937 -0.497604
v -0.082806 0.125506 -0.534173
v -0.060752 0.046072 -0.432478
v -0.111901 0.105632 -0.490423
v 0.113359 0.229676 -0.637937
v 0.134676 0.147661 -0.554282
v -0.109866 0.225384 -0.634619
v -0.133576 0.143364 -0.550057
v 0.151561 -0.100064 -0.201952
v 0.132824 -0.027503 -0.268013
v 0.121114 -0.127301 -0.211366
v 0.108105 -0.055034 -0.277983
v 0.239396 -0.017187 -0.157097
v 0.213607 0.056333 -0.212941
v 0.268536 0.007454 -0.138935
v 0.243988 0.079513 -0.189040
v 0.215097 -0.098109 -0.160518
v 0.148510 -0.152406 -0.178217
v 0.220753 -0.153550 -0.148209
v 0.269487 -0.041318 -0.127057
v 0.249786 -0.123519 -0.134787
v 0.168850 0.045536 -0.285452
v 0.117671 -0.009567 -0.312363
v 0.161104 0.057859 -0.341476
v 0.218562 0.104827 -0.233466
v 0.185339 0.087952 -0.323378
v -0.142029 -0.097435 -0.194668
v -0.118890 -0.021987 -0.257382
v -0.110535 -0.126315 -0.205392
v -0.096432 -0.052708 -0.272254
v -0.230665 -0.012057 -0.146668
v -0.199615 0.064086 -0.200429
v -0.254650 0.014205 -0.124791
v -0.226868 0.087570 -0.176622
v -0.208470 -0.092869 -0.153517
v -0.145819 -0.151038 -0.178993
v -0.215158 -0.146763 -0.143475
v -0.260693 -0.035727 -0.115753
v -0.244614 -0.116352 -0.128106
v -0.151893 0.058541 -0.272681
v -0.102876 -0.003279 -0.305826
v -0.140439 0.073908 -0.330347
v -0.205704 0.112491 -0.226629
v -0.167498 0.105023 -0.310301
v 0.304024 0.445161 -0.450734
v 0.322917 0.351361 -0.540226
v 0.281795 0.482585 -0.492590
v 0.271453 0.376010 -0.568666
v 0.307993 0.328136 -0.291049
v 0.303692 0.264171 -0.336683
v 0.306943 0.291848 -0.237071
v 0.293724 0.242354 -0.270972
v 0.307685 0.422783 -0.343218
v 0.285655 0.507145 -0.432323
v 0.297228 0.481173 -0.334921
v 0.302885 0.336305 -0.241350
v 0.298511 0.432525 -0.288610
v 0.335222 0.246694 -0.484035
v 0.303434 0.290267 -0.611033
v 0.301125 0.221712 -0.553674
v 0.282633 0.222387 -0.318147
v 0.307227 0.193910 -0.458708
v -0.298628 0.437950 -0.446255
v -0.312364 0.354655 -0.535890
v -0.279354 0.480104 -0.489289
v -0.265555 0.396495 -0.568943
v -0.308118 0.328816 -0.285829
v -0.299755 0.266736 -0.328632
v -0.303979 0.295956 -0.232829
v -0.286715 0.246872 -0.264971
v -0.307951 0.414969 -0.336659
v -0.286103 0.497481 -0.429821
v -0.302723 0.469098 -0.328495
v -0.306479 0.338044 -0.235920
v -0.305969 0.425961 -0.282416
v -0.328352 0.253208 -0.464364
v -0.290262 0.332920 -0.612026
v -0.315265 0.204817 -0.524935
v -0.276145 0.228662 -0.309703
v -0.296243 0.199476 -0.436472
v 0.359191 0.126102 0.145643
v 0.369878 0.071607 0.149038
v 0.359009 0.126505 0.107227
v 0.369515 0.075759 0.111640
v 0.349633 0.130281 0.264973
v 0.362405 0.065349 0.264651
v 0.344809 0.131117 0.303059
v 0.356448 0.065173 0.303326
v 0.346560 0.159050 0.207151
v 0.351114 0.154411 0.126056
v 0.338248 0.189662 0.188987
v 0.339629 0.163560 0.285467
v 0.336390 0.192362 0.229706
v 0.372983 0.036329 0.207609
v 0.375540 0.046388 0.131246
v 0.378434 0.005364 0.190386
v 0.362827 0.031556 0.285854
v 0.373554 0.000434 0.229534
v -0.350402 0.137067 0.162824
v -0.366747 0.075656 0.164066
v -0.346805 0.137011 0.124934
v -0.361370 0.077885 0.127527
v -0.358100 0.139530 0.275583
v -0.372719 0.073046 0.276786
v -0.357210 0.140375 0.313091
v -0.370550 0.072976 0.314998
v -0.348373 0.169946 0.219446
v -0.340759 0.167328 0.142466
v -0.339034 0.201500 0.200199
v -0.351711 0.173561 0.294616
v -0.342026 0.203748 0.239126
v -0.375366 0.040131 0.221957
v -0.368167 0.045382 0.146931
v -0.378042 0.006829 0.204474
v -0.377054 0.038389 0.298361
v -0.382886 0.005265 0.242340
v -0.143759 0.645590 0.260576
v -0.165088 0.622845 0.294766
v -0.110401 0.652318 0.036666
v -0.125212 0.643168 -0.025566
v -0.132801 0.635917 0.290857
v -0.106907 0.674740 -0.052674
v -0.237194 0.538561 0.349450
v -0.252358 0.518540 0.346180
v -0.248245 0.509485 0.370921
v -0.189529 0.564242 -0.052968
v -0.201414 0.528175 -0.005774
v -0.220551 0.553381 -0.086130
v -0.255581 0.459372 0.208170
v -0.265462 0.463404 0.257377
v -0.277859 0.433135 0.236040
v 0.136978 0.631487 0.253496
v 0.155348 0.613934 0.293185
v 0.120950 0.675104 0.064546
v 0.134912 0.671138 0.015322
v 0.128220 0.624007 0.287906
v 0.113023 0.698437 0.001754
v 0.210730 0.542997 0.358817
v 0.219077 0.521671 0.354504
v 0.220484 0.515864 0.381006
v 0.186533 0.579686 -0.037669
v 0.199631 0.541445 0.001325
v 0.207125 0.561596 -0.080664
v 0.232381 0.464270 0.202259
v 0.233606 0.466445 0.257838
v 0.246810 0.431391 0.229352
v -0.164760 -0.520978 0.270551
v -0.178284 -0.501603 0.327664
v -0.220825 -0.741140 0.104559
v -0.287267 -0.722203 0.020792
v -0.138620 -0.517962 0.334161
v -0.198490 -0.746640 -0.001446
v -0.295358 -0.416911 0.397155
v -0.327174 -0.386885 0.376069
v -0.321546 -0.391136 0.433108
v -0.379342 -0.479327 -0.004503
v -0.386498 -0.418944 0.032282
v -0.384446 -0.415882 -0.021860
v -0.371704 -0.313620 0.192155
v -0.368601 -0.312687 0.238225
v -0.377861 -0.271489 0.219338
v 0.162134 -0.548720 0.285743
v 0.171292 -0.524050 0.340499
v 0.234713 -0.725708 0.081257
v 0.276865 -0.716937 0.014279
v 0.136836 -0.548152 0.351251
v 0.189502 -0.725447 0.010383
v 0.283654 -0.428663 0.399028
v 0.315896 -0.397744 0.376884
v 0.309538 -0.402340 0.433662
v 0.389982 -0.506180 -0.009439
v 0.389263 -0.442819 0.025036
v 0.386535 -0.441959 -0.028619
v 0.370576 -0.324812 0.184339
v 0.366777 -0.323648 0.231934
v 0.377042 -0.281662 0.211541
v -0.040463 -0.589530 0.804029
v 0.046853 -0.613471 0.784348
v -0.241427 -0.462599 0.898111
v -0.238044 -0.377599 0.895117
v 0.011607 -0.608195 0.748841
v -0.292409 -0.414602 0.875944
v 0.300691 -0.583714 0.907842
v 0.274217 -0.457429 0.900504
v 0.322867 -0.492901 0.875639
v 0.101996 -0.159361 0.981076
v 0.153978 -0.193650 0.960761
v -0.103657 -0.151000 0.987248
v -0.152591 -0.179760 0.965623
v 0.149199 -0.126411 0.969822
v -0.151102 -0.120753 0.972932
v -0.012630 0.479481 0.555001
v 0.025931 0.485758 0.557282
v -0.113558 0.406208 0.607826
v -0.121961 0.373208 0.635003
v 0.008492 0.506183 0.524187
v -0.142132 0.391388 0.598948
v 0.121174 0.424224 0.608438
v 0.130229 0.390991 0.636050
v 0.155481 0.417329 0.604449
v 0.060750 0.246435 0.785625
v 0.090691 0.268521 0.756854
v -0.068732 0.249769 0.795237
v -0.094042 0.267519 0.762995
v 0.096735 0.227235 0.790144
v -0.099108 0.225933 0.793301
v -0.016596 -0.353261 -0.145072
v 0.015775 -0.353922 -0.143760
v -0.084351 -0.251000 -0.177808
v -0.084178 -0.204138 -0.197600
v 0.001154 -0.389717 -0.120912
v -0.114647 -0.230493 -0.170317
v 0.086314 -0.249035 -0.172004
v 0.089935 -0.199786 -0.195338
v 0.114586 -0.228691 -0.162315
v 0.043760 -0.035285 -0.348437
v 0.062942 -0.056939 -0.317560
v -0.045494 -0.040307 -0.354600
v -0.060859 -0.061750 -0.323015
v 0.071806 -0.013429 -0.354720
v -0.068337 -0.016113 -0.359288
v -0.043607 0.786424 -0.417227
v 0.044194 0.790109 -0.422281
v -0.229935 0.641050 -0.474869
v -0.233467 0.574534 -0.494080
v -0.002229 0.825823 -0.371555
v -0.261459 0.602670 -0.452907
v 0.220963 0.669317 -0.483391
v 0.232554 0.585743 -0.497345
v 0.247517 0.619258 -0.448984
v 0.125264 0.365270 -0.652093
v 0.167753 0.390621 -0.636606
v -0.130071 0.362652 -0.655435
v -0.172066 0.393422 -0.622898
v 0.175017 0.327535 -0.657332
v -0.180381 0.335448 -0.660974
v 0.314720 0.256104 -0.107490
v 0.314958 0.257608 -0.146523
v 0.344305 0.177743 0.026525
v 0.353521 0.149886 0.048517
v 0.303387 0.296575 -0.148962
v 0.343695 0.179077 0.065192
v 0.330358 -0.002052 -0.052842
v 0.315725 0.013296 -0.085059
v 0.365738 0.037584 0.046260
v 0.369032 0.060048 0.060318
v 0.315726 -0.032011 -0.075637
v 0.375875 0.029795 0.078285
v 0.279844 0.141269 -0.178432
v 0.286804 0.177707 -0.198127
v 0.256976 0.169402 -0.225909
v 0.278434 0.242633 0.489261
v 0.274406 0.229644 0.525646
v 0.313645 0.194896 0.379074
v 0.326380 0.163365 0.359205
v 0.269807 0.271360 0.510527
v 0.321641 0.197178 0.343672
v 0.348466 -0.065680 0.530860
v 0.344404 -0.055387 0.574005
v 0.352325 -0.004647 0.387735
v 0.350332 0.030761 0.362932
v 0.354537 -0.100767 0.567908
v 0.358250 -0.004670 0.348161
v 0.296216 0.063687 0.645282
v 0.281683 0.106819 0.632919
v 0.282340 0.082922 0.677858
v -0.313459 0.263841 -0.102486
v -0.308502 0.266180 -0.142186
v -0.327762 0.195548 0.040687
v -0.335992 0.167395 0.065101
v -0.307976 0.303199 -0.143282
v -0.329973 0.195844 0.080680
v -0.314256 0.001472 -0.037668
v -0.296433 0.018328 -0.070408
v -0.353050 0.028754 0.060724
v -0.356091 0.055600 0.076354
v -0.302153 -0.027304 -0.062040
v -0.361763 0.021133 0.094049
v -0.258481 0.148740 -0.172460
v -0.268224 0.187496 -0.191321
v -0.244874 0.176352 -0.222464
v -0.300876 0.249058 0.497916
v -0.293408 0.234731 0.534200
v -0.335097 0.205395 0.387505
v -0.344649 0.173412 0.368696
v -0.288755 0.275281 0.517623
v -0.340977 0.207610 0.351364
v -0.353726 -0.059661 0.535576
v -0.347219 -0.050989 0.577903
v -0.368513 0.002784 0.397823
v -0.367952 0.037869 0.374346
v -0.353646 -0.095044 0.570825
v -0.377729 0.002518 0.359004
v -0.307561 0.065682 0.650175
v -0.297612 0.110328 0.640149
v -0.293843 0.085234 0.682985
v -0.019793 0.614357 0.354142
v 0.021605 0.614079 0.355583
v 0.004428 0.594879 0.390659
v -0.029541 0.802903 -0.205003
v 0.023562 0.789258 -0.164678
v -0.005203 0.807338 -0.226328
v -0.244488 0.419114 0.475297
v -0.231057 0.401280 0.508735
v -0.250931 0.387155 0.500466
v -0.310979 0.539017 -0.219210
v -0.314671 0.534879 -0.269936
v -0.302946 0.484045 -0.225427
v -0.318240 0.303406 0.223644
v -0.323470 0.267857 0.201602
v -0.327094 0.270678 0.242169
v 0.233883 0.438064 0.484260
v 0.226151 0.422335 0.517217
v 0.240100 0.401507 0.506231
v 0.312090 0.548777 -0.223808
v 0.302440 0.554493 -0.277759
v 0.293667 0.491975 -0.231938
v 0.301476 0.292227 0.216716
v 0.315153 0.256047 0.192189
v 0.313160 0.259827 0.235095
v -0.014661 -0.587907 0.478140
v 0.030022 -0.596095 0.481730
v 0.010365 -0.608506 0.540954
v -0.027526 -0.520874 -0.000129
v 0.036917 -0.526874 0.002226
v 0.005669 -0.504939 -0.023480
v -0.341473 -0.324565 0.609012
v -0.341861 -0.324895 0.670283
v -0.348172 -0.274331 0.626792
v -0.308582 -0.250589 -0.098872
v -0.265946 -0.226737 -0.117437
v -0.300903 -0.192672 -0.104699
v -0.388178 -0.106107 0.226731
v -0.387028 -0.065232 0.206379
v -0.388513 -0.068607 0.246283
v 0.341756 -0.340131 0.600939
v 0.338858 -0.343855 0.657917
v 0.349184 -0.289930 0.619135
v 0.307040 -0.263506 -0.098469
v 0.266328 -0.237847 -0.116195
v 0.298240 -0.204509 -0.106630
v 0.388763 -0.110856 0.216245
v 0.387606 -0.067646 0.194305
v 0.383491 -0.073377 0.234651
v 0.203329 0.046884 0.881642
v 0.187917 0.094837 0.850156
v 0.222464 0.073667 0.833647
v -0.204070 0.044511 0.875116
v -0.188987 0.092242 0.843873
v -0.226760 0.071748 0.830997
v 0.180369 0.099985 -0.456813
v 0.218179 0.131818 -0.519699
v 0.218282 0.129429 -0.440539
v -0.171468 0.109308 -0.437919
v -0.218052 0.125292 -0.500576
v -0.211897 0.132429 -0.424655
f 1 647 644
f 1 644 643
f 1 643 645
f 1 645 646
f 1 646 647
f 2 649 652
f 6 672 670
f 12 702 699
f 11 696 695
f 8 679 681
f 4 662 659
f 4 659 658
f 4 658 660
f 4 660 661
f 4 661 662
f 5 666 665
f 3 654 657
f 7 673 677
f 9 685 686
f 10 692 688
f 12 701 698
f 6 669 668
f 2 650 648
f 8 682 678
f 11 697 693
f 6 671 669
f 12 700 701
f 11 694 697
f 8 680 682
f 2 651 650
f 10 690 689
f 5 663 664
f 3 655 653
f 7 676 674
f 9 687 684
f 10 691 690
f 5 667 663
f 3 656 655
f 7 675 676
f 9 683 687
f 6 668 672
f 2 648 649
f 8 678 679
f 11 693 696
f 12 698 702
f 10 688 691
f 5 665 667
f 3 657 656
f 7 677 675
f 9 686 683
f 5 664 666
f 3 653 654
f 7 674 673
f 9 684 685
f 10 689 692
f 6 670 671
f 12 699 700
f 11 695 694
f 8 681 680
f 2 652 651
f 35 837 838
f 18 735 736
f 19 742 741
f 40 868 867
f 42 880 879
f 34 832 831
f 33 827 828
f 25 778 780
f 36 844 846
f 20 749 747
f 32 819 820
f 23 765 767
f 24 773 771
f 37 850 849
f 41 876 875
f 34 833 834
f 33 826 825
f 25 779 777
f 36 845 843
f 20 748 750
f 17 729 727
f 14 711 709
f 13 706 703
f 15 718 715
f 16 724 721
f 18 737 733
f 35 839 835
f 42 882 878
f 40 870 866
f 19 744 740
f 30 807 805
f 27 789 787
f 22 762 758
f 28 797 793
f 29 802 799
f 32 821 817
f 23 766 763
f 24 774 770
f 37 852 848
f 41 874 872
f 35 838 836
f 18 736 734
f 19 741 739
f 40 867 865
f 42 879 877
f 34 831 829
f 33 828 824
f 25 780 776
f 36 846 842
f 20 747 745
f 32 820 818
f 23 767 764
f 24 771 769
f 37 849 847
f 41 875 871
f 34 834 830
f 33 825 823
f 25 777 775
f 36 843 841
f 20 750 746
f 14 714 710
f 13 707 704
f 15 719 716
f 16 725 722
f 17 732 728
f 21 755 752
f 31 814 811
f 26 784 781
f 38 857 853
f 39 862 860
f 27 792 788
f 22 759 757
f 28 796 794
f 29 803 800
f 30 810 806
f 31 815 812
f 26 785 782
f 38 856 854
f 39 863 859
f 21 754 751
f 14 712 714
f 13 705 707
f 15 717 719
f 16 723 725
f 17 730 732
f 21 753 755
f 31 816 814
f 26 786 784
f 38 858 857
f 39 861 862
f 27 791 792
f 22 761 759
f 28 795 796
f 29 801 803
f 30 808 810
f 31 813 815
f 26 783 785
f 38 855 856
f 39 864 863
f 21 756 754
f 14 709 712
f 13 703 705
f 15 715 717
f 16 721 723
f 17 727 730
f 21 751 753
f 31 812 816
f 26 782 786
f 38 854 858
f 39 859 861
f 27 787 791
f 22 758 761
f 28 793 795
f 29 799 801
f 30 805 808
f 31 811 813
f 26 781 783
f 38 853 855
f 39 860 864
f 21 752 756
f 17 728 731
f 14 710 713
f 13 704 708
f 15 716 720
f 16 722 726
f 18 734 738
f 35 836 840
f 42 877 881
f 40 865 869
f 19 739 743
f 30 806 809
f 27 788 790
f 22 757 760
f 28 794 798
f 29 800 804
f 32 818 822
f 23 764 768
f 24 769 772
f 37 847 851
f 41 871 873
f 35 835 837
f 18 733 735
f 19 740 742
f 40 866 868
f 42 878 880
f 34 830 832
f 33 823 827
f 25 775 778
f 36 841 844
f 20 746 749
f 32 817 819
f 23 763 765
f 24 770 773
f 37 848 850
f 41 872 876
f 34 829 833
f 33 824 826
f 25 776 779
f 36 842 845
f 20 745 748
f 17 731 729
f 14 713 711
f 13 708 706
f 15 720 718
f 16 726 724
f 18 738 737
f 35 840 839
f 42 881 882
f 40 869 870
f 19 743 744
f 30 809 807
f 27 790 789
f 22 760 762
f 28 798 797
f 29 804 802
f 32 822 821
f 23 768 766
f 24 772 774
f 37 851 852
f 41 873 874
f 107 1269 1270
f 103 1245 1246
f 104 1252 1251
f 110 1288 1287
f 113 1306 1305
f 118 1336 1335
f 154 1551 1552
f 141 1473 1474
f 162 1599 1600
f 121 1354 1353
f 142 1479 1480
f 129 1401 1402
f 130 1408 1407
f 144 1492 1491
f 146 1504 1503
f 151 1533 1534
f 131 1414 1413
f 136 1444 1443
f 161 1594 1593
f 126 1383 1384
f 116 1323 1324
f 108 1275 1276
f 106 1263 1264
f 112 1299 1300
f 115 1317 1318
f 119 1341 1342
f 156 1564 1563
f 139 1462 1461
f 160 1588 1587
f 120 1347 1348
f 149 1521 1522
f 132 1420 1419
f 128 1395 1396
f 145 1497 1498
f 148 1515 1516
f 155 1557 1558
f 133 1425 1426
f 134 1431 1432
f 157 1570 1569
f 124 1372 1371
f 109 1282 1281
f 105 1258 1257
f 111 1294 1293
f 114 1312 1311
f 117 1330 1329
f 125 1378 1377
f 152 1540 1539
f 137 1449 1450
f 158 1575 1576
f 123 1365 1366
f 143 1486 1485
f 127 1390 1389
f 135 1437 1438
f 147 1510 1509
f 150 1528 1527
f 153 1546 1545
f 140 1468 1467
f 138 1455 1456
f 159 1581 1582
f 122 1359 1360
f 107 1272 1271
f 103 1248 1247
f 104 1253 1254
f 110 1289 1290
f 113 1307 1308
f 118 1337 1338
f 154 1554 1553
f 141 1476 1475
f 162 1602 1601
f 121 1355 1356
f 142 1482 1481
f 129 1404 1403
f 130 1409 1410
f 144 1493 1494
f 146 1505 1506
f 151 1536 1535
f 131 1415 1416
f 136 1445 1446
f 161 1595 1596
f 126 1386 1385
f 47 909 907
f 44 891 889
f 43 886 883
f 45 898 895
f 46 904 901
f 49 922 919
f 72 1060 1057
f 102 1240 1237
f 96 1204 1201
f 79 1102 1099
f 62 999 997
f 59 981 979
f 58 976 973
f 60 988 985
f 61 994 991
f 66 1024 1021
f 54 952 949
f 73 1066 1063
f 85 1138 1135
f 92 1179 1177
f 101 1233 1231
f 69 1041 1039
f 50 927 925
f 82 1119 1117
f 97 1209 1207
f 71 1053 1051
f 100 1228 1225
f 94 1192 1189
f 80 1108 1105
f 51 933 931
f 90 1167 1165
f 63 1005 1003
f 55 957 955
f 76 1083 1081
f 87 1150 1147
f 91 1174 1171
f 67 1029 1027
f 56 963 961
f 75 1077 1075
f 83 1126 1123
f 68 1036 1033
f 48 915 913
f 78 1095 1093
f 93 1185 1183
f 98 1216 1213
f 88 1155 1153
f 65 1018 1015
f 57 970 967
f 77 1090 1087
f 86 1143 1141
f 64 1012 1009
f 53 945 943
f 74 1071 1069
f 84 1131 1129
f 89 1162 1159
f 70 1047 1045
f 99 1221 1219
f 95 1197 1195
f 81 1114 1111
f 52 940 937
f 109 1284 1280
f 105 1260 1256
f 111 1296 1292
f 114 1314 1310
f 117 1332 1328
f 125 1380 1376
f 152 1542 1538
f 137 1451 1447
f 158 1577 1573
f 123 1367 1363
f 143 1488 1484
f 127 1392 1388
f 135 1439 1435
f 147 1512 1508
f 150 1530 1526
f 153 1548 1544
f 140 1470 1466
f 138 1457 1453
f 159 1583 1579
f 122 1361 1357
f 107 1270 1268
f 103 1246 1244
f 104 1251 1249
f 110 1287 1285
f 113 1305 1303
f 118 1335 1333
f 154 1552 1550
f 141 1474 1472
f 162 1600 1598
f 121 1353 1351
f 142 1480 1478
f 129 1402 1400
f 130 1407 1405
f 144 1491 1489
f 146 1503 1501
f 151 1534 1532
f 131 1413 1411
f 136 1443 1441
f 161 1593 1591
f 126 1384 1382
f 116 1324 1322
f 108 1276 1274
f 106 1264 1262
f 112 1300 1298
f 115 1318 1316
f 119 1342 1340
f 156 1563 1561
f 139 1461 1459
f 160 1587 1585
f 120 1348 1346
f 149 1522 1520
f 132 1419 1417
f 128 1396 1394
f 145 1498 1496
f 148 1516 1514
f 155 1558 1556
f 133 1426 1424
f 134 1432 1430
f 157 1569 1567
f 124 1371 1369
f 109 1281 1279
f 105 1257 1255
f 111 1293 1291
f 114 1311 1309
f 117 1329 1327
f 125 1377 1375
f 152 1539 1537
f 137 1450 1448
f 158 1576 1574
f 123 1366 1364
f 143 1485 1483
f 127 1389 1387
f 135 1438 1436
f 147 1509 1507
f 150 1527 1525
f 153 1545 1543
f 140 1467 1465
f 138 1456 1454
f 159 1582 1580
f 122 1360 1358
f 107 1271 1267
f 103 1247 1243
f 104 1254 1250
f 110 1290 1286
f 113 1308 1304
f 118 1338 1334
f 154 1553 1549
f 141 1475 1471
f 162 1601 1597
f 121 1356 1352
f 142 1481 1477
f 129 1403 1399
f 130 1410 1406
f 144 1494 1490
f 146 1506 1502
f 151 1535 1531
f 131 1416 1412
f 136 1446 1442
f 161 1596 1592
f 126 1385 1381
f 44 894 890
f 43 887 884
f 45 899 896
f 46 905 902
f 47 912 908
f 52 941 938
f 70 1050 1046
f 99 1224 1220
f 95 1200 1196
f 81 1115 1112
f 59 984 980
f 58 977 974
f 60 989 986
f 61 995 992
f 62 1002 998
f 65 1019 1016
f 57 971 968
f 77 1091 1088
f 86 1146 1142
f 88 1158 1154
f 98 1217 1214
f 68 1037 1034
f 48 918 914
f 78 1098 1094
f 93 1188 1184
f 69 1044 1040
f 101 1236 1232
f 97 1212 1208
f 82 1122 1118
f 50 930 926
f 89 1163 1160
f 64 1013 1010
f 53 948 944
f 74 1074 1070
f 84 1134 1130
f 90 1170 1166
f 63 1008 1004
f 55 960 956
f 76 1086 1082
f 87 1151 1148
f 72 1061 1058
f 49 923 920
f 79 1103 1100
f 96 1205 1202
f 102 1241 1238
f 91 1175 1172
f 67 1032 1028
f 56 966 962
f 75 1080 1076
f 83 1127 1124
f 66 1025 1022
f 54 953 950
f 73 1067 1064
f 85 1139 1136
f 92 1182 1178
f 71 1056 1052
f 100 1229 1226
f 94 1193 1190
f 80 1109 1106
f 51 936 932
f 116 1325 1321
f 108 1277 1273
f 106 1265 1261
f 112 1301 1297
f 115 1319 1315
f 119 1343 1339
f 156 1566 1562
f 139 1464 1460
f 160 1590 1586
f 120 1349 1345
f 149 1523 1519
f 132 1422 1418
f 128 1397 1393
f 145 1499 1495
f 148 1517 1513
f 155 1559 1555
f 133 1427 1423
f 134 1433 1429
f 157 1572 1568
f 124 1374 1370
f 44 892 894
f 43 885 887
f 45 897 899
f 46 903 905
f 47 910 912
f 52 939 941
f 70 1048 1050
f 99 1222 1224
f 95 1198 1200
f 81 1113 1115
f 59 982 984
f 58 975 977
f 60 987 989
f 61 993 995
f 62 1000 1002
f 65 1017 1019
f 57 969 971
f 77 1089 1091
f 86 1144 1146
f 88 1156 1158
f 98 1215 1217
f 68 1035 1037
f 48 916 918
f 78 1096 1098
f 93 1186 1188
f 69 1042 1044
f 101 1234 1236
f 97 1210 1212
f 82 1120 1122
f 50 928 930
f 89 1161 1163
f 64 1011 1013
f 53 946 948
f 74 1072 1074
f 84 1132 1134
f 90 1168 1170
f 63 1006 1008
f 55 958 960
f 76 1084 1086
f 87 1149 1151
f 72 1059 1061
f 49 921 923
f 79 1101 1103
f 96 1203 1205
f 102 1239 1241
f 91 1173 1175
f 67 1030 1032
f 56 964 966
f 75 1078 1080
f 83 1125 1127
f 66 1023 1025
f 54 951 953
f 73 1065 1067
f 85 1137 1139
f 92 1180 1182
f 71 1054 1056
f 100 1227 1229
f 94 1191 1193
f 80 1107 1109
f 51 934 936
f 116 1326 1325
f 108 1278 1277
f 106 1266 1265
f 112 1302 1301
f 115 1320 1319
f 119 1344 1343
f 156 1565 1566
f 139 1463 1464
f 160 1589 1590
f 120 1350 1349
f 149 1524 1523
f 132 1421 1422
f 128 1398 1397
f 145 1500 1499
f 148 1518 1517
f 155 1560 1559
f 133 1428 1427
f 134 1434 1433
f 157 1571 1572
f 124 1373 1374
f 44 889 892
f 43 883 885
f 45 895 897
f 46 901 903
f 47 907 910
f 52 937 939
f 70 1045 1048
f 99 1219 1222
f 95 1195 1198
f 81 1111 1113
f 59 979 982
f 58 973 975
f 60 985 987
f 61 991 993
f 62 997 1000
f 65 1015 1017
f 57 967 969
f 77 1087 1089
f 86 1141 1144
f 88 1153 1156
f 98 1213 1215
f 68 1033 1035
f 48 913 916
f 78 1093 1096
f 93 1183 1186
f 69 1039 1042
f 101 1231 1234
f 97 1207 1210
f 82 1117 1120
f 50 925 928
f 89 1159 1161
f 64 1009 1011
f 53 943 946
f 74 1069 1072
f 84 1129 1132
f 90 1165 1168
f 63 1003 1006
f 55 955 958
f 76 1081 1084
f 87 1147 1149
f 72 1057 1059
f 49 919 921
f 79 1099 1101
f 96 1201 1203
f 102 1237 1239
f 91 1171 1173
f 67 1027 1030
f 56 961 964
f 75 1075 1078
f 83 1123 1125
f 66 1021 1023
f 54 949 951
f 73 1063 1065
f 85 1135 1137
f 92 1177 1180
f 71 1051 1054
f 100 1225 1227
f 94 1189 1191
f 80 1105 1107
f 51 931 934
f 116 1322 1326
f 108 1274 1278
f 106 1262 1266
f 112 1298 1302
f 115 1316 1320
f 119 1340 1344
f 156 1561 1565
f 139 1459 1463
f 160 1585 1589
f 120 1346 1350
f 149 1520 1524
f 132 1417 1421
f 128 1394 1398
f 145 1496 1500
f 148 1514 1518
f 155 1556 1560
f 133 1424 1428
f 134 1430 1434
f 157 1567 1571
f 124 1369 1373
f 47 908 911
f 44 890 893
f 43 884 888
f 45 896 900
f 46 902 906
f 49 920 924
f 72 1058 1062
f 102 1238 1242
f 96 1202 1206
f 79 1100 1104
f 62 998 1001
f 59 980 983
f 58 974 978
f 60 986 990
f 61 992 996
f 66 1022 1026
f 54 950 954
f 73 1064 1068
f 85 1136 1140
f 92 1178 1181
f 101 1232 1235
f 69 1040 1043
f 50 926 929
f 82 1118 1121
f 97 1208 1211
f 71 1052 1055
f 100 1226 1230
f 94 1190 1194
f 80 1106 1110
f 51 932 935
f 90 1166 1169
f 63 1004 1007
f 55 956 959
f 76 1082 1085
f 87 1148 1152
f 91 1172 1176
f 67 1028 1031
f 56 962 965
f 75 1076 1079
f 83 1124 1128
f 68 1034 1038
f 48 914 917
f 78 1094 1097
f 93 1184 1187
f 98 1214 1218
f 88 1154 1157
f 65 1016 1020
f 57 968 972
f 77 1088 1092
f 86 1142 1145
f 64 1010 1014
f 53 944 947
f 74 1070 1073
f 84 1130 1133
f 89 1160 1164
f 70 1046 1049
f 99 1220 1223
f 95 1196 1199
f 81 1112 1116
f 52 938 942
f 109 1279 1283
f 105 1255 1259
f 111 1291 1295
f 114 1309 1313
f 117 1327 1331
f 125 1375 1379
f 152 1537 1541
f 137 1448 1452
f 158 1574 1578
f 123 1364 1368
f 143 1483 1487
f 127 1387 1391
f 135 1436 1440
f 147 1507 1511
f 150 1525 1529
f 153 1543 1547
f 140 1465 1469
f 138 1454 1458
f 159 1580 1584
f 122 1358 1362
f 107 1267 1269
f 103 1243 1245
f 104 1250 1252
f 110 1286 1288
f 113 1304 1306
f 118 1334 1336
f 154 1549 1551
f 141 1471 1473
f 162 1597 1599
f 121 1352 1354
f 142 1477 1479
f 129 1399 1401
f 130 1406 1408
f 144 1490 1492
f 146 1502 1504
f 151 1531 1533
f 131 1412 1414
f 136 1442 1444
f 161 1592 1594
f 126 1381 1383
f 116 1321 1323
f 108 1273 1275
f 106 1261 1263
f 112 1297 1299
f 115 1315 1317
f 119 1339 1341
f 156 1562 1564
f 139 1460 1462
f 160 1586 1588
f 120 1345 1347
f 149 1519 1521
f 132 1418 1420
f 128 1393 1395
f 145 1495 1497
f 148 1513 1515
f 155 1555 1557
f 133 1423 1425
f 134 1429 1431
f 157 1568 1570
f 124 1370 1372
f 109 1280 1282
f 105 1256 1258
f 111 1292 1294
f 114 1310 1312
f 117 1328 1330
f 125 1376 1378
f 152 1538 1540
f 137 1447 1449
f 158 1573 1575
f 123 1363 1365
f 143 1484 1486
f 127 1388 1390
f 135 1435 1437
f 147 1508 1510
f 150 1526 1528
f 153 1544 1546
f 140 1466 1468
f 138 1453 1455
f 159 1579 1581
f 122 1357 1359
f 107 1268 1272
f 103 1244 1248
f 104 1249 1253
f 110 1285 1289
f 113 1303 1307
f 118 1333 1337
f 154 1550 1554
f 141 1472 1476
f 162 1598 1602
f 121 1351 1355
f 142 1478 1482
f 129 1400 1404
f 130 1405 1409
f 144 1489 1493
f 146 1501 1505
f 151 1532 1536
f 131 1411 1415
f 136 1441 1445
f 161 1591 1595
f 126 1382 1386
f 47 911 909
f 44 893 891
f 43 888 886
f 45 900 898
f 46 906 904
f 49 924 922
f 72 1062 1060
f 102 1242 1240
f 96 1206 1204
f 79 1104 1102
f 62 1001 999
f 59 983 981
f 58 978 976
f 60 990 988
f 61 996 994
f 66 1026 1024
f 54 954 952
f 73 1068 1066
f 85 1140 1138
f 92 1181 1179
f 101 1235 1233
f 69 1043 1041
f 50 929 927
f 82 1121 1119
f 97 1211 1209
f 71 1055 1053
f 100 1230 1228
f 94 1194 1192
f 80 1110 1108
f 51 935 933
f 90 1169 1167
f 63 1007 1005
f 55 959 957
f 76 1085 1083
f 87 1152 1150
f 91 1176 1174
f 67 1031 1029
f 56 965 963
f 75 1079 1077
f 83 1128 1126
f 68 1038 1036
f 48 917 915
f 78 1097 1095
f 93 1187 1185
f 98 1218 1216
f 88 1157 1155
f 65 1020 1018
f 57 972 970
f 77 1092 1090
f 86 1145 1143
f 64 1014 1012
f 53 947 945
f 74 1073 1071
f 84 1133 1131
f 89 1164 1162
f 70 1049 1047
f 99 1223 1221
f 95 1199 1197
f 81 1116 1114
f 52 942 940
f 109 1283 1284
f 105 1259 1260
f 111 1295 1296
f 114 1313 1314
f 117 1331 1332
f 125 1379 1380
f 152 1541 1542
f 137 1452 1451
f 158 1578 1577
f 123 1368 1367
f 143 1487 1488
f 127 1391 1392
f 135 1440 1439
f 147 1511 1512
f 150 1529 1530
f 153 1547 1548
f 140 1469 1470
f 138 1458 1457
f 159 1584 1583
f 122 1362 1361
f 407 1609 1616
f 403 1605 1608
f 404 1611 1606
f 410 1614 1612
f 413 1617 1615
f 422 1631 1624
f 486 1688 1692
f 573 1775 1782
f 561 1763 1765
f 512 1719 1714
f 452 1654 1661
f 448 1650 1653
f 449 1656 1651
f 455 1659 1657
f 458 1662 1660
f 470 1672 1675
f 437 1646 1639
f 494 1706 1696
f 531 1735 1733
f 539 1741 1751
f 568 1770 1779
f 478 1680 1683
f 419 1621 1626
f 509 1711 1721
f 554 1756 1766
f 482 1684 1689
f 576 1780 1778
f 558 1767 1760
f 516 1722 1718
f 425 1627 1629
f 542 1744 1747
f 463 1668 1665
f 434 1636 1641
f 497 1699 1704
f 528 1730 1737
f 546 1748 1750
f 464 1666 1676
f 440 1642 1644
f 500 1705 1702
f 524 1736 1726
f 479 1691 1681
f 418 1623 1620
f 508 1713 1710
f 553 1764 1755
f 569 1781 1771
f 538 1749 1740
f 471 1677 1673
f 443 1645 1647
f 501 1703 1707
f 523 1725 1734
f 467 1674 1669
f 433 1638 1635
f 493 1695 1698
f 527 1732 1729
f 543 1752 1745
f 485 1690 1687
f 572 1777 1774
f 557 1759 1762
f 515 1717 1720
f 428 1630 1632
f 591 2191 2189
f 587 1885 1883
f 588 1901 1903
f 594 2279 2281
f 597 2315 2317
f 600 2171 2173
f 634 2160 2158
f 619 2016 2012
f 639 2214 2210
f 602 1919 1924
f 624 2137 2135
f 608 1978 1973
f 610 1991 1996
f 627 2225 2227
f 630 2302 2304
f 635 2178 2176
f 615 2153 2155
f 617 2009 2014
f 637 2207 2212
f 604 1926 1922
f 416 1857 1864
f 408 1803 1810
f 406 1786 1795
f 412 1822 1831
f 415 1840 1849
f 424 1876 1887
f 492 2182 2193
f 582 2312 2321
f 565 2276 2285
f 514 1898 1907
f 461 2091 2098
f 453 2037 2044
f 451 1952 1961
f 457 2056 2067
f 460 2074 2083
f 475 2128 2139
f 439 1966 1975
f 496 1988 1997
f 533 2222 2231
f 551 2293 2298
f 579 2185 2190
f 483 1879 1884
f 426 1893 1900
f 521 2271 2278
f 566 2307 2314
f 489 2163 2170
f 578 2150 2159
f 560 2006 2015
f 518 2204 2213
f 429 1911 1918
f 547 2131 2136
f 465 1969 1977
f 441 1983 1990
f 504 2217 2224
f 537 2290 2301
f 550 2168 2177
f 476 2145 2152
f 444 2001 2008
f 502 2199 2206
f 526 1916 1925
f 481 1808 1817
f 420 1789 1797
f 510 1825 1833
f 555 1843 1851
f 571 1862 1871
f 540 1933 1941
f 473 2110 2119
f 447 2020 2029
f 507 2236 2247
f 534 2257 2262
f 469 2042 2051
f 435 1947 1954
f 498 2059 2064
f 529 2077 2085
f 545 2096 2105
f 487 2113 2121
f 574 2023 2031
f 562 2239 2244
f 520 2254 2265
f 432 1930 1939
f 589 1818 1814
f 583 1798 1793
f 586 1834 1829
f 593 1852 1847
f 596 1872 1868
f 599 1942 1937
f 633 2120 2124
f 620 2030 2034
f 640 2248 2250
f 603 2263 2261
f 622 2052 2050
f 607 1955 1960
f 612 2065 2063
f 626 2086 2081
f 629 2106 2102
f 631 2122 2117
f 614 2032 2027
f 618 2245 2243
f 641 2266 2268
f 605 1940 1944
f 409 1813 1804
f 405 1792 1785
f 411 1828 1821
f 414 1846 1839
f 417 1867 1858
f 431 1936 1929
f 488 2123 2114
f 575 2033 2024
f 563 2249 2240
f 519 2260 2253
f 454 2049 2038
f 450 1959 1951
f 456 2062 2055
f 459 2080 2073
f 462 2101 2092
f 472 2116 2109
f 446 2026 2019
f 506 2242 2235
f 535 2267 2258
f 541 1943 1934
f 570 1869 1861
f 480 1815 1807
f 421 1799 1790
f 511 1835 1826
f 556 1853 1844
f 484 1889 1880
f 580 2195 2186
f 567 2319 2308
f 522 2283 2272
f 427 1905 1894
f 544 2103 2095
f 468 2046 2041
f 436 1957 1948
f 499 2069 2060
f 530 2087 2078
f 548 2141 2132
f 466 1979 1970
f 442 1993 1984
f 505 2229 2218
f 536 2296 2289
f 491 2188 2181
f 423 1882 1875
f 513 1902 1897
f 564 2280 2275
f 581 2316 2311
f 549 2172 2167
f 477 2157 2146
f 445 2011 2002
f 503 2209 2200
f 525 1923 1915
f 474 2134 2127
f 438 1972 1965
f 495 1995 1987
f 532 2226 2221
f 552 2303 2294
f 490 2175 2164
f 577 2154 2149
f 559 2013 2005
f 517 2211 2203
f 430 1921 1912
f 590 1865 1870
f 584 1811 1816
f 585 1796 1800
f 592 1832 1836
f 595 1850 1854
f 598 1888 1890
f 636 2194 2196
f 621 2322 2320
f 642 2286 2284
f 601 1908 1906
f 623 2099 2104
f 611 2045 2047
f 609 1962 1958
f 625 2068 2070
f 628 2084 2088
f 632 2140 2142
f 613 1976 1980
f 616 1998 1994
f 638 2232 2230
f 606 2299 2297
f 407 2330 2329
f 403 2324 2323
f 404 2325 2326
f 410 2332 2333
f 413 2335 2336
f 422 2344 2345
f 486 2410 2409
f 573 2497 2496
f 561 2486 2485
f 512 2434 2435
f 452 2375 2374
f 448 2369 2368
f 449 2370 2371
f 455 2377 2378
f 458 2380 2381
f 470 2393 2392
f 437 2359 2360
f 494 2415 2416
f 531 2455 2456
f 539 2461 2460
f 568 2489 2488
f 478 2399 2398
f 419 2341 2340
f 509 2431 2430
f 554 2476 2475
f 482 2405 2404
f 576 2500 2501
f 558 2481 2482
f 516 2439 2440
f 425 2348 2347
f 542 2465 2464
f 463 2383 2384
f 434 2356 2355
f 497 2420 2419
f 528 2452 2451
f 546 2471 2470
f 464 2386 2385
f 440 2363 2362
f 500 2422 2423
f 524 2445 2446
f 479 2400 2401
f 418 2338 2339
f 508 2428 2429
f 553 2473 2474
f 569 2490 2491
f 538 2458 2459
f 471 2394 2395
f 443 2366 2365
f 501 2425 2424
f 523 2444 2443
f 467 2389 2390
f 433 2353 2354
f 493 2414 2413
f 527 2449 2450
f 543 2466 2467
f 485 2407 2408
f 572 2494 2495
f 557 2480 2479
f 515 2438 2437
f 428 2351 2350
f 591 2510 2511
f 587 2504 2505
f 588 2508 2507
f 594 2514 2513
f 597 2517 2516
f 600 2520 2519
f 634 2554 2556
f 619 2539 2540
f 639 2560 2561
f 602 2523 2521
f 624 2543 2544
f 608 2527 2529
f 610 2532 2530
f 627 2547 2546
f 630 2550 2549
f 635 2552 2553
f 615 2535 2534
f 617 2538 2536
f 637 2558 2557
f 604 2524 2525
f 167 1607 647
f 164 1603 644
f 163 1604 643
f 165 1610 645
f 166 1613 646
f 169 1622 649
f 192 1686 672
f 222 1773 702
f 216 1761 696
f 199 1712 679
f 182 1652 662
f 179 1648 659
f 178 1649 658
f 180 1655 660
f 181 1658 661
f 186 1670 666
f 174 1637 654
f 193 1694 673
f 205 1731 685
f 212 1739 692
f 221 1768 701
f 189 1678 669
f 170 1619 650
f 202 1709 682
f 217 1754 697
f 191 1682 671
f 220 1776 700
f 214 1758 694
f 200 1716 680
f 171 1625 651
f 210 1742 690
f 183 1663 663
f 175 1634 655
f 196 1697 676
f 207 1728 687
f 211 1746 691
f 187 1664 667
f 176 1640 656
f 195 1700 675
f 203 1724 683
f 188 1679 668
f 168 1618 648
f 198 1708 678
f 213 1753 693
f 218 1769 698
f 208 1738 688
f 185 1671 665
f 177 1643 657
f 197 1701 677
f 206 1723 686
f 184 1667 664
f 173 1633 653
f 194 1693 674
f 204 1727 684
f 209 1743 689
f 190 1685 670
f 219 1772 699
f 215 1757 695
f 201 1715 681
f 172 1628 652
f 357 2187 837
f 255 1881 735
f 262 1899 742
f 388 2277 868
f 400 2313 880
f 352 2169 832
f 347 2156 827
f 298 2010 778
f 364 2208 844
f 269 1917 749
f 339 2133 819
f 285 1971 765
f 293 1989 773
f 370 2223 850
f 396 2300 876
f 353 2174 833
f 346 2151 826
f 299 2007 779
f 365 2205 845
f 268 1920 748
f 249 1855 729
f 231 1801 711
f 226 1784 706
f 238 1820 718
f 244 1838 724
f 257 1874 737
f 359 2180 839
f 402 2310 882
f 390 2274 870
f 264 1896 744
f 327 2089 807
f 309 2035 789
f 282 1950 762
f 317 2054 797
f 322 2072 802
f 341 2126 821
f 286 1964 766
f 294 1986 774
f 372 2220 852
f 394 2291 874
f 358 2183 838
f 256 1877 736
f 261 1891 741
f 387 2269 867
f 399 2305 879
f 351 2161 831
f 348 2148 828
f 300 2004 780
f 366 2202 846
f 267 1909 747
f 340 2129 820
f 287 1967 767
f 291 1981 771
f 369 2215 849
f 395 2288 875
f 354 2166 834
f 345 2143 825
f 297 1999 777
f 363 2197 843
f 270 1914 750
f 234 1806 714
f 227 1787 707
f 239 1823 719
f 245 1841 725
f 252 1860 732
f 275 1931 755
f 334 2108 814
f 304 2018 784
f 377 2234 857
f 382 2255 862
f 312 2040 792
f 279 1945 759
f 316 2057 796
f 323 2075 803
f 330 2094 810
f 335 2111 815
f 305 2021 785
f 376 2237 856
f 383 2252 863
f 274 1928 754
f 232 1812 712
f 225 1791 705
f 237 1827 717
f 243 1845 723
f 250 1866 730
f 273 1935 753
f 336 2118 816
f 306 2028 786
f 378 2246 858
f 381 2259 861
f 311 2048 791
f 281 1953 761
f 315 2061 795
f 321 2079 801
f 328 2100 808
f 333 2115 813
f 303 2025 783
f 375 2241 855
f 384 2264 864
f 276 1938 756
f 229 1802 709
f 223 1783 703
f 235 1819 715
f 241 1837 721
f 247 1856 727
f 271 1927 751
f 332 2112 812
f 302 2022 782
f 374 2238 854
f 379 2251 859
f 307 2036 787
f 278 1949 758
f 313 2053 793
f 319 2071 799
f 325 2090 805
f 331 2107 811
f 301 2017 781
f 373 2233 853
f 380 2256 860
f 272 1932 752
f 248 1859 728
f 230 1805 710
f 224 1788 704
f 236 1824 716
f 242 1842 722
f 254 1878 734
f 356 2184 836
f 397 2306 877
f 385 2270 865
f 259 1892 739
f 326 2093 806
f 308 2039 788
f 277 1946 757
f 314 2058 794
f 320 2076 800
f 338 2130 818
f 284 1968 764
f 289 1982 769
f 367 2216 847
f 391 2287 871
f 355 2179 835
f 253 1873 733
f 260 1895 740
f 386 2273 866
f 398 2309 878
f 350 2165 830
f 343 2144 823
f 295 2000 775
f 361 2198 841
f 266 1913 746
f 337 2125 817
f 283 1963 763
f 290 1985 770
f 368 2219 848
f 392 2292 872
f 349 2162 829
f 344 2147 824
f 296 2003 776
f 362 2201 842
f 265 1910 745
f 251 1863 731
f 233 1809 713
f 228 1794 708
f 240 1830 720
f 246 1848 726
f 258 1886 738
f 360 2192 840
f 401 2318 881
f 389 2282 869
f 263 1904 743
f 329 2097 809
f 310 2043 790
f 280 1956 760
f 318 2066 798
f 324 2082 804
f 342 2138 822
f 288 1974 768
f 292 1992 772
f 371 2228 851
f 393 2295 873
f 409 2331 1269
f 405 2327 1245
f 411 2328 1252
f 414 2334 1288
f 417 2337 1306
f 431 2346 1336
f 488 2412 1551
f 575 2499 1473
f 563 2487 1599
f 519 2436 1354
f 454 2376 1479
f 450 2372 1401
f 456 2373 1408
f 459 2379 1492
f 462 2382 1504
f 472 2396 1533
f 446 2361 1414
f 506 2418 1444
f 535 2457 1594
f 541 2463 1383
f 570 2492 1323
f 480 2402 1275
f 421 2343 1263
f 511 2433 1299
f 556 2478 1317
f 484 2406 1341
f 580 2502 1564
f 567 2484 1462
f 522 2442 1588
f 427 2349 1347
f 544 2468 1521
f 468 2387 1420
f 436 2358 1395
f 499 2421 1497
f 530 2454 1515
f 548 2472 1557
f 466 2388 1425
f 442 2364 1431
f 505 2426 1570
f 536 2448 1372
f 491 2403 1282
f 423 2342 1258
f 513 2432 1294
f 564 2477 1312
f 581 2493 1330
f 549 2462 1378
f 477 2397 1540
f 445 2367 1449
f 503 2427 1575
f 525 2447 1365
f 474 2391 1486
f 438 2357 1390
f 495 2417 1437
f 532 2453 1510
f 552 2469 1528
f 490 2411 1546
f 577 2498 1468
f 559 2483 1455
f 517 2441 1581
f 430 2352 1359
f 590 2509 1272
f 584 2503 1248
f 585 2506 1253
f 592 2512 1289
f 595 2515 1307
f 598 2518 1337
f 636 2555 1554
f 621 2541 1476
f 642 2562 1602
f 601 2522 1355
f 623 2542 1482
f 611 2528 1404
f 609 2531 1409
f 625 2545 1493
f 628 2548 1505
f 632 2551 1536
f 613 2533 1415
f 616 2537 1445
f 638 2559 1595
f 606 2526 1386
f 407 1616 909
f 403 1608 891
f 404 1606 886
f 410 1612 898
f 413 1615 904
f 422 1624 922
f 486 1692 1060
f 573 1782 1240
f 561 1765 1204
f 512 1714 1102
f 452 1661 999
f 448 1653 981
f 449 1651 976
f 455 1657 988
f 458 1660 994
f 470 1675 1024
f 437 1639 952
f 494 1696 1066
f 531 1733 1138
f 539 1751 1179
f 568 1779 1233
f 478 1683 1041
f 419 1626 927
f 509 1721 1119
f 554 1766 1209
f 482 1689 1053
f 576 1778 1228
f 558 1760 1192
f 516 1718 1108
f 425 1629 933
f 542 1747 1167
f 463 1665 1005
f 434 1641 957
f 497 1704 1083
f 528 1737 1150
f 546 1750 1174
f 464 1676 1029
f 440 1644 963
f 500 1702 1077
f 524 1726 1126
f 479 1681 1036
f 418 1620 915
f 508 1710 1095
f 553 1755 1185
f 569 1771 1216
f 538 1740 1155
f 471 1673 1018
f 443 1647 970
f 501 1707 1090
f 523 1734 1143
f 467 1669 1012
f 433 1635 945
f 493 1698 1071
f 527 1729 1131
f 543 1745 1162
f 485 1687 1047
f 572 1774 1221
f 557 1762 1197
f 515 1720 1114
f 428 1632 940
f 591 2189 1284
f 587 1883 1260
f 588 1903 1296
f 594 2281 1314
f 597 2317 1332
f 600 2173 1380
f 634 2158 1542
f 619 2012 1451
f 639 2210 1577
f 602 1924 1367
f 624 2135 1488
f 608 1973 1392
f 610 1996 1439
f 627 2227 1512
f 630 2304 1530
f 635 2176 1548
f 615 2155 1470
f 617 2014 1457
f 637 2212 1583
f 604 1922 1361
f 416 1864 1270
f 408 1810 1246
f 406 1795 1251
f 412 1831 1287
f 415 1849 1305
f 424 1887 1335
f 492 2193 1552
f 582 2321 1474
f 565 2285 1600
f 514 1907 1353
f 461 2098 1480
f 453 2044 1402
f 451 1961 1407
f 457 2067 1491
f 460 2083 1503
f 475 2139 1534
f 439 1975 1413
f 496 1997 1443
f 533 2231 1593
f 551 2298 1384
f 579 2190 1324
f 483 1884 1276
f 426 1900 1264
f 521 2278 1300
f 566 2314 1318
f 489 2170 1342
f 578 2159 1563
f 560 2015 1461
f 518 2213 1587
f 429 1918 1348
f 547 2136 1522
f 465 1977 1419
f 441 1990 1396
f 504 2224 1498
f 537 2301 1516
f 550 2177 1558
f 476 2152 1426
f 444 2008 1432
f 502 2206 1569
f 526 1925 1371
f 481 1817 1281
f 420 1797 1257
f 510 1833 1293
f 555 1851 1311
f 571 1871 1329
f 540 1941 1377
f 473 2119 1539
f 447 2029 1450
f 507 2247 1576
f 534 2262 1366
f 469 2051 1485
f 435 1954 1389
f 498 2064 1438
f 529 2085 1509
f 545 2105 1527
f 487 2121 1545
f 574 2031 1467
f 562 2244 1456
f 520 2265 1582
f 432 1939 1360
f 589 1814 1271
f 583 1793 1247
f 586 1829 1254
f 593 1847 1290
f 596 1868 1308
f 599 1937 1338
f 633 2124 1553
f 620 2034 1475
f 640 2250 1601
f 603 2261 1356
f 622 2050 1481
f 607 1960 1403
f 612 2063 1410
f 626 2081 1494
f 629 2102 1506
f 631 2117 1535
f 614 2027 1416
f 618 2243 1446
f 641 2268 1596
f 605 1944 1385
f 409 1804 894
f 405 1785 887
f 411 1821 899
f 414 1839 905
f 417 1858 912
f 431 1929 941
f 488 2114 1050
f 575 2024 1224
f 563 2240 1200
f 519 2253 1115
f 454 2038 984
f 450 1951 977
f 456 2055 989
f 459 2073 995
f 462 2092 1002
f 472 2109 1019
f 446 2019 971
f 506 2235 1091
f 535 2258 1146
f 541 1934 1158
f 570 1861 1217
f 480 1807 1037
f 421 1790 918
f 511 1826 1098
f 556 1844 1188
f 484 1880 1044
f 580 2186 1236
f 567 2308 1212
f 522 2272 1122
f 427 1894 930
f 544 2095 1163
f 468 2041 1013
f 436 1948 948
f 499 2060 1074
f 530 2078 1134
f 548 2132 1170
f 466 1970 1008
f 442 1984 960
f 505 2218 1086
f 536 2289 1151
f 491 2181 1061
f 423 1875 923
f 513 1897 1103
f 564 2275 1205
f 581 2311 1241
f 549 2167 1175
f 477 2146 1032
f 445 2002 966
f 503 2200 1080
f 525 1915 1127
f 474 2127 1025
f 438 1965 953
f 495 1987 1067
f 532 2221 1139
f 552 2294 1182
f 490 2164 1056
f 577 2149 1229
f 559 2005 1193
f 517 2203 1109
f 430 1912 936
f 590 1870 1325
f 584 1816 1277
f 585 1800 1265
f 592 1836 1301
f 595 1854 1319
f 598 1890 1343
f 636 2196 1566
f 621 2320 1464
f 642 2284 1590
f 601 1906 1349
f 623 2104 1523
f 611 2047 1422
f 609 1958 1397
f 625 2070 1499
f 628 2088 1517
f 632 2142 1559
f 613 1980 1427
f 616 1994 1433
f 638 2230 1572
f 606 2297 1374
f 407 2329 892
f 403 2323 885
f 404 2326 897
f 410 2333 903
f 413 2336 910
f 422 2345 939
f 486 2409 1048
f 573 2496 1222
f 561 2485 1198
f 512 2435 1113
f 452 2374 982
f 448 2368 975
f 449 2371 987
f 455 2378 993
f 458 2381 1000
f 470 2392 1017
f 437 2360 969
f 494 2416 1089
f 531 2456 1144
f 539 2460 1156
f 568 2488 1215
f 478 2398 1035
f 419 2340 916
f 509 2430 1096
f 554 2475 1186
f 482 2404 1042
f 576 2501 1234
f 558 2482 1210
f 516 2440 1120
f 425 2347 928
f 542 2464 1161
f 463 2384 1011
f 434 2355 946
f 497 2419 1072
f 528 2451 1132
f 546 2470 1168
f 464 2385 1006
f 440 2362 958
f 500 2423 1084
f 524 2446 1149
f 479 2401 1059
f 418 2339 921
f 508 2429 1101
f 553 2474 1203
f 569 2491 1239
f 538 2459 1173
f 471 2395 1030
f 443 2365 964
f 501 2424 1078
f 523 2443 1125
f 467 2390 1023
f 433 2354 951
f 493 2413 1065
f 527 2450 1137
f 543 2467 1180
f 485 2408 1054
f 572 2495 1227
f 557 2479 1191
f 515 2437 1107
f 428 2350 934
f 591 2511 1326
f 587 2505 1278
f 588 2507 1266
f 594 2513 1302
f 597 2516 1320
f 600 2519 1344
f 634 2556 1565
f 619 2540 1463
f 639 2561 1589
f 602 2521 1350
f 624 2544 1524
f 608 2529 1421
f 610 2530 1398
f 627 2546 1500
f 630 2549 1518
f 635 2553 1560
f 615 2534 1428
f 617 2536 1434
f 637 2557 1571
f 604 2525 1373
f 164 1609 889
f 163 1605 883
f 165 1611 895
f 166 1614 901
f 167 1617 907
f 172 1631 937
f 190 1688 1045
f 219 1775 1219
f 215 1763 1195
f 201 1719 1111
f 179 1654 979
f 178 1650 973
f 180 1656 985
f 181 1659 991
f 182 1662 997
f 185 1672 1015
f 177 1646 967
f 197 1706 1087
f 206 1735 1141
f 208 1741 1153
f 218 1770 1213
f 188 1680 1033
f 168 1621 913
f 198 1711 1093
f 213 1756 1183
f 189 1684 1039
f 221 1780 1231
f 217 1767 1207
f 202 1722 1117
f 170 1627 925
f 209 1744 1159
f 184 1668 1009
f 173 1636 943
f 194 1699 1069
f 204 1730 1129
f 210 1748 1165
f 183 1666 1003
f 175 1642 955
f 196 1705 1081
f 207 1736 1147
f 192 1691 1057
f 169 1623 919
f 199 1713 1099
f 216 1764 1201
f 222 1781 1237
f 211 1749 1171
f 187 1677 1027
f 176 1645 961
f 195 1703 1075
f 203 1725 1123
f 186 1674 1021
f 174 1638 949
f 193 1695 1063
f 205 1732 1135
f 212 1752 1177
f 191 1690 1051
f 220 1777 1225
f 214 1759 1189
f 200 1717 1105
f 171 1630 931
f 358 2191 1322
f 256 1885 1274
f 261 1901 1262
f 387 2279 1298
f 399 2315 1316
f 351 2171 1340
f 348 2160 1561
f 300 2016 1459
f 366 2214 1585
f 267 1919 1346
f 340 2137 1520
f 287 1978 1417
f 291 1991 1394
f 369 2225 1496
f 395 2302 1514
f 354 2178 1556
f 345 2153 1424
f 297 2009 1430
f 363 2207 1567
f 270 1926 1369
f 247 1857 908
f 229 1803 890
f 223 1786 884
f 235 1822 896
f 241 1840 902
f 253 1876 920
f 355 2182 1058
f 398 2312 1238
f 386 2276 1202
f 260 1898 1100
f 325 2091 998
f 307 2037 980
f 278 1952 974
f 313 2056 986
f 319 2074 992
f 337 2128 1022
f 283 1966 950
f 290 1988 1064
f 368 2222 1136
f 392 2293 1178
f 356 2185 1232
f 254 1879 1040
f 259 1893 926
f 385 2271 1118
f 397 2307 1208
f 349 2163 1052
f 344 2150 1226
f 296 2006 1190
f 362 2204 1106
f 265 1911 932
f 338 2131 1166
f 284 1969 1004
f 289 1983 956
f 367 2217 1082
f 391 2290 1148
f 350 2168 1172
f 343 2145 1028
f 295 2001 962
f 361 2199 1076
f 266 1916 1124
f 230 1808 1034
f 224 1789 914
f 236 1825 1094
f 242 1843 1184
f 248 1862 1214
f 272 1933 1154
f 331 2110 1016
f 301 2020 968
f 373 2236 1088
f 380 2257 1142
f 308 2042 1010
f 277 1947 944
f 314 2059 1070
f 320 2077 1130
f 326 2096 1160
f 332 2113 1046
f 302 2023 1220
f 374 2239 1196
f 379 2254 1112
f 271 1930 938
f 234 1818 1279
f 227 1798 1255
f 239 1834 1291
f 245 1852 1309
f 252 1872 1327
f 275 1942 1375
f 334 2120 1537
f 304 2030 1448
f 377 2248 1574
f 382 2263 1364
f 312 2052 1483
f 279 1955 1387
f 316 2065 1436
f 323 2086 1507
f 330 2106 1525
f 335 2122 1543
f 305 2032 1465
f 376 2245 1454
f 383 2266 1580
f 274 1940 1358
f 232 1813 1267
f 225 1792 1243
f 237 1828 1250
f 243 1846 1286
f 250 1867 1304
f 273 1936 1334
f 336 2123 1549
f 306 2033 1471
f 378 2249 1597
f 381 2260 1352
f 311 2049 1477
f 281 1959 1399
f 315 2062 1406
f 321 2080 1490
f 328 2101 1502
f 333 2116 1531
f 303 2026 1412
f 375 2242 1442
f 384 2267 1592
f 276 1943 1381
f 251 1869 1321
f 233 1815 1273
f 228 1799 1261
f 240 1835 1297
f 246 1853 1315
f 258 1889 1339
f 360 2195 1562
f 401 2319 1460
f 389 2283 1586
f 263 1905 1345
f 329 2103 1519
f 310 2046 1418
f 280 1957 1393
f 318 2069 1495
f 324 2087 1513
f 342 2141 1555
f 288 1979 1423
f 292 1993 1429
f 371 2229 1568
f 393 2296 1370
f 357 2188 1280
f 255 1882 1256
f 262 1902 1292
f 388 2280 1310
f 400 2316 1328
f 352 2172 1376
f 347 2157 1538
f 298 2011 1447
f 364 2209 1573
f 269 1923 1363
f 339 2134 1484
f 285 1972 1388
f 293 1995 1435
f 370 2226 1508
f 396 2303 1526
f 353 2175 1544
f 346 2154 1466
f 299 2013 1453
f 365 2211 1579
f 268 1921 1357
f 249 1865 1268
f 231 1811 1244
f 226 1796 1249
f 238 1832 1285
f 244 1850 1303
f 257 1888 1333
f 359 2194 1550
f 402 2322 1472
f 390 2286 1598
f 264 1908 1351
f 327 2099 1478
f 309 2045 1400
f 282 1962 1405
f 317 2068 1489
f 322 2084 1501
f 341 2140 1532
f 286 1976 1411
f 294 1998 1441
f 372 2232 1591
f 394 2299 1382
f 416 2330 911
f 408 2324 893
f 406 2325 888
f 412 2332 900
f 415 2335 906
f 424 2344 924
f 492 2410 1062
f 582 2497 1242
f 565 2486 1206
f 514 2434 1104
f 461 2375 1001
f 453 2369 983
f 451 2370 978
f 457 2377 990
f 460 2380 996
f 475 2393 1026
f 439 2359 954
f 496 2415 1068
f 533 2455 1140
f 551 2461 1181
f 579 2489 1235
f 483 2399 1043
f 426 2341 929
f 521 2431 1121
f 566 2476 1211
f 489 2405 1055
f 578 2500 1230
f 560 2481 1194
f 518 2439 1110
f 429 2348 935
f 547 2465 1169
f 465 2383 1007
f 441 2356 959
f 504 2420 1085
f 537 2452 1152
f 550 2471 1176
f 476 2386 1031
f 444 2363 965
f 502 2422 1079
f 526 2445 1128
f 481 2400 1038
f 420 2338 917
f 510 2428 1097
f 555 2473 1187
f 571 2490 1218
f 540 2458 1157
f 473 2394 1020
f 447 2366 972
f 507 2425 1092
f 534 2444 1145
f 469 2389 1014
f 435 2353 947
f 498 2414 1073
f 529 2449 1133
f 545 2466 1164
f 487 2407 1049
f 574 2494 1223
f 562 2480 1199
f 520 2438 1116
f 432 2351 942
f 589 2510 1283
f 583 2504 1259
f 586 2508 1295
f 593 2514 1313
f 596 2517 1331
f 599 2520 1379
f 633 2554 1541
f 620 2539 1452
f 640 2560 1578
f 603 2523 1368
f 622 2543 1487
f 607 2527 1391
f 612 2532 1440
f 626 2547 1511
f 629 2550 1529
f 631 2552 1547
f 614 2535 1469
f 618 2538 1458
f 641 2558 1584
f 605 2524 1362
f 164 1607 1609
f 163 1603 1605
f 165 1604 1611
f 166 1610 1614
f 167 1613 1617
f 172 1622 1631
f 190 1686 1688
f 219 1773 1775
f 215 1761 1763
f 201 1712 1719
f 179 1652 1654
f 178 1648 1650
f 180 1649 1656
f 181 1655 1659
f 182 1658 1662
f 185 1670 1672
f 177 1637 1646
f 197 1694 1706
f 206 1731 1735
f 208 1739 1741
f 218 1768 1770
f 188 1678 1680
f 168 1619 1621
f 198 1709 1711
f 213 1754 1756
f 189 1682 1684
f 221 1776 1780
f 217 1758 1767
f 202 1716 1722
f 170 1625 1627
f 209 1742 1744
f 184 1663 1668
f 173 1634 1636
f 194 1697 1699
f 204 1728 1730
f 210 1746 1748
f 183 1664 1666
f 175 1640 1642
f 196 1700 1705
f 207 1724 1736
f 192 1679 1691
f 169 1618 1623
f 199 1708 1713
f 216 1753 1764
f 222 1769 1781
f 211 1738 1749
f 187 1671 1677
f 176 1643 1645
f 195 1701 1703
f 203 1723 1725
f 186 1667 1674
f 174 1633 1638
f 193 1693 1695
f 205 1727 1732
f 212 1743 1752
f 191 1685 1690
f 220 1772 1777
f 214 1757 1759
f 200 1715 1717
f 171 1628 1630
f 358 2187 2191
f 256 1881 1885
f 261 1899 1901
f 387 2277 2279
f 399 2313 2315
f 351 2169 2171
f 348 2156 2160
f 300 2010 2016
f 366 2208 2214
f 267 1917 1919
f 340 2133 2137
f 287 1971 1978
f 291 1989 1991
f 369 2223 2225
f 395 2300 2302
f 354 2174 2178
f 345 2151 2153
f 297 2007 2009
f 363 2205 2207
f 270 1920 1926
f 247 1855 1857
f 229 1801 1803
f 223 1784 1786
f 235 1820 1822
f 241 1838 1840
f 253 1874 1876
f 355 2180 2182
f 398 2310 2312
f 386 2274 2276
f 260 1896 1898
f 325 2089 2091
f 307 2035 2037
f 278 1950 1952
f 313 2054 2056
f 319 2072 2074
f 337 2126 2128
f 283 1964 1966
f 290 1986 1988
f 368 2220 2222
f 392 2291 2293
f 356 2183 2185
f 254 1877 1879
f 259 1891 1893
f 385 2269 2271
f 397 2305 2307
f 349 2161 2163
f 344 2148 2150
f 296 2004 2006
f 362 2202 2204
f 265 1909 1911
f 338 2129 2131
f 284 1967 1969
f 289 1981 1983
f 367 2215 2217
f 391 2288 2290
f 350 2166 2168
f 343 2143 2145
f 295 1999 2001
f 361 2197 2199
f 266 1914 1916
f 230 1806 1808
f 224 1787 1789
f 236 1823 1825
f 242 1841 1843
f 248 1860 1862
f 272 1931 1933
f 331 2108 2110
f 301 2018 2020
f 373 2234 2236
f 380 2255 2257
f 308 2040 2042
f 277 1945 1947
f 314 2057 2059
f 320 2075 2077
f 326 2094 2096
f 332 2111 2113
f 302 2021 2023
f 374 2237 2239
f 379 2252 2254
f 271 1928 1930
f 234 1812 1818
f 227 1791 1798
f 239 1827 1834
f 245 1845 1852
f 252 1866 1872
f 275 1935 1942
f 334 2118 2120
f 304 2028 2030
f 377 2246 2248
f 382 2259 2263
f 312 2048 2052
f 279 1953 1955
f 316 2061 2065
f 323 2079 2086
f 330 2100 2106
f 335 2115 2122
f 305 2025 2032
f 376 2241 2245
f 383 2264 2266
f 274 1938 1940
f 232 1802 1813
f 225 1783 1792
f 237 1819 1828
f 243 1837 1846
f 250 1856 1867
f 273 1927 1936
f 336 2112 2123
f 306 2022 2033
f 378 2238 2249
f 381 2251 2260
f 311 2036 2049
f 281 1949 1959
f 315 2053 2062
f 321 2071 2080
f 328 2090 2101
f 333 2107 2116
f 303 2017 2026
f 375 2233 2242
f 384 2256 2267
f 276 1932 1943
f 251 1859 1869
f 233 1805 1815
f 228 1788 1799
f 240 1824 1835
f 246 1842 1853
f 258 1878 1889
f 360 2184 2195
f 401 2306 2319
f 389 2270 2283
f 263 1892 1905
f 329 2093 2103
f 310 2039 2046
f 280 1946 1957
f 318 2058 2069
f 324 2076 2087
f 342 2130 2141
f 288 1968 1979
f 292 1982 1993
f 371 2216 2229
f 393 2287 2296
f 357 2179 2188
f 255 1873 1882
f 262 1895 1902
f 388 2273 2280
f 400 2309 2316
f 352 2165 2172
f 347 2144 2157
f 298 2000 2011
f 364 2198 2209
f 269 1913 1923
f 339 2125 2134
f 285 1963 1972
f 293 1985 1995
f 370 2219 2226
f 396 2292 2303
f 353 2162 2175
f 346 2147 2154
f 299 2003 2013
f 365 2201 2211
f 268 1910 1921
f 249 1863 1865
f 231 1809 1811
f 226 1794 1796
f 238 1830 1832
f 244 1848 1850
f 257 1886 1888
f 359 2192 2194
f 402 2318 2322
f 390 2282 2286
f 264 1904 1908
f 327 2097 2099
f 309 2043 2045
f 282 1956 1962
f 317 2066 2068
f 322 2082 2084
f 341 2138 2140
f 286 1974 1976
f 294 1992 1998
f 372 2228 2232
f 394 2295 2299
f 416 2331 2330
f 408 2327 2324
f 406 2328 2325
f 412 2334 2332
f 415 2337 2335
f 424 2346 2344
f 492 2412 2410
f 582 2499 2497
f 565 2487 2486
f 514 2436 2434
f 461 2376 2375
f 453 2372 2369
f 451 2373 2370
f 457 2379 2377
f 460 2382 2380
f 475 2396 2393
f 439 2361 2359
f 496 2418 2415
f 533 2457 2455
f 551 2463 2461
f 579 2492 2489
f 483 2402 2399
f 426 2343 2341
f 521 2433 2431
f 566 2478 2476
f 489 2406 2405
f 578 2502 2500
f 560 2484 2481
f 518 2442 2439
f 429 2349 2348
f 547 2468 2465
f 465 2387 2383
f 441 2358 2356
f 504 2421 2420
f 537 2454 2452
f 550 2472 2471
f 476 2388 2386
f 444 2364 2363
f 502 2426 2422
f 526 2448 2445
f 481 2403 2400
f 420 2342 2338
f 510 2432 2428
f 555 2477 2473
f 571 2493 2490
f 540 2462 2458
f 473 2397 2394
f 447 2367 2366
f 507 2427 2425
f 534 2447 2444
f 469 2391 2389
f 435 2357 2353
f 498 2417 2414
f 529 2453 2449
f 545 2469 2466
f 487 2411 2407
f 574 2498 2494
f 562 2483 2480
f 520 2441 2438
f 432 2352 2351
f 589 2509 2510
f 583 2503 2504
f 586 2506 2508
f 593 2512 2514
f 596 2515 2517
f 599 2518 2520
f 633 2555 2554
f 620 2541 2539
f 640 2562 2560
f 603 2522 2523
f 622 2542 2543
f 607 2528 2527
f 612 2531 2532
f 626 2545 2547
f 629 2548 2550
f 631 2551 2552
f 614 2533 2535
f 618 2537 2538
f 641 2559 2558
f 605 2526 2524
f 164 644 1607
f 163 643 1603
f 165 645 1604
f 166 646 1610
f 167 647 1613
f 172 652 1622
f 190 670 1686
f 219 699 1773
f 215 695 1761
f 201 681 1712
f 179 659 1652
f 178 658 1648
f 180 660 1649
f 181 661 1655
f 182 662 1658
f 185 665 1670
f 177 657 1637
f 197 677 1694
f 206 686 1731
f 208 688 1739
f 218 698 1768
f 188 668 1678
f 168 648 1619
f 198 678 1709
f 213 693 1754
f 189 669 1682
f 221 701 1776
f 217 697 1758
f 202 682 1716
f 170 650 1625
f 209 689 1742
f 184 664 1663
f 173 653 1634
f 194 674 1697
f 204 684 1728
f 210 690 1746
f 183 663 1664
f 175 655 1640
f 196 676 1700
f 207 687 1724
f 192 672 1679
f 169 649 1618
f 199 679 1708
f 216 696 1753
f 222 702 1769
f 211 691 1738
f 187 667 1671
f 176 656 1643
f 195 675 1701
f 203 683 1723
f 186 666 1667
f 174 654 1633
f 193 673 1693
f 205 685 1727
f 212 692 1743
f 191 671 1685
f 220 700 1772
f 214 694 1757
f 200 680 1715
f 171 651 1628
f 358 838 2187
f 256 736 1881
f 261 741 1899
f 387 867 2277
f 399 879 2313
f 351 831 2169
f 348 828 2156
f 300 780 2010
f 366 846 2208
f 267 747 1917
f 340 820 2133
f 287 767 1971
f 291 771 1989
f 369 849 2223
f 395 875 2300
f 354 834 2174
f 345 825 2151
f 297 777 2007
f 363 843 2205
f 270 750 1920
f 247 727 1855
f 229 709 1801
f 223 703 1784
f 235 715 1820
f 241 721 1838
f 253 733 1874
f 355 835 2180
f 398 878 2310
f 386 866 2274
f 260 740 1896
f 325 805 2089
f 307 787 2035
f 278 758 1950
f 313 793 2054
f 319 799 2072
f 337 817 2126
f 283 763 1964
f 290 770 1986
f 368 848 2220
f 392 872 2291
f 356 836 2183
f 254 734 1877
f 259 739 1891
f 385 865 2269
f 397 877 2305
f 349 829 2161
f 344 824 2148
f 296 776 2004
f 362 842 2202
f 265 745 1909
f 338 818 2129
f 284 764 1967
f 289 769 1981
f 367 847 2215
f 391 871 2288
f 350 830 2166
f 343 823 2143
f 295 775 1999
f 361 841 2197
f 266 746 1914
f 230 710 1806
f 224 704 1787
f 236 716 1823
f 242 722 1841
f 248 728 1860
f 272 752 1931
f 331 811 2108
f 301 781 2018
f 373 853 2234
f 380 860 2255
f 308 788 2040
f 277 757 1945
f 314 794 2057
f 320 800 2075
f 326 806 2094
f 332 812 2111
f 302 782 2021
f 374 854 2237
f 379 859 2252
f 271 751 1928
f 234 714 1812
f 227 707 1791
f 239 719 1827
f 245 725 1845
f 252 732 1866
f 275 755 1935
f 334 814 2118
f 304 784 2028
f 377 857 2246
f 382 862 2259
f 312 792 2048
f 279 759 1953
f 316 796 2061
f 323 803 2079
f 330 810 2100
f 335 815 2115
f 305 785 2025
f 376 856 2241
f 383 863 2264
f 274 754 1938
f 232 712 1802
f 225 705 1783
f 237 717 1819
f 243 723 1837
f 250 730 1856
f 273 753 1927
f 336 816 2112
f 306 786 2022
f 378 858 2238
f 381 861 2251
f 311 791 2036
f 281 761 1949
f 315 795 2053
f 321 801 2071
f 328 808 2090
f 333 813 2107
f 303 783 2017
f 375 855 2233
f 384 864 2256
f 276 756 1932
f 251 731 1859
f 233 713 1805
f 228 708 1788
f 240 720 1824
f 246 726 1842
f 258 738 1878
f 360 840 2184
f 401 881 2306
f 389 869 2270
f 263 743 1892
f 329 809 2093
f 310 790 2039
f 280 760 1946
f 318 798 2058
f 324 804 2076
f 342 822 2130
f 288 768 1968
f 292 772 1982
f 371 851 2216
f 393 873 2287
f 357 837 2179
f 255 735 1873
f 262 742 1895
f 388 868 2273
f 400 880 2309
f 352 832 2165
f 347 827 2144
f 298 778 2000
f 364 844 2198
f 269 749 1913
f 339 819 2125
f 285 765 1963
f 293 773 1985
f 370 850 2219
f 396 876 2292
f 353 833 2162
f 346 826 2147
f 299 779 2003
f 365 845 2201
f 268 748 1910
f 249 729 1863
f 231 711 1809
f 226 706 1794
f 238 718 1830
f 244 724 1848
f 257 737 1886
f 359 839 2192
f 402 882 2318
f 390 870 2282
f 264 744 1904
f 327 807 2097
f 309 789 2043
f 282 762 1956
f 317 797 2066
f 322 802 2082
f 341 821 2138
f 286 766 1974
f 294 774 1992
f 372 852 2228
f 394 874 2295
f 416 1270 2331
f 408 1246 2327
f 406 1251 2328
f 412 1287 2334
f 415 1305 2337
f 424 1335 2346
f 492 1552 2412
f 582 1474 2499
f 565 1600 2487
f 514 1353 2436
f 461 1480 2376
f 453 1402 2372
f 451 1407 2373
f 457 1491 2379
f 460 1503 2382
f 475 1534 2396
f 439 1413 2361
f 496 1443 2418
f 533 1593 2457
f 551 1384 2463
f 579 1324 2492
f 483 1276 2402
f 426 1264 2343
f 521 1300 2433
f 566 1318 2478
f 489 1342 2406
f 578 1563 2502
f 560 1461 2484
f 518 1587 2442
f 429 1348 2349
f 547 1522 2468
f 465 1419 2387
f 441 1396 2358
f 504 1498 2421
f 537 1516 2454
f 550 1558 2472
f 476 1426 2388
f 444 1432 2364
f 502 1569 2426
f 526 1371 2448
f 481 1281 2403
f 420 1257 2342
f 510 1293 2432
f 555 1311 2477
f 571 1329 2493
f 540 1377 2462
f 473 1539 2397
f 447 1450 2367
f 507 1576 2427
f 534 1366 2447
f 469 1485 2391
f 435 1389 2357
f 498 1438 2417
f 529 1509 2453
f 545 1527 2469
f 487 1545 2411
f 574 1467 2498
f 562 1456 2483
f 520 1582 2441
f 432 1360 2352
f 589 1271 2509
f 583 1247 2503
f 586 1254 2506
f 593 1290 2512
f 596 1308 2515
f 599 1338 2518
f 633 1553 2555
f 620 1475 2541
f 640 1601 2562
f 603 1356 2522
f 622 1481 2542
f 607 1403 2528
f 612 1410 2531
f 626 1494 2545
f 629 1506 2548
f 631 1535 2551
f 614 1416 2533
f 618 1446 2537
f 641 1596 2559
f 605 1385 2526
f 167 907 1616
f 164 889 1608
f 163 883 1606
f 165 895 1612
f 166 901 1615
f 169 919 1624
f 192 1057 1692
f 222 1237 1782
f 216 1201 1765
f 199 1099 1714
f 182 997 1661
f 179 979 1653
f 178 973 1651
f 180 985 1657
f 181 991 1660
f 186 1021 1675
f 174 949 1639
f 193 1063 1696
f 205 1135 1733
f 212 1177 1751
f 221 1231 1779
f 189 1039 1683
f 170 925 1626
f 202 1117 1721
f 217 1207 1766
f 191 1051 1689
f 220 1225 1778
f 214 1189 1760
f 200 1105 1718
f 171 931 1629
f 210 1165 1747
f 183 1003 1665
f 175 955 1641
f 196 1081 1704
f 207 1147 1737
f 211 1171 1750
f 187 1027 1676
f 176 961 1644
f 195 1075 1702
f 203 1123 1726
f 188 1033 1681
f 168 913 1620
f 198 1093 1710
f 213 1183 1755
f 218 1213 1771
f 208 1153 1740
f 185 1015 1673
f 177 967 1647
f 197 1087 1707
f 206 1141 1734
f 184 1009 1669
f 173 943 1635
f 194 1069 1698
f 204 1129 1729
f 209 1159 1745
f 190 1045 1687
f 219 1219 1774
f 215 1195 1762
f 201 1111 1720
f 172 937 1632
f 357 1280 2189
f 255 1256 1883
f 262 1292 1903
f 388 1310 2281
f 400 1328 2317
f 352 1376 2173
f 347 1538 2158
f 298 1447 2012
f 364 1573 2210
f 269 1363 1924
f 339 1484 2135
f 285 1388 1973
f 293 1435 1996
f 370 1508 2227
f 396 1526 2304
f 353 1544 2176
f 346 1466 2155
f 299 1453 2014
f 365 1579 2212
f 268 1357 1922
f 249 1268 1864
f 231 1244 1810
f 226 1249 1795
f 238 1285 1831
f 244 1303 1849
f 257 1333 1887
f 359 1550 2193
f 402 1472 2321
f 390 1598 2285
f 264 1351 1907
f 327 1478 2098
f 309 1400 2044
f 282 1405 1961
f 317 1489 2067
f 322 1501 2083
f 341 1532 2139
f 286 1411 1975
f 294 1441 1997
f 372 1591 2231
f 394 1382 2298
f 358 1322 2190
f 256 1274 1884
f 261 1262 1900
f 387 1298 2278
f 399 1316 2314
f 351 1340 2170
f 348 1561 2159
f 300 1459 2015
f 366 1585 2213
f 267 1346 1918
f 340 1520 2136
f 287 1417 1977
f 291 1394 1990
f 369 1496 2224
f 395 1514 2301
f 354 1556 2177
f 345 1424 2152
f 297 1430 2008
f 363 1567 2206
f 270 1369 1925
f 234 1279 1817
f 227 1255 1797
f 239 1291 1833
f 245 1309 1851
f 252 1327 1871
f 275 1375 1941
f 334 1537 2119
f 304 1448 2029
f 377 1574 2247
f 382 1364 2262
f 312 1483 2051
f 279 1387 1954
f 316 1436 2064
f 323 1507 2085
f 330 1525 2105
f 335 1543 2121
f 305 1465 2031
f 376 1454 2244
f 383 1580 2265
f 274 1358 1939
f 232 1267 1814
f 225 1243 1793
f 237 1250 1829
f 243 1286 1847
f 250 1304 1868
f 273 1334 1937
f 336 1549 2124
f 306 1471 2034
f 378 1597 2250
f 381 1352 2261
f 311 1477 2050
f 281 1399 1960
f 315 1406 2063
f 321 1490 2081
f 328 1502 2102
f 333 1531 2117
f 303 1412 2027
f 375 1442 2243
f 384 1592 2268
f 276 1381 1944
f 229 890 1804
f 223 884 1785
f 235 896 1821
f 241 902 1839
f 247 908 1858
f 271 938 1929
f 332 1046 2114
f 302 1220 2024
f 374 1196 2240
f 379 1112 2253
f 307 980 2038
f 278 974 1951
f 313 986 2055
f 319 992 2073
f 325 998 2092
f 331 1016 2109
f 301 968 2019
f 373 1088 2235
f 380 1142 2258
f 272 1154 1934
f 248 1214 1861
f 230 1034 1807
f 224 914 1790
f 236 1094 1826
f 242 1184 1844
f 254 1040 1880
f 356 1232 2186
f 397 1208 2308
f 385 1118 2272
f 259 926 1894
f 326 1160 2095
f 308 1010 2041
f 277 944 1948
f 314 1070 2060
f 320 1130 2078
f 338 1166 2132
f 284 1004 1970
f 289 956 1984
f 367 1082 2218
f 391 1148 2289
f 355 1058 2181
f 253 920 1875
f 260 1100 1897
f 386 1202 2275
f 398 1238 2311
f 350 1172 2167
f 343 1028 2146
f 295 962 2002
f 361 1076 2200
f 266 1124 1915
f 337 1022 2127
f 283 950 1965
f 290 1064 1987
f 368 1136 2221
f 392 1178 2294
f 349 1052 2164
f 344 1226 2149
f 296 1190 2005
f 362 1106 2203
f 265 932 1912
f 251 1321 1870
f 233 1273 1816
f 228 1261 1800
f 240 1297 1836
f 246 1315 1854
f 258 1339 1890
f 360 1562 2196
f 401 1460 2320
f 389 1586 2284
f 263 1345 1906
f 329 1519 2104
f 310 1418 2047
f 280 1393 1958
f 318 1495 2070
f 324 1513 2088
f 342 1555 2142
f 288 1423 1980
f 292 1429 1994
f 371 1568 2230
f 393 1370 2297
f 409 894 2329
f 405 887 2323
f 411 899 2326
f 414 905 2333
f 417 912 2336
f 431 941 2345
f 488 1050 2409
f 575 1224 2496
f 563 1200 2485
f 519 1115 2435
f 454 984 2374
f 450 977 2368
f 456 989 2371
f 459 995 2378
f 462 1002 2381
f 472 1019 2392
f 446 971 2360
f 506 1091 2416
f 535 1146 2456
f 541 1158 2460
f 570 1217 2488
f 480 1037 2398
f 421 918 2340
f 511 1098 2430
f 556 1188 2475
f 484 1044 2404
f 580 1236 2501
f 567 1212 2482
f 522 1122 2440
f 427 930 2347
f 544 1163 2464
f 468 1013 2384
f 436 948 2355
f 499 1074 2419
f 530 1134 2451
f 548 1170 2470
f 466 1008 2385
f 442 960 2362
f 505 1086 2423
f 536 1151 2446
f 491 1061 2401
f 423 923 2339
f 513 1103 2429
f 564 1205 2474
f 581 1241 2491
f 549 1175 2459
f 477 1032 2395
f 445 966 2365
f 503 1080 2424
f 525 1127 2443
f 474 1025 2390
f 438 953 2354
f 495 1067 2413
f 532 1139 2450
f 552 1182 2467
f 490 1056 2408
f 577 1229 2495
f 559 1193 2479
f 517 1109 2437
f 430 936 2350
f 590 1325 2511
f 584 1277 2505
f 585 1265 2507
f 592 1301 2513
f 595 1319 2516
f 598 1343 2519
f 636 1566 2556
f 621 1464 2540
f 642 1590 2561
f 601 1349 2521
f 623 1523 2544
f 611 1422 2529
f 609 1397 2530
f 625 1499 2546
f 628 1517 2549
f 632 1559 2553
f 613 1427 2534
f 616 1433 2536
f 638 1572 2557
f 606 1374 2525
f 407 892 1609
f 403 885 1605
f 404 897 1611
f 410 903 1614
f 413 910 1617
f 422 939 1631
f 486 1048 1688
f 573 1222 1775
f 561 1198 1763
f 512 1113 1719
f 452 982 1654
f 448 975 1650
f 449 987 1656
f 455 993 1659
f 458 1000 1662
f 470 1017 1672
f 437 969 1646
f 494 1089 1706
f 531 1144 1735
f 539 1156 1741
f 568 1215 1770
f 478 1035 1680
f 419 916 1621
f 509 1096 1711
f 554 1186 1756
f 482 1042 1684
f 576 1234 1780
f 558 1210 1767
f 516 1120 1722
f 425 928 1627
f 542 1161 1744
f 463 1011 1668
f 434 946 1636
f 497 1072 1699
f 528 1132 1730
f 546 1168 1748
f 464 1006 1666
f 440 958 1642
f 500 1084 1705
f 524 1149 1736
f 479 1059 1691
f 418 921 1623
f 508 1101 1713
f 553 1203 1764
f 569 1239 1781
f 538 1173 1749
f 471 1030 1677
f 443 964 1645
f 501 1078 1703
f 523 1125 1725
f 467 1023 1674
f 433 951 1638
f 493 1065 1695
f 527 1137 1732
f 543 1180 1752
f 485 1054 1690
f 572 1227 1777
f 557 1191 1759
f 515 1107 1717
f 428 934 1630
f 591 1326 2191
f 587 1278 1885
f 588 1266 1901
f 594 1302 2279
f 597 1320 2315
f 600 1344 2171
f 634 1565 2160
f 619 1463 2016
f 639 1589 2214
f 602 1350 1919
f 624 1524 2137
f 608 1421 1978
f 610 1398 1991
f 627 1500 2225
f 630 1518 2302
f 635 1560 2178
f 615 1428 2153
f 617 1434 2009
f 637 1571 2207
f 604 1373 1926
f 416 911 1857
f 408 893 1803
f 406 888 1786
f 412 900 1822
f 415 906 1840
f 424 924 1876
f 492 1062 2182
f 582 1242 2312
f 565 1206 2276
f 514 1104 1898
f 461 1001 2091
f 453 983 2037
f 451 978 1952
f 457 990 2056
f 460 996 2074
f 475 1026 2128
f 439 954 1966
f 496 1068 1988
f 533 1140 2222
f 551 1181 2293
f 579 1235 2185
f 483 1043 1879
f 426 929 1893
f 521 1121 2271
f 566 1211 2307
f 489 1055 2163
f 578 1230 2150
f 560 1194 2006
f 518 1110 2204
f 429 935 1911
f 547 1169 2131
f 465 1007 1969
f 441 959 1983
f 504 1085 2217
f 537 1152 2290
f 550 1176 2168
f 476 1031 2145
f 444 965 2001
f 502 1079 2199
f 526 1128 1916
f 481 1038 1808
f 420 917 1789
f 510 1097 1825
f 555 1187 1843
f 571 1218 1862
f 540 1157 1933
f 473 1020 2110
f 447 972 2020
f 507 1092 2236
f 534 1145 2257
f 469 1014 2042
f 435 947 1947
f 498 1073 2059
f 529 1133 2077
f 545 1164 2096
f 487 1049 2113
f 574 1223 2023
f 562 1199 2239
f 520 1116 2254
f 432 942 1930
f 589 1283 1818
f 583 1259 1798
f 586 1295 1834
f 593 1313 1852
f 596 1331 1872
f 599 1379 1942
f 633 1541 2120
f 620 1452 2030
f 640 1578 2248
f 603 1368 2263
f 622 1487 2052
f 607 1391 1955
f 612 1440 2065
f 626 1511 2086
f 629 1529 2106
f 631 1547 2122
f 614 1469 2032
f 618 1458 2245
f 641 1584 2266
f 605 1362 1940
f 409 1269 1813
f 405 1245 1792
f 411 1252 1828
f 414 1288 1846
f 417 1306 1867
f 431 1336 1936
f 488 1551 2123
f 575 1473 2033
f 563 1599 2249
f 519 1354 2260
f 454 1479 2049
f 450 1401 1959
f 456 1408 2062
f 459 1492 2080
f 462 1504 2101
f 472 1533 2116
f 446 1414 2026
f 506 1444 2242
f 535 1594 2267
f 541 1383 1943
f 570 1323 1869
f 480 1275 1815
f 421 1263 1799
f 511 1299 1835
f 556 1317 1853
f 484 1341 1889
f 580 1564 2195
f 567 1462 2319
f 522 1588 2283
f 427 1347 1905
f 544 1521 2103
f 468 1420 2046
f 436 1395 1957
f 499 1497 2069
f 530 1515 2087
f 548 1557 2141
f 466 1425 1979
f 442 1431 1993
f 505 1570 2229
f 536 1372 2296
f 491 1282 2188
f 423 1258 1882
f 513 1294 1902
f 564 1312 2280
f 581 1330 2316
f 549 1378 2172
f 477 1540 2157
f 445 1449 2011
f 503 1575 2209
f 525 1365 1923
f 474 1486 2134
f 438 1390 1972
f 495 1437 1995
f 532 1510 2226
f 552 1528 2303
f 490 1546 2175
f 577 1468 2154
f 559 1455 2013
f 517 1581 2211
f 430 1359 1921
f 590 1272 1865
f 584 1248 1811
f 585 1253 1796
f 592 1289 1832
f 595 1307 1850
f 598 1337 1888
f 636 1554 2194
f 621 1476 2322
f 642 1602 2286
f 601 1355 1908
f 623 1482 2099
f 611 1404 2045
f 609 1409 1962
f 625 1493 2068
f 628 1505 2084
f 632 1536 2140
f 613 1415 1976
f 616 1445 1998
f 638 1595 2232
f 606 1386 2299
f 407 909 2330
f 403 891 2324
f 404 886 2325
f 410 898 2332
f 413 904 2335
f 422 922 2344
f 486 1060 2410
f 573 1240 2497
f 561 1204 2486
f 512 1102 2434
f 452 999 2375
f 448 981 2369
f 449 976 2370
f 455 988 2377
f 458 994 2380
f 470 1024 2393
f 437 952 2359
f 494 1066 2415
f 531 1138 2455
f 539 1179 2461
f 568 1233 2489
f 478 1041 2399
f 419 927 2341
f 509 1119 2431
f 554 1209 2476
f 482 1053 2405
f 576 1228 2500
f 558 1192 2481
f 516 1108 2439
f 425 933 2348
f 542 1167 2465
f 463 1005 2383
f 434 957 2356
f 497 1083 2420
f 528 1150 2452
f 546 1174 2471
f 464 1029 2386
f 440 963 2363
f 500 1077 2422
f 524 1126 2445
f 479 1036 2400
f 418 915 2338
f 508 1095 2428
f 553 1185 2473
f 569 1216 2490
f 538 1155 2458
f 471 1018 2394
f 443 970 2366
f 501 1090 2425
f 523 1143 2444
f 467 1012 2389
f 433 945 2353
f 493 1071 2414
f 527 1131 2449
f 543 1162 2466
f 485 1047 2407
f 572 1221 2494
f 557 1197 2480
f 515 1114 2438
f 428 940 2351
f 591 1284 2510
f 587 1260 2504
f 588 1296 2508
f 594 1314 2514
f 597 1332 2517
f 600 1380 2520
f 634 1542 2554
f 619 1451 2539
f 639 1577 2560
f 602 1367 2523
f 624 1488 2543
f 608 1392 2527
f 610 1439 2532
f 627 1512 2547
f 630 1530 2550
f 635 1548 2552
f 615 1470 2535
f 617 1457 2538
f 637 1583 2558
f 604 1361 2524
f 167 1616 1607
f 164 1608 1603
f 163 1606 1604
f 165 1612 1610
f 166 1615 1613
f 169 1624 1622
f 192 1692 1686
f 222 1782 1773
f 216 1765 1761
f 199 1714 1712
f 182 1661 1652
f 179 1653 1648
f 178 1651 1649
f 180 1657 1655
f 181 1660 1658
f 186 1675 1670
f 174 1639 1637
f 193 1696 1694
f 205 1733 1731
f 212 1751 1739
f 221 1779 1768
f 189 1683 1678
f 170 1626 1619
f 202 1721 1709
f 217 1766 1754
f 191 1689 1682
f 220 1778 1776
f 214 1760 1758
f 200 1718 1716
f 171 1629 1625
f 210 1747 1742
f 183 1665 1663
f 175 1641 1634
f 196 1704 1697
f 207 1737 1728
f 211 1750 1746
f 187 1676 1664
f 176 1644 1640
f 195 1702 1700
f 203 1726 1724
f 188 1681 1679
f 168 1620 1618
f 198 1710 1708
f 213 1755 1753
f 218 1771 1769
f 208 1740 1738
f 185 1673 1671
f 177 1647 1643
f 197 1707 1701
f 206 1734 1723
f 184 1669 1667
f 173 1635 1633
f 194 1698 1693
f 204 1729 1727
f 209 1745 1743
f 190 1687 1685
f 219 1774 1772
f 215 1762 1757
f 201 1720 1715
f 172 1632 1628
f 357 2189 2187
f 255 1883 1881
f 262 1903 1899
f 388 2281 2277
f 400 2317 2313
f 352 2173 2169
f 347 2158 2156
f 298 2012 2010
f 364 2210 2208
f 269 1924 1917
f 339 2135 2133
f 285 1973 1971
f 293 1996 1989
f 370 2227 2223
f 396 2304 2300
f 353 2176 2174
f 346 2155 2151
f 299 2014 2007
f 365 2212 2205
f 268 1922 1920
f 249 1864 1855
f 231 1810 1801
f 226 1795 1784
f 238 1831 1820
f 244 1849 1838
f 257 1887 1874
f 359 2193 2180
f 402 2321 2310
f 390 2285 2274
f 264 1907 1896
f 327 2098 2089
f 309 2044 2035
f 282 1961 1950
f 317 2067 2054
f 322 2083 2072
f 341 2139 2126
f 286 1975 1964
f 294 1997 1986
f 372 2231 2220
f 394 2298 2291
f 358 2190 2183
f 256 1884 1877
f 261 1900 1891
f 387 2278 2269
f 399 2314 2305
f 351 2170 2161
f 348 2159 2148
f 300 2015 2004
f 366 2213 2202
f 267 1918 1909
f 340 2136 2129
f 287 1977 1967
f 291 1990 1981
f 369 2224 2215
f 395 2301 2288
f 354 2177 2166
f 345 2152 2143
f 297 2008 1999
f 363 2206 2197
f 270 1925 1914
f 234 1817 1806
f 227 1797 1787
f 239 1833 1823
f 245 1851 1841
f 252 1871 1860
f 275 1941 1931
f 334 2119 2108
f 304 2029 2018
f 377 2247 2234
f 382 2262 2255
f 312 2051 2040
f 279 1954 1945
f 316 2064 2057
f 323 2085 2075
f 330 2105 2094
f 335 2121 2111
f 305 2031 2021
f 376 2244 2237
f 383 2265 2252
f 274 1939 1928
f 232 1814 1812
f 225 1793 1791
f 237 1829 1827
f 243 1847 1845
f 250 1868 1866
f 273 1937 1935
f 336 2124 2118
f 306 2034 2028
f 378 2250 2246
f 381 2261 2259
f 311 2050 2048
f 281 1960 1953
f 315 2063 2061
f 321 2081 2079
f 328 2102 2100
f 333 2117 2115
f 303 2027 2025
f 375 2243 2241
f 384 2268 2264
f 276 1944 1938
f 229 1804 1802
f 223 1785 1783
f 235 1821 1819
f 241 1839 1837
f 247 1858 1856
f 271 1929 1927
f 332 2114 2112
f 302 2024 2022
f 374 2240 2238
f 379 2253 2251
f 307 2038 2036
f 278 1951 1949
f 313 2055 2053
f 319 2073 2071
f 325 2092 2090
f 331 2109 2107
f 301 2019 2017
f 373 2235 2233
f 380 2258 2256
f 272 1934 1932
f 248 1861 1859
f 230 1807 1805
f 224 1790 1788
f 236 1826 1824
f 242 1844 1842
f 254 1880 1878
f 356 2186 2184
f 397 2308 2306
f 385 2272 2270
f 259 1894 1892
f 326 2095 2093
f 308 2041 2039
f 277 1948 1946
f 314 2060 2058
f 320 2078 2076
f 338 2132 2130
f 284 1970 1968
f 289 1984 1982
f 367 2218 2216
f 391 2289 2287
f 355 2181 2179
f 253 1875 1873
f 260 1897 1895
f 386 2275 2273
f 398 2311 2309
f 350 2167 2165
f 343 2146 2144
f 295 2002 2000
f 361 2200 2198
f 266 1915 1913
f 337 2127 2125
f 283 1965 1963
f 290 1987 1985
f 368 2221 2219
f 392 2294 2292
f 349 2164 2162
f 344 2149 2147
f 296 2005 2003
f 362 2203 2201
f 265 1912 1910
f 251 1870 1863
f 233 1816 1809
f 228 1800 1794
f 240 1836 1830
f 246 1854 1848
f 258 1890 1886
f 360 2196 2192
f 401 2320 2318
f 389 2284 2282
f 263 1906 1904
f 329 2104 2097
f 310 2047 2043
f 280 1958 1956
f 318 2070 2066
f 324 2088 2082
f 342 2142 2138
f 288 1980 1974
f 292 1994 1992
f 371 2230 2228
f 393 2297 2295
f 409 2329 2331
f 405 2323 2327
f 411 2326 2328
f 414 2333 2334
f 417 2336 2337
f 431 2345 2346
f 488 2409 2412
f 575 2496 2499
f 563 2485 2487
f 519 2435 2436
f 454 2374 2376
f 450 2368 2372
f 456 2371 2373
f 459 2378 2379
f 462 2381 2382
f 472 2392 2396
f 446 2360 2361
f 506 2416 2418
f 535 2456 2457
f 541 2460 2463
f 570 2488 2492
f 480 2398 2402
f 421 2340 2343
f 511 2430 2433
f 556 2475 2478
f 484 2404 2406
f 580 2501 2502
f 567 2482 2484
f 522 2440 2442
f 427 2347 2349
f 544 2464 2468
f 468 2384 2387
f 436 2355 2358
f 499 2419 2421
f 530 2451 2454
f 548 2470 2472
f 466 2385 2388
f 442 2362 2364
f 505 2423 2426
f 536 2446 2448
f 491 2401 2403
f 423 2339 2342
f 513 2429 2432
f 564 2474 2477
f 581 2491 2493
f 549 2459 2462
f 477 2395 2397
f 445 2365 2367
f 503 2424 2427
f 525 2443 2447
f 474 2390 2391
f 438 2354 2357
f 495 2413 2417
f 532 2450 2453
f 552 2467 2469
f 490 2408 2411
f 577 2495 2498
f 559 2479 2483
f 517 2437 2441
f 430 2350 2352
f 590 2511 2509
f 584 2505 2503
f 585 2507 2506
f 592 2513 2512
f 595 2516 2515
f 598 2519 2518
f 636 2556 2555
f 621 2540 2541
f 642 2561 2562
f 601 2521 2522
f 623 2544 2542
f 611 2529 2528
f 609 2530 2531
f 625 2546 2545
f 628 2549 2548
f 632 2553 2551
f 613 2534 2533
f 616 2536 2537
f 638 2557 2559
f 606 2525 2526
f 1607 644 647
f 1603 643 644
f 1604 645 643
f 1610 646 645
f 1613 647 646
f 1622 652 649
f 1686 670 672
f 1773 699 702
f 1761 695 696
f 1712 681 679
f 1652 659 662
f 1648 658 659
f 1649 660 658
f 1655 661 660
f 1658 662 661
f 1670 665 666
f 1637 657 654
f 1694 677 673
f 1731 686 685
f 1739 688 692
f 1768 698 701
f 1678 668 669
f 1619 648 650
f 1709 678 682
f 1754 693 697
f 1682 669 671
f 1776 701 700
f 1758 697 694
f 1716 682 680
f 1625 650 651
f 1742 689 690
f 1663 664 663
f 1634 653 655
f 1697 674 676
f 1728 684 687
f 1746 690 691
f 1664 663 667
f 1640 655 656
f 1700 676 675
f 1724 687 683
f 1679 672 668
f 1618 649 648
f 1708 679 678
f 1753 696 693
f 1769 702 698
f 1738 691 688
f 1671 667 665
f 1643 656 657
f 1701 675 677
f 1723 683 686
f 1667 666 664
f 1633 654 653
f 1693 673 674
f 1727 685 684
f 1743 692 689
f 1685 671 670
f 1772 700 699
f 1757 694 695
f 1715 680 681
f 1628 651 652
f 2187 838 837
f 1881 736 735
f 1899 741 742
f 2277 867 868
f 2313 879 880
f 2169 831 832
f 2156 828 827
f 2010 780 778
f 2208 846 844
f 1917 747 749
f 2133 820 819
f 1971 767 765
f 1989 771 773
f 2223 849 850
f 2300 875 876
f 2174 834 833
f 2151 825 826
f 2007 777 779
f 2205 843 845
f 1920 750 748
f 1855 727 729
f 1801 709 711
f 1784 703 706
f 1820 715 718
f 1838 721 724
f 1874 733 737
f 2180 835 839
f 2310 878 882
f 2274 866 870
f 1896 740 744
f 2089 805 807
f 2035 787 789
f 1950 758 762
f 2054 793 797
f 2072 799 802
f 2126 817 821
f 1964 763 766
f 1986 770 774
f 2220 848 852
f 2291 872 874
f 2183 836 838
f 1877 734 736
f 1891 739 741
f 2269 865 867
f 2305 877 879
f 2161 829 831
f 2148 824 828
f 2004 776 780
f 2202 842 846
f 1909 745 747
f 2129 818 820
f 1967 764 767
f 1981 769 771
f 2215 847 849
f 2288 871 875
f 2166 830 834
f 2143 823 825
f 1999 775 777
f 2197 841 843
f 1914 746 750
f 1806 710 714
f 1787 704 707
f 1823 716 719
f 1841 722 725
f 1860 728 732
f 1931 752 755
f 2108 811 814
f 2018 781 784
f 2234 853 857
f 2255 860 862
f 2040 788 792
f 1945 757 759
f 2057 794 796
f 2075 800 803
f 2094 806 810
f 2111 812 815
f 2021 782 785
f 2237 854 856
f 2252 859 863
f 1928 751 754
f 1812 714 712
f 1791 707 705
f 1827 719 717
f 1845 725 723
f 1866 732 730
f 1935 755 753
f 2118 814 816
f 2028 784 786
f 2246 857 858
f 2259 862 861
f 2048 792 791
f 1953 759 761
f 2061 796 795
f 2079 803 801
f 2100 810 808
f 2115 815 813
f 2025 785 783
f 2241 856 855
f 2264 863 864
f 1938 754 756
f 1802 712 709
f 1783 705 703
f 1819 717 715
f 1837 723 721
f 1856 730 727
f 1927 753 751
f 2112 816 812
f 2022 786 782
f 2238 858 854
f 2251 861 859
f 2036 791 787
f 1949 761 758
f 2053 795 793
f 2071 801 799
f 2090 808 805
f 2107 813 811
f 2017 783 781
f 2233 855 853
f 2256 864 860
f 1932 756 752
f 1859 731 728
f 1805 713 710
f 1788 708 704
f 1824 720 716
f 1842 726 722
f 1878 738 734
f 2184 840 836
f 2306 881 877
f 2270 869 865
f 1892 743 739
f 2093 809 806
f 2039 790 788
f 1946 760 757
f 2058 798 794
f 2076 804 800
f 2130 822 818
f 1968 768 764
f 1982 772 769
f 2216 851 847
f 2287 873 871
f 2179 837 835
f 1873 735 733
f 1895 742 740
f 2273 868 866
f 2309 880 878
f 2165 832 830
f 2144 827 823
f 2000 778 775
f 2198 844 841
f 1913 749 746
f 2125 819 817
f 1963 765 763
f 1985 773 770
f 2219 850 848
f 2292 876 872
f 2162 833 829
f 2147 826 824
f 2003 779 776
f 2201 845 842
f 1910 748 745
f 1863 729 731
f 1809 711 713
f 1794 706 708
f 1830 718 720
f 1848 724 726
f 1886 737 738
f 2192 839 840
f 2318 882 881
f 2282 870 869
f 1904 744 743
f 2097 807 809
f 2043 789 790
f 1956 762 760
f 2066 797 798
f 2082 802 804
f 2138 821 822
f 1974 766 768
f 1992 774 772
f 2228 852 851
f 2295 874 873
f 2331 1270 1269
f 2327 1246 1245
f 2328 1251 1252
f 2334 1287 1288
f 2337 1305 1306
f 2346 1335 1336
f 2412 1552 1551
f 2499 1474 1473
f 2487 1600 1599
f 2436 1353 1354
f 2376 1480 1479
f 2372 1402 1401
f 2373 1407 1408
f 2379 1491 1492
f 2382 1503 1504
f 2396 1534 1533
f 2361 1413 1414
f 2418 1443 1444
f 2457 1593 1594
f 2463 1384 1383
f 2492 1324 1323
f 2402 1276 1275
f 2343 1264 1263
f 2433 1300 1299
f 2478 1318 1317
f 2406 1342 1341
f 2502 1563 1564
f 2484 1461 1462
f 2442 1587 1588
f 2349 1348 1347
f 2468 1522 1521
f 2387 1419 1420
f 2358 1396 1395
f 2421 1498 1497
f 2454 1516 1515
f 2472 1558 1557
f 2388 1426 1425
f 2364 1432 1431
f 2426 1569 1570
f 2448 1371 1372
f 2403 1281 1282
f 2342 1257 1258
f 2432 1293 1294
f 2477 1311 1312
f 2493 1329 1330
f 2462 1377 1378
f 2397 1539 1540
f 2367 1450 1449
f 2427 1576 1575
f 2447 1366 1365
f 2391 1485 1486
f 2357 1389 1390
f 2417 1438 1437
f 2453 1509 1510
f 2469 1527 1528
f 2411 1545 1546
f 2498 1467 1468
f 2483 1456 1455
f 2441 1582 1581
f 2352 1360 1359
f 2509 1271 1272
f 2503 1247 1248
f 2506 1254 1253
f 2512 1290 1289
f 2515 1308 1307
f 2518 1338 1337
f 2555 1553 1554
f 2541 1475 1476
f 2562 1601 1602
f 2522 1356 1355
f 2542 1481 1482
f 2528 1403 1404
f 2531 1410 1409
f 2545 1494 1493
f 2548 1506 1505
f 2551 1535 1536
f 2533 1416 1415
f 2537 1446 1445
f 2559 1596 1595
f 2526 1385 1386
f 1616 907 909
f 1608 889 891
f 1606 883 886
f 1612 895 898
f 1615 901 904
f 1624 919 922
f 1692 1057 1060
f 1782 1237 1240
f 1765 1201 1204
f 1714 1099 1102
f 1661 997 999
f 1653 979 981
f 1651 973 976
f 1657 985 988
f 1660 991 994
f 1675 1021 1024
f 1639 949 952
f 1696 1063 1066
f 1733 1135 1138
f 1751 1177 1179
f 1779 1231 1233
f 1683 1039 1041
f 1626 925 927
f 1721 1117 1119
f 1766 1207 1209
f 1689 1051 1053
f 1778 1225 1228
f 1760 1189 1192
f 1718 1105 1108
f 1629 931 933
f 1747 1165 1167
f 1665 1003 1005
f 1641 955 957
f 1704 1081 1083
f 1737 1147 1150
f 1750 1171 1174
f 1676 1027 1029
f 1644 961 963
f 1702 1075 1077
f 1726 1123 1126
f 1681 1033 1036
f 1620 913 915
f 1710 1093 1095
f 1755 1183 1185
f 1771 1213 1216
f 1740 1153 1155
f 1673 1015 1018
f 1647 967 970
f 1707 1087 1090
f 1734 1141 1143
f 1669 1009 1012
f 1635 943 945
f 1698 1069 1071
f 1729 1129 1131
f 1745 1159 1162
f 1687 1045 1047
f 1774 1219 1221
f 1762 1195 1197
f 1720 1111 1114
f 1632 937 940
f 2189 1280 1284
f 1883 1256 1260
f 1903 1292 1296
f 2281 1310 1314
f 2317 1328 1332
f 2173 1376 1380
f 2158 1538 1542
f 2012 1447 1451
f 2210 1573 1577
f 1924 1363 1367
f 2135 1484 1488
f 1973 1388 1392
f 1996 1435 1439
f 2227 1508 1512
f 2304 1526 1530
f 2176 1544 1548
f 2155 1466 1470
f 2014 1453 1457
f 2212 1579 1583
f 1922 1357 1361
f 1864 1268 1270
f 1810 1244 1246
f 1795 1249 1251
f 1831 1285 1287
f 1849 1303 1305
f 1887 1333 1335
f 2193 1550 1552
f 2321 1472 1474
f 2285 1598 1600
f 1907 1351 1353
f 2098 1478 1480
f 2044 1400 1402
f 1961 1405 1407
f 2067 1489 1491
f 2083 1501 1503
f 2139 1532 1534
f 1975 1411 1413
f 1997 1441 1443
f 2231 1591 1593
f 2298 1382 1384
f 2190 1322 1324
f 1884 1274 1276
f 1900 1262 1264
f 2278 1298 1300
f 2314 1316 1318
f 2170 1340 1342
f 2159 1561 1563
f 2015 1459 1461
f 2213 1585 1587
f 1918 1346 1348
f 2136 1520 1522
f 1977 1417 1419
f 1990 1394 1396
f 2224 1496 1498
f 2301 1514 1516
f 2177 1556 1558
f 2152 1424 1426
f 2008 1430 1432
f 2206 1567 1569
f 1925 1369 1371
f 1817 1279 1281
f 1797 1255 1257
f 1833 1291 1293
f 1851 1309 1311
f 1871 1327 1329
f 1941 1375 1377
f 2119 1537 1539
f 2029 1448 1450
f 2247 1574 1576
f 2262 1364 1366
f 2051 1483 1485
f 1954 1387 1389
f 2064 1436 1438
f 2085 1507 1509
f 2105 1525 1527
f 2121 1543 1545
f 2031 1465 1467
f 2244 1454 1456
f 2265 1580 1582
f 1939 1358 1360
f 1814 1267 1271
f 1793 1243 1247
f 1829 1250 1254
f 1847 1286 1290
f 1868 1304 1308
f 1937 1334 1338
f 2124 1549 1553
f 2034 1471 1475
f 2250 1597 1601
f 2261 1352 1356
f 2050 1477 1481
f 1960 1399 1403
f 2063 1406 1410
f 2081 1490 1494
f 2102 1502 1506
f 2117 1531 1535
f 2027 1412 1416
f 2243 1442 1446
f 2268 1592 1596
f 1944 1381 1385
f 1804 890 894
f 1785 884 887
f 1821 896 899
f 1839 902 905
f 1858 908 912
f 1929 938 941
f 2114 1046 1050
f 2024 1220 1224
f 2240 1196 1200
f 2253 1112 1115
f 2038 980 984
f 1951 974 977
f 2055 986 989
f 2073 992 995
f 2092 998 1002
f 2109 1016 1019
f 2019 968 971
f 2235 1088 1091
f 2258 1142 1146
f 1934 1154 1158
f 1861 1214 1217
f 1807 1034 1037
f 1790 914 918
f 1826 1094 1098
f 1844 1184 1188
f 1880 1040 1044
f 2186 1232 1236
f 2308 1208 1212
f 2272 1118 1122
f 1894 926 930
f 2095 1160 1163
f 2041 1010 1013
f 1948 944 948
f 2060 1070 1074
f 2078 1130 1134
f 2132 1166 1170
f 1970 1004 1008
f 1984 956 960
f 2218 1082 1086
f 2289 1148 1151
f 2181 1058 1061
f 1875 920 923
f 1897 1100 1103
f 2275 1202 1205
f 2311 1238 1241
f 2167 1172 1175
f 2146 1028 1032
f 2002 962 966
f 2200 1076 1080
f 1915 1124 1127
f 2127 1022 1025
f 1965 950 953
f 1987 1064 1067
f 2221 1136 1139
f 2294 1178 1182
f 2164 1052 1056
f 2149 1226 1229
f 2005 1190 1193
f 2203 1106 1109
f 1912 932 936
f 1870 1321 1325
f 1816 1273 1277
f 1800 1261 1265
f 1836 1297 1301
f 1854 1315 1319
f 1890 1339 1343
f 2196 1562 1566
f 2320 1460 1464
f 2284 1586 1590
f 1906 1345 1349
f 2104 1519 1523
f 2047 1418 1422
f 1958 1393 1397
f 2070 1495 1499
f 2088 1513 1517
f 2142 1555 1559
f 1980 1423 1427
f 1994 1429 1433
f 2230 1568 1572
f 2297 1370 1374
f 2329 894 892
f 2323 887 885
f 2326 899 897
f 2333 905 903
f 2336 912 910
f 2345 941 939
f 2409 1050 1048
f 2496 1224 1222
f 2485 1200 1198
f 2435 1115 1113
f 2374 984 982
f 2368 977 975
f 2371 989 987
f 2378 995 993
f 2381 1002 1000
f 2392 1019 1017
f 2360 971 969
f 2416 1091 1089
f 2456 1146 1144
f 2460 1158 1156
f 2488 1217 1215
f 2398 1037 1035
f 2340 918 916
f 2430 1098 1096
f 2475 1188 1186
f 2404 1044 1042
f 2501 1236 1234
f 2482 1212 1210
f 2440 1122 1120
f 2347 930 928
f 2464 1163 1161
f 2384 1013 1011
f 2355 948 946
f 2419 1074 1072
f 2451 1134 1132
f 2470 1170 1168
f 2385 1008 1006
f 2362 960 958
f 2423 1086 1084
f 2446 1151 1149
f 2401 1061 1059
f 2339 923 921
f 2429 1103 1101
f 2474 1205 1203
f 2491 1241 1239
f 2459 1175 1173
f 2395 1032 1030
f 2365 966 964
f 2424 1080 1078
f 2443 1127 1125
f 2390 1025 1023
f 2354 953 951
f 2413 1067 1065
f 2450 1139 1137
f 2467 1182 1180
f 2408 1056 1054
f 2495 1229 1227
f 2479 1193 1191
f 2437 1109 1107
f 2350 936 934
f 2511 1325 1326
f 2505 1277 1278
f 2507 1265 1266
f 2513 1301 1302
f 2516 1319 1320
f 2519 1343 1344
f 2556 1566 1565
f 2540 1464 1463
f 2561 1590 1589
f 2521 1349 1350
f 2544 1523 1524
f 2529 1422 1421
f 2530 1397 1398
f 2546 1499 1500
f 2549 1517 1518
f 2553 1559 1560
f 2534 1427 1428
f 2536 1433 1434
f 2557 1572 1571
f 2525 1374 1373
f 1609 892 889
f 1605 885 883
f 1611 897 895
f 1614 903 901
f 1617 910 907
f 1631 939 937
f 1688 1048 1045
f 1775 1222 1219
f 1763 1198 1195
f 1719 1113 1111
f 1654 982 979
f 1650 975 973
f 1656 987 985
f 1659 993 991
f 1662 1000 997
f 1672 1017 1015
f 1646 969 967
f 1706 1089 1087
f 1735 1144 1141
f 1741 1156 1153
f 1770 1215 1213
f 1680 1035 1033
f 1621 916 913
f 1711 1096 1093
f 1756 1186 1183
f 1684 1042 1039
f 1780 1234 1231
f 1767 1210 1207
f 1722 1120 1117
f 1627 928 925
f 1744 1161 1159
f 1668 1011 1009
f 1636 946 943
f 1699 1072 1069
f 1730 1132 1129
f 1748 1168 1165
f 1666 1006 1003
f 1642 958 955
f 1705 1084 1081
f 1736 1149 1147
f 1691 1059 1057
f 1623 921 919
f 1713 1101 1099
f 1764 1203 1201
f 1781 1239 1237
f 1749 1173 1171
f 1677 1030 1027
f 1645 964 961
f 1703 1078 1075
f 1725 1125 1123
f 1674 1023 1021
f 1638 951 949
f 1695 1065 1063
f 1732 1137 1135
f 1752 1180 1177
f 1690 1054 1051
f 1777 1227 1225
f 1759 1191 1189
f 1717 1107 1105
f 1630 934 931
f 2191 1326 1322
f 1885 1278 1274
f 1901 1266 1262
f 2279 1302 1298
f 2315 1320 1316
f 2171 1344 1340
f 2160 1565 1561
f 2016 1463 1459
f 2214 1589 1585
f 1919 1350 1346
f 2137 1524 1520
f 1978 1421 1417
f 1991 1398 1394
f 2225 1500 1496
f 2302 1518 1514
f 2178 1560 1556
f 2153 1428 1424
f 2009 1434 1430
f 2207 1571 1567
f 1926 1373 1369
f 1857 911 908
f 1803 893 890
f 1786 888 884
f 1822 900 896
f 1840 906 902
f 1876 924 920
f 2182 1062 1058
f 2312 1242 1238
f 2276 1206 1202
f 1898 1104 1100
f 2091 1001 998
f 2037 983 980
f 1952 978 974
f 2056 990 986
f 2074 996 992
f 2128 1026 1022
f 1966 954 950
f 1988 1068 1064
f 2222 1140 1136
f 2293 1181 1178
f 2185 1235 1232
f 1879 1043 1040
f 1893 929 926
f 2271 1121 1118
f 2307 1211 1208
f 2163 1055 1052
f 2150 1230 1226
f 2006 1194 1190
f 2204 1110 1106
f 1911 935 932
f 2131 1169 1166
f 1969 1007 1004
f 1983 959 956
f 2217 1085 1082
f 2290 1152 1148
f 2168 1176 1172
f 2145 1031 1028
f 2001 965 962
f 2199 1079 1076
f 1916 1128 1124
f 1808 1038 1034
f 1789 917 914
f 1825 1097 1094
f 1843 1187 1184
f 1862 1218 1214
f 1933 1157 1154
f 2110 1020 1016
f 2020 972 968
f 2236 1092 1088
f 2257 1145 1142
f 2042 1014 1010
f 1947 947 944
f 2059 1073 1070
f 2077 1133 1130
f 2096 1164 1160
f 2113 1049 1046
f 2023 1223 1220
f 2239 1199 1196
f 2254 1116 1112
f 1930 942 938
f 1818 1283 1279
f 1798 1259 1255
f 1834 1295 1291
f 1852 1313 1309
f 1872 1331 1327
f 1942 1379 1375
f 2120 1541 1537
f 2030 1452 1448
f 2248 1578 1574
f 2263 1368 1364
f 2052 1487 1483
f 1955 1391 1387
f 2065 1440 1436
f 2086 1511 1507
f 2106 1529 1525
f 2122 1547 1543
f 2032 1469 1465
f 2245 1458 1454
f 2266 1584 1580
f 1940 1362 1358
f 1813 1269 1267
f 1792 1245 1243
f 1828 1252 1250
f 1846 1288 1286
f 1867 1306 1304
f 1936 1336 1334
f 2123 1551 1549
f 2033 1473 1471
f 2249 1599 1597
f 2260 1354 1352
f 2049 1479 1477
f 1959 1401 1399
f 2062 1408 1406
f 2080 1492 1490
f 2101 1504 1502
f 2116 1533 1531
f 2026 1414 1412
f 2242 1444 1442
f 2267 1594 1592
f 1943 1383 1381
f 1869 1323 1321
f 1815 1275 1273
f 1799 1263 1261
f 1835 1299 1297
f 1853 1317 1315
f 1889 1341 1339
f 2195 1564 1562
f 2319 1462 1460
f 2283 1588 1586
f 1905 1347 1345
f 2103 1521 1519
f 2046 1420 1418
f 1957 1395 1393
f 2069 1497 1495
f 2087 1515 1513
f 2141 1557 1555
f 1979 1425 1423
f 1993 1431 1429
f 2229 1570 1568
f 2296 1372 1370
f 2188 1282 1280
f 1882 1258 1256
f 1902 1294 1292
f 2280 1312 1310
f 2316 1330 1328
f 2172 1378 1376
f 2157 1540 1538
f 2011 1449 1447
f 2209 1575 1573
f 1923 1365 1363
f 2134 1486 1484
f 1972 1390 1388
f 1995 1437 1435
f 2226 1510 1508
f 2303 1528 1526
f 2175 1546 1544
f 2154 1468 1466
f 2013 1455 1453
f 2211 1581 1579
f 1921 1359 1357
f 1865 1272 1268
f 1811 1248 1244
f 1796 1253 1249
f 1832 1289 1285
f 1850 1307 1303
f 1888 1337 1333
f 2194 1554 1550
f 2322 1476 1472
f 2286 1602 1598
f 1908 1355 1351
f 2099 1482 1478
f 2045 1404 1400
f 1962 1409 1405
f 2068 1493 1489
f 2084 1505 1501
f 2140 1536 1532
f 1976 1415 1411
f 1998 1445 1441
f 2232 1595 1591
f 2299 1386 1382
f 2330 909 911
f 2324 891 893
f 2325 886 888
f 2332 898 900
f 2335 904 906
f 2344 922 924
f 2410 1060 1062
f 2497 1240 1242
f 2486 1204 1206
f 2434 1102 1104
f 2375 999 1001
f 2369 981 983
f 2370 976 978
f 2377 988 990
f 2380 994 996
f 2393 1024 1026
f 2359 952 954
f 2415 1066 1068
f 2455 1138 1140
f 2461 1179 1181
f 2489 1233 1235
f 2399 1041 1043
f 2341 927 929
f 2431 1119 1121
f 2476 1209 1211
f 2405 1053 1055
f 2500 1228 1230
f 2481 1192 1194
f 2439 1108 1110
f 2348 933 935
f 2465 1167 1169
f 2383 1005 1007
f 2356 957 959
f 2420 1083 1085
f 2452 1150 1152
f 2471 1174 1176
f 2386 1029 1031
f 2363 963 965
f 2422 1077 1079
f 2445 1126 1128
f 2400 1036 1038
f 2338 915 917
f 2428 1095 1097
f 2473 1185 1187
f 2490 1216 1218
f 2458 1155 1157
f 2394 1018 1020
f 2366 970 972
f 2425 1090 1092
f 2444 1143 1145
f 2389 1012 1014
f 2353 945 947
f 2414 1071 1073
f 2449 1131 1133
f 2466 1162 1164
f 2407 1047 1049
f 2494 1221 1223
f 2480 1197 1199
f 2438 1114 1116
f 2351 940 942
f 2510 1284 1283
f 2504 1260 1259
f 2508 1296 1295
f 2514 1314 1313
f 2517 1332 1331
f 2520 1380 1379
f 2554 1542 1541
f 2539 1451 1452
f 2560 1577 1578
f 2523 1367 1368
f 2543 1488 1487
f 2527 1392 1391
f 2532 1439 1440
f 2547 1512 1511
f 2550 1530 1529
f 2552 1548 1547
f 2535 1470 1469
f 2538 1457 1458
f 2558 1583 1584
f 2524 1361 1362
f 1607 1616 1609
f 1603 1608 1605
f 1604 1606 1611
f 1610 1612 1614
f 1613 1615 1617
f 1622 1624 1631
f 1686 1692 1688
f 1773 1782 1775
f 1761 1765 1763
f 1712 1714 1719
f 1652 1661 1654
f 1648 1653 1650
f 1649 1651 1656
f 1655 1657 1659
f 1658 1660 1662
f 1670 1675 1672
f 1637 1639 1646
f 1694 1696 1706
f 1731 1733 1735
f 1739 1751 1741
f 1768 1779 1770
f 1678 1683 1680
f 1619 1626 1621
f 1709 1721 1711
f 1754 1766 1756
f 1682 1689 1684
f 1776 1778 1780
f 1758 1760 1767
f 1716 1718 1722
f 1625 1629 1627
f 1742 1747 1744
f 1663 1665 1668
f 1634 1641 1636
f 1697 1704 1699
f 1728 1737 1730
f 1746 1750 1748
f 1664 1676 1666
f 1640 1644 1642
f 1700 1702 1705
f 1724 1726 1736
f 1679 1681 1691
f 1618 1620 1623
f 1708 1710 1713
f 1753 1755 1764
f 1769 1771 1781
f 1738 1740 1749
f 1671 1673 1677
f 1643 1647 1645
f 1701 1707 1703
f 1723 1734 1725
f 1667 1669 1674
f 1633 1635 1638
f 1693 1698 1695
f 1727 1729 1732
f 1743 1745 1752
f 1685 1687 1690
f 1772 1774 1777
f 1757 1762 1759
f 1715 1720 1717
f 1628 1632 1630
f 2187 2189 2191
f 1881 1883 1885
f 1899 1903 1901
f 2277 2281 2279
f 2313 2317 2315
f 2169 2173 2171
f 2156 2158 2160
f 2010 2012 2016
f 2208 2210 2214
f 1917 1924 1919
f 2133 2135 2137
f 1971 1973 1978
f 1989 1996 1991
f 2223 2227 2225
f 2300 2304 2302
f 2174 2176 2178
f 2151 2155 2153
f 2007 2014 2009
f 2205 2212 2207
f 1920 1922 1926
f 1855 1864 1857
f 1801 1810 1803
f 1784 1795 1786
f 1820 1831 1822
f 1838 1849 1840
f 1874 1887 1876
f 2180 2193 2182
f 2310 2321 2312
f 2274 2285 2276
f 1896 1907 1898
f 2089 2098 2091
f 2035 2044 2037
f 1950 1961 1952
f 2054 2067 2056
f 2072 2083 2074
f 2126 2139 2128
f 1964 1975 1966
f 1986 1997 1988
f 2220 2231 2222
f 2291 2298 2293
f 2183 2190 2185
f 1877 1884 1879
f 1891 1900 1893
f 2269 2278 2271
f 2305 2314 2307
f 2161 2170 2163
f 2148 2159 2150
f 2004 2015 2006
f 2202 2213 2204
f 1909 1918 1911
f 2129 2136 2131
f 1967 1977 1969
f 1981 1990 1983
f 2215 2224 2217
f 2288 2301 2290
f 2166 2177 2168
f 2143 2152 2145
f 1999 2008 2001
f 2197 2206 2199
f 1914 1925 1916
f 1806 1817 1808
f 1787 1797 1789
f 1823 1833 1825
f 1841 1851 1843
f 1860 1871 1862
f 1931 1941 1933
f 2108 2119 2110
f 2018 2029 2020
f 2234 2247 2236
f 2255 2262 2257
f 2040 2051 2042
f 1945 1954 1947
f 2057 2064 2059
f 2075 2085 2077
f 2094 2105 2096
f 2111 2121 2113
f 2021 2031 2023
f 2237 2244 2239
f 2252 2265 2254
f 1928 1939 1930
f 1812 1814 1818
f 1791 1793 1798
f 1827 1829 1834
f 1845 1847 1852
f 1866 1868 1872
f 1935 1937 1942
f 2118 2124 2120
f 2028 2034 2030
f 2246 2250 2248
f 2259 2261 2263
f 2048 2050 2052
f 1953 1960 1955
f 2061 2063 2065
f 2079 2081 2086
f 2100 2102 2106
f 2115 2117 2122
f 2025 2027 2032
f 2241 2243 2245
f 2264 2268 2266
f 1938 1944 1940
f 1802 1804 1813
f 1783 1785 1792
f 1819 1821 1828
f 1837 1839 1846
f 1856 1858 1867
f 1927 1929 1936
f 2112 2114 2123
f 2022 2024 2033
f 2238 2240 2249
f 2251 2253 2260
f 2036 2038 2049
f 1949 1951 1959
f 2053 2055 2062
f 2071 2073 2080
f 2090 2092 2101
f 2107 2109 2116
f 2017 2019 2026
f 2233 2235 2242
f 2256 2258 2267
f 1932 1934 1943
f 1859 1861 1869
f 1805 1807 1815
f 1788 1790 1799
f 1824 1826 1835
f 1842 1844 1853
f 1878 1880 1889
f 2184 2186 2195
f 2306 2308 2319
f 2270 2272 2283
f 1892 1894 1905
f 2093 2095 2103
f 2039 2041 2046
f 1946 1948 1957
f 2058 2060 2069
f 2076 2078 2087
f 2130 2132 2141
f 1968 1970 1979
f 1982 1984 1993
f 2216 2218 2229
f 2287 2289 2296
f 2179 2181 2188
f 1873 1875 1882
f 1895 1897 1902
f 2273 2275 2280
f 2309 2311 2316
f 2165 2167 2172
f 2144 2146 2157
f 2000 2002 2011
f 2198 2200 2209
f 1913 1915 1923
f 2125 2127 2134
f 1963 1965 1972
f 1985 1987 1995
f 2219 2221 2226
f 2292 2294 2303
f 2162 2164 2175
f 2147 2149 2154
f 2003 2005 2013
f 2201 2203 2211
f 1910 1912 1921
f 1863 1870 1865
f 1809 1816 1811
f 1794 1800 1796
f 1830 1836 1832
f 1848 1854 1850
f 1886 1890 1888
f 2192 2196 2194
f 2318 2320 2322
f 2282 2284 2286
f 1904 1906 1908
f 2097 2104 2099
f 2043 2047 2045
f 1956 1958 1962
f 2066 2070 2068
f 2082 2088 2084
f 2138 2142 2140
f 1974 1980 1976
f 1992 1994 1998
f 2228 2230 2232
f 2295 2297 2299
f 2331 2329 2330
f 2327 2323 2324
f 2328 2326 2325
f 2334 2333 2332
f 2337 2336 2335
f 2346 2345 2344
f 2412 2409 2410
f 2499 2496 2497
f 2487 2485 2486
f 2436 2435 2434
f 2376 2374 2375
f 2372 2368 2369
f 2373 2371 2370
f 2379 2378 2377
f 2382 2381 2380
f 2396 2392 2393
f 2361 2360 2359
f 2418 2416 2415
f 2457 2456 2455
f 2463 2460 2461
f 2492 2488 2489
f 2402 2398 2399
f 2343 2340 2341
f 2433 2430 2431
f 2478 2475 2476
f 2406 2404 2405
f 2502 2501 2500
f 2484 2482 2481
f 2442 2440 2439
f 2349 2347 2348
f 2468 2464 2465
f 2387 2384 2383
f 2358 2355 2356
f 2421 2419 2420
f 2454 2451 2452
f 2472 2470 2471
f 2388 2385 2386
f 2364 2362 2363
f 2426 2423 2422
f 2448 2446 2445
f 2403 2401 2400
f 2342 2339 2338
f 2432 2429 2428
f 2477 2474 2473
f 2493 2491 2490
f 2462 2459 2458
f 2397 2395 2394
f 2367 2365 2366
f 2427 2424 2425
f 2447 2443 2444
f 2391 2390 2389
f 2357 2354 2353
f 2417 2413 2414
f 2453 2450 2449
f 2469 2467 2466
f 2411 2408 2407
f 2498 2495 2494
f 2483 2479 2480
f 2441 2437 2438
f 2352 2350 2351
f 2509 2511 2510
f 2503 2505 2504
f 2506 2507 2508
f 2512 2513 2514
f 2515 2516 2517
f 2518 2519 2520
f 2555 2556 2554
f 2541 2540 2539
f 2562 2561 2560
f 2522 2521 2523
f 2542 2544 2543
f 2528 2529 2527
f 2531 2530 2532
f 2545 2546 2547
f 2548 2549 2550
f 2551 2553 2552
f 2533 2534 2535
f 2537 2536 2538
f 2559 2557 2558
f 2526 2525 2524