v -0.371657 0.712926 0.194518
v 0.371863 0.741572 0.204517
v -0.359323 -0.537955 0.208768
v 0.378986 -0.561507 0.207084
v -0.000035 -0.358980 0.924286
v -0.000408 0.491374 0.823527
v 0.001509 -0.268709 -0.381298
v -0.002901 0.572267 -0.555241
v 0.526712 0.116181 -0.133099
v 0.519069 0.109462 0.554897
v -0.524230 0.115275 -0.128188
v -0.550889 0.112756 0.576658
v -0.001272 0.889817 0.196599
v -0.221277 0.681104 0.555729
v -0.250090 0.765910 -0.237219
v -0.497202 0.431834 0.002195
v -0.544729 0.459705 0.426144
v 0.225834 0.703426 0.555870
v 0.254488 0.790107 -0.241500
v 0.490237 0.435973 -0.000524
v 0.517308 0.465975 0.422633
v 0.002611 -0.682638 0.197994
v -0.258076 -0.591333 0.640610
v -0.204972 -0.500034 -0.151767
v -0.485568 -0.198899 0.027558
v -0.540381 -0.252792 0.408131
v 0.239056 -0.598596 0.650186
v 0.201446 -0.506024 -0.141531
v 0.478684 -0.204394 0.020221
v 0.527391 -0.251673 0.409418
v 0.002665 0.091162 1.017130
v 0.353076 -0.141818 0.824795
v -0.357543 -0.143018 0.831844
v 0.357152 0.312458 0.784638
v -0.366259 0.322587 0.791256
v 0.001887 0.126898 -0.580049
v 0.287684 -0.076736 -0.303327
v -0.297008 -0.086139 -0.299486
v 0.330902 0.341516 -0.403324
v -0.339113 0.336665 -0.404081
v 0.585825 0.100980 0.199342
v -0.609687 0.106042 0.198664
v -0.209387 0.814015 0.187401
v -0.316333 0.719591 0.376293
v -0.312752 0.752782 -0.009620
v -0.437602 0.606682 0.107053
v -0.464089 0.605587 0.309002
v 0.223552 0.831009 0.189443
v 0.328055 0.750992 0.368988
v 0.285469 0.734259 0.004810
v 0.427124 0.611736 0.109214
v 0.454630 0.627492 0.320336
v -0.229652 -0.654316 0.187704
v -0.312601 -0.536070 0.371755
v -0.368201 -0.614234 -0.011135
v -0.419526 -0.383523 0.130953
v -0.459775 -0.413374 0.320356
v 0.233147 -0.668760 0.189277
v 0.322234 -0.562028 0.381021
v 0.366436 -0.622436 -0.011676
v 0.427995 -0.405898 0.120492
v 0.464257 -0.425174 0.315330
v -0.127854 -0.533503 0.868259
v 0.204634 -0.607903 0.818027
v -0.009710 -0.149227 1.009195
v 0.234478 -0.310560 0.984046
v -0.248425 -0.292739 0.982722
v -0.108925 0.604246 0.717988
v 0.099582 0.593711 0.710739
v 0.000308 0.315913 0.919095
v 0.168913 0.422139 0.828443
v -0.171424 0.426353 0.832116
v -0.082116 -0.378742 -0.274080
v 0.087633 -0.393856 -0.289236
v 0.002356 -0.087642 -0.454588
v 0.144715 -0.195994 -0.368881
v -0.140973 -0.201483 -0.369281
v -0.134192 0.724285 -0.435844
v 0.129816 0.702113 -0.432485
v -0.001578 0.355290 -0.655549
v 0.209078 0.479581 -0.560392
v -0.204292 0.479294 -0.545677
v 0.523011 0.247915 -0.093434
v 0.524196 -0.023193 -0.077686
v 0.431073 0.033176 -0.216110
v 0.445012 0.212884 -0.233216
v 0.575976 0.103890 0.003412
v 0.537648 0.273432 0.501047
v 0.531087 -0.054211 0.495541
v 0.466825 0.009177 0.681454
v 0.472568 0.206822 0.680982
v 0.571885 0.107003 0.397447
v -0.524459 0.245281 -0.078385
v -0.520711 -0.015896 -0.066473
v -0.436007 0.032549 -0.211615
v -0.456418 0.206607 -0.239058
v -0.578596 0.109597 0.016077
v -0.562107 0.272479 0.519731
v -0.550053 -0.055555 0.503536
v -0.509474 0.009295 0.695323
v -0.503010 0.205663 0.688555
v -0.586902 0.105608 0.409046
v -0.106430 0.805636 0.390938
v -0.140740 0.860996 -0.105944
v 0.111453 0.810337 0.393317
v 0.124692 0.856965 -0.091464
v -0.415590 0.595021 0.509879
v 0.000749 0.726888 0.569675
v -0.308526 0.529666 0.684735
v -0.419606 0.639550 -0.154659
v 0.004467 0.803597 -0.230583
v -0.319808 0.584614 -0.353662
v -0.542243 0.458117 0.219304
v -0.445566 0.407263 -0.213999
v -0.586554 0.267368 0.108528
v -0.481435 0.413047 0.611199
v -0.586462 0.285052 0.311380
v 0.424466 0.609080 0.504301
v 0.304362 0.524394 0.676427
v 0.409388 0.633276 -0.150988
v 0.312743 0.589017 -0.353183
v 0.515306 0.457598 0.218060
v 0.441453 0.406507 -0.215038
v 0.563579 0.268855 0.105081
v 0.477160 0.416938 0.607392
v 0.570671 0.283945 0.310591
v -0.108667 -0.645228 0.416706
v -0.126331 -0.664588 -0.018522
v 0.117651 -0.689679 0.432759
v 0.134754 -0.672727 -0.021161
v -0.412865 -0.398960 0.514563
v 0.005141 -0.640822 0.661980
v -0.343952 -0.385452 0.764748
v -0.350021 -0.355571 -0.075799
v 0.001833 -0.528510 -0.171013
v -0.246646 -0.291505 -0.236606
v -0.537898 -0.235643 0.228719
v -0.392863 -0.149743 -0.154441
v -0.590497 -0.058565 0.110178
v -0.483219 -0.213383 0.623321
v -0.588935 -0.075182 0.306011
v 0.406133 -0.411367 0.520636
v 0.345837 -0.410281 0.786131
v 0.362886 -0.370342 -0.079198
v 0.246868 -0.287835 -0.230848
v 0.521639 -0.243722 0.217676
v 0.398712 -0.155042 -0.158906
v 0.563623 -0.058171 0.108000
v 0.460830 -0.209624 0.609956
v 0.575915 -0.075812 0.302849
v 0.217760 -0.027320 1.000476
v -0.225574 -0.038450 1.010941
v 0.204050 0.203565 0.930577
v -0.201197 0.206369 0.931164
v 0.367267 0.101854 0.847079
v -0.383985 0.099476 0.862408
v 0.169530 0.020374 -0.467348
v -0.164408 0.022398 -0.449896
v 0.222215 0.238992 -0.629190
v -0.223092 0.229788 -0.617748
v 0.303942 0.130360 -0.368856
v -0.308128 0.134045 -0.356889
v -0.303429 0.757667 0.188909
v -0.348750 0.716250 0.273967
v -0.343262 0.732479 0.110130
v -0.407136 0.671384 0.155534
v -0.419947 0.666290 0.245368
v 0.308147 0.779557 0.196426
v 0.360942 0.752015 0.274151
v 0.333470 0.745164 0.126128
v 0.399281 0.690582 0.165526
v 0.416712 0.697818 0.255456
v -0.316009 -0.605552 0.195122
v -0.354224 -0.547250 0.278688
v -0.354748 -0.573247 0.118349
v -0.383014 -0.472459 0.173756
v -0.402043 -0.479856 0.266605
v 0.322201 -0.622628 0.193474
v 0.361041 -0.568383 0.268488
v 0.363364 -0.589713 0.123498
v 0.407020 -0.497576 0.168457
v 0.426660 -0.503245 0.257903
v -0.059713 -0.439077 0.877943
v 0.101015 -0.522085 0.888953
v -0.008853 -0.257915 0.973830
v 0.118574 -0.344985 0.958557
v -0.114164 -0.319262 0.942506
v -0.047927 0.543087 0.777492
v 0.043498 0.541985 0.779963
v 0.000154 0.417756 0.868281
v 0.073512 0.465702 0.832197
v -0.074610 0.464841 0.830734
v -0.033209 -0.320060 -0.334876
v 0.041350 -0.328145 -0.347376
v -0.002061 -0.198774 -0.421751
v 0.058387 -0.246260 -0.381705
v -0.059465 -0.241257 -0.380956
v -0.063535 0.641808 -0.502464
v 0.055248 0.631267 -0.505853
v -0.001127 0.470506 -0.600689
v 0.094985 0.529041 -0.566423
v -0.093719 0.534211 -0.556599
v 0.527269 0.169743 -0.120523
v 0.529987 0.056287 -0.112302
v 0.487429 0.081813 -0.169294
v 0.492474 0.157595 -0.177666
v 0.552987 0.109683 -0.081367
v 0.528665 0.181792 0.532464
v 0.522650 0.037334 0.530278
v 0.496920 0.065304 0.609695
v 0.501431 0.153104 0.610669
v 0.542642 0.108630 0.484903
v -0.527168 0.171058 -0.108350
v -0.526047 0.059874 -0.102331
v -0.496376 0.080918 -0.169958
v -0.498563 0.152736 -0.176528
v -0.544515 0.112939 -0.063681
v -0.558049 0.181569 0.555148
v -0.550991 0.039322 0.547146
v -0.535735 0.067966 0.628166
v -0.531685 0.154060 0.627555
v -0.571986 0.109892 0.506095
v -0.107122 0.866649 0.193635
v 0.114411 0.866810 0.189029
v -0.057666 0.863141 0.300744
v -0.058550 0.885280 0.078268
v 0.052416 0.847908 0.296724
v 0.061552 0.886439 0.066565
v -0.278132 0.719426 0.477412
v -0.167287 0.648477 0.642299
v -0.165002 0.745024 0.479082
v -0.321276 0.642975 0.536979
v -0.111687 0.706700 0.564752
v -0.267096 0.610353 0.622179
v -0.299419 0.773291 -0.136289
v -0.202659 0.772672 -0.351553
v -0.252843 0.854090 -0.186248
v -0.416218 0.765095 -0.253177
v -0.147350 0.803119 -0.241273
v -0.310972 0.718683 -0.335521
v -0.468863 0.526358 0.054407
v -0.518223 0.334921 -0.041933
v -0.430954 0.521481 -0.068180
v -0.529385 0.447266 0.113037
v -0.464500 0.419966 -0.109072
v -0.551662 0.345108 0.061489
v -0.513015 0.538039 0.369445
v -0.563500 0.368674 0.477613
v -0.495970 0.533977 0.473910
v -0.547420 0.461263 0.321743
v -0.524160 0.446569 0.519992
v -0.570584 0.374239 0.371607
v 0.282009 0.739021 0.468019
v 0.162582 0.649853 0.635297
v 0.172049 0.770214 0.483574
v 0.113650 0.728338 0.566117
v 0.337313 0.667763 0.538790
v 0.270931 0.627198 0.624497
v 0.283007 0.762440 -0.136971
v 0.209502 0.802909 -0.356043
v 0.205928 0.870909 -0.189786
v 0.182020 0.925026 -0.208779
v 0.410494 0.754806 -0.217627
v 0.307667 0.721820 -0.326613
v 0.455995 0.525709 0.054224
v 0.512291 0.340526 -0.051145
v 0.425834 0.517122 -0.065427
v 0.507336 0.448159 0.111246
v 0.464341 0.424375 -0.110623
v 0.533155 0.352482 0.055284
v 0.487721 0.549711 0.378679
v 0.533169 0.371351 0.463370
v 0.484684 0.542606 0.468271
v 0.517461 0.462473 0.323594
v 0.506191 0.453443 0.516622
v 0.543964 0.376704 0.366989
v -0.115699 -0.665205 0.190848
v 0.123745 -0.686371 0.194373
v -0.052742 -0.670557 0.308670
v -0.062793 -0.666816 0.091371
v 0.061041 -0.689448 0.314117
v 0.068391 -0.667949 0.089633
v -0.264182 -0.530645 0.485887
v -0.259690 -0.772297 0.888163
v -0.170168 -0.610493 0.526805
v -0.325347 -0.471791 0.575610
v -0.127855 -0.647470 0.674752
v -0.333801 -0.519775 0.743933
v -0.293125 -0.586200 -0.120761
v -0.139117 -0.434459 -0.210494
v -0.180548 -0.606867 -0.101876
v -0.287696 -0.443096 -0.134629
v -0.106784 -0.519669 -0.159208
v -0.220430 -0.393692 -0.193358
v -0.454267 -0.291510 0.079224
v -0.509452 -0.106493 -0.022570
v -0.415434 -0.274051 -0.022353
v -0.519018 -0.218524 0.128503
v -0.440159 -0.175632 -0.067373
v -0.551467 -0.132507 0.070685
v -0.515677 -0.339289 0.364497
v -0.549918 -0.158841 0.455615
v -0.487681 -0.327571 0.462775
v -0.544479 -0.249410 0.319938
v -0.516825 -0.235147 0.513904
v -0.564024 -0.165007 0.358646
v 0.271855 -0.565503 0.508731
v 0.215095 -0.581970 0.753459
v 0.184113 -0.666466 0.554205
v 0.147628 -0.660865 0.668528
v 0.314313 -0.501112 0.594486
v 0.330756 -0.593009 0.803308
v 0.301669 -0.593713 -0.118417
v 0.138808 -0.448669 -0.218199
v 0.187039 -0.615892 -0.107507
v 0.108519 -0.533448 -0.168401
v 0.293653 -0.449788 -0.124580
v 0.222434 -0.397380 -0.188567
v 0.451721 -0.304805 0.071652
v 0.509821 -0.108093 -0.032218
v 0.423098 -0.286602 -0.027914
v 0.504208 -0.226655 0.119366
v 0.445415 -0.182891 -0.074478
v 0.530255 -0.129257 0.064144
v 0.499327 -0.343298 0.364100
v 0.536446 -0.152929 0.454243
v 0.484999 -0.336245 0.464306
v 0.528172 -0.254262 0.312564
v 0.504130 -0.234755 0.508274
v 0.556762 -0.166356 0.356176
v -0.005099 -0.026581 1.031400
v 0.003556 0.204222 0.971803
v 0.116047 0.035103 1.026609
v -0.118229 0.028686 1.020979
v 0.109525 0.146166 0.981999
v -0.104713 0.147510 0.982571
v 0.291491 -0.233613 0.911313
v 0.422604 -0.058132 0.753673
v 0.343262 -0.273760 0.800028
v 0.410414 -0.178266 0.718205
v 0.287653 -0.091269 0.917447
v 0.359330 -0.013046 0.843910
v -0.284652 -0.226532 0.910130
v -0.439424 -0.062618 0.761021
v -0.348735 -0.264938 0.796349
v -0.424671 -0.182393 0.727830
v -0.289382 -0.094140 0.931958
v -0.369829 -0.016623 0.855530
v 0.265691 0.369622 0.812438
v 0.423678 0.260136 0.739356
v 0.333765 0.420317 0.732176
v 0.418345 0.366541 0.698801
v 0.286850 0.262590 0.865219
v 0.367398 0.206477 0.823522
v -0.274514 0.381441 0.823420
v -0.449591 0.262266 0.746604
v -0.345998 0.437554 0.745147
v -0.430237 0.372765 0.703706
v -0.291560 0.262849 0.869637
v -0.378600 0.208501 0.831381
v 0.004837 0.022052 -0.506760
v -0.000541 0.231543 -0.653629
v 0.095752 0.073571 -0.535522
v -0.089110 0.076800 -0.522902
v 0.109783 0.183547 -0.610561
v -0.107923 0.179434 -0.608069
v 0.216435 -0.136840 -0.343192
v 0.359744 -0.019757 -0.260659
v 0.269428 -0.180695 -0.268917
v 0.346500 -0.119700 -0.234279
v 0.228297 -0.029071 -0.382080
v 0.296894 0.027483 -0.335118
v -0.222250 -0.145388 -0.339120
v -0.367722 -0.024857 -0.255115
v -0.275763 -0.189495 -0.273167
v -0.346704 -0.122122 -0.231269
v -0.231969 -0.033245 -0.372643
v -0.304802 0.022825 -0.325885
v 0.293149 0.414815 -0.504164
v 0.379234 0.274908 -0.303036
v 0.322115 0.455829 -0.377375
v 0.385115 0.379673 -0.300968
v 0.323256 0.295736 -0.562616
v 0.324293 0.231095 -0.398149
v -0.304172 0.414584 -0.512862
v -0.393750 0.270284 -0.312021
v -0.330874 0.459143 -0.379930
v -0.387216 0.375662 -0.300129
v -0.321945 0.279401 -0.556914
v -0.325440 0.230719 -0.398715
v 0.579632 0.101558 0.103126
v 0.593362 0.103617 0.299960
v 0.576840 0.185985 0.153739
v 0.588553 0.189046 0.253942
v 0.579815 0.018826 0.151855
v 0.586962 0.014291 0.248770
v -0.602645 0.107427 0.103189
v -0.602330 0.105735 0.302146
v -0.602647 0.189648 0.151951
v -0.598632 0.194790 0.252974
v -0.612766 0.022303 0.150406
v -0.611843 0.016171 0.251376
v -0.260244 0.768871 0.287033
v -0.261735 0.790290 0.081912
v -0.160133 0.825460 0.296854
v -0.165331 0.848881 0.067575
v -0.397470 0.664588 0.347567
v -0.215820 0.773436 0.390681
v -0.371029 0.664495 0.453207
v -0.374749 0.678850 0.040780
v -0.238332 0.814236 -0.059438
v -0.366346 0.712509 -0.099306
v -0.463721 0.608132 0.211130
v -0.406238 0.611820 -0.021245
v -0.500108 0.537550 0.166607
v -0.447185 0.603831 0.413687
v -0.514573 0.541518 0.268975
v 0.278316 0.798696 0.285213
v 0.259791 0.796784 0.096387
v 0.166661 0.824840 0.291061
v 0.178055 0.854295 0.068269
v 0.409238 0.697083 0.351184
v 0.225408 0.787043 0.385968
v 0.381046 0.681702 0.441562
v 0.362582 0.678549 0.052292
v 0.222058 0.802024 -0.049409
v 0.349879 0.687449 -0.085221
v 0.447917 0.620214 0.216812
v 0.395372 0.602333 -0.013911
v 0.475284 0.536361 0.166429
v 0.452951 0.627452 0.418060
v 0.481466 0.543265 0.274900
v -0.268042 -0.596429 0.287281
v -0.308509 -0.691710 0.084023
v -0.161472 -0.624362 0.295718
v -0.186083 -0.706066 0.079370
v -0.402712 -0.484538 0.348152
v -0.214737 -0.590407 0.396594
v -0.364062 -0.469515 0.446251
v -0.382280 -0.482581 0.059870
v -0.264701 -0.712362 -0.045822
v -0.373586 -0.480799 -0.065286
v -0.440976 -0.394825 0.230823
v -0.397543 -0.377311 0.018444
v -0.482626 -0.303181 0.186790
v -0.451444 -0.414048 0.406187
v -0.504530 -0.324275 0.281933
v 0.274696 -0.614945 0.285083
v 0.304721 -0.692460 0.092327
v 0.173578 -0.656427 0.303998
v 0.195380 -0.715620 0.076055
v 0.403327 -0.497442 0.348267
v 0.222130 -0.614307 0.412293
v 0.362492 -0.491973 0.459661
v 0.391542 -0.501962 0.060225
v 0.272698 -0.707805 -0.041009
v 0.375926 -0.496993 -0.061950
v 0.451694 -0.417366 0.220285
v 0.400648 -0.393310 0.018108
v 0.477300 -0.323716 0.171023
v 0.451901 -0.422153 0.412709
v 0.496105 -0.338517 0.269527
v -0.000168 -0.570937 0.818546
v -0.185643 -0.401679 0.894111
v -0.061770 -0.613124 0.799547
v -0.286849 -0.490471 0.848774
v 0.278798 -0.463398 0.921447
v 0.078698 -0.599503 0.747279
v 0.299820 -0.498024 0.835810
v 0.115473 -0.221883 0.996986
v -0.136244 -0.211253 1.003182
v 0.110422 -0.092455 1.014166
v -0.129225 -0.092709 1.027874
v 0.307437 -0.369920 0.888731
v 0.215006 -0.167877 0.983523
v -0.281149 -0.344356 0.863337
v -0.230359 -0.167086 1.001966
v -0.005974 0.609399 0.718387
v -0.143951 0.520406 0.773049
v -0.060855 0.670506 0.652052
v -0.212545 0.580661 0.709454
v 0.141501 0.521844 0.780724
v 0.050388 0.669051 0.646865
v 0.207853 0.572742 0.705476
v 0.089108 0.367046 0.879136
v -0.090999 0.372835 0.890076
v 0.099903 0.259520 0.931116
v -0.097100 0.262707 0.938875
v 0.238903 0.474445 0.757940
v 0.188760 0.316556 0.881288
v -0.245802 0.483810 0.764311
v -0.190113 0.320780 0.886501
v 0.003345 -0.399376 -0.294080
v -0.114215 -0.295411 -0.318060
v -0.045236 -0.461604 -0.232106
v -0.168745 -0.346094 -0.255558
v 0.118622 -0.300932 -0.336302
v 0.051709 -0.475653 -0.242025
v 0.166325 -0.347365 -0.261513
v 0.066970 -0.134227 -0.408632
v -0.073417 -0.144247 -0.422725
v 0.087201 -0.033351 -0.472893
v -0.077594 -0.026824 -0.458666
v 0.194953 -0.242223 -0.302927
v 0.155100 -0.084902 -0.408836
v -0.200093 -0.252557 -0.302291
v -0.154187 -0.088678 -0.403975
v 0.001113 0.726318 -0.444794
v -0.174535 0.604810 -0.493770
v -0.062703 0.808925 -0.372979
v -0.247830 0.673493 -0.417663
v 0.177774 0.600244 -0.502483
v 0.075567 0.815178 -0.365146
v 0.250018 0.668018 -0.410874
v 0.113626 0.406553 -0.622837
v -0.122716 0.419691 -0.630721
v 0.130956 0.300799 -0.671045
v -0.135533 0.301815 -0.660467
v 0.270033 0.540826 -0.464364
v 0.231017 0.361584 -0.632246
v -0.273563 0.543209 -0.456204
v -0.235353 0.358249 -0.645444
v 0.492219 0.233100 -0.173348
v 0.550317 0.174969 -0.042318
v 0.484150 0.323132 -0.152178
v 0.545258 0.256480 0.003553
v 0.486150 -0.000795 -0.153291
v 0.556348 0.040815 -0.037775
v 0.470361 -0.088596 -0.119341
v 0.548253 -0.040556 0.012997
v 0.432506 0.123121 -0.226725
v 0.420836 -0.059229 -0.194002
v 0.366551 0.078384 -0.282536
v 0.455305 0.304546 -0.232591
v 0.371119 0.175736 -0.296356
v 0.571953 0.181703 0.053171
v 0.572171 0.027235 0.055957
v 0.508518 0.248714 0.591440
v 0.556241 0.192168 0.446617
v 0.514912 0.353101 0.559887
v 0.557329 0.283739 0.407366
v 0.500710 -0.029841 0.587946
v 0.553288 0.023619 0.443845
v 0.503606 -0.131083 0.551142
v 0.562032 -0.069931 0.401768
v 0.467016 0.108107 0.690416
v 0.466091 -0.098534 0.650526
v 0.425564 0.054564 0.771821
v 0.477097 0.311260 0.651377
v 0.427786 0.156585 0.767413
v 0.581653 0.195140 0.353180
v 0.580554 0.016153 0.350502
v -0.496641 0.231075 -0.164961
v -0.554982 0.179017 -0.027891
v -0.491730 0.322165 -0.145667
v -0.561150 0.258523 0.012096
v -0.482883 0.004855 -0.146160
v -0.554553 0.045513 -0.022840
v -0.464135 -0.080758 -0.110747
v -0.560531 -0.038914 0.020219
v -0.447043 0.120262 -0.226810
v -0.417202 -0.056548 -0.188867
v -0.375860 0.075569 -0.277007
v -0.455962 0.300575 -0.232085
v -0.383157 0.174322 -0.296342
v -0.589067 0.182504 0.059145
v -0.593025 0.031857 0.060111
v -0.532206 0.246006 0.607465
v -0.579570 0.191748 0.465666
v -0.534475 0.346275 0.569592
v -0.577247 0.282484 0.419604
v -0.534531 -0.028676 0.602058
v -0.571136 0.022922 0.455370
v -0.533145 -0.134924 0.562000
v -0.570855 -0.072871 0.405445
v -0.505810 0.110260 0.705666
v -0.500663 -0.104014 0.665354
v -0.452651 0.055680 0.783630
v -0.498799 0.308291 0.658197
v -0.455154 0.158838 0.778438
v -0.589705 0.194655 0.360256
v -0.594370 0.015170 0.354435
v 0.002271 0.820720 0.392785
v -0.051339 0.765208 0.480357
v -0.006609 0.874198 -0.065793
v -0.092745 0.877942 -0.179794
v 0.060905 0.780107 0.485186
v 0.044559 0.871871 -0.202975
v -0.361654 0.563051 0.593476
v -0.452003 0.510825 0.560107
v -0.401319 0.474808 0.653951
v -0.401257 0.622863 -0.271930
v -0.400459 0.522509 -0.182915
v -0.376430 0.496774 -0.281141
v -0.571923 0.362961 0.161396
v -0.576380 0.373360 0.266208
v -0.592503 0.279292 0.207608
v 0.369168 0.572454 0.591262
v 0.456667 0.516097 0.554810
v 0.396975 0.470533 0.644439
v 0.398804 0.643985 -0.269543
v 0.409936 0.520592 -0.179325
v 0.378236 0.498923 -0.281227
v 0.542472 0.363104 0.160898
v 0.546182 0.370756 0.265019
v 0.567729 0.277138 0.208108
v 0.001904 -0.704071 0.429996
v -0.055858 -0.661845 0.542307
v 0.001363 -0.624285 -0.003238
v -0.059384 -0.588937 -0.093632
v 0.070834 -0.700893 0.551910
v 0.064714 -0.589236 -0.092808
v -0.373628 -0.391045 0.642098
v -0.449635 -0.310425 0.574196
v -0.404113 -0.291822 0.687187
v -0.288524 -0.321827 -0.154402
v -0.364056 -0.246365 -0.112609
v -0.319075 -0.218997 -0.197057
v -0.571127 -0.150730 0.168634
v -0.574564 -0.162003 0.266484
v -0.598594 -0.069348 0.208373
v 0.358038 -0.419586 0.653314
v 0.440106 -0.320349 0.569673
v 0.384848 -0.299549 0.680297
v 0.303270 -0.330823 -0.157040
v 0.376561 -0.257919 -0.117418
v 0.324006 -0.222262 -0.197424
v 0.545978 -0.150247 0.162192
v 0.554734 -0.162783 0.260110
v 0.573092 -0.070629 0.204403
v 0.214550 0.089929 0.973437
v 0.294787 0.037390 0.925014
v -0.211941 0.086807 0.971691
v -0.300279 0.031321 0.941349
v 0.292314 0.149742 0.899074
v -0.301264 0.148334 0.910286
v 0.187667 0.125100 -0.533768
v 0.239871 0.077443 -0.430253
v -0.185097 0.125585 -0.524653
v -0.236245 0.080228 -0.411893
v 0.274712 0.174825 -0.500196
v -0.272243 0.178207 -0.488816
v -0.342300 0.733100 0.191851
v -0.364236 0.714510 0.229140
v -0.362309 0.724136 0.158906
v -0.391966 0.697864 0.175462
v -0.395452 0.695107 0.217826
v 0.344167 0.758367 0.200899
v 0.368343 0.748225 0.235293
v 0.357126 0.746526 0.170973
v 0.387894 0.725969 0.190230
v 0.395723 0.728127 0.226899
v -0.342950 -0.569975 0.201914
v -0.359488 -0.546947 0.241328
v -0.352474 -0.550823 0.169819
v -0.368680 -0.510520 0.193870
v -0.376699 -0.510646 0.235250
v 0.349267 -0.590118 0.203310
v 0.374996 -0.567849 0.238107
v 0.369330 -0.572772 0.170874
v 0.394111 -0.535464 0.189497
v 0.398130 -0.533385 0.228713
v -0.028546 -0.394888 0.900307
v 0.039824 -0.409971 0.904494
v -0.006221 -0.308879 0.948486
v 0.051193 -0.349737 0.939591
v -0.055254 -0.335403 0.929681
v -0.020983 0.515045 0.803999
v 0.019232 0.515787 0.806264
v 0.000371 0.462337 0.845851
v 0.032807 0.483546 0.831581
v -0.032340 0.481273 0.828216
v -0.012578 -0.291289 -0.363179
v 0.019490 -0.294601 -0.364385
v 0.001151 -0.237611 -0.400840
v 0.027705 -0.262198 -0.390044
v -0.025103 -0.255925 -0.380232
v -0.034384 0.613324 -0.536636
v 0.022473 0.605601 -0.539109
v -0.001437 0.525913 -0.574380
v 0.042565 0.558015 -0.568107
v -0.044510 0.558059 -0.556779
v 0.530087 0.138109 -0.129628
v 0.529499 0.090140 -0.124239
v 0.509782 0.101790 -0.148971
v 0.514140 0.134015 -0.152690
v 0.543278 0.112637 -0.112481
v 0.523667 0.141126 0.545074
v 0.522515 0.077405 0.545225
v 0.510779 0.090308 0.579500
v 0.511769 0.128228 0.579574
v 0.528147 0.109436 0.523327
v -0.526146 0.139726 -0.119546
v -0.523809 0.091056 -0.116713
v -0.512904 0.100682 -0.147853
v -0.516307 0.131051 -0.149605
v -0.533003 0.114199 -0.099064
v -0.554974 0.142887 0.567078
v -0.551861 0.081241 0.565160
v -0.542403 0.092556 0.598739
v -0.542498 0.130694 0.599172
v -0.561584 0.112127 0.546657
v -0.055334 0.889053 0.198173
v 0.055857 0.881918 0.193761
v -0.031879 0.881005 0.251578
v -0.028621 0.892450 0.139089
v 0.024880 0.869288 0.246948
v 0.029670 0.892259 0.136002
v -0.249473 0.699550 0.515213
v -0.195404 0.665406 0.599406
v -0.194164 0.714255 0.518917
v -0.272498 0.664176 0.547867
v -0.167241 0.694590 0.560935
v -0.245286 0.647784 0.590247
v -0.276032 0.766541 -0.179774
v -0.228738 0.769940 -0.294796
v -0.227668 0.768970 -0.194508
v -0.319053 0.766516 -0.244220
v -0.193633 0.781780 -0.235251
v -0.286581 0.749684 -0.294030
v -0.483854 0.481248 0.027393
v -0.507628 0.381736 -0.020456
v -0.465192 0.476047 -0.031766
v -0.515026 0.439811 0.058316
v -0.479186 0.425882 -0.053891
v -0.525465 0.388605 0.033913
v -0.530081 0.501049 0.398912
v -0.555681 0.415089 0.451781
v -0.523406 0.498080 0.450183
v -0.547927 0.462580 0.374653
v -0.537954 0.455201 0.476670
v -0.559779 0.418428 0.399572
v 0.255860 0.724907 0.514181
v 0.194295 0.677127 0.595572
v 0.200652 0.743240 0.521223
v 0.169775 0.716254 0.560847
v 0.283837 0.690888 0.550963
v 0.250246 0.665657 0.590913
v 0.278525 0.781474 -0.192220
v 0.235177 0.805358 -0.290577
v 0.236345 0.826360 -0.206557
v 0.229686 0.872530 -0.235367
v 0.320593 0.764547 -0.234392
v 0.283029 0.758549 -0.285457
v 0.472486 0.481313 0.026453
v 0.503683 0.389056 -0.027432
v 0.458117 0.475997 -0.031567
v 0.498830 0.442108 0.055444
v 0.478115 0.429892 -0.056504
v 0.513680 0.394988 0.027222
v 0.502758 0.508929 0.403415
v 0.525910 0.418456 0.443288
v 0.503785 0.507533 0.449392
v 0.518308 0.466451 0.374915
v 0.512043 0.462233 0.469623
v 0.529789 0.421755 0.394470
v -0.058412 -0.675659 0.195669
v 0.063819 -0.683944 0.197943
v -0.025799 -0.681129 0.254416
v -0.029387 -0.672099 0.143552
v 0.033099 -0.688789 0.256326
v 0.034682 -0.667270 0.143947
v -0.248007 -0.543402 0.557307
v -0.297399 -0.696116 0.737112
v -0.205772 -0.594928 0.582624
v -0.281717 -0.513006 0.608197
v -0.202930 -0.639951 0.665304
v -0.309087 -0.569543 0.702164
v -0.244209 -0.539955 -0.129423
v -0.170166 -0.464973 -0.179711
v -0.196103 -0.556304 -0.128018
v -0.247091 -0.476936 -0.145795
v -0.158551 -0.513598 -0.153701
v -0.212036 -0.447059 -0.174143
v -0.469099 -0.245570 0.053133
v -0.498504 -0.153122 0.001965
v -0.450153 -0.235486 0.003159
v -0.503509 -0.209173 0.077606
v -0.463769 -0.188052 -0.020648
v -0.519805 -0.164556 0.049742
v -0.533811 -0.298991 0.385747
v -0.545979 -0.203770 0.433532
v -0.519815 -0.291332 0.435403
v -0.543874 -0.254737 0.362994
v -0.534524 -0.246433 0.458549
v -0.552497 -0.209221 0.384029
v 0.251835 -0.576115 0.579276
v 0.226588 -0.596861 0.711050
v 0.215088 -0.640132 0.602483
v 0.201260 -0.644884 0.666509
v 0.273830 -0.549734 0.631326
v 0.271152 -0.572093 0.708587
v 0.246925 -0.546066 -0.122368
v 0.168500 -0.476539 -0.180562
v 0.198818 -0.564119 -0.131465
v 0.159233 -0.526333 -0.159976
v 0.241743 -0.482601 -0.128929
v 0.210762 -0.451377 -0.163950
v 0.465211 -0.254859 0.046129
v 0.492999 -0.154392 -0.005780
v 0.450814 -0.244272 -0.003319
v 0.492675 -0.215985 0.069348
v 0.464065 -0.192237 -0.028480
v 0.506211 -0.166232 0.042181
v 0.513724 -0.298544 0.386930
v 0.535878 -0.203102 0.432002
v 0.505692 -0.293002 0.436758
v 0.528722 -0.254525 0.360318
v 0.518885 -0.244814 0.459365
v 0.542943 -0.209278 0.382011
v -0.000991 0.035633 1.037209
v 0.004137 0.147636 0.996294
v 0.058782 0.062784 1.024939
v -0.057303 0.061317 1.020999
v 0.057523 0.118236 1.000621
v -0.052248 0.118906 1.000993
v 0.319978 -0.186848 0.866642
v 0.387644 -0.098821 0.787739
v 0.348364 -0.207223 0.813358
v 0.382450 -0.161668 0.773310
v 0.320470 -0.118129 0.873268
v 0.355645 -0.076629 0.834989
v -0.317817 -0.185036 0.870314
v -0.398279 -0.102169 0.795348
v -0.353005 -0.204641 0.814892
v -0.392191 -0.163536 0.779797
v -0.323391 -0.120414 0.884446
v -0.363940 -0.079564 0.844633
v 0.313978 0.341146 0.800271
v 0.392247 0.287083 0.762800
v 0.347846 0.366331 0.758639
v 0.387437 0.339719 0.742620
v 0.323570 0.288768 0.825668
v 0.363591 0.260296 0.806295
v -0.319609 0.352235 0.809768
v -0.409884 0.293610 0.771296
v -0.356488 0.380792 0.768249
v -0.402091 0.349996 0.748540
v -0.328568 0.292942 0.831272
v -0.372917 0.264380 0.812908
v 0.003369 0.075190 -0.540311
v 0.000748 0.180104 -0.617871
v 0.051067 0.100262 -0.558937
v -0.045524 0.102315 -0.554058
v 0.053792 0.152858 -0.599241
v -0.051471 0.153754 -0.596614
v 0.251779 -0.106364 -0.323714
v 0.324093 -0.047868 -0.280984
v 0.279323 -0.128590 -0.286241
v 0.316730 -0.099094 -0.267360
v 0.258524 -0.053422 -0.342597
v 0.293200 -0.024565 -0.319281
v -0.259604 -0.115699 -0.320820
v -0.334970 -0.056946 -0.278572
v -0.286732 -0.136991 -0.286381
v -0.323056 -0.105405 -0.264768
v -0.265831 -0.061016 -0.335726
v -0.302969 -0.033212 -0.312701
v 0.317235 0.379384 -0.459112
v 0.351039 0.307151 -0.349559
v 0.327069 0.398037 -0.392738
v 0.353358 0.360879 -0.347186
v 0.326087 0.321613 -0.475630
v 0.329957 0.285673 -0.405734
v -0.324205 0.374434 -0.462133
v -0.363832 0.303202 -0.355597
v -0.337333 0.397437 -0.395120
v -0.361485 0.356349 -0.345677
v -0.330317 0.311974 -0.475537
v -0.337289 0.281225 -0.408740
v 0.580744 0.101295 0.152112
v 0.590233 0.102049 0.249879
v 0.581375 0.143961 0.176919
v 0.587519 0.144968 0.226378
v 0.582713 0.059258 0.175926
v 0.588567 0.057605 0.223095
v -0.607118 0.106392 0.149048
v -0.607596 0.106388 0.249315
v -0.605783 0.149446 0.175083
v -0.604824 0.150655 0.225515
v -0.611712 0.063422 0.173036
v -0.613213 0.061916 0.223135
v -0.258694 0.785884 0.187513
v -0.158515 0.841895 0.189650
v -0.234738 0.792325 0.239099
v -0.235250 0.803739 0.133609
v -0.184271 0.820249 0.242319
v -0.186212 0.832762 0.130900
v -0.332369 0.717752 0.323665
v -0.298868 0.721618 0.428400
v -0.287590 0.744754 0.331910
v -0.359300 0.692524 0.363786
v -0.267809 0.747539 0.384330
v -0.347139 0.694309 0.419946
v -0.325034 0.741531 0.052983
v -0.305297 0.763798 -0.074221
v -0.287494 0.772793 0.034318
v -0.344597 0.716419 0.013226
v -0.277757 0.784786 -0.031817
v -0.337523 0.728618 -0.053167
v -0.421228 0.639977 0.131459
v -0.453494 0.568033 0.083441
v -0.405226 0.642712 0.073761
v -0.452036 0.607713 0.160886
v -0.421198 0.606954 0.045614
v -0.470578 0.572666 0.138614
v -0.439321 0.636672 0.277754
v -0.487533 0.572457 0.339570
v -0.431348 0.635000 0.328730
v -0.468685 0.607889 0.258377
v -0.455664 0.603681 0.361032
v -0.491191 0.574527 0.288453
v 0.268144 0.802105 0.191774
v 0.171116 0.850965 0.188684
v 0.250696 0.815739 0.239260
v 0.244524 0.817409 0.140859
v 0.196177 0.832127 0.240376
v 0.200851 0.844661 0.133359
v 0.346802 0.752467 0.320254
v 0.306180 0.745667 0.417878
v 0.306419 0.782805 0.328307
v 0.373540 0.724413 0.360103
v 0.282235 0.777680 0.379623
v 0.353784 0.716606 0.406672
v 0.309814 0.741153 0.069826
v 0.273448 0.737614 -0.071917
v 0.273485 0.769915 0.048791
v 0.325357 0.707956 0.027722
v 0.256323 0.769813 -0.023065
v 0.312407 0.708884 -0.043465
v 0.413284 0.652495 0.137837
v 0.441768 0.569302 0.081416
v 0.395842 0.647223 0.080169
v 0.441068 0.616668 0.164511
v 0.409870 0.604498 0.050167
v 0.454872 0.575152 0.139189
v 0.435143 0.663650 0.288291
v 0.469700 0.587739 0.351356
v 0.434490 0.664745 0.337579
v 0.453346 0.624648 0.268322
v 0.452452 0.626435 0.369406
v 0.468346 0.585392 0.298675
v -0.279418 -0.637764 0.190183
v -0.173515 -0.649324 0.181990
v -0.247399 -0.621902 0.238652
v -0.266257 -0.678863 0.139195
v -0.193645 -0.627054 0.237128
v -0.213382 -0.702942 0.138080
v -0.335249 -0.541249 0.322002
v -0.287765 -0.529425 0.423523
v -0.289308 -0.567689 0.331654
v -0.359366 -0.508862 0.358835
v -0.264312 -0.563056 0.384193
v -0.338129 -0.502278 0.409196
v -0.362696 -0.598300 0.056816
v -0.336525 -0.605702 -0.073472
v -0.335330 -0.672055 0.030835
v -0.381227 -0.543966 0.021524
v -0.328824 -0.675478 -0.036806
v -0.378033 -0.546752 -0.045255
v -0.400676 -0.429267 0.152737
v -0.437501 -0.338263 0.105129
v -0.395367 -0.429485 0.096229
v -0.430023 -0.387245 0.185268
v -0.409411 -0.382005 0.073541
v -0.451329 -0.343126 0.159672
v -0.430760 -0.446309 0.293976
v -0.487282 -0.377150 0.343543
v -0.438131 -0.454358 0.336128
v -0.451487 -0.403239 0.276957
v -0.462145 -0.418456 0.360434
v -0.482650 -0.369256 0.300549
v 0.280312 -0.649449 0.190433
v 0.181092 -0.682342 0.191356
v 0.251623 -0.640367 0.239620
v 0.265351 -0.681833 0.139295
v 0.201873 -0.659671 0.244080
v 0.216132 -0.698688 0.135690
v 0.343743 -0.564954 0.322207
v 0.295579 -0.560404 0.442812
v 0.298027 -0.590230 0.335064
v 0.365051 -0.531493 0.364593
v 0.273491 -0.588459 0.396836
v 0.344058 -0.529218 0.422955
v 0.362291 -0.606057 0.062089
v 0.338288 -0.615979 -0.071514
v 0.341238 -0.669367 0.040161
v 0.376239 -0.556899 0.026440
v 0.328414 -0.673071 -0.029162
v 0.368076 -0.558238 -0.039234
v 0.417640 -0.453673 0.145486
v 0.440014 -0.356361 0.095393
v 0.408632 -0.452631 0.091664
v 0.440745 -0.411650 0.170669
v 0.417788 -0.400923 0.068648
v 0.453312 -0.364062 0.145722
v 0.446680 -0.465379 0.286271
v 0.480653 -0.384145 0.340480
v 0.440177 -0.464030 0.332557
v 0.461982 -0.422695 0.269876
v 0.464163 -0.426133 0.362850
v 0.479265 -0.382188 0.293019
v -0.092057 -0.485031 0.868222
v -0.175194 -0.614408 0.863104
v -0.056808 -0.538203 0.849537
v -0.161563 -0.467321 0.876013
v -0.088779 -0.578580 0.879436
v -0.211328 -0.520551 0.864847
v 0.179553 -0.733481 0.904482
v 0.210838 -0.565595 0.784917
v 0.083803 -0.621140 0.820742
v 0.334177 -0.638575 0.837510
v 0.129726 -0.594217 0.782135
v 0.270659 -0.539465 0.824299
v -0.009960 -0.206063 0.994265
v -0.008068 -0.088987 1.021377
v 0.051792 -0.182400 1.001834
v -0.072603 -0.178147 1.005623
v 0.051282 -0.121276 1.013052
v -0.070449 -0.119943 1.019207
v 0.182535 -0.327956 0.979976
v 0.268419 -0.284743 0.966984
v 0.245429 -0.378151 0.956792
v 0.186542 -0.269003 1.004238
v 0.291161 -0.351916 0.966567
v 0.225154 -0.243150 0.988795
v -0.172915 -0.305255 0.956207
v -0.261668 -0.259305 0.942306
v -0.208731 -0.342438 0.925467
v -0.187557 -0.250196 0.989840
v -0.253248 -0.316826 0.914055
v -0.234878 -0.232018 0.991605
v -0.077744 0.573198 0.748897
v -0.139851 0.630347 0.684681
v -0.058035 0.614284 0.722636
v -0.127588 0.563998 0.746042
v -0.088261 0.642449 0.689505
v -0.161727 0.596649 0.715170
v 0.070124 0.567382 0.746069
v 0.130815 0.621814 0.674358
v 0.046723 0.602606 0.714361
v 0.121566 0.556851 0.744282
v 0.075872 0.631141 0.678478
v 0.153531 0.583785 0.708904
v -0.000389 0.368271 0.893490
v 0.001653 0.260035 0.944876
v 0.045984 0.341072 0.900268
v -0.047094 0.345519 0.909843
v 0.049344 0.287645 0.927141
v -0.047424 0.290192 0.934529
v 0.120061 0.444065 0.830554
v 0.218072 0.396898 0.822032
v 0.155776 0.471608 0.802447
v 0.129853 0.394216 0.855317
v 0.204759 0.448343 0.795092
v 0.180023 0.370776 0.855696
v -0.121922 0.447224 0.833537
v -0.222426 0.404142 0.827651
v -0.158621 0.473964 0.801113
v -0.132925 0.400398 0.865824
v -0.209381 0.454932 0.798587
v -0.181734 0.375812 0.860810
v -0.056287 -0.349675 -0.305188
v -0.109208 -0.406547 -0.240679
v -0.037925 -0.390511 -0.284598
v -0.098609 -0.337561 -0.293966
v -0.063753 -0.420821 -0.253878
v -0.125629 -0.364260 -0.261312
v 0.063784 -0.359760 -0.320342
v 0.112501 -0.421824 -0.255530
v 0.044239 -0.399362 -0.294302
v 0.103902 -0.345818 -0.312564
v 0.069687 -0.433257 -0.264614
v 0.126688 -0.372033 -0.275364
v -0.000195 -0.146843 -0.443048
v 0.005190 -0.032325 -0.479511
v 0.034272 -0.110669 -0.435212
v -0.036417 -0.116779 -0.440268
v 0.044608 -0.058870 -0.464171
v -0.036269 -0.058519 -0.459105
v 0.101608 -0.222744 -0.369422
v 0.183317 -0.167739 -0.362353
v 0.132736 -0.250374 -0.352563
v 0.109514 -0.167860 -0.392451
v 0.171057 -0.220781 -0.341698
v 0.152774 -0.139782 -0.386291
v -0.099865 -0.225108 -0.380647
v -0.181408 -0.173453 -0.354909
v -0.128214 -0.249857 -0.343532
v -0.107785 -0.172826 -0.398691
v -0.170602 -0.227663 -0.333391
v -0.150650 -0.146367 -0.389655
v -0.095067 0.678623 -0.468073
v -0.175889 0.768350 -0.397755
v -0.066822 0.730806 -0.440713
v -0.157856 0.665935 -0.468150
v -0.113275 0.789679 -0.409400
v -0.195771 0.704345 -0.429697
v 0.091564 0.664792 -0.471216
v 0.170211 0.745751 -0.392836
v 0.065232 0.716755 -0.441830
v 0.156440 0.651454 -0.466355
v 0.102483 0.757726 -0.402344
v 0.194555 0.688195 -0.423561
v -0.001042 0.412593 -0.630465
v 0.000856 0.295140 -0.660620
v 0.061414 0.381118 -0.646565
v -0.061486 0.386424 -0.643797
v 0.066673 0.324664 -0.666920
v -0.067910 0.324878 -0.663661
v 0.152667 0.504855 -0.568580
v 0.256673 0.450609 -0.538350
v 0.197064 0.542127 -0.541649
v 0.162412 0.442204 -0.592303
v 0.238757 0.507658 -0.507652
v 0.222481 0.420267 -0.594004
v -0.147532 0.507233 -0.552071
v -0.261003 0.448330 -0.535419
v -0.184905 0.537389 -0.505408
v -0.162773 0.449760 -0.592656
v -0.248781 0.518312 -0.505773
v -0.218994 0.416663 -0.588111
v 0.528572 0.206028 -0.111143
v 0.519722 0.292924 -0.074034
v 0.508903 0.241443 -0.135985
v 0.540492 0.211160 -0.067970
v 0.505212 0.285406 -0.122182
v 0.535318 0.253469 -0.046445
v 0.529552 0.018156 -0.096691
v 0.517297 -0.064800 -0.056607
v 0.513577 -0.012770 -0.120443
v 0.543797 0.008811 -0.057027
v 0.503113 -0.054425 -0.100419
v 0.536991 -0.031117 -0.033295
v 0.459560 0.058090 -0.192067
v 0.395942 0.007144 -0.239310
v 0.458397 0.013577 -0.184708
v 0.431033 0.078506 -0.221705
v 0.428198 -0.013259 -0.207364
v 0.398314 0.054329 -0.247359
v 0.470563 0.185527 -0.202385
v 0.411509 0.243189 -0.265976
v 0.475096 0.226678 -0.205538
v 0.437158 0.168037 -0.230090
v 0.450145 0.258592 -0.234254
v 0.406727 0.195489 -0.262271
v 0.562269 0.106614 -0.040856
v 0.580936 0.102740 0.053034
v 0.562300 0.140400 -0.017988
v 0.565924 0.071843 -0.016950
v 0.572568 0.141543 0.029222
v 0.574165 0.067172 0.029933
v 0.533751 0.225974 0.517375
v 0.536408 0.322536 0.483070
v 0.522524 0.263343 0.546414
v 0.548606 0.233919 0.473290
v 0.526864 0.313511 0.530724
v 0.549510 0.280593 0.454683
v 0.526442 -0.007293 0.513885
v 0.534582 -0.103411 0.475516
v 0.513738 -0.043448 0.541288
v 0.541845 -0.015545 0.468996
v 0.519618 -0.093258 0.523441
v 0.546371 -0.062986 0.448968
v 0.481575 0.038052 0.643810
v 0.447436 -0.022369 0.717697
v 0.483804 -0.012255 0.634128
v 0.466304 0.059199 0.688092
v 0.467328 -0.044782 0.668697
v 0.447886 0.031328 0.726859
v 0.487976 0.179016 0.645435
v 0.451820 0.234116 0.712726
v 0.492503 0.228903 0.636224
v 0.469607 0.156815 0.687854
v 0.476460 0.258442 0.668650
v 0.452002 0.181961 0.725966
v 0.556911 0.108172 0.442020
v 0.585861 0.105812 0.350632
v 0.564793 0.150728 0.421451
v 0.563534 0.064730 0.419939
v 0.580145 0.151178 0.375599
v 0.577775 0.062033 0.373989
v -0.525789 0.205679 -0.094286
v -0.524024 0.289807 -0.062858
v -0.511134 0.239899 -0.123081
v -0.541159 0.212095 -0.052195
v -0.508487 0.283139 -0.110214
v -0.542434 0.253438 -0.033587
v -0.524040 0.024594 -0.086306
v -0.519653 -0.060669 -0.045736
v -0.502701 -0.004027 -0.108772
v -0.540427 0.015424 -0.044599
v -0.497391 -0.048710 -0.090239
v -0.539381 -0.027793 -0.023323
v -0.470668 0.057506 -0.190679
v -0.401786 0.004587 -0.234394
v -0.459415 0.017697 -0.179048
v -0.442918 0.076159 -0.219423
v -0.428229 -0.011970 -0.201591
v -0.408648 0.050931 -0.243743
v -0.480025 0.178493 -0.204835
v -0.427120 0.237024 -0.273465
v -0.478855 0.220249 -0.202776
v -0.452777 0.163008 -0.233221
v -0.457288 0.252091 -0.237249
v -0.422923 0.190833 -0.268598
v -0.559518 0.111082 -0.024501
v -0.594284 0.107987 0.057443
v -0.567385 0.144654 -0.005605
v -0.569746 0.075638 -0.003527
v -0.585239 0.146263 0.036633
v -0.585653 0.072188 0.038089
v -0.560521 0.225625 0.538948
v -0.564498 0.320307 0.499156
v -0.548825 0.262014 0.566045
v -0.570954 0.232481 0.491727
v -0.548670 0.310731 0.546632
v -0.572606 0.278526 0.470926
v -0.550458 -0.007146 0.526182
v -0.549670 -0.106306 0.480741
v -0.542920 -0.043610 0.553361
v -0.560142 -0.017193 0.478959
v -0.541432 -0.095031 0.531493
v -0.559512 -0.065709 0.454700
v -0.524168 0.040598 0.660234
v -0.478522 -0.024743 0.726708
v -0.527885 -0.010598 0.648953
v -0.508361 0.060724 0.703667
v -0.508468 -0.047609 0.680575
v -0.484487 0.033216 0.741191
v -0.518541 0.179203 0.658358
v -0.479867 0.235238 0.719951
v -0.518433 0.227330 0.648471
v -0.504044 0.157826 0.700523
v -0.503160 0.257820 0.675927
v -0.483808 0.185038 0.735517
v -0.579992 0.107226 0.458613
v -0.595224 0.105457 0.356284
v -0.585195 0.149437 0.437817
v -0.582281 0.063520 0.432765
v -0.591374 0.149975 0.385370
v -0.591717 0.061478 0.381876
v -0.080685 0.835503 0.344843
v -0.134877 0.775245 0.435900
v -0.133512 0.825509 0.348423
v -0.161148 0.794713 0.393119
v -0.049435 0.812643 0.388471
v -0.078458 0.785270 0.435061
v -0.094458 0.869413 0.003242
v -0.216367 0.864257 -0.202764
v -0.148438 0.852788 -0.008523
v -0.192005 0.832057 -0.096218
v -0.073968 0.864239 -0.085540
v -0.111226 0.864884 -0.242045
v 0.081358 0.827018 0.345191
v 0.142416 0.790829 0.440493
v 0.137789 0.819664 0.344453
v 0.169523 0.801547 0.391841
v 0.055676 0.816001 0.393858
v 0.085243 0.797663 0.441530
v 0.093512 0.873022 -0.007687
v 0.168508 0.884635 -0.166031
v 0.149096 0.853492 -0.008059
v 0.177832 0.831942 -0.080969
v 0.063727 0.875691 -0.074693
v 0.101504 0.884522 -0.163498
v -0.368406 0.618243 0.524057
v -0.458777 0.567600 0.494104
v -0.395185 0.632249 0.485597
v -0.435300 0.603726 0.467532
v -0.386269 0.577018 0.548371
v -0.433916 0.552781 0.534043
v -0.055074 0.717462 0.567636
v 0.057422 0.736397 0.571496
v -0.030609 0.697591 0.611233
v 0.025777 0.705263 0.613358
v -0.024279 0.748615 0.526822
v 0.031753 0.755261 0.527117
v -0.287958 0.571444 0.653360
v -0.327545 0.484347 0.714582
v -0.261728 0.558059 0.699736
v -0.280935 0.512329 0.728578
v -0.334376 0.545597 0.639062
v -0.355492 0.503160 0.670234
v -0.469071 0.718186 -0.195231
v -0.398959 0.572742 -0.110039
v -0.395648 0.679269 -0.132034
v -0.394158 0.620510 -0.091536
v -0.445384 0.657983 -0.225737
v -0.390258 0.586687 -0.170122
v -0.084784 0.803040 -0.233363
v 0.100122 0.806393 -0.233970
v -0.033846 0.823407 -0.313269
v 0.045810 0.829044 -0.311203
v -0.049638 0.789916 -0.149622
v 0.049214 0.796198 -0.169504
v -0.314835 0.647342 -0.341251
v -0.322935 0.523601 -0.364245
v -0.286368 0.628695 -0.386112
v -0.295686 0.566187 -0.402273
v -0.352583 0.602479 -0.311387
v -0.347717 0.541057 -0.317245
v -0.538605 0.453701 0.165824
v -0.548722 0.461635 0.270084
v -0.523747 0.499365 0.194920
v -0.528930 0.500852 0.245248
v -0.558396 0.411326 0.189479
v -0.561393 0.415879 0.242478
v -0.456183 0.415690 -0.164121
v -0.416315 0.392675 -0.257490
v -0.476617 0.363666 -0.182139
v -0.454011 0.352678 -0.226532
v -0.424655 0.463742 -0.198224
v -0.406067 0.451863 -0.246414
v -0.575636 0.306113 0.084919
v -0.595101 0.228951 0.129652
v -0.576892 0.261615 0.060550
v -0.586000 0.223957 0.082973
v -0.585226 0.314478 0.134629
v -0.592677 0.274312 0.156383
v -0.503125 0.429935 0.564320
v -0.456395 0.392867 0.657707
v -0.511515 0.378963 0.589796
v -0.492672 0.360583 0.636181
v -0.469032 0.464539 0.586134
v -0.445556 0.448154 0.634741
v -0.579430 0.328926 0.341145
v -0.592250 0.239309 0.281913
v -0.580717 0.284068 0.365360
v -0.587189 0.239811 0.335504
v -0.583426 0.328391 0.289147
v -0.590505 0.282515 0.259153
v 0.384622 0.638905 0.521719
v 0.454821 0.575203 0.486388
v 0.407580 0.647190 0.475336
v 0.439024 0.616457 0.459420
v 0.399936 0.593105 0.548187
v 0.439806 0.562786 0.529668
v 0.289665 0.575725 0.650407
v 0.319586 0.472969 0.703083
v 0.256727 0.550286 0.691345
v 0.271607 0.499545 0.717508
v 0.336679 0.548383 0.634173
v 0.351353 0.497173 0.660476
v 0.475633 0.728100 -0.187906
v 0.391974 0.562523 -0.106971
v 0.386727 0.666458 -0.123744
v 0.384227 0.606405 -0.082795
v 0.444535 0.653431 -0.220686
v 0.405220 0.579403 -0.165815
v 0.308090 0.657597 -0.343286
v 0.314590 0.519701 -0.363810
v 0.283120 0.631082 -0.389064
v 0.292062 0.565181 -0.407962
v 0.350151 0.617601 -0.312011
v 0.341405 0.544421 -0.314644
v 0.512943 0.453766 0.165518
v 0.515621 0.459179 0.271154
v 0.494416 0.496917 0.193306
v 0.497791 0.500124 0.246975
v 0.529036 0.410447 0.189292
v 0.530651 0.413885 0.241724
v 0.452080 0.416966 -0.164483
v 0.420386 0.394635 -0.259375
v 0.465588 0.363789 -0.184341
v 0.456144 0.354672 -0.229939
v 0.423235 0.462849 -0.196190
v 0.409346 0.452228 -0.245485
v 0.549855 0.311025 0.080865
v 0.573327 0.227526 0.129013
v 0.556356 0.264141 0.054381
v 0.570273 0.224202 0.078849
v 0.555950 0.315520 0.132332
v 0.566309 0.273343 0.156327
v 0.497468 0.440635 0.563338
v 0.447405 0.392087 0.653279
v 0.499891 0.388274 0.584273
v 0.476663 0.364188 0.629629
v 0.471676 0.467691 0.581058
v 0.440231 0.443421 0.626254
v 0.555725 0.330617 0.338512
v 0.581273 0.236881 0.282355
v 0.564682 0.284684 0.359523
v 0.577482 0.239592 0.331405
v 0.559741 0.328042 0.288646
v 0.571346 0.280410 0.260236
v -0.080094 -0.659688 0.362933
v -0.138481 -0.627100 0.471319
v -0.133025 -0.631323 0.354505
v -0.162509 -0.616875 0.407411
v -0.054439 -0.676636 0.423178
v -0.083191 -0.656617 0.479434
v -0.096480 -0.663409 0.036712
v -0.155492 -0.646378 -0.065685
v -0.156516 -0.696254 0.022820
v -0.185315 -0.710772 -0.040978
v -0.064757 -0.633112 -0.006209
v -0.092991 -0.622723 -0.054198
v 0.088942 -0.690042 0.372522
v 0.149386 -0.681511 0.493081
v 0.144223 -0.665321 0.366707
v 0.170908 -0.652850 0.424427
v 0.060941 -0.713443 0.435648
v 0.091804 -0.731569 0.502057
v 0.102231 -0.670568 0.034966
v 0.166988 -0.654078 -0.069479
v 0.167836 -0.722236 0.016924
v 0.202300 -0.712566 -0.042756
v 0.069542 -0.638481 -0.007667
v 0.099329 -0.626960 -0.056692
v -0.368575 -0.434493 0.545177
v -0.451643 -0.363682 0.488059
v -0.389859 -0.437344 0.481973
v -0.435020 -0.407633 0.457483
v -0.391151 -0.393849 0.577937
v -0.431239 -0.356211 0.546249
v -0.060088 -0.642994 0.668565
v 0.076939 -0.647196 0.660861
v -0.030712 -0.618859 0.726095
v 0.038374 -0.619816 0.710072
v -0.026579 -0.655260 0.605643
v 0.041780 -0.667565 0.606323
v -0.340123 -0.451580 0.755043
v -0.345421 -0.323465 0.779289
v -0.329070 -0.442103 0.811943
v -0.315843 -0.368844 0.816555
v -0.359838 -0.390901 0.705757
v -0.370348 -0.335878 0.724407
v -0.319677 -0.399024 -0.105883
v -0.381137 -0.313319 -0.048135
v -0.355358 -0.415754 -0.067222
v -0.378512 -0.368898 -0.032226
v -0.311209 -0.337256 -0.110893
v -0.350545 -0.298306 -0.090140
v -0.053076 -0.525783 -0.166464
v 0.056622 -0.532700 -0.172935
v -0.022803 -0.497059 -0.205150
v 0.031594 -0.505428 -0.213734
v -0.027926 -0.556465 -0.132603
v 0.031024 -0.559614 -0.132699
v -0.232184 -0.342104 -0.214769
v -0.261971 -0.240420 -0.256260
v -0.211668 -0.325689 -0.252154
v -0.228045 -0.276158 -0.273714
v -0.267266 -0.306506 -0.196255
v -0.282594 -0.255016 -0.217076
v -0.531617 -0.225714 0.181668
v -0.542293 -0.243176 0.276426
v -0.512050 -0.269169 0.209944
v -0.523530 -0.279886 0.257186
v -0.555218 -0.192612 0.199117
v -0.557981 -0.199031 0.248188
v -0.415897 -0.161948 -0.111974
v -0.370276 -0.137003 -0.195054
v -0.429054 -0.114837 -0.132951
v -0.405897 -0.103068 -0.173762
v -0.378622 -0.197368 -0.133895
v -0.356067 -0.184060 -0.176912
v -0.569763 -0.096014 0.092025
v -0.598009 -0.016044 0.131645
v -0.575663 -0.049084 0.066337
v -0.589121 -0.010991 0.085808
v -0.580297 -0.105111 0.138808
v -0.593959 -0.063213 0.158758
v -0.501817 -0.224907 0.570171
v -0.457076 -0.199324 0.676636
v -0.510572 -0.173303 0.591930
v -0.496156 -0.161026 0.644758
v -0.467955 -0.262611 0.599238
v -0.443272 -0.251256 0.654126
v -0.577102 -0.120260 0.332637
v -0.602043 -0.029389 0.278134
v -0.579114 -0.075799 0.354767
v -0.592778 -0.030526 0.330009
v -0.584105 -0.118893 0.285537
v -0.599302 -0.073480 0.256827
v 0.356161 -0.453199 0.555819
v 0.448939 -0.373019 0.488293
v 0.383799 -0.454021 0.492378
v 0.430048 -0.417433 0.464276
v 0.378110 -0.412802 0.584343
v 0.426695 -0.368823 0.546133
v 0.368651 -0.494097 0.801693
v 0.343929 -0.340005 0.790382
v 0.325919 -0.459895 0.824984
v 0.326180 -0.390515 0.834001
v 0.354375 -0.421273 0.727747
v 0.359840 -0.353221 0.732562
v 0.332366 -0.411571 -0.106251
v 0.394672 -0.328686 -0.053508
v 0.364650 -0.431146 -0.067563
v 0.386996 -0.384218 -0.034311
v 0.333985 -0.351825 -0.119125
v 0.368184 -0.312776 -0.097084
v 0.234804 -0.342799 -0.211807
v 0.258693 -0.234000 -0.250577
v 0.206415 -0.319261 -0.246850
v 0.219969 -0.265013 -0.266611
v 0.274907 -0.309808 -0.194762
v 0.285890 -0.255219 -0.214625
v 0.513520 -0.235928 0.168433
v 0.525957 -0.250450 0.265794
v 0.500079 -0.283928 0.196445
v 0.507671 -0.291214 0.244290
v 0.535134 -0.197430 0.190549
v 0.538645 -0.203336 0.239205
v 0.422819 -0.169974 -0.118717
v 0.373616 -0.138240 -0.198676
v 0.435122 -0.121858 -0.138836
v 0.410606 -0.106590 -0.178353
v 0.386961 -0.205226 -0.138999
v 0.361898 -0.188549 -0.179564
v 0.547132 -0.093264 0.086609
v 0.570565 -0.020426 0.129988
v 0.553958 -0.049785 0.059890
v 0.565988 -0.014439 0.081571
v 0.556163 -0.103500 0.134686
v 0.568411 -0.065535 0.156193
v 0.483555 -0.221757 0.555350
v 0.436566 -0.194257 0.663444
v 0.485464 -0.169672 0.578260
v 0.464590 -0.151397 0.628028
v 0.448225 -0.263411 0.584606
v 0.420431 -0.250744 0.639431
v 0.568317 -0.121342 0.330079
v 0.581176 -0.029946 0.275674
v 0.572952 -0.074353 0.353390
v 0.580894 -0.029671 0.326162
v 0.567999 -0.120449 0.281247
v 0.575202 -0.074335 0.253198
v 0.171077 0.004542 1.018593
v 0.252654 -0.060213 0.960139
v 0.167276 -0.061216 1.013538
v 0.213454 -0.096259 0.992164
v 0.217473 0.033309 0.991374
v 0.255556 0.007185 0.967223
v -0.175655 -0.004849 1.016754
v -0.259709 -0.066810 0.974511
v -0.183367 -0.066189 1.030098
v -0.226174 -0.100026 1.009482
v -0.217908 0.025213 0.992180
v -0.261430 -0.004155 0.979590
v 0.159361 0.174287 0.959958
v 0.246183 0.233299 0.899685
v 0.152026 0.231754 0.934627
v 0.196593 0.260881 0.906870
v 0.208588 0.146523 0.951722
v 0.251985 0.174749 0.920018
v -0.153707 0.176730 0.957935
v -0.247340 0.234832 0.901345
v -0.148969 0.234771 0.936259
v -0.196113 0.263583 0.908810
v -0.206672 0.147481 0.951383
v -0.252867 0.176498 0.922445
v 0.363871 0.046232 0.848965
v 0.368733 0.154519 0.838356
v 0.398687 0.078100 0.812690
v 0.400914 0.130355 0.810397
v 0.331143 0.069664 0.883853
v 0.333151 0.124861 0.876615
v -0.379741 0.044094 0.866420
v -0.382331 0.154143 0.848294
v -0.422222 0.077043 0.828283
v -0.424394 0.130539 0.823225
v -0.343665 0.066207 0.904771
v -0.343658 0.123020 0.889230
v 0.138822 0.046623 -0.508260
v 0.198685 -0.003772 -0.423578
v 0.132351 -0.007329 -0.477705
v 0.161816 -0.031769 -0.437118
v 0.176861 0.073261 -0.497114
v 0.205534 0.048582 -0.451086
v -0.128738 0.049904 -0.488384
v -0.198590 -0.005663 -0.410983
v -0.122133 -0.003004 -0.456355
v -0.159805 -0.032277 -0.424931
v -0.172178 0.075080 -0.481694
v -0.202771 0.049936 -0.435276
v 0.166500 0.216592 -0.615553
v 0.279683 0.264608 -0.618087
v 0.181086 0.281303 -0.647959
v 0.228710 0.306858 -0.654444
v 0.203995 0.179459 -0.575299
v 0.265778 0.192003 -0.579575
v -0.167778 0.202626 -0.623757
v -0.290170 0.251340 -0.606347
v -0.187364 0.277540 -0.659365
v -0.243146 0.286689 -0.657375
v -0.203823 0.174701 -0.572379
v -0.258604 0.198409 -0.564542
v 0.300427 0.079212 -0.352105
v 0.311269 0.180884 -0.384984
v 0.334806 0.103530 -0.322750
v 0.338321 0.153510 -0.333145
v 0.271649 0.105183 -0.401626
v 0.281511 0.157200 -0.425877
v -0.305226 0.079063 -0.339462
v -0.313879 0.184297 -0.379032
v -0.342494 0.103448 -0.313076
v -0.344140 0.155604 -0.325647
v -0.270408 0.108391 -0.384355
v -0.278818 0.162808 -0.413282
v -0.325279 0.737560 0.233680
v -0.325251 0.748498 0.146882
v -0.281350 0.763542 0.236281
v -0.282055 0.775647 0.139127
v -0.385685 0.691486 0.262157
v -0.306349 0.741328 0.281405
v -0.373260 0.691199 0.311867
v -0.377829 0.702673 0.129982
v -0.303953 0.761460 0.094247
v -0.359209 0.708162 0.075151
v -0.419813 0.669010 0.200452
v -0.390705 0.673977 0.101783
v -0.435147 0.639658 0.181244
v -0.408304 0.664829 0.295536
v -0.441872 0.638373 0.229991
v 0.334596 0.767715 0.237644
v 0.320390 0.765507 0.160293
v 0.295450 0.788883 0.236768
v 0.283058 0.788865 0.150334
v 0.393399 0.728890 0.267345
v 0.323159 0.773021 0.278138
v 0.384352 0.727121 0.313050
v 0.369734 0.721636 0.143052
v 0.296577 0.772209 0.112929
v 0.346571 0.713663 0.089473
v 0.408957 0.693091 0.210920
v 0.381505 0.685806 0.112687
v 0.425943 0.656910 0.189941
v 0.416413 0.701523 0.304366
v 0.434245 0.661033 0.238445
v -0.330264 -0.575781 0.240314
v -0.336761 -0.597527 0.154433
v -0.295209 -0.605505 0.239346
v -0.310049 -0.642905 0.143573
v -0.379533 -0.515268 0.274572
v -0.312398 -0.572971 0.283546
v -0.375441 -0.515605 0.314928
v -0.362360 -0.518864 0.144737
v -0.343560 -0.640381 0.098011
v -0.372333 -0.532884 0.086362
v -0.391896 -0.473128 0.223005
v -0.376695 -0.474938 0.120422
v -0.410027 -0.432145 0.204008
v -0.405412 -0.483768 0.307072
v -0.421151 -0.438439 0.250545
v 0.339369 -0.598891 0.238398
v 0.340850 -0.613057 0.158306
v 0.299859 -0.621937 0.238655
v 0.305542 -0.651879 0.146202
v 0.395982 -0.536090 0.265532
v 0.321135 -0.596287 0.279995
v 0.380413 -0.532293 0.310121
v 0.385748 -0.541207 0.143833
v 0.336320 -0.639169 0.104056
v 0.380157 -0.549843 0.089417
v 0.418217 -0.499830 0.215679
v 0.398819 -0.499602 0.118306
v 0.429038 -0.456762 0.194131
v 0.419394 -0.501301 0.299335
v 0.440370 -0.461510 0.241911
v 0.004141 -0.474109 0.871252
v -0.089571 -0.376686 0.909545
v -0.024725 -0.512092 0.844437
v -0.124613 -0.419655 0.890210
v 0.119700 -0.420395 0.925198
v 0.028019 -0.597233 0.813698
v 0.205743 -0.527469 0.900790
v 0.053417 -0.295189 0.965449
v -0.067428 -0.282696 0.960223
v 0.053593 -0.240818 0.986113
v -0.073415 -0.230787 0.987931
v 0.192208 -0.406953 0.945302
v 0.118647 -0.282540 0.983047
v -0.149599 -0.360661 0.919346
v -0.127359 -0.265824 0.974101
v -0.002547 0.546873 0.779297
v -0.063528 0.505902 0.804035
v -0.028820 0.579751 0.751540
v -0.094800 0.534622 0.776150
v 0.061863 0.507923 0.809897
v 0.020400 0.574564 0.748982
v 0.090820 0.532361 0.779277
v 0.038766 0.441122 0.852203
v -0.038559 0.441656 0.854466
v 0.042762 0.392195 0.875501
v -0.043356 0.395022 0.880978
v 0.107606 0.492294 0.808547
v 0.082177 0.417669 0.854542
v -0.108898 0.492080 0.802871
v -0.083594 0.420633 0.859724
v 0.004141 -0.325628 -0.338700
v -0.047990 -0.281404 -0.357485
v -0.015084 -0.356633 -0.311254
v -0.073566 -0.310887 -0.327470
v 0.053834 -0.290375 -0.371826
v 0.022771 -0.364512 -0.320833
v 0.079602 -0.320703 -0.348277
v 0.023294 -0.222730 -0.406217
v -0.031635 -0.216955 -0.401260
v 0.028324 -0.168224 -0.419387
v -0.036594 -0.170157 -0.420944
v 0.090954 -0.276493 -0.366278
v 0.064300 -0.195209 -0.395703
v -0.086098 -0.267447 -0.351212
v -0.068036 -0.198858 -0.405903
v -0.004162 0.642669 -0.505627
v -0.081692 0.591524 -0.529625
v -0.032738 0.681992 -0.471844
v -0.116938 0.625324 -0.495130
v 0.077975 0.583389 -0.538390
v 0.029083 0.676759 -0.473461
v 0.115664 0.615470 -0.503274
v 0.049553 0.497651 -0.584899
v -0.050632 0.501720 -0.582862
v 0.054602 0.439044 -0.614561
v -0.057309 0.444956 -0.615389
v 0.135773 0.562938 -0.537739
v 0.104716 0.469163 -0.590990
v -0.133226 0.566530 -0.521929
v -0.106355 0.476548 -0.590453
v 0.514152 0.166464 -0.152137
v 0.544295 0.135216 -0.101146
v 0.511235 0.201812 -0.145842
v 0.539852 0.169349 -0.086694
v 0.510018 0.066443 -0.141776
v 0.545885 0.084829 -0.095316
v 0.513827 0.027611 -0.132293
v 0.545297 0.050216 -0.077552
v 0.488811 0.119886 -0.174553
v 0.486666 0.041012 -0.162338
v 0.461453 0.100777 -0.197369
v 0.496351 0.196437 -0.178149
v 0.464751 0.142074 -0.201600
v 0.553275 0.137923 -0.064261
v 0.556485 0.077541 -0.058673
v 0.515293 0.169915 0.572174
v 0.536082 0.146590 0.507525
v 0.519143 0.214749 0.560534
v 0.542278 0.188570 0.490246
v 0.510432 0.049062 0.570262
v 0.533670 0.071517 0.505762
v 0.509559 0.004394 0.557032
v 0.537477 0.029561 0.487896
v 0.498874 0.109434 0.613413
v 0.495487 0.019134 0.599983
v 0.483317 0.085810 0.649863
v 0.505072 0.199104 0.603167
v 0.485181 0.131976 0.650339
v 0.549421 0.149175 0.465323
v 0.548568 0.067820 0.464618
v -0.514448 0.163358 -0.144472
v -0.536983 0.142547 -0.085088
v -0.512677 0.199917 -0.134120
v -0.539818 0.174746 -0.069255
v -0.509865 0.068742 -0.137142
v -0.536866 0.085333 -0.081566
v -0.505820 0.033280 -0.123032
v -0.540115 0.052342 -0.063440
v -0.497617 0.116311 -0.174770
v -0.488509 0.046942 -0.158108
v -0.475043 0.097829 -0.198290
v -0.497499 0.190496 -0.171915
v -0.479473 0.138327 -0.203374
v -0.550121 0.143818 -0.046015
v -0.550304 0.080836 -0.043613
v -0.545598 0.171320 0.593375
v -0.567679 0.147347 0.530485
v -0.546663 0.214613 0.580909
v -0.570700 0.188346 0.512771
v -0.544020 0.051876 0.589218
v -0.561414 0.073356 0.525218
v -0.543821 0.005411 0.572767
v -0.560806 0.029991 0.502540
v -0.531410 0.110559 0.629970
v -0.535554 0.021742 0.617817
v -0.521485 0.087689 0.665656
v -0.533379 0.198934 0.619831
v -0.519402 0.133671 0.664954
v -0.577958 0.148774 0.486112
v -0.571559 0.068456 0.479744
v -0.082150 0.870205 0.249938
v -0.082247 0.879292 0.136697
v -0.132722 0.847901 0.247975
v -0.133821 0.862030 0.133604
v 0.082890 0.858087 0.244150
v 0.089756 0.884478 0.131789
v 0.140217 0.844695 0.241002
v 0.147706 0.868360 0.130216
v -0.004425 0.860208 0.299722
v -0.108703 0.853066 0.302749
v -0.027597 0.843270 0.347116
v 0.000675 0.888411 0.072074
v -0.113165 0.870114 0.071614
v -0.032962 0.881491 0.006779
v 0.109179 0.835165 0.294124
v 0.024469 0.836029 0.347087
v 0.121605 0.873850 0.063658
v 0.031042 0.880966 -0.000066
v -0.222778 0.733876 0.479899
v -0.300820 0.681080 0.508284
v -0.247091 0.748459 0.436451
v -0.328833 0.693159 0.469173
v -0.139957 0.677106 0.603852
v -0.217848 0.631871 0.633712
v -0.113799 0.658975 0.647275
v -0.192267 0.618886 0.679794
v -0.137989 0.725444 0.521317
v -0.191847 0.765382 0.439122
v -0.108466 0.754891 0.478638
v -0.293832 0.626778 0.579074
v -0.347849 0.655669 0.497037
v -0.341366 0.603462 0.564427
v -0.085447 0.688321 0.607914
v -0.081723 0.736514 0.523465
v -0.240050 0.596926 0.666777
v -0.314533 0.587697 0.608579
v -0.273354 0.794985 -0.160369
v -0.338985 0.766177 -0.182704
v -0.276116 0.797440 -0.100111
v -0.334512 0.740952 -0.120880
v -0.171089 0.792698 -0.299910
v -0.261888 0.746693 -0.348827
v -0.145380 0.814488 -0.368763
v -0.218160 0.718433 -0.379357
v -0.165489 0.827062 -0.204833
v -0.249429 0.834992 -0.142019
v -0.161360 0.957001 -0.278920
v -0.362723 0.743911 -0.319056
v -0.386184 0.725381 -0.164083
v -0.445978 0.702284 -0.269114
v -0.109174 0.811553 -0.307510
v -0.138444 0.810244 -0.190595
v -0.272727 0.688695 -0.366954
v -0.359886 0.665191 -0.303211
v -0.450074 0.522903 -0.006677
v -0.502896 0.488525 0.086251
v -0.435323 0.566056 0.019681
v -0.487487 0.532961 0.112903
v -0.493070 0.376178 -0.075085
v -0.536793 0.339610 0.009908
v -0.501225 0.327402 -0.094272
v -0.540811 0.295764 -0.013675
v -0.448097 0.471440 -0.089478
v -0.417568 0.567675 -0.045200
v -0.411912 0.521076 -0.127198
v -0.541650 0.396577 0.086246
v -0.516461 0.495777 0.141541
v -0.552974 0.405148 0.137563
v -0.482072 0.369951 -0.128268
v -0.435234 0.467252 -0.146306
v -0.562556 0.301583 0.035236
v -0.563526 0.354018 0.111140
v -0.505211 0.535877 0.423078
v -0.531511 0.502003 0.347388
v -0.480983 0.571078 0.392353
v -0.515651 0.539461 0.318035
v -0.549871 0.409820 0.501851
v -0.567650 0.373821 0.425491
v -0.553382 0.361950 0.526725
v -0.571803 0.325515 0.448245
v -0.514193 0.494125 0.498521
v -0.471067 0.570104 0.445595
v -0.479396 0.526864 0.517273
v -0.561555 0.419031 0.346996
v -0.531333 0.502060 0.296350
v -0.563187 0.419635 0.294338
v -0.530502 0.396194 0.544400
v -0.491598 0.480572 0.539503
v -0.574677 0.328417 0.395283
v -0.573046 0.374045 0.318418
v 0.229746 0.764846 0.480894
v 0.310461 0.703604 0.505140
v 0.255493 0.772457 0.432220
v 0.333550 0.711166 0.454857
v 0.138334 0.688590 0.601055
v 0.218874 0.639653 0.631428
v 0.106577 0.660249 0.640965
v 0.185861 0.611790 0.670351
v 0.144440 0.756349 0.527009
v 0.199676 0.783125 0.436556
v 0.115077 0.776520 0.484872
v 0.081951 0.699348 0.607072
v 0.088608 0.763161 0.529756
v 0.304296 0.649555 0.582147
v 0.360507 0.676159 0.490060
v 0.354116 0.622448 0.565005
v 0.241022 0.600279 0.665752
v 0.320822 0.599131 0.607899
v 0.244162 0.808335 -0.157247
v 0.331456 0.744077 -0.180148
v 0.249949 0.784446 -0.093999
v 0.313776 0.719824 -0.121461
v 0.220660 0.948812 -0.272699
v 0.256442 0.751984 -0.337216
v 0.148491 0.812449 -0.354487
v 0.230606 0.728202 -0.387315
v 0.206255 0.848938 -0.236241
v 0.213992 0.828078 -0.124490
v 0.172822 0.934828 -0.319784
v 0.118537 0.866301 -0.304862
v 0.137827 0.807508 -0.230281
v 0.356914 0.757889 -0.285153
v 0.379274 0.714929 -0.157575
v 0.453512 0.739323 -0.259241
v 0.274108 0.697046 -0.368857
v 0.367779 0.704804 -0.328829
v 0.440939 0.519994 -0.006074
v 0.484054 0.487189 0.083154
v 0.425369 0.563477 0.020847
v 0.469228 0.532481 0.112532
v 0.490490 0.382045 -0.080700
v 0.524622 0.347568 0.002105
v 0.499235 0.333191 -0.102939
v 0.531642 0.298437 -0.023421
v 0.446670 0.472748 -0.088645
v 0.407444 0.558394 -0.041059
v 0.419116 0.519646 -0.125034
v 0.520208 0.400581 0.082838
v 0.492227 0.493899 0.140169
v 0.526612 0.406138 0.136661
v 0.476718 0.374576 -0.133217
v 0.436579 0.468910 -0.143863
v 0.541724 0.305095 0.028776
v 0.539014 0.357770 0.109092
v 0.487773 0.548816 0.426456
v 0.502215 0.506396 0.352568
v 0.470079 0.588643 0.401199
v 0.485636 0.546290 0.326955
v 0.518167 0.414778 0.492165
v 0.536508 0.374581 0.415793
v 0.524748 0.365042 0.512365
v 0.544229 0.328102 0.436842
v 0.499477 0.500757 0.493353
v 0.467536 0.584903 0.443823
v 0.475735 0.532442 0.511178
v 0.533909 0.420310 0.345702
v 0.499014 0.503112 0.301042
v 0.533475 0.417242 0.294311
v 0.510402 0.404435 0.539625
v 0.493049 0.488941 0.536806
v 0.551803 0.330438 0.387781
v 0.547533 0.374854 0.317426
v -0.082858 -0.661721 0.248477
v -0.092447 -0.677464 0.140479
v -0.138028 -0.643632 0.242223
v -0.150317 -0.681417 0.136183
v 0.092129 -0.685449 0.253835
v 0.097511 -0.680482 0.141951
v 0.148473 -0.674991 0.249935
v 0.158580 -0.695059 0.136519
v 0.002575 -0.693193 0.315667
v -0.105607 -0.643211 0.301397
v -0.026605 -0.689183 0.370427
v 0.001044 -0.660249 0.092979
v -0.123961 -0.684266 0.084099
v -0.034841 -0.641332 0.045816
v 0.118324 -0.677250 0.310539
v 0.030874 -0.702087 0.374955
v 0.132801 -0.691450 0.082575
v 0.034851 -0.648681 0.043775
v -0.219731 -0.573312 0.509176
v -0.294742 -0.500683 0.532740
v -0.239949 -0.563237 0.442629
v -0.313118 -0.495329 0.464124
v -0.180255 -0.685132 0.756421
v -0.329741 -0.629687 0.839126
v -0.119568 -0.718398 0.851004
v -0.273290 -0.585137 0.854773
v -0.150982 -0.628962 0.598888
v -0.190441 -0.596234 0.459049
v -0.114322 -0.638396 0.537567
v -0.316092 -0.482261 0.651118
v -0.342216 -0.468174 0.507662
v -0.351455 -0.434359 0.613219
v -0.094451 -0.649176 0.741012
v -0.089337 -0.645854 0.605013
v -0.331249 -0.530295 0.817025
v -0.341475 -0.439365 0.685059
v -0.239076 -0.605022 -0.108656
v -0.289596 -0.508957 -0.124356
v -0.292410 -0.659104 -0.090177
v -0.335747 -0.532642 -0.093352
v -0.123985 -0.478482 -0.187193
v -0.182417 -0.418864 -0.204357
v -0.091535 -0.450164 -0.221616
v -0.151801 -0.389220 -0.230220
v -0.141972 -0.558147 -0.126159
v -0.227065 -0.673608 -0.086139
v -0.120442 -0.597084 -0.093463
v -0.247580 -0.418911 -0.161574
v -0.330687 -0.463755 -0.104846
v -0.275386 -0.379091 -0.135627
v -0.074887 -0.488791 -0.195945
v -0.085234 -0.557203 -0.128237
v -0.196674 -0.371871 -0.227457
v -0.253125 -0.359693 -0.174899
v -0.436181 -0.283407 0.027567
v -0.487133 -0.253486 0.105373
v -0.423320 -0.332870 0.050761
v -0.470369 -0.297776 0.133579
v -0.476322 -0.140418 -0.044747
v -0.531350 -0.119082 0.024086
v -0.488969 -0.094155 -0.068752
v -0.537628 -0.073340 -0.000251
v -0.427757 -0.223932 -0.044748
v -0.405082 -0.324452 -0.001013
v -0.390374 -0.260996 -0.067982
v -0.538043 -0.174849 0.099476
v -0.501492 -0.260929 0.158556
v -0.549602 -0.185064 0.149550
v -0.452887 -0.127954 -0.090175
v -0.402542 -0.210573 -0.089996
v -0.554962 -0.084784 0.045603
v -0.563028 -0.142432 0.119012
v -0.504450 -0.335425 0.412022
v -0.534608 -0.295552 0.343343
v -0.485208 -0.378171 0.385835
v -0.511186 -0.331979 0.324784
v -0.535970 -0.195607 0.484039
v -0.556670 -0.162202 0.406527
v -0.538814 -0.146267 0.508426
v -0.558918 -0.114948 0.430768
v -0.503901 -0.282536 0.488885
v -0.469333 -0.371325 0.435323
v -0.468977 -0.319065 0.517164
v -0.555028 -0.208381 0.338879
v -0.529407 -0.288468 0.302336
v -0.558028 -0.205495 0.295673
v -0.522734 -0.184823 0.538662
v -0.487071 -0.272679 0.544142
v -0.567780 -0.120512 0.380750
v -0.570352 -0.165330 0.313490
v 0.225740 -0.610362 0.530786
v 0.293819 -0.534461 0.553708
v 0.246569 -0.590322 0.463144
v 0.316408 -0.527933 0.484413
v 0.175511 -0.617512 0.707996
v 0.264476 -0.570236 0.772166
v 0.152775 -0.597473 0.747095
v 0.261493 -0.546423 0.799111
v 0.200281 -0.763262 0.667196
v 0.197550 -0.632245 0.481748
v 0.142363 -0.691978 0.559124
v 0.110487 -0.624155 0.706267
v 0.118241 -0.676521 0.613821
v 0.308926 -0.528854 0.680851
v 0.337767 -0.492320 0.522540
v 0.336725 -0.465410 0.628165
v 0.309200 -0.532267 0.820550
v 0.330881 -0.490247 0.715078
v 0.243582 -0.611882 -0.108646
v 0.297305 -0.516929 -0.119179
v 0.292114 -0.665384 -0.084482
v 0.346552 -0.548605 -0.104001
v 0.124957 -0.493994 -0.196477
v 0.179662 -0.425929 -0.202754
v 0.095665 -0.465058 -0.232117
v 0.152755 -0.398895 -0.239854
v 0.145298 -0.568646 -0.133231
v 0.233325 -0.675699 -0.081994
v 0.126189 -0.603452 -0.098558
v 0.077428 -0.504255 -0.209214
v 0.089256 -0.564780 -0.133480
v 0.251102 -0.421870 -0.150207
v 0.336399 -0.475904 -0.100914
v 0.295585 -0.388643 -0.138294
v 0.192272 -0.373205 -0.224759
v 0.263687 -0.365237 -0.173601
v 0.437956 -0.296256 0.021637
v 0.479333 -0.264856 0.096035
v 0.426293 -0.348174 0.045358
v 0.464961 -0.314723 0.121708
v 0.477582 -0.144774 -0.053339
v 0.521048 -0.117491 0.015779
v 0.492742 -0.100236 -0.079047
v 0.529010 -0.073855 -0.008665
v 0.434101 -0.233259 -0.051717
v 0.411446 -0.339326 -0.004734
v 0.401964 -0.273380 -0.074255
v 0.518835 -0.177367 0.091807
v 0.489533 -0.274778 0.146031
v 0.528015 -0.188832 0.140192
v 0.458417 -0.135089 -0.097477
v 0.412284 -0.220509 -0.095802
v 0.538948 -0.083706 0.039147
v 0.541365 -0.140723 0.113502
v 0.492719 -0.339553 0.412925
v 0.512683 -0.297730 0.338550
v 0.480606 -0.385290 0.388050
v 0.495240 -0.340266 0.318057
v 0.523911 -0.194085 0.480213
v 0.550817 -0.161281 0.405543
v 0.521775 -0.143325 0.502450
v 0.550197 -0.112336 0.428279
v 0.495315 -0.286332 0.487823
v 0.468145 -0.380252 0.437943
v 0.465457 -0.328721 0.514917
v 0.541618 -0.210338 0.334656
v 0.511177 -0.295030 0.291777
v 0.545174 -0.211010 0.287196
v 0.506478 -0.183565 0.528259
v 0.475337 -0.276419 0.536980
v 0.561875 -0.117880 0.379566
v 0.556166 -0.166304 0.307866
v 0.056329 0.005074 1.032217
v -0.063677 0.003595 1.035018
v 0.052935 -0.058587 1.023164
v -0.067192 -0.058913 1.028971
v 0.055790 0.174706 0.979533
v -0.049572 0.176102 0.979061
v 0.052469 0.231617 0.953357
v -0.047406 0.232741 0.955238
v 0.112836 0.090145 1.003786
v 0.113256 -0.027246 1.024081
v 0.166821 0.061297 1.000853
v -0.110267 0.088677 1.003106
v -0.125585 -0.030318 1.032244
v -0.166495 0.056788 0.997653
v 0.104906 0.202948 0.957632
v 0.163211 0.117236 0.980626
v -0.100030 0.205925 0.960980
v -0.159435 0.117200 0.978118
v 0.317939 -0.256808 0.857528
v 0.287910 -0.161429 0.914294
v 0.299522 -0.303933 0.906155
v 0.256093 -0.206556 0.956487
v 0.420622 -0.119479 0.738538
v 0.390926 -0.036904 0.799429
v 0.447437 -0.079531 0.703781
v 0.423330 0.001043 0.764576
v 0.374101 -0.224479 0.757162
v 0.322597 -0.323528 0.847539
v 0.364709 -0.287939 0.740839
v 0.445887 -0.135994 0.684202
v 0.394473 -0.237748 0.696810
v 0.323611 -0.052186 0.879688
v 0.252029 -0.130613 0.954490
v 0.290707 -0.024645 0.922748
v 0.393875 0.022023 0.807647
v 0.327561 0.010919 0.884721
v -0.315301 -0.246335 0.850993
v -0.286242 -0.161757 0.925314
v -0.284572 -0.283867 0.885338
v -0.262223 -0.200958 0.965221
v -0.432057 -0.122862 0.745582
v -0.404855 -0.040455 0.808571
v -0.472739 -0.084600 0.712853
v -0.447502 -0.002676 0.775423
v -0.386371 -0.223877 0.761261
v -0.314647 -0.306048 0.831694
v -0.378401 -0.281103 0.742030
v -0.466118 -0.143228 0.696329
v -0.415649 -0.238380 0.708150
v -0.329684 -0.055401 0.893608
v -0.258716 -0.132759 0.970496
v -0.295933 -0.029728 0.938953
v -0.411943 0.019780 0.819352
v -0.336511 0.007054 0.901275
v 0.300406 0.395098 0.773034
v 0.278149 0.316278 0.841816
v 0.253890 0.423071 0.785878
v 0.229709 0.343478 0.849294
v 0.421108 0.313844 0.720100
v 0.396477 0.233751 0.782455
v 0.453004 0.287066 0.698500
v 0.426712 0.208426 0.756032
v 0.378479 0.393098 0.716298
v 0.286737 0.447718 0.745406
v 0.366057 0.445609 0.687960
v 0.450574 0.339373 0.675746
v 0.409370 0.418946 0.671675
v 0.328130 0.233556 0.844870
v 0.238865 0.290199 0.877028
v 0.289921 0.205549 0.882146
v 0.399723 0.181463 0.798356
v 0.331244 0.179075 0.862143
v -0.310829 0.411749 0.783751
v -0.282517 0.322234 0.845868
v -0.260298 0.433341 0.793691
v -0.234098 0.350818 0.856712
v -0.441738 0.317065 0.725290
v -0.415241 0.237993 0.791312
v -0.478228 0.287867 0.703656
v -0.453373 0.210264 0.764836
v -0.388903 0.406967 0.724422
v -0.297605 0.462411 0.757739
v -0.375107 0.457927 0.700173
v -0.470972 0.340205 0.681802
v -0.417239 0.427004 0.680585
v -0.336158 0.234374 0.852152
v -0.241284 0.292580 0.879232
v -0.298755 0.205396 0.892942
v -0.421320 0.182874 0.809869
v -0.341223 0.178830 0.872216
v 0.049747 0.047336 -0.524814
v -0.041001 0.050262 -0.516862
v 0.047615 -0.006213 -0.493303
v -0.038074 -0.003470 -0.484933
v 0.060720 0.207575 -0.637521
v -0.058314 0.207267 -0.632012
v 0.065687 0.266633 -0.656660
v -0.064608 0.264560 -0.657205
v 0.100633 0.126998 -0.572011
v 0.093553 0.018687 -0.505282
v 0.142101 0.099948 -0.536896
v -0.097862 0.127376 -0.567288
v -0.082965 0.025454 -0.487426
v -0.137300 0.101024 -0.526624
v 0.122863 0.249186 -0.632882
v 0.151913 0.155020 -0.574161
v -0.121493 0.242892 -0.637961
v -0.150939 0.150708 -0.573076
v 0.242905 -0.159405 -0.305107
v 0.223500 -0.083245 -0.362676
v 0.207017 -0.189744 -0.323714
v 0.189753 -0.113572 -0.381141
v 0.353876 -0.069265 -0.247425
v 0.328721 0.002972 -0.296365
v 0.391802 -0.040594 -0.227922
v 0.363848 0.029605 -0.272634
v 0.307971 -0.150150 -0.251449
v 0.232265 -0.211556 -0.285996
v 0.296655 -0.202239 -0.234038
v 0.383960 -0.088759 -0.214400
v 0.335609 -0.170339 -0.217783
v 0.263497 0.000068 -0.360501
v 0.193259 -0.057689 -0.399707
v 0.233619 0.024858 -0.404234
v 0.331834 0.053784 -0.309526
v 0.266884 0.053296 -0.379352
v -0.251309 -0.169855 -0.305805
v -0.227754 -0.089182 -0.355341
v -0.211449 -0.198895 -0.321546
v -0.190221 -0.118597 -0.373383
v -0.358208 -0.073030 -0.242607
v -0.339461 -0.004187 -0.289426
v -0.396477 -0.043718 -0.224742
v -0.373279 0.024611 -0.266389
v -0.310785 -0.154840 -0.251412
v -0.239928 -0.223158 -0.291124
v -0.297770 -0.204575 -0.235872
v -0.382914 -0.089418 -0.209889
v -0.333814 -0.169873 -0.217000
v -0.268910 -0.005212 -0.349910
v -0.194191 -0.061209 -0.390409
v -0.234733 0.023147 -0.390733
v -0.340526 0.049962 -0.301817
v -0.269287 0.051451 -0.365713
v 0.311939 0.440292 -0.442701
v 0.313806 0.363318 -0.540234
v 0.286271 0.478243 -0.483567
v 0.269748 0.395909 -0.575016
v 0.383491 0.326212 -0.304636
v 0.344506 0.254903 -0.343861
v 0.417302 0.291727 -0.266624
v 0.373884 0.224836 -0.300347
v 0.352112 0.417452 -0.338977
v 0.301297 0.501599 -0.425530
v 0.347163 0.478622 -0.326497
v 0.418422 0.342332 -0.264648
v 0.382674 0.437231 -0.292109
v 0.327521 0.261213 -0.475425
v 0.282937 0.333021 -0.613702
v 0.311445 0.226738 -0.542216
v 0.339575 0.204559 -0.337577
v 0.304993 0.205208 -0.454069
v -0.315914 0.439188 -0.441957
v -0.316141 0.345679 -0.542102
v -0.288901 0.480997 -0.480237
v -0.267092 0.374118 -0.568420
v -0.393419 0.321385 -0.308626
v -0.358675 0.251538 -0.352804
v -0.426876 0.286235 -0.272185
v -0.388732 0.221465 -0.307079
v -0.353975 0.415035 -0.335153
v -0.304870 0.502892 -0.420169
v -0.351379 0.478213 -0.327807
v -0.422502 0.338579 -0.266138
v -0.380404 0.433101 -0.290294
v -0.328388 0.253056 -0.473234
v -0.287568 0.309907 -0.606041
v -0.319019 0.221139 -0.544480
v -0.350608 0.203644 -0.342277
v -0.305030 0.203309 -0.450175
v 0.577447 0.143141 0.128550
v 0.579705 0.061039 0.127654
v 0.576634 0.142085 0.078371
v 0.576849 0.063665 0.078676
v 0.591577 0.147218 0.276684
v 0.591497 0.058348 0.273464
v 0.590097 0.149883 0.326725
v 0.588877 0.059738 0.324726
v 0.581391 0.188115 0.203797
v 0.575195 0.183555 0.103464
v 0.574052 0.230658 0.180058
v 0.590715 0.193633 0.304335
v 0.577396 0.233693 0.231403
v 0.582392 0.015699 0.200866
v 0.574954 0.022141 0.104337
v 0.575851 -0.025076 0.178285
v 0.585201 0.014524 0.299707
v 0.580542 -0.028521 0.225666
v -0.605286 0.147508 0.125826
v -0.606246 0.065189 0.125517
v -0.597220 0.146507 0.080243
v -0.598669 0.068356 0.080951
v -0.600605 0.151382 0.276899
v -0.610256 0.060525 0.276002
v -0.595866 0.150753 0.330809
v -0.601369 0.059679 0.329168
v -0.601469 0.192335 0.202364
v -0.597146 0.186195 0.104357
v -0.597711 0.233734 0.179648
v -0.595415 0.195177 0.305590
v -0.595836 0.236863 0.230864
v -0.612562 0.018712 0.201243
v -0.603742 0.026347 0.104407
v -0.605420 -0.021907 0.180156
v -0.606028 0.013907 0.302313
v -0.608309 -0.026599 0.229228
v -0.210356 0.797162 0.292513
v -0.238277 0.773131 0.339269
v -0.214104 0.821690 0.072510
v -0.245846 0.804374 0.016452
v -0.186597 0.799905 0.344199
v -0.197799 0.830762 -0.000448
v -0.386255 0.665536 0.400988
v -0.422498 0.634508 0.381519
v -0.410196 0.634707 0.435784
v -0.358295 0.686970 -0.027732
v -0.390535 0.648203 0.007584
v -0.378685 0.662675 -0.063709
v -0.483429 0.575213 0.189998
v -0.492922 0.577600 0.239728
v -0.507836 0.540223 0.219462
v 0.224144 0.813522 0.289471
v 0.252794 0.796158 0.335590
v 0.223127 0.826863 0.079329
v 0.239247 0.798263 0.025886
v 0.196161 0.806021 0.339850
v 0.198244 0.825834 0.004847
v 0.399027 0.688167 0.397606
v 0.428000 0.659899 0.386434
v 0.421429 0.655084 0.432191
v 0.346400 0.676277 -0.013282
v 0.379227 0.642257 0.017884
v 0.366871 0.644396 -0.050736
v 0.461380 0.578502 0.193206
v 0.466192 0.582564 0.246428
v 0.478360 0.539687 0.220541
v -0.216379 -0.610515 0.289912
v -0.241257 -0.591527 0.338591
v -0.247507 -0.730244 0.084967
v -0.290298 -0.715758 0.018783
v -0.188055 -0.610434 0.347139
v -0.225275 -0.731869 0.010586
v -0.386375 -0.476503 0.392072
v -0.432028 -0.454215 0.377636
v -0.412308 -0.444019 0.425747
v -0.382718 -0.485442 -0.002528
v -0.391406 -0.430598 0.037904
v -0.381028 -0.426615 -0.019066
v -0.461905 -0.349770 0.209990
v -0.472290 -0.358864 0.256793
v -0.492694 -0.313727 0.235424
v 0.224682 -0.635625 0.295649
v 0.248622 -0.612749 0.346867
v 0.256527 -0.715504 0.079571
v 0.303035 -0.725197 0.020774
v 0.198078 -0.637163 0.358107
v 0.236191 -0.730069 0.013957
v 0.385625 -0.494761 0.402372
v 0.426848 -0.460426 0.382428
v 0.409400 -0.457876 0.435835
v 0.385899 -0.502441 -0.000687
v 0.396951 -0.449039 0.037080
v 0.385419 -0.443253 -0.018377
v 0.463931 -0.371043 0.196039
v 0.473661 -0.377226 0.244714
v 0.486511 -0.330920 0.220439
v -0.028419 -0.572570 0.815555
v 0.042444 -0.587916 0.787741
v -0.228311 -0.444938 0.870215
v -0.240395 -0.377015 0.886064
v 0.000824 -0.592295 0.761240
v -0.281204 -0.411406 0.849720
v 0.321901 -0.485115 0.877043
v 0.292885 -0.413734 0.913496
v 0.312457 -0.435781 0.862740
v 0.111121 -0.157592 1.004995
v 0.171643 -0.199293 1.000206
v -0.134100 -0.153553 1.018975
v -0.193604 -0.192645 1.014842
v 0.165132 -0.129377 1.002759
v -0.188442 -0.128884 1.025049
v -0.034634 0.647179 0.690333
v 0.021039 0.639497 0.683716
v -0.179167 0.550399 0.743174
v -0.194933 0.503521 0.769328
v -0.006226 0.676346 0.653723
v -0.231381 0.535847 0.738155
v 0.173927 0.544964 0.741636
v 0.190044 0.498131 0.768687
v 0.223838 0.524547 0.731136
v 0.094927 0.315037 0.906189
v 0.137827 0.341967 0.880740
v -0.094900 0.319288 0.916484
v -0.140117 0.348434 0.892946
v 0.144985 0.287724 0.906755
v -0.144707 0.291656 0.914656
v -0.019275 -0.435567 -0.267993
v 0.023473 -0.439475 -0.271272
v -0.141277 -0.320532 -0.283530
v -0.156810 -0.274445 -0.310204
v 0.004155 -0.472837 -0.242224
v -0.187173 -0.302217 -0.281141
v 0.141976 -0.322380 -0.298048
v 0.156670 -0.271610 -0.319249
v 0.180675 -0.294496 -0.282697
v 0.075286 -0.081337 -0.434103
v 0.113150 -0.109670 -0.409479
v -0.075591 -0.086216 -0.437172
v -0.112648 -0.116098 -0.413672
v 0.120855 -0.057988 -0.439911
v -0.117099 -0.058394 -0.432200
v -0.028428 0.777853 -0.419471
v 0.040574 0.776642 -0.421530
v -0.226188 0.652360 -0.474007
v -0.233425 0.578763 -0.487027
v 0.004863 0.824437 -0.382661
v -0.263950 0.609015 -0.439592
v 0.234965 0.653232 -0.472921
v 0.230973 0.579964 -0.497852
v 0.265275 0.608846 -0.447755
v 0.131843 0.353200 -0.655267
v 0.171815 0.380564 -0.627654
v -0.122348 0.357676 -0.656229
v -0.178227 0.388999 -0.634863
v 0.186528 0.335308 -0.657871
v -0.186434 0.327976 -0.657835
v 0.488745 0.275415 -0.166080
v 0.473370 0.267562 -0.203263
v 0.548423 0.214829 -0.019950
v 0.560997 0.178605 0.004923
v 0.472303 0.313010 -0.197921
v 0.560015 0.219642 0.028923
v 0.482402 -0.043888 -0.139636
v 0.454632 -0.029744 -0.172833
v 0.553758 -0.000364 -0.012275
v 0.564234 0.033076 0.008743
v 0.445954 -0.074974 -0.157354
v 0.560017 -0.007486 0.034390
v 0.399872 0.101528 -0.253855
v 0.401424 0.148656 -0.256479
v 0.368442 0.126837 -0.290553
v 0.512244 0.299633 0.576374
v 0.497732 0.281341 0.623737
v 0.561517 0.238382 0.426957
v 0.572339 0.195211 0.400585
v 0.497468 0.333521 0.604638
v 0.571024 0.239659 0.380411
v 0.500971 -0.079903 0.570675
v 0.485167 -0.063416 0.619694
v 0.558168 -0.022297 0.423175
v 0.569075 0.019297 0.398414
v 0.483600 -0.116210 0.600056
v 0.572079 -0.026834 0.375646
v 0.448103 0.082223 0.731511
v 0.449474 0.132046 0.730313
v 0.428575 0.106260 0.774812
v -0.494476 0.276017 -0.155773
v -0.477062 0.265953 -0.196822
v -0.558962 0.216751 -0.008591
v -0.574247 0.181024 0.014070
v -0.475470 0.313659 -0.190034
v -0.575078 0.221041 0.037471
v -0.472715 -0.036670 -0.128855
v -0.451845 -0.024704 -0.168122
v -0.560332 0.005850 -0.002057
v -0.574311 0.038230 0.018404
v -0.440172 -0.069372 -0.150648
v -0.575547 -0.004453 0.041012
v -0.411851 0.098991 -0.251847
v -0.416210 0.145474 -0.259953
v -0.378914 0.125819 -0.287198
v -0.532633 0.295089 0.589282
v -0.515254 0.276602 0.631378
v -0.577977 0.236473 0.442961
v -0.585623 0.193921 0.414245
v -0.516945 0.326318 0.612300
v -0.583167 0.238549 0.389688
v -0.534691 -0.081777 0.582250
v -0.523245 -0.066226 0.633252
v -0.571527 -0.024421 0.429625
v -0.582175 0.018615 0.405810
v -0.520821 -0.121328 0.614688
v -0.582251 -0.028533 0.379962
v -0.485659 0.086764 0.747247
v -0.486536 0.134264 0.745259
v -0.458409 0.107551 0.788387
v -0.022813 0.793418 0.436487
v 0.031737 0.799554 0.440788
v 0.006386 0.774701 0.482639
v -0.054348 0.859222 -0.118611
v 0.030401 0.882792 -0.125186
v 0.002177 0.863426 -0.151085
v -0.406676 0.535559 0.577037
v -0.381949 0.519967 0.623512
v -0.427064 0.493067 0.605544
v -0.381978 0.582620 -0.225180
v -0.370787 0.558480 -0.270309
v -0.392286 0.513874 -0.233762
v -0.575534 0.368013 0.213310
v -0.585930 0.320982 0.184667
v -0.588777 0.325819 0.236660
v 0.414037 0.544262 0.573206
v 0.383218 0.521356 0.617797
v 0.429332 0.494471 0.599792
v 0.397593 0.581642 -0.220239
v 0.379909 0.566635 -0.272931
v 0.399028 0.514159 -0.232948
v 0.544230 0.367495 0.212595
v 0.556666 0.320597 0.184593
v 0.559275 0.324216 0.236666
v -0.025421 -0.688493 0.483710
v 0.034205 -0.711113 0.491102
v 0.006934 -0.687399 0.543599
v -0.029446 -0.610593 -0.050433
v 0.035310 -0.605494 -0.051456
v 0.002997 -0.585049 -0.092561
v -0.410983 -0.349552 0.606209
v -0.390893 -0.343464 0.665897
v -0.427805 -0.301342 0.630982
v -0.325224 -0.283544 -0.133703
v -0.303873 -0.269509 -0.176248
v -0.341289 -0.233154 -0.156312
v -0.574748 -0.156262 0.218454
v -0.583978 -0.109912 0.188249
v -0.586026 -0.115061 0.237388
v 0.396926 -0.365077 0.607124
v 0.370187 -0.359399 0.668285
v 0.411019 -0.309980 0.623932
v 0.340029 -0.295171 -0.137726
v 0.312966 -0.275031 -0.177788
v 0.349819 -0.240629 -0.158638
v 0.552840 -0.158041 0.211119
v 0.561532 -0.111263 0.183655
v 0.566532 -0.117220 0.232930
v 0.255769 0.064811 0.955392
v 0.253445 0.119595 0.937565
v 0.292769 0.094891 0.912919
v -0.261242 0.057517 0.963508
v -0.257268 0.117419 0.942580
v -0.303370 0.090458 0.929566
v 0.215767 0.100026 -0.483288
v 0.233910 0.146996 -0.525677
v 0.252236 0.127148 -0.462001
v -0.212033 0.102805 -0.468319
v -0.230914 0.151426 -0.514342
v -0.245420 0.134018 -0.445714
f 1 647 644
f 1 644 643
f 1 643 645
f 1 645 646
f 1 646 647
f 2 649 652
f 6 672 670
f 12 702 699
f 11 696 695
f 8 679 681
f 4 662 659
f 4 659 658
f 4 658 660
f 4 660 661
f 4 661 662
f 5 666 665
f 3 654 657
f 7 673 677
f 9 685 686
f 10 692 688
f 12 701 698
f 6 669 668
f 2 650 648
f 8 682 678
f 11 697 693
f 6 671 669
f 12 700 701
f 11 694 697
f 8 680 682
f 2 651 650
f 10 690 689
f 5 663 664
f 3 655 653
f 7 676 674
f 9 687 684
f 10 691 690
f 5 667 663
f 3 656 655
f 7 675 676
f 9 683 687
f 6 668 672
f 2 648 649
f 8 678 679
f 11 693 696
f 12 698 702
f 10 688 691
f 5 665 667
f 3 657 656
f 7 677 675
f 9 686 683
f 5 664 666
f 3 653 654
f 7 674 673
f 9 684 685
f 10 689 692
f 6 670 671
f 12 699 700
f 11 695 694
f 8 681 680
f 2 652 651
f 35 837 838
f 18 735 736
f 19 742 741
f 40 868 867
f 42 880 879
f 34 832 831
f 33 827 828
f 25 778 780
f 36 844 846
f 20 749 747
f 32 819 820
f 23 765 767
f 24 773 771
f 37 850 849
f 41 876 875
f 34 833 834
f 33 826 825
f 25 779 777
f 36 845 843
f 20 748 750
f 17 729 727
f 14 711 709
f 13 706 703
f 15 718 715
f 16 724 721
f 18 737 733
f 35 839 835
f 42 882 878
f 40 870 866
f 19 744 740
f 30 807 805
f 27 789 787
f 22 762 758
f 28 797 793
f 29 802 799
f 32 821 817
f 23 766 763
f 24 774 770
f 37 852 848
f 41 874 872
f 35 838 836
f 18 736 734
f 19 741 739
f 40 867 865
f 42 879 877
f 34 831 829
f 33 828 824
f 25 780 776
f 36 846 842
f 20 747 745
f 32 820 818
f 23 767 764
f 24 771 769
f 37 849 847
f 41 875 871
f 34 834 830
f 33 825 823
f 25 777 775
f 36 843 841
f 20 750 746
f 14 714 710
f 13 707 704
f 15 719 716
f 16 725 722
f 17 732 728
f 21 755 752
f 31 814 811
f 26 784 781
f 38 857 853
f 39 862 860
f 27 792 788
f 22 759 757
f 28 796 794
f 29 803 800
f 30 810 806
f 31 815 812
f 26 785 782
f 38 856 854
f 39 863 859
f 21 754 751
f 14 712 714
f 13 705 707
f 15 717 719
f 16 723 725
f 17 730 732
f 21 753 755
f 31 816 814
f 26 786 784
f 38 858 857
f 39 861 862
f 27 791 792
f 22 761 759
f 28 795 796
f 29 801 803
f 30 808 810
f 31 813 815
f 26 783 785
f 38 855 856
f 39 864 863
f 21 756 754
f 14 709 712
f 13 703 705
f 15 715 717
f 16 721 723
f 17 727 730
f 21 751 753
f 31 812 816
f 26 782 786
f 38 854 858
f 39 859 861
f 27 787 791
f 22 758 761
f 28 793 795
f 29 799 801
f 30 805 808
f 31 811 813
f 26 781 783
f 38 853 855
f 39 860 864
f 21 752 756
f 17 728 731
f 14 710 713
f 13 704 708
f 15 716 720
f 16 722 726
f 18 734 738
f 35 836 840
f 42 877 881
f 40 865 869
f 19 739 743
f 30 806 809
f 27 788 790
f 22 757 760
f 28 794 798
f 29 800 804
f 32 818 822
f 23 764 768
f 24 769 772
f 37 847 851
f 41 871 873
f 35 835 837
f 18 733 735
f 19 740 742
f 40 866 868
f 42 878 880
f 34 830 832
f 33 823 827
f 25 775 778
f 36 841 844
f 20 746 749
f 32 817 819
f 23 763 765
f 24 770 773
f 37 848 850
f 41 872 876
f 34 829 833
f 33 824 826
f 25 776 779
f 36 842 845
f 20 745 748
f 17 731 729
f 14 713 711
f 13 708 706
f 15 720 718
f 16 726 724
f 18 738 737
f 35 840 839
f 42 881 882
f 40 869 870
f 19 743 744
f 30 809 807
f 27 790 789
f 22 760 762
f 28 798 797
f 29 804 802
f 32 822 821
f 23 768 766
f 24 772 774
f 37 851 852
f 41 873 874
f 107 1269 1270
f 103 1245 1246
f 104 1252 1251
f 110 1288 1287
f 113 1306 1305
f 118 1336 1335
f 154 1551 1552
f 141 1473 1474
f 162 1599 1600
f 121 1354 1353
f 142 1479 1480
f 129 1401 1402
f 130 1408 1407
f 144 1492 1491
f 146 1504 1503
f 151 1533 1534
f 131 1414 1413
f 136 1444 1443
f 161 1594 1593
f 126 1383 1384
f 116 1323 1324
f 108 1275 1276
f 106 1263 1264
f 112 1299 1300
f 115 1317 1318
f 119 1341 1342
f 156 1564 1563
f 139 1462 1461
f 160 1588 1587
f 120 1347 1348
f 149 1521 1522
f 132 1420 1419
f 128 1395 1396
f 145 1497 1498
f 148 1515 1516
f 155 1557 1558
f 133 1425 1426
f 134 1431 1432
f 157 1570 1569
f 124 1372 1371
f 109 1282 1281
f 105 1258 1257
f 111 1294 1293
f 114 1312 1311
f 117 1330 1329
f 125 1378 1377
f 152 1540 1539
f 137 1449 1450
f 158 1575 1576
f 123 1365 1366
f 143 1486 1485
f 127 1390 1389
f 135 1437 1438
f 147 1510 1509
f 150 1528 1527
f 153 1546 1545
f 140 1468 1467
f 138 1455 1456
f 159 1581 1582
f 122 1359 1360
f 107 1272 1271
f 103 1248 1247
f 104 1253 1254
f 110 1289 1290
f 113 1307 1308
f 118 1337 1338
f 154 1554 1553
f 141 1476 1475
f 162 1602 1601
f 121 1355 1356
f 142 1482 1481
f 129 1404 1403
f 130 1409 1410
f 144 1493 1494
f 146 1505 1506
f 151 1536 1535
f 131 1415 1416
f 136 1445 1446
f 161 1595 1596
f 126 1386 1385
f 47 909 907
f 44 891 889
f 43 886 883
f 45 898 895
f 46 904 901
f 49 922 919
f 72 1060 1057
f 102 1240 1237
f 96 1204 1201
f 79 1102 1099
f 62 999 997
f 59 981 979
f 58 976 973
f 60 988 985
f 61 994 991
f 66 1024 1021
f 54 952 949
f 73 1066 1063
f 85 1138 1135
f 92 1179 1177
f 101 1233 1231
f 69 1041 1039
f 50 927 925
f 82 1119 1117
f 97 1209 1207
f 71 1053 1051
f 100 1228 1225
f 94 1192 1189
f 80 1108 1105
f 51 933 931
f 90 1167 1165
f 63 1005 1003
f 55 957 955
f 76 1083 1081
f 87 1150 1147
f 91 1174 1171
f 67 1029 1027
f 56 963 961
f 75 1077 1075
f 83 1126 1123
f 68 1036 1033
f 48 915 913
f 78 1095 1093
f 93 1185 1183
f 98 1216 1213
f 88 1155 1153
f 65 1018 1015
f 57 970 967
f 77 1090 1087
f 86 1143 1141
f 64 1012 1009
f 53 945 943
f 74 1071 1069
f 84 1131 1129
f 89 1162 1159
f 70 1047 1045
f 99 1221 1219
f 95 1197 1195
f 81 1114 1111
f 52 940 937
f 109 1284 1280
f 105 1260 1256
f 111 1296 1292
f 114 1314 1310
f 117 1332 1328
f 125 1380 1376
f 152 1542 1538
f 137 1451 1447
f 158 1577 1573
f 123 1367 1363
f 143 1488 1484
f 127 1392 1388
f 135 1439 1435
f 147 1512 1508
f 150 1530 1526
f 153 1548 1544
f 140 1470 1466
f 138 1457 1453
f 159 1583 1579
f 122 1361 1357
f 107 1270 1268
f 103 1246 1244
f 104 1251 1249
f 110 1287 1285
f 113 1305 1303
f 118 1335 1333
f 154 1552 1550
f 141 1474 1472
f 162 1600 1598
f 121 1353 1351
f 142 1480 1478
f 129 1402 1400
f 130 1407 1405
f 144 1491 1489
f 146 1503 1501
f 151 1534 1532
f 131 1413 1411
f 136 1443 1441
f 161 1593 1591
f 126 1384 1382
f 116 1324 1322
f 108 1276 1274
f 106 1264 1262
f 112 1300 1298
f 115 1318 1316
f 119 1342 1340
f 156 1563 1561
f 139 1461 1459
f 160 1587 1585
f 120 1348 1346
f 149 1522 1520
f 132 1419 1417
f 128 1396 1394
f 145 1498 1496
f 148 1516 1514
f 155 1558 1556
f 133 1426 1424
f 134 1432 1430
f 157 1569 1567
f 124 1371 1369
f 109 1281 1279
f 105 1257 1255
f 111 1293 1291
f 114 1311 1309
f 117 1329 1327
f 125 1377 1375
f 152 1539 1537
f 137 1450 1448
f 158 1576 1574
f 123 1366 1364
f 143 1485 1483
f 127 1389 1387
f 135 1438 1436
f 147 1509 1507
f 150 1527 1525
f 153 1545 1543
f 140 1467 1465
f 138 1456 1454
f 159 1582 1580
f 122 1360 1358
f 107 1271 1267
f 103 1247 1243
f 104 1254 1250
f 110 1290 1286
f 113 1308 1304
f 118 1338 1334
f 154 1553 1549
f 141 1475 1471
f 162 1601 1597
f 121 1356 1352
f 142 1481 1477
f 129 1403 1399
f 130 1410 1406
f 144 1494 1490
f 146 1506 1502
f 151 1535 1531
f 131 1416 1412
f 136 1446 1442
f 161 1596 1592
f 126 1385 1381
f 44 894 890
f 43 887 884
f 45 899 896
f 46 905 902
f 47 912 908
f 52 941 938
f 70 1050 1046
f 99 1224 1220
f 95 1200 1196
f 81 1115 1112
f 59 984 980
f 58 977 974
f 60 989 986
f 61 995 992
f 62 1002 998
f 65 1019 1016
f 57 971 968
f 77 1091 1088
f 86 1146 1142
f 88 1158 1154
f 98 1217 1214
f 68 1037 1034
f 48 918 914
f 78 1098 1094
f 93 1188 1184
f 69 1044 1040
f 101 1236 1232
f 97 1212 1208
f 82 1122 1118
f 50 930 926
f 89 1163 1160
f 64 1013 1010
f 53 948 944
f 74 1074 1070
f 84 1134 1130
f 90 1170 1166
f 63 1008 1004
f 55 960 956
f 76 1086 1082
f 87 1151 1148
f 72 1061 1058
f 49 923 920
f 79 1103 1100
f 96 1205 1202
f 102 1241 1238
f 91 1175 1172
f 67 1032 1028
f 56 966 962
f 75 1080 1076
f 83 1127 1124
f 66 1025 1022
f 54 953 950
f 73 1067 1064
f 85 1139 1136
f 92 1182 1178
f 71 1056 1052
f 100 1229 1226
f 94 1193 1190
f 80 1109 1106
f 51 936 932
f 116 1325 1321
f 108 1277 1273
f 106 1265 1261
f 112 1301 1297
f 115 1319 1315
f 119 1343 1339
f 156 1566 1562
f 139 1464 1460
f 160 1590 1586
f 120 1349 1345
f 149 1523 1519
f 132 1422 1418
f 128 1397 1393
f 145 1499 1495
f 148 1517 1513
f 155 1559 1555
f 133 1427 1423
f 134 1433 1429
f 157 1572 1568
f 124 1374 1370
f 44 892 894
f 43 885 887
f 45 897 899
f 46 903 905
f 47 910 912
f 52 939 941
f 70 1048 1050
f 99 1222 1224
f 95 1198 1200
f 81 1113 1115
f 59 982 984
f 58 975 977
f 60 987 989
f 61 993 995
f 62 1000 1002
f 65 1017 1019
f 57 969 971
f 77 1089 1091
f 86 1144 1146
f 88 1156 1158
f 98 1215 1217
f 68 1035 1037
f 48 916 918
f 78 1096 1098
f 93 1186 1188
f 69 1042 1044
f 101 1234 1236
f 97 1210 1212
f 82 1120 1122
f 50 928 930
f 89 1161 1163
f 64 1011 1013
f 53 946 948
f 74 1072 1074
f 84 1132 1134
f 90 1168 1170
f 63 1006 1008
f 55 958 960
f 76 1084 1086
f 87 1149 1151
f 72 1059 1061
f 49 921 923
f 79 1101 1103
f 96 1203 1205
f 102 1239 1241
f 91 1173 1175
f 67 1030 1032
f 56 964 966
f 75 1078 1080
f 83 1125 1127
f 66 1023 1025
f 54 951 953
f 73 1065 1067
f 85 1137 1139
f 92 1180 1182
f 71 1054 1056
f 100 1227 1229
f 94 1191 1193
f 80 1107 1109
f 51 934 936
f 116 1326 1325
f 108 1278 1277
f 106 1266 1265
f 112 1302 1301
f 115 1320 1319
f 119 1344 1343
f 156 1565 1566
f 139 1463 1464
f 160 1589 1590
f 120 1350 1349
f 149 1524 1523
f 132 1421 1422
f 128 1398 1397
f 145 1500 1499
f 148 1518 1517
f 155 1560 1559
f 133 1428 1427
f 134 1434 1433
f 157 1571 1572
f 124 1373 1374
f 44 889 892
f 43 883 885
f 45 895 897
f 46 901 903
f 47 907 910
f 52 937 939
f 70 1045 1048
f 99 1219 1222
f 95 1195 1198
f 81 1111 1113
f 59 979 982
f 58 973 975
f 60 985 987
f 61 991 993
f 62 997 1000
f 65 1015 1017
f 57 967 969
f 77 1087 1089
f 86 1141 1144
f 88 1153 1156
f 98 1213 1215
f 68 1033 1035
f 48 913 916
f 78 1093 1096
f 93 1183 1186
f 69 1039 1042
f 101 1231 1234
f 97 1207 1210
f 82 1117 1120
f 50 925 928
f 89 1159 1161
f 64 1009 1011
f 53 943 946
f 74 1069 1072
f 84 1129 1132
f 90 1165 1168
f 63 1003 1006
f 55 955 958
f 76 1081 1084
f 87 1147 1149
f 72 1057 1059
f 49 919 921
f 79 1099 1101
f 96 1201 1203
f 102 1237 1239
f 91 1171 1173
f 67 1027 1030
f 56 961 964
f 75 1075 1078
f 83 1123 1125
f 66 1021 1023
f 54 949 951
f 73 1063 1065
f 85 1135 1137
f 92 1177 1180
f 71 1051 1054
f 100 1225 1227
f 94 1189 1191
f 80 1105 1107
f 51 931 934
f 116 1322 1326
f 108 1274 1278
f 106 1262 1266
f 112 1298 1302
f 115 1316 1320
f 119 1340 1344
f 156 1561 1565
f 139 1459 1463
f 160 1585 1589
f 120 1346 1350
f 149 1520 1524
f 132 1417 1421
f 128 1394 1398
f 145 1496 1500
f 148 1514 1518
f 155 1556 1560
f 133 1424 1428
f 134 1430 1434
f 157 1567 1571
f 124 1369 1373
f 47 908 911
f 44 890 893
f 43 884 888
f 45 896 900
f 46 902 906
f 49 920 924
f 72 1058 1062
f 102 1238 1242
f 96 1202 1206
f 79 1100 1104
f 62 998 1001
f 59 980 983
f 58 974 978
f 60 986 990
f 61 992 996
f 66 1022 1026
f 54 950 954
f 73 1064 1068
f 85 1136 1140
f 92 1178 1181
f 101 1232 1235
f 69 1040 1043
f 50 926 929
f 82 1118 1121
f 97 1208 1211
f 71 1052 1055
f 100 1226 1230
f 94 1190 1194
f 80 1106 1110
f 51 932 935
f 90 1166 1169
f 63 1004 1007
f 55 956 959
f 76 1082 1085
f 87 1148 1152
f 91 1172 1176
f 67 1028 1031
f 56 962 965
f 75 1076 1079
f 83 1124 1128
f 68 1034 1038
f 48 914 917
f 78 1094 1097
f 93 1184 1187
f 98 1214 1218
f 88 1154 1157
f 65 1016 1020
f 57 968 972
f 77 1088 1092
f 86 1142 1145
f 64 1010 1014
f 53 944 947
f 74 1070 1073
f 84 1130 1133
f 89 1160 1164
f 70 1046 1049
f 99 1220 1223
f 95 1196 1199
f 81 1112 1116
f 52 938 942
f 109 1279 1283
f 105 1255 1259
f 111 1291 1295
f 114 1309 1313
f 117 1327 1331
f 125 1375 1379
f 152 1537 1541
f 137 1448 1452
f 158 1574 1578
f 123 1364 1368
f 143 1483 1487
f 127 1387 1391
f 135 1436 1440
f 147 1507 1511
f 150 1525 1529
f 153 1543 1547
f 140 1465 1469
f 138 1454 1458
f 159 1580 1584
f 122 1358 1362
f 107 1267 1269
f 103 1243 1245
f 104 1250 1252
f 110 1286 1288
f 113 1304 1306
f 118 1334 1336
f 154 1549 1551
f 141 1471 1473
f 162 1597 1599
f 121 1352 1354
f 142 1477 1479
f 129 1399 1401
f 130 1406 1408
f 144 1490 1492
f 146 1502 1504
f 151 1531 1533
f 131 1412 1414
f 136 1442 1444
f 161 1592 1594
f 126 1381 1383
f 116 1321 1323
f 108 1273 1275
f 106 1261 1263
f 112 1297 1299
f 115 1315 1317
f 119 1339 1341
f 156 1562 1564
f 139 1460 1462
f 160 1586 1588
f 120 1345 1347
f 149 1519 1521
f 132 1418 1420
f 128 1393 1395
f 145 1495 1497
f 148 1513 1515
f 155 1555 1557
f 133 1423 1425
f 134 1429 1431
f 157 1568 1570
f 124 1370 1372
f 109 1280 1282
f 105 1256 1258
f 111 1292 1294
f 114 1310 1312
f 117 1328 1330
f 125 1376 1378
f 152 1538 1540
f 137 1447 1449
f 158 1573 1575
f 123 1363 1365
f 143 1484 1486
f 127 1388 1390
f 135 1435 1437
f 147 1508 1510
f 150 1526 1528
f 153 1544 1546
f 140 1466 1468
f 138 1453 1455
f 159 1579 1581
f 122 1357 1359
f 107 1268 1272
f 103 1244 1248
f 104 1249 1253
f 110 1285 1289
f 113 1303 1307
f 118 1333 1337
f 154 1550 1554
f 141 1472 1476
f 162 1598 1602
f 121 1351 1355
f 142 1478 1482
f 129 1400 1404
f 130 1405 1409
f 144 1489 1493
f 146 1501 1505
f 151 1532 1536
f 131 1411 1415
f 136 1441 1445
f 161 1591 1595
f 126 1382 1386
f 47 911 909
f 44 893 891
f 43 888 886
f 45 900 898
f 46 906 904
f 49 924 922
f 72 1062 1060
f 102 1242 1240
f 96 1206 1204
f 79 1104 1102
f 62 1001 999
f 59 983 981
f 58 978 976
f 60 990 988
f 61 996 994
f 66 1026 1024
f 54 954 952
f 73 1068 1066
f 85 1140 1138
f 92 1181 1179
f 101 1235 1233
f 69 1043 1041
f 50 929 927
f 82 1121 1119
f 97 1211 1209
f 71 1055 1053
f 100 1230 1228
f 94 1194 1192
f 80 1110 1108
f 51 935 933
f 90 1169 1167
f 63 1007 1005
f 55 959 957
f 76 1085 1083
f 87 1152 1150
f 91 1176 1174
f 67 1031 1029
f 56 965 963
f 75 1079 1077
f 83 1128 1126
f 68 1038 1036
f 48 917 915
f 78 1097 1095
f 93 1187 1185
f 98 1218 1216
f 88 1157 1155
f 65 1020 1018
f 57 972 970
f 77 1092 1090
f 86 1145 1143
f 64 1014 1012
f 53 947 945
f 74 1073 1071
f 84 1133 1131
f 89 1164 1162
f 70 1049 1047
f 99 1223 1221
f 95 1199 1197
f 81 1116 1114
f 52 942 940
f 109 1283 1284
f 105 1259 1260
f 111 1295 1296
f 114 1313 1314
f 117 1331 1332
f 125 1379 1380
f 152 1541 1542
f 137 1452 1451
f 158 1578 1577
f 123 1368 1367
f 143 1487 1488
f 127 1391 1392
f 135 1440 1439
f 147 1511 1512
f 150 1529 1530
f 153 1547 1548
f 140 1469 1470
f 138 1458 1457
f 159 1584 1583
f 122 1362 1361
f 407 1609 1616
f 403 1605 1608
f 404 1611 1606
f 410 1614 1612
f 413 1617 1615
f 422 1631 1624
f 486 1688 1692
f 573 1775 1782
f 561 1763 1765
f 512 1719 1714
f 452 1654 1661
f 448 1650 1653
f 449 1656 1651
f 455 1659 1657
f 458 1662 1660
f 470 1672 1675
f 437 1646 1639
f 494 1706 1696
f 531 1735 1733
f 539 1741 1751
f 568 1770 1779
f 478 1680 1683
f 419 1621 1626
f 509 1711 1721
f 554 1756 1766
f 482 1684 1689
f 576 1780 1778
f 558 1767 1760
f 516 1722 1718
f 425 1627 1629
f 542 1744 1747
f 463 1668 1665
f 434 1636 1641
f 497 1699 1704
f 528 1730 1737
f 546 1748 1750
f 464 1666 1676
f 440 1642 1644
f 500 1705 1702
f 524 1736 1726
f 479 1691 1681
f 418 1623 1620
f 508 1713 1710
f 553 1764 1755
f 569 1781 1771
f 538 1749 1740
f 471 1677 1673
f 443 1645 1647
f 501 1703 1707
f 523 1725 1734
f 467 1674 1669
f 433 1638 1635
f 493 1695 1698
f 527 1732 1729
f 543 1752 1745
f 485 1690 1687
f 572 1777 1774
f 557 1759 1762
f 515 1717 1720
f 428 1630 1632
f 591 2191 2189
f 587 1885 1883
f 588 1901 1903
f 594 2279 2281
f 597 2315 2317
f 600 2171 2173
f 634 2160 2158
f 619 2016 2012
f 639 2214 2210
f 602 1919 1924
f 624 2137 2135
f 608 1978 1973
f 610 1991 1996
f 627 2225 2227
f 630 2302 2304
f 635 2178 2176
f 615 2153 2155
f 617 2009 2014
f 637 2207 2212
f 604 1926 1922
f 416 1857 1864
f 408 1803 1810
f 406 1786 1795
f 412 1822 1831
f 415 1840 1849
f 424 1876 1887
f 492 2182 2193
f 582 2312 2321
f 565 2276 2285
f 514 1898 1907
f 461 2091 2098
f 453 2037 2044
f 451 1952 1961
f 457 2056 2067
f 460 2074 2083
f 475 2128 2139
f 439 1966 1975
f 496 1988 1997
f 533 2222 2231
f 551 2293 2298
f 579 2185 2190
f 483 1879 1884
f 426 1893 1900
f 521 2271 2278
f 566 2307 2314
f 489 2163 2170
f 578 2150 2159
f 560 2006 2015
f 518 2204 2213
f 429 1911 1918
f 547 2131 2136
f 465 1969 1977
f 441 1983 1990
f 504 2217 2224
f 537 2290 2301
f 550 2168 2177
f 476 2145 2152
f 444 2001 2008
f 502 2199 2206
f 526 1916 1925
f 481 1808 1817
f 420 1789 1797
f 510 1825 1833
f 555 1843 1851
f 571 1862 1871
f 540 1933 1941
f 473 2110 2119
f 447 2020 2029
f 507 2236 2247
f 534 2257 2262
f 469 2042 2051
f 435 1947 1954
f 498 2059 2064
f 529 2077 2085
f 545 2096 2105
f 487 2113 2121
f 574 2023 2031
f 562 2239 2244
f 520 2254 2265
f 432 1930 1939
f 589 1818 1814
f 583 1798 1793
f 586 1834 1829
f 593 1852 1847
f 596 1872 1868
f 599 1942 1937
f 633 2120 2124
f 620 2030 2034
f 640 2248 2250
f 603 2263 2261
f 622 2052 2050
f 607 1955 1960
f 612 2065 2063
f 626 2086 2081
f 629 2106 2102
f 631 2122 2117
f 614 2032 2027
f 618 2245 2243
f 641 2266 2268
f 605 1940 1944
f 409 1813 1804
f 405 1792 1785
f 411 1828 1821
f 414 1846 1839
f 417 1867 1858
f 431 1936 1929
f 488 2123 2114
f 575 2033 2024
f 563 2249 2240
f 519 2260 2253
f 454 2049 2038
f 450 1959 1951
f 456 2062 2055
f 459 2080 2073
f 462 2101 2092
f 472 2116 2109
f 446 2026 2019
f 506 2242 2235
f 535 2267 2258
f 541 1943 1934
f 570 1869 1861
f 480 1815 1807
f 421 1799 1790
f 511 1835 1826
f 556 1853 1844
f 484 1889 1880
f 580 2195 2186
f 567 2319 2308
f 522 2283 2272
f 427 1905 1894
f 544 2103 2095
f 468 2046 2041
f 436 1957 1948
f 499 2069 2060
f 530 2087 2078
f 548 2141 2132
f 466 1979 1970
f 442 1993 1984
f 505 2229 2218
f 536 2296 2289
f 491 2188 2181
f 423 1882 1875
f 513 1902 1897
f 564 2280 2275
f 581 2316 2311
f 549 2172 2167
f 477 2157 2146
f 445 2011 2002
f 503 2209 2200
f 525 1923 1915
f 474 2134 2127
f 438 1972 1965
f 495 1995 1987
f 532 2226 2221
f 552 2303 2294
f 490 2175 2164
f 577 2154 2149
f 559 2013 2005
f 517 2211 2203
f 430 1921 1912
f 590 1865 1870
f 584 1811 1816
f 585 1796 1800
f 592 1832 1836
f 595 1850 1854
f 598 1888 1890
f 636 2194 2196
f 621 2322 2320
f 642 2286 2284
f 601 1908 1906
f 623 2099 2104
f 611 2045 2047
f 609 1962 1958
f 625 2068 2070
f 628 2084 2088
f 632 2140 2142
f 613 1976 1980
f 616 1998 1994
f 638 2232 2230
f 606 2299 2297
f 407 2330 2329
f 403 2324 2323
f 404 2325 2326
f 410 2332 2333
f 413 2335 2336
f 422 2344 2345
f 486 2410 2409
f 573 2497 2496
f 561 2486 2485
f 512 2434 2435
f 452 2375 2374
f 448 2369 2368
f 449 2370 2371
f 455 2377 2378
f 458 2380 2381
f 470 2393 2392
f 437 2359 2360
f 494 2415 2416
f 531 2455 2456
f 539 2461 2460
f 568 2489 2488
f 478 2399 2398
f 419 2341 2340
f 509 2431 2430
f 554 2476 2475
f 482 2405 2404
f 576 2500 2501
f 558 2481 2482
f 516 2439 2440
f 425 2348 2347
f 542 2465 2464
f 463 2383 2384
f 434 2356 2355
f 497 2420 2419
f 528 2452 2451
f 546 2471 2470
f 464 2386 2385
f 440 2363 2362
f 500 2422 2423
f 524 2445 2446
f 479 2400 2401
f 418 2338 2339
f 508 2428 2429
f 553 2473 2474
f 569 2490 2491
f 538 2458 2459
f 471 2394 2395
f 443 2366 2365
f 501 2425 2424
f 523 2444 2443
f 467 2389 2390
f 433 2353 2354
f 493 2414 2413
f 527 2449 2450
f 543 2466 2467
f 485 2407 2408
f 572 2494 2495
f 557 2480 2479
f 515 2438 2437
f 428 2351 2350
f 591 2510 2511
f 587 2504 2505
f 588 2508 2507
f 594 2514 2513
f 597 2517 2516
f 600 2520 2519
f 634 2554 2556
f 619 2539 2540
f 639 2560 2561
f 602 2523 2521
f 624 2543 2544
f 608 2527 2529
f 610 2532 2530
f 627 2547 2546
f 630 2550 2549
f 635 2552 2553
f 615 2535 2534
f 617 2538 2536
f 637 2558 2557
f 604 2524 2525
f 167 1607 647
f 164 1603 644
f 163 1604 643
f 165 1610 645
f 166 1613 646
f 169 1622 649
f 192 1686 672
f 222 1773 702
f 216 1761 696
f 199 1712 679
f 182 1652 662
f 179 1648 659
f 178 1649 658
f 180 1655 660
f 181 1658 661
f 186 1670 666
f 174 1637 654
f 193 1694 673
f 205 1731 685
f 212 1739 692
f 221 1768 701
f 189 1678 669
f 170 1619 650
f 202 1709 682
f 217 1754 697
f 191 1682 671
f 220 1776 700
f 214 1758 694
f 200 1716 680
f 171 1625 651
f 210 1742 690
f 183 1663 663
f 175 1634 655
f 196 1697 676
f 207 1728 687
f 211 1746 691
f 187 1664 667
f 176 1640 656
f 195 1700 675
f 203 1724 683
f 188 1679 668
f 168 1618 648
f 198 1708 678
f 213 1753 693
f 218 1769 698
f 208 1738 688
f 185 1671 665
f 177 1643 657
f 197 1701 677
f 206 1723 686
f 184 1667 664
f 173 1633 653
f 194 1693 674
f 204 1727 684
f 209 1743 689
f 190 1685 670
f 219 1772 699
f 215 1757 695
f 201 1715 681
f 172 1628 652
f 357 2187 837
f 255 1881 735
f 262 1899 742
f 388 2277 868
f 400 2313 880
f 352 2169 832
f 347 2156 827
f 298 2010 778
f 364 2208 844
f 269 1917 749
f 339 2133 819
f 285 1971 765
f 293 1989 773
f 370 2223 850
f 396 2300 876
f 353 2174 833
f 346 2151 826
f 299 2007 779
f 365 2205 845
f 268 1920 748
f 249 1855 729
f 231 1801 711
f 226 1784 706
f 238 1820 718
f 244 1838 724
f 257 1874 737
f 359 2180 839
f 402 2310 882
f 390 2274 870
f 264 1896 744
f 327 2089 807
f 309 2035 789
f 282 1950 762
f 317 2054 797
f 322 2072 802
f 341 2126 821
f 286 1964 766
f 294 1986 774
f 372 2220 852
f 394 2291 874
f 358 2183 838
f 256 1877 736
f 261 1891 741
f 387 2269 867
f 399 2305 879
f 351 2161 831
f 348 2148 828
f 300 2004 780
f 366 2202 846
f 267 1909 747
f 340 2129 820
f 287 1967 767
f 291 1981 771
f 369 2215 849
f 395 2288 875
f 354 2166 834
f 345 2143 825
f 297 1999 777
f 363 2197 843
f 270 1914 750
f 234 1806 714
f 227 1787 707
f 239 1823 719
f 245 1841 725
f 252 1860 732
f 275 1931 755
f 334 2108 814
f 304 2018 784
f 377 2234 857
f 382 2255 862
f 312 2040 792
f 279 1945 759
f 316 2057 796
f 323 2075 803
f 330 2094 810
f 335 2111 815
f 305 2021 785
f 376 2237 856
f 383 2252 863
f 274 1928 754
f 232 1812 712
f 225 1791 705
f 237 1827 717
f 243 1845 723
f 250 1866 730
f 273 1935 753
f 336 2118 816
f 306 2028 786
f 378 2246 858
f 381 2259 861
f 311 2048 791
f 281 1953 761
f 315 2061 795
f 321 2079 801
f 328 2100 808
f 333 2115 813
f 303 2025 783
f 375 2241 855
f 384 2264 864
f 276 1938 756
f 229 1802 709
f 223 1783 703
f 235 1819 715
f 241 1837 721
f 247 1856 727
f 271 1927 751
f 332 2112 812
f 302 2022 782
f 374 2238 854
f 379 2251 859
f 307 2036 787
f 278 1949 758
f 313 2053 793
f 319 2071 799
f 325 2090 805
f 331 2107 811
f 301 2017 781
f 373 2233 853
f 380 2256 860
f 272 1932 752
f 248 1859 728
f 230 1805 710
f 224 1788 704
f 236 1824 716
f 242 1842 722
f 254 1878 734
f 356 2184 836
f 397 2306 877
f 385 2270 865
f 259 1892 739
f 326 2093 806
f 308 2039 788
f 277 1946 757
f 314 2058 794
f 320 2076 800
f 338 2130 818
f 284 1968 764
f 289 1982 769
f 367 2216 847
f 391 2287 871
f 355 2179 835
f 253 1873 733
f 260 1895 740
f 386 2273 866
f 398 2309 878
f 350 2165 830
f 343 2144 823
f 295 2000 775
f 361 2198 841
f 266 1913 746
f 337 2125 817
f 283 1963 763
f 290 1985 770
f 368 2219 848
f 392 2292 872
f 349 2162 829
f 344 2147 824
f 296 2003 776
f 362 2201 842
f 265 1910 745
f 251 1863 731
f 233 1809 713
f 228 1794 708
f 240 1830 720
f 246 1848 726
f 258 1886 738
f 360 2192 840
f 401 2318 881
f 389 2282 869
f 263 1904 743
f 329 2097 809
f 310 2043 790
f 280 1956 760
f 318 2066 798
f 324 2082 804
f 342 2138 822
f 288 1974 768
f 292 1992 772
f 371 2228 851
f 393 2295 873
f 409 2331 1269
f 405 2327 1245
f 411 2328 1252
f 414 2334 1288
f 417 2337 1306
f 431 2346 1336
f 488 2412 1551
f 575 2499 1473
f 563 2487 1599
f 519 2436 1354
f 454 2376 1479
f 450 2372 1401
f 456 2373 1408
f 459 2379 1492
f 462 2382 1504
f 472 2396 1533
f 446 2361 1414
f 506 2418 1444
f 535 2457 1594
f 541 2463 1383
f 570 2492 1323
f 480 2402 1275
f 421 2343 1263
f 511 2433 1299
f 556 2478 1317
f 484 2406 1341
f 580 2502 1564
f 567 2484 1462
f 522 2442 1588
f 427 2349 1347
f 544 2468 1521
f 468 2387 1420
f 436 2358 1395
f 499 2421 1497
f 530 2454 1515
f 548 2472 1557
f 466 2388 1425
f 442 2364 1431
f 505 2426 1570
f 536 2448 1372
f 491 2403 1282
f 423 2342 1258
f 513 2432 1294
f 564 2477 1312
f 581 2493 1330
f 549 2462 1378
f 477 2397 1540
f 445 2367 1449
f 503 2427 1575
f 525 2447 1365
f 474 2391 1486
f 438 2357 1390
f 495 2417 1437
f 532 2453 1510
f 552 2469 1528
f 490 2411 1546
f 577 2498 1468
f 559 2483 1455
f 517 2441 1581
f 430 2352 1359
f 590 2509 1272
f 584 2503 1248
f 585 2506 1253
f 592 2512 1289
f 595 2515 1307
f 598 2518 1337
f 636 2555 1554
f 621 2541 1476
f 642 2562 1602
f 601 2522 1355
f 623 2542 1482
f 611 2528 1404
f 609 2531 1409
f 625 2545 1493
f 628 2548 1505
f 632 2551 1536
f 613 2533 1415
f 616 2537 1445
f 638 2559 1595
f 606 2526 1386
f 407 1616 909
f 403 1608 891
f 404 1606 886
f 410 1612 898
f 413 1615 904
f 422 1624 922
f 486 1692 1060
f 573 1782 1240
f 561 1765 1204
f 512 1714 1102
f 452 1661 999
f 448 1653 981
f 449 1651 976
f 455 1657 988
f 458 1660 994
f 470 1675 1024
f 437 1639 952
f 494 1696 1066
f 531 1733 1138
f 539 1751 1179
f 568 1779 1233
f 478 1683 1041
f 419 1626 927
f 509 1721 1119
f 554 1766 1209
f 482 1689 1053
f 576 1778 1228
f 558 1760 1192
f 516 1718 1108
f 425 1629 933
f 542 1747 1167
f 463 1665 1005
f 434 1641 957
f 497 1704 1083
f 528 1737 1150
f 546 1750 1174
f 464 1676 1029
f 440 1644 963
f 500 1702 1077
f 524 1726 1126
f 479 1681 1036
f 418 1620 915
f 508 1710 1095
f 553 1755 1185
f 569 1771 1216
f 538 1740 1155
f 471 1673 1018
f 443 1647 970
f 501 1707 1090
f 523 1734 1143
f 467 1669 1012
f 433 1635 945
f 493 1698 1071
f 527 1729 1131
f 543 1745 1162
f 485 1687 1047
f 572 1774 1221
f 557 1762 1197
f 515 1720 1114
f 428 1632 940
f 591 2189 1284
f 587 1883 1260
f 588 1903 1296
f 594 2281 1314
f 597 2317 1332
f 600 2173 1380
f 634 2158 1542
f 619 2012 1451
f 639 2210 1577
f 602 1924 1367
f 624 2135 1488
f 608 1973 1392
f 610 1996 1439
f 627 2227 1512
f 630 2304 1530
f 635 2176 1548
f 615 2155 1470
f 617 2014 1457
f 637 2212 1583
f 604 1922 1361
f 416 1864 1270
f 408 1810 1246
f 406 1795 1251
f 412 1831 1287
f 415 1849 1305
f 424 1887 1335
f 492 2193 1552
f 582 2321 1474
f 565 2285 1600
f 514 1907 1353
f 461 2098 1480
f 453 2044 1402
f 451 1961 1407
f 457 2067 1491
f 460 2083 1503
f 475 2139 1534
f 439 1975 1413
f 496 1997 1443
f 533 2231 1593
f 551 2298 1384
f 579 2190 1324
f 483 1884 1276
f 426 1900 1264
f 521 2278 1300
f 566 2314 1318
f 489 2170 1342
f 578 2159 1563
f 560 2015 1461
f 518 2213 1587
f 429 1918 1348
f 547 2136 1522
f 465 1977 1419
f 441 1990 1396
f 504 2224 1498
f 537 2301 1516
f 550 2177 1558
f 476 2152 1426
f 444 2008 1432
f 502 2206 1569
f 526 1925 1371
f 481 1817 1281
f 420 1797 1257
f 510 1833 1293
f 555 1851 1311
f 571 1871 1329
f 540 1941 1377
f 473 2119 1539
f 447 2029 1450
f 507 2247 1576
f 534 2262 1366
f 469 2051 1485
f 435 1954 1389
f 498 2064 1438
f 529 2085 1509
f 545 2105 1527
f 487 2121 1545
f 574 2031 1467
f 562 2244 1456
f 520 2265 1582
f 432 1939 1360
f 589 1814 1271
f 583 1793 1247
f 586 1829 1254
f 593 1847 1290
f 596 1868 1308
f 599 1937 1338
f 633 2124 1553
f 620 2034 1475
f 640 2250 1601
f 603 2261 1356
f 622 2050 1481
f 607 1960 1403
f 612 2063 1410
f 626 2081 1494
f 629 2102 1506
f 631 2117 1535
f 614 2027 1416
f 618 2243 1446
f 641 2268 1596
f 605 1944 1385
f 409 1804 894
f 405 1785 887
f 411 1821 899
f 414 1839 905
f 417 1858 912
f 431 1929 941
f 488 2114 1050
f 575 2024 1224
f 563 2240 1200
f 519 2253 1115
f 454 2038 984
f 450 1951 977
f 456 2055 989
f 459 2073 995
f 462 2092 1002
f 472 2109 1019
f 446 2019 971
f 506 2235 1091
f 535 2258 1146
f 541 1934 1158
f 570 1861 1217
f 480 1807 1037
f 421 1790 918
f 511 1826 1098
f 556 1844 1188
f 484 1880 1044
f 580 2186 1236
f 567 2308 1212
f 522 2272 1122
f 427 1894 930
f 544 2095 1163
f 468 2041 1013
f 436 1948 948
f 499 2060 1074
f 530 2078 1134
f 548 2132 1170
f 466 1970 1008
f 442 1984 960
f 505 2218 1086
f 536 2289 1151
f 491 2181 1061
f 423 1875 923
f 513 1897 1103
f 564 2275 1205
f 581 2311 1241
f 549 2167 1175
f 477 2146 1032
f 445 2002 966
f 503 2200 1080
f 525 1915 1127
f 474 2127 1025
f 438 1965 953
f 495 1987 1067
f 532 2221 1139
f 552 2294 1182
f 490 2164 1056
f 577 2149 1229
f 559 2005 1193
f 517 2203 1109
f 430 1912 936
f 590 1870 1325
f 584 1816 1277
f 585 1800 1265
f 592 1836 1301
f 595 1854 1319
f 598 1890 1343
f 636 2196 1566
f 621 2320 1464
f 642 2284 1590
f 601 1906 1349
f 623 2104 1523
f 611 2047 1422
f 609 1958 1397
f 625 2070 1499
f 628 2088 1517
f 632 2142 1559
f 613 1980 1427
f 616 1994 1433
f 638 2230 1572
f 606 2297 1374
f 407 2329 892
f 403 2323 885
f 404 2326 897
f 410 2333 903
f 413 2336 910
f 422 2345 939
f 486 2409 1048
f 573 2496 1222
f 561 2485 1198
f 512 2435 1113
f 452 2374 982
f 448 2368 975
f 449 2371 987
f 455 2378 993
f 458 2381 1000
f 470 2392 1017
f 437 2360 969
f 494 2416 1089
f 531 2456 1144
f 539 2460 1156
f 568 2488 1215
f 478 2398 1035
f 419 2340 916
f 509 2430 1096
f 554 2475 1186
f 482 2404 1042
f 576 2501 1234
f 558 2482 1210
f 516 2440 1120
f 425 2347 928
f 542 2464 1161
f 463 2384 1011
f 434 2355 946
f 497 2419 1072
f 528 2451 1132
f 546 2470 1168
f 464 2385 1006
f 440 2362 958
f 500 2423 1084
f 524 2446 1149
f 479 2401 1059
f 418 2339 921
f 508 2429 1101
f 553 2474 1203
f 569 2491 1239
f 538 2459 1173
f 471 2395 1030
f 443 2365 964
f 501 2424 1078
f 523 2443 1125
f 467 2390 1023
f 433 2354 951
f 493 2413 1065
f 527 2450 1137
f 543 2467 1180
f 485 2408 1054
f 572 2495 1227
f 557 2479 1191
f 515 2437 1107
f 428 2350 934
f 591 2511 1326
f 587 2505 1278
f 588 2507 1266
f 594 2513 1302
f 597 2516 1320
f 600 2519 1344
f 634 2556 1565
f 619 2540 1463
f 639 2561 1589
f 602 2521 1350
f 624 2544 1524
f 608 2529 1421
f 610 2530 1398
f 627 2546 1500
f 630 2549 1518
f 635 2553 1560
f 615 2534 1428
f 617 2536 1434
f 637 2557 1571
f 604 2525 1373
f 164 1609 889
f 163 1605 883
f 165 1611 895
f 166 1614 901
f 167 1617 907
f 172 1631 937
f 190 1688 1045
f 219 1775 1219
f 215 1763 1195
f 201 1719 1111
f 179 1654 979
f 178 1650 973
f 180 1656 985
f 181 1659 991
f 182 1662 997
f 185 1672 1015
f 177 1646 967
f 197 1706 1087
f 206 1735 1141
f 208 1741 1153
f 218 1770 1213
f 188 1680 1033
f 168 1621 913
f 198 1711 1093
f 213 1756 1183
f 189 1684 1039
f 221 1780 1231
f 217 1767 1207
f 202 1722 1117
f 170 1627 925
f 209 1744 1159
f 184 1668 1009
f 173 1636 943
f 194 1699 1069
f 204 1730 1129
f 210 1748 1165
f 183 1666 1003
f 175 1642 955
f 196 1705 1081
f 207 1736 1147
f 192 1691 1057
f 169 1623 919
f 199 1713 1099
f 216 1764 1201
f 222 1781 1237
f 211 1749 1171
f 187 1677 1027
f 176 1645 961
f 195 1703 1075
f 203 1725 1123
f 186 1674 1021
f 174 1638 949
f 193 1695 1063
f 205 1732 1135
f 212 1752 1177
f 191 1690 1051
f 220 1777 1225
f 214 1759 1189
f 200 1717 1105
f 171 1630 931
f 358 2191 1322
f 256 1885 1274
f 261 1901 1262
f 387 2279 1298
f 399 2315 1316
f 351 2171 1340
f 348 2160 1561
f 300 2016 1459
f 366 2214 1585
f 267 1919 1346
f 340 2137 1520
f 287 1978 1417
f 291 1991 1394
f 369 2225 1496
f 395 2302 1514
f 354 2178 1556
f 345 2153 1424
f 297 2009 1430
f 363 2207 1567
f 270 1926 1369
f 247 1857 908
f 229 1803 890
f 223 1786 884
f 235 1822 896
f 241 1840 902
f 253 1876 920
f 355 2182 1058
f 398 2312 1238
f 386 2276 1202
f 260 1898 1100
f 325 2091 998
f 307 2037 980
f 278 1952 974
f 313 2056 986
f 319 2074 992
f 337 2128 1022
f 283 1966 950
f 290 1988 1064
f 368 2222 1136
f 392 2293 1178
f 356 2185 1232
f 254 1879 1040
f 259 1893 926
f 385 2271 1118
f 397 2307 1208
f 349 2163 1052
f 344 2150 1226
f 296 2006 1190
f 362 2204 1106
f 265 1911 932
f 338 2131 1166
f 284 1969 1004
f 289 1983 956
f 367 2217 1082
f 391 2290 1148
f 350 2168 1172
f 343 2145 1028
f 295 2001 962
f 361 2199 1076
f 266 1916 1124
f 230 1808 1034
f 224 1789 914
f 236 1825 1094
f 242 1843 1184
f 248 1862 1214
f 272 1933 1154
f 331 2110 1016
f 301 2020 968
f 373 2236 1088
f 380 2257 1142
f 308 2042 1010
f 277 1947 944
f 314 2059 1070
f 320 2077 1130
f 326 2096 1160
f 332 2113 1046
f 302 2023 1220
f 374 2239 1196
f 379 2254 1112
f 271 1930 938
f 234 1818 1279
f 227 1798 1255
f 239 1834 1291
f 245 1852 1309
f 252 1872 1327
f 275 1942 1375
f 334 2120 1537
f 304 2030 1448
f 377 2248 1574
f 382 2263 1364
f 312 2052 1483
f 279 1955 1387
f 316 2065 1436
f 323 2086 1507
f 330 2106 1525
f 335 2122 1543
f 305 2032 1465
f 376 2245 1454
f 383 2266 1580
f 274 1940 1358
f 232 1813 1267
f 225 1792 1243
f 237 1828 1250
f 243 1846 1286
f 250 1867 1304
f 273 1936 1334
f 336 2123 1549
f 306 2033 1471
f 378 2249 1597
f 381 2260 1352
f 311 2049 1477
f 281 1959 1399
f 315 2062 1406
f 321 2080 1490
f 328 2101 1502
f 333 2116 1531
f 303 2026 1412
f 375 2242 1442
f 384 2267 1592
f 276 1943 1381
f 251 1869 1321
f 233 1815 1273
f 228 1799 1261
f 240 1835 1297
f 246 1853 1315
f 258 1889 1339
f 360 2195 1562
f 401 2319 1460
f 389 2283 1586
f 263 1905 1345
f 329 2103 1519
f 310 2046 1418
f 280 1957 1393
f 318 2069 1495
f 324 2087 1513
f 342 2141 1555
f 288 1979 1423
f 292 1993 1429
f 371 2229 1568
f 393 2296 1370
f 357 2188 1280
f 255 1882 1256
f 262 1902 1292
f 388 2280 1310
f 400 2316 1328
f 352 2172 1376
f 347 2157 1538
f 298 2011 1447
f 364 2209 1573
f 269 1923 1363
f 339 2134 1484
f 285 1972 1388
f 293 1995 1435
f 370 2226 1508
f 396 2303 1526
f 353 2175 1544
f 346 2154 1466
f 299 2013 1453
f 365 2211 1579
f 268 1921 1357
f 249 1865 1268
f 231 1811 1244
f 226 1796 1249
f 238 1832 1285
f 244 1850 1303
f 257 1888 1333
f 359 2194 1550
f 402 2322 1472
f 390 2286 1598
f 264 1908 1351
f 327 2099 1478
f 309 2045 1400
f 282 1962 1405
f 317 2068 1489
f 322 2084 1501
f 341 2140 1532
f 286 1976 1411
f 294 1998 1441
f 372 2232 1591
f 394 2299 1382
f 416 2330 911
f 408 2324 893
f 406 2325 888
f 412 2332 900
f 415 2335 906
f 424 2344 924
f 492 2410 1062
f 582 2497 1242
f 565 2486 1206
f 514 2434 1104
f 461 2375 1001
f 453 2369 983
f 451 2370 978
f 457 2377 990
f 460 2380 996
f 475 2393 1026
f 439 2359 954
f 496 2415 1068
f 533 2455 1140
f 551 2461 1181
f 579 2489 1235
f 483 2399 1043
f 426 2341 929
f 521 2431 1121
f 566 2476 1211
f 489 2405 1055
f 578 2500 1230
f 560 2481 1194
f 518 2439 1110
f 429 2348 935
f 547 2465 1169
f 465 2383 1007
f 441 2356 959
f 504 2420 1085
f 537 2452 1152
f 550 2471 1176
f 476 2386 1031
f 444 2363 965
f 502 2422 1079
f 526 2445 1128
f 481 2400 1038
f 420 2338 917
f 510 2428 1097
f 555 2473 1187
f 571 2490 1218
f 540 2458 1157
f 473 2394 1020
f 447 2366 972
f 507 2425 1092
f 534 2444 1145
f 469 2389 1014
f 435 2353 947
f 498 2414 1073
f 529 2449 1133
f 545 2466 1164
f 487 2407 1049
f 574 2494 1223
f 562 2480 1199
f 520 2438 1116
f 432 2351 942
f 589 2510 1283
f 583 2504 1259
f 586 2508 1295
f 593 2514 1313
f 596 2517 1331
f 599 2520 1379
f 633 2554 1541
f 620 2539 1452
f 640 2560 1578
f 603 2523 1368
f 622 2543 1487
f 607 2527 1391
f 612 2532 1440
f 626 2547 1511
f 629 2550 1529
f 631 2552 1547
f 614 2535 1469
f 618 2538 1458
f 641 2558 1584
f 605 2524 1362
f 164 1607 1609
f 163 1603 1605
f 165 1604 1611
f 166 1610 1614
f 167 1613 1617
f 172 1622 1631
f 190 1686 1688
f 219 1773 1775
f 215 1761 1763
f 201 1712 1719
f 179 1652 1654
f 178 1648 1650
f 180 1649 1656
f 181 1655 1659
f 182 1658 1662
f 185 1670 1672
f 177 1637 1646
f 197 1694 1706
f 206 1731 1735
f 208 1739 1741
f 218 1768 1770
f 188 1678 1680
f 168 1619 1621
f 198 1709 1711
f 213 1754 1756
f 189 1682 1684
f 221 1776 1780
f 217 1758 1767
f 202 1716 1722
f 170 1625 1627
f 209 1742 1744
f 184 1663 1668
f 173 1634 1636
f 194 1697 1699
f 204 1728 1730
f 210 1746 1748
f 183 1664 1666
f 175 1640 1642
f 196 1700 1705
f 207 1724 1736
f 192 1679 1691
f 169 1618 1623
f 199 1708 1713
f 216 1753 1764
f 222 1769 1781
f 211 1738 1749
f 187 1671 1677
f 176 1643 1645
f 195 1701 1703
f 203 1723 1725
f 186 1667 1674
f 174 1633 1638
f 193 1693 1695
f 205 1727 1732
f 212 1743 1752
f 191 1685 1690
f 220 1772 1777
f 214 1757 1759
f 200 1715 1717
f 171 1628 1630
f 358 2187 2191
f 256 1881 1885
f 261 1899 1901
f 387 2277 2279
f 399 2313 2315
f 351 2169 2171
f 348 2156 2160
f 300 2010 2016
f 366 2208 2214
f 267 1917 1919
f 340 2133 2137
f 287 1971 1978
f 291 1989 1991
f 369 2223 2225
f 395 2300 2302
f 354 2174 2178
f 345 2151 2153
f 297 2007 2009
f 363 2205 2207
f 270 1920 1926
f 247 1855 1857
f 229 1801 1803
f 223 1784 1786
f 235 1820 1822
f 241 1838 1840
f 253 1874 1876
f 355 2180 2182
f 398 2310 2312
f 386 2274 2276
f 260 1896 1898
f 325 2089 2091
f 307 2035 2037
f 278 1950 1952
f 313 2054 2056
f 319 2072 2074
f 337 2126 2128
f 283 1964 1966
f 290 1986 1988
f 368 2220 2222
f 392 2291 2293
f 356 2183 2185
f 254 1877 1879
f 259 1891 1893
f 385 2269 2271
f 397 2305 2307
f 349 2161 2163
f 344 2148 2150
f 296 2004 2006
f 362 2202 2204
f 265 1909 1911
f 338 2129 2131
f 284 1967 1969
f 289 1981 1983
f 367 2215 2217
f 391 2288 2290
f 350 2166 2168
f 343 2143 2145
f 295 1999 2001
f 361 2197 2199
f 266 1914 1916
f 230 1806 1808
f 224 1787 1789
f 236 1823 1825
f 242 1841 1843
f 248 1860 1862
f 272 1931 1933
f 331 2108 2110
f 301 2018 2020
f 373 2234 2236
f 380 2255 2257
f 308 2040 2042
f 277 1945 1947
f 314 2057 2059
f 320 2075 2077
f 326 2094 2096
f 332 2111 2113
f 302 2021 2023
f 374 2237 2239
f 379 2252 2254
f 271 1928 1930
f 234 1812 1818
f 227 1791 1798
f 239 1827 1834
f 245 1845 1852
f 252 1866 1872
f 275 1935 1942
f 334 2118 2120
f 304 2028 2030
f 377 2246 2248
f 382 2259 2263
f 312 2048 2052
f 279 1953 1955
f 316 2061 2065
f 323 2079 2086
f 330 2100 2106
f 335 2115 2122
f 305 2025 2032
f 376 2241 2245
f 383 2264 2266
f 274 1938 1940
f 232 1802 1813
f 225 1783 1792
f 237 1819 1828
f 243 1837 1846
f 250 1856 1867
f 273 1927 1936
f 336 2112 2123
f 306 2022 2033
f 378 2238 2249
f 381 2251 2260
f 311 2036 2049
f 281 1949 1959
f 315 2053 2062
f 321 2071 2080
f 328 2090 2101
f 333 2107 2116
f 303 2017 2026
f 375 2233 2242
f 384 2256 2267
f 276 1932 1943
f 251 1859 1869
f 233 1805 1815
f 228 1788 1799
f 240 1824 1835
f 246 1842 1853
f 258 1878 1889
f 360 2184 2195
f 401 2306 2319
f 389 2270 2283
f 263 1892 1905
f 329 2093 2103
f 310 2039 2046
f 280 1946 1957
f 318 2058 2069
f 324 2076 2087
f 342 2130 2141
f 288 1968 1979
f 292 1982 1993
f 371 2216 2229
f 393 2287 2296
f 357 2179 2188
f 255 1873 1882
f 262 1895 1902
f 388 2273 2280
f 400 2309 2316
f 352 2165 2172
f 347 2144 2157
f 298 2000 2011
f 364 2198 2209
f 269 1913 1923
f 339 2125 2134
f 285 1963 1972
f 293 1985 1995
f 370 2219 2226
f 396 2292 2303
f 353 2162 2175
f 346 2147 2154
f 299 2003 2013
f 365 2201 2211
f 268 1910 1921
f 249 1863 1865
f 231 1809 1811
f 226 1794 1796
f 238 1830 1832
f 244 1848 1850
f 257 1886 1888
f 359 2192 2194
f 402 2318 2322
f 390 2282 2286
f 264 1904 1908
f 327 2097 2099
f 309 2043 2045
f 282 1956 1962
f 317 2066 2068
f 322 2082 2084
f 341 2138 2140
f 286 1974 1976
f 294 1992 1998
f 372 2228 2232
f 394 2295 2299
f 416 2331 2330
f 408 2327 2324
f 406 2328 2325
f 412 2334 2332
f 415 2337 2335
f 424 2346 2344
f 492 2412 2410
f 582 2499 2497
f 565 2487 2486
f 514 2436 2434
f 461 2376 2375
f 453 2372 2369
f 451 2373 2370
f 457 2379 2377
f 460 2382 2380
f 475 2396 2393
f 439 2361 2359
f 496 2418 2415
f 533 2457 2455
f 551 2463 2461
f 579 2492 2489
f 483 2402 2399
f 426 2343 2341
f 521 2433 2431
f 566 2478 2476
f 489 2406 2405
f 578 2502 2500
f 560 2484 2481
f 518 2442 2439
f 429 2349 2348
f 547 2468 2465
f 465 2387 2383
f 441 2358 2356
f 504 2421 2420
f 537 2454 2452
f 550 2472 2471
f 476 2388 2386
f 444 2364 2363
f 502 2426 2422
f 526 2448 2445
f 481 2403 2400
f 420 2342 2338
f 510 2432 2428
f 555 2477 2473
f 571 2493 2490
f 540 2462 2458
f 473 2397 2394
f 447 2367 2366
f 507 2427 2425
f 534 2447 2444
f 469 2391 2389
f 435 2357 2353
f 498 2417 2414
f 529 2453 2449
f 545 2469 2466
f 487 2411 2407
f 574 2498 2494
f 562 2483 2480
f 520 2441 2438
f 432 2352 2351
f 589 2509 2510
f 583 2503 2504
f 586 2506 2508
f 593 2512 2514
f 596 2515 2517
f 599 2518 2520
f 633 2555 2554
f 620 2541 2539
f 640 2562 2560
f 603 2522 2523
f 622 2542 2543
f 607 2528 2527
f 612 2531 2532
f 626 2545 2547
f 629 2548 2550
f 631 2551 2552
f 614 2533 2535
f 618 2537 2538
f 641 2559 2558
f 605 2526 2524
f 164 644 1607
f 163 643 1603
f 165 645 1604
f 166 646 1610
f 167 647 1613
f 172 652 1622
f 190 670 1686
f 219 699 1773
f 215 695 1761
f 201 681 1712
f 179 659 1652
f 178 658 1648
f 180 660 1649
f 181 661 1655
f 182 662 1658
f 185 665 1670
f 177 657 1637
f 197 677 1694
f 206 686 1731
f 208 688 1739
f 218 698 1768
f 188 668 1678
f 168 648 1619
f 198 678 1709
f 213 693 1754
f 189 669 1682
f 221 701 1776
f 217 697 1758
f 202 682 1716
f 170 650 1625
f 209 689 1742
f 184 664 1663
f 173 653 1634
f 194 674 1697
f 204 684 1728
f 210 690 1746
f 183 663 1664
f 175 655 1640
f 196 676 1700
f 207 687 1724
f 192 672 1679
f 169 649 1618
f 199 679 1708
f 216 696 1753
f 222 702 1769
f 211 691 1738
f 187 667 1671
f 176 656 1643
f 195 675 1701
f 203 683 1723
f 186 666 1667
f 174 654 1633
f 193 673 1693
f 205 685 1727
f 212 692 1743
f 191 671 1685
f 220 700 1772
f 214 694 1757
f 200 680 1715
f 171 651 1628
f 358 838 2187
f 256 736 1881
f 261 741 1899
f 387 867 2277
f 399 879 2313
f 351 831 2169
f 348 828 2156
f 300 780 2010
f 366 846 2208
f 267 747 1917
f 340 820 2133
f 287 767 1971
f 291 771 1989
f 369 849 2223
f 395 875 2300
f 354 834 2174
f 345 825 2151
f 297 777 2007
f 363 843 2205
f 270 750 1920
f 247 727 1855
f 229 709 1801
f 223 703 1784
f 235 715 1820
f 241 721 1838
f 253 733 1874
f 355 835 2180
f 398 878 2310
f 386 866 2274
f 260 740 1896
f 325 805 2089
f 307 787 2035
f 278 758 1950
f 313 793 2054
f 319 799 2072
f 337 817 2126
f 283 763 1964
f 290 770 1986
f 368 848 2220
f 392 872 2291
f 356 836 2183
f 254 734 1877
f 259 739 1891
f 385 865 2269
f 397 877 2305
f 349 829 2161
f 344 824 2148
f 296 776 2004
f 362 842 2202
f 265 745 1909
f 338 818 2129
f 284 764 1967
f 289 769 1981
f 367 847 2215
f 391 871 2288
f 350 830 2166
f 343 823 2143
f 295 775 1999
f 361 841 2197
f 266 746 1914
f 230 710 1806
f 224 704 1787
f 236 716 1823
f 242 722 1841
f 248 728 1860
f 272 752 1931
f 331 811 2108
f 301 781 2018
f 373 853 2234
f 380 860 2255
f 308 788 2040
f 277 757 1945
f 314 794 2057
f 320 800 2075
f 326 806 2094
f 332 812 2111
f 302 782 2021
f 374 854 2237
f 379 859 2252
f 271 751 1928
f 234 714 1812
f 227 707 1791
f 239 719 1827
f 245 725 1845
f 252 732 1866
f 275 755 1935
f 334 814 2118
f 304 784 2028
f 377 857 2246
f 382 862 2259
f 312 792 2048
f 279 759 1953
f 316 796 2061
f 323 803 2079
f 330 810 2100
f 335 815 2115
f 305 785 2025
f 376 856 2241
f 383 863 2264
f 274 754 1938
f 232 712 1802
f 225 705 1783
f 237 717 1819
f 243 723 1837
f 250 730 1856
f 273 753 1927
f 336 816 2112
f 306 786 2022
f 378 858 2238
f 381 861 2251
f 311 791 2036
f 281 761 1949
f 315 795 2053
f 321 801 2071
f 328 808 2090
f 333 813 2107
f 303 783 2017
f 375 855 2233
f 384 864 2256
f 276 756 1932
f 251 731 1859
f 233 713 1805
f 228 708 1788
f 240 720 1824
f 246 726 1842
f 258 738 1878
f 360 840 2184
f 401 881 2306
f 389 869 2270
f 263 743 1892
f 329 809 2093
f 310 790 2039
f 280 760 1946
f 318 798 2058
f 324 804 2076
f 342 822 2130
f 288 768 1968
f 292 772 1982
f 371 851 2216
f 393 873 2287
f 357 837 2179
f 255 735 1873
f 262 742 1895
f 388 868 2273
f 400 880 2309
f 352 832 2165
f 347 827 2144
f 298 778 2000
f 364 844 2198
f 269 749 1913
f 339 819 2125
f 285 765 1963
f 293 773 1985
f 370 850 2219
f 396 876 2292
f 353 833 2162
f 346 826 2147
f 299 779 2003
f 365 845 2201
f 268 748 1910
f 249 729 1863
f 231 711 1809
f 226 706 1794
f 238 718 1830
f 244 724 1848
f 257 737 1886
f 359 839 2192
f 402 882 2318
f 390 870 2282
f 264 744 1904
f 327 807 2097
f 309 789 2043
f 282 762 1956
f 317 797 2066
f 322 802 2082
f 341 821 2138
f 286 766 1974
f 294 774 1992
f 372 852 2228
f 394 874 2295
f 416 1270 2331
f 408 1246 2327
f 406 1251 2328
f 412 1287 2334
f 415 1305 2337
f 424 1335 2346
f 492 1552 2412
f 582 1474 2499
f 565 1600 2487
f 514 1353 2436
f 461 1480 2376
f 453 1402 2372
f 451 1407 2373
f 457 1491 2379
f 460 1503 2382
f 475 1534 2396
f 439 1413 2361
f 496 1443 2418
f 533 1593 2457
f 551 1384 2463
f 579 1324 2492
f 483 1276 2402
f 426 1264 2343
f 521 1300 2433
f 566 1318 2478
f 489 1342 2406
f 578 1563 2502
f 560 1461 2484
f 518 1587 2442
f 429 1348 2349
f 547 1522 2468
f 465 1419 2387
f 441 1396 2358
f 504 1498 2421
f 537 1516 2454
f 550 1558 2472
f 476 1426 2388
f 444 1432 2364
f 502 1569 2426
f 526 1371 2448
f 481 1281 2403
f 420 1257 2342
f 510 1293 2432
f 555 1311 2477
f 571 1329 2493
f 540 1377 2462
f 473 1539 2397
f 447 1450 2367
f 507 1576 2427
f 534 1366 2447
f 469 1485 2391
f 435 1389 2357
f 498 1438 2417
f 529 1509 2453
f 545 1527 2469
f 487 1545 2411
f 574 1467 2498
f 562 1456 2483
f 520 1582 2441
f 432 1360 2352
f 589 1271 2509
f 583 1247 2503
f 586 1254 2506
f 593 1290 2512
f 596 1308 2515
f 599 1338 2518
f 633 1553 2555
f 620 1475 2541
f 640 1601 2562
f 603 1356 2522
f 622 1481 2542
f 607 1403 2528
f 612 1410 2531
f 626 1494 2545
f 629 1506 2548
f 631 1535 2551
f 614 1416 2533
f 618 1446 2537
f 641 1596 2559
f 605 1385 2526
f 167 907 1616
f 164 889 1608
f 163 883 1606
f 165 895 1612
f 166 901 1615
f 169 919 1624
f 192 1057 1692
f 222 1237 1782
f 216 1201 1765
f 199 1099 1714
f 182 997 1661
f 179 979 1653
f 178 973 1651
f 180 985 1657
f 181 991 1660
f 186 1021 1675
f 174 949 1639
f 193 1063 1696
f 205 1135 1733
f 212 1177 1751
f 221 1231 1779
f 189 1039 1683
f 170 925 1626
f 202 1117 1721
f 217 1207 1766
f 191 1051 1689
f 220 1225 1778
f 214 1189 1760
f 200 1105 1718
f 171 931 1629
f 210 1165 1747
f 183 1003 1665
f 175 955 1641
f 196 1081 1704
f 207 1147 1737
f 211 1171 1750
f 187 1027 1676
f 176 961 1644
f 195 1075 1702
f 203 1123 1726
f 188 1033 1681
f 168 913 1620
f 198 1093 1710
f 213 1183 1755
f 218 1213 1771
f 208 1153 1740
f 185 1015 1673
f 177 967 1647
f 197 1087 1707
f 206 1141 1734
f 184 1009 1669
f 173 943 1635
f 194 1069 1698
f 204 1129 1729
f 209 1159 1745
f 190 1045 1687
f 219 1219 1774
f 215 1195 1762
f 201 1111 1720
f 172 937 1632
f 357 1280 2189
f 255 1256 1883
f 262 1292 1903
f 388 1310 2281
f 400 1328 2317
f 352 1376 2173
f 347 1538 2158
f 298 1447 2012
f 364 1573 2210
f 269 1363 1924
f 339 1484 2135
f 285 1388 1973
f 293 1435 1996
f 370 1508 2227
f 396 1526 2304
f 353 1544 2176
f 346 1466 2155
f 299 1453 2014
f 365 1579 2212
f 268 1357 1922
f 249 1268 1864
f 231 1244 1810
f 226 1249 1795
f 238 1285 1831
f 244 1303 1849
f 257 1333 1887
f 359 1550 2193
f 402 1472 2321
f 390 1598 2285
f 264 1351 1907
f 327 1478 2098
f 309 1400 2044
f 282 1405 1961
f 317 1489 2067
f 322 1501 2083
f 341 1532 2139
f 286 1411 1975
f 294 1441 1997
f 372 1591 2231
f 394 1382 2298
f 358 1322 2190
f 256 1274 1884
f 261 1262 1900
f 387 1298 2278
f 399 1316 2314
f 351 1340 2170
f 348 1561 2159
f 300 1459 2015
f 366 1585 2213
f 267 1346 1918
f 340 1520 2136
f 287 1417 1977
f 291 1394 1990
f 369 1496 2224
f 395 1514 2301
f 354 1556 2177
f 345 1424 2152
f 297 1430 2008
f 363 1567 2206
f 270 1369 1925
f 234 1279 1817
f 227 1255 1797
f 239 1291 1833
f 245 1309 1851
f 252 1327 1871
f 275 1375 1941
f 334 1537 2119
f 304 1448 2029
f 377 1574 2247
f 382 1364 2262
f 312 1483 2051
f 279 1387 1954
f 316 1436 2064
f 323 1507 2085
f 330 1525 2105
f 335 1543 2121
f 305 1465 2031
f 376 1454 2244
f 383 1580 2265
f 274 1358 1939
f 232 1267 1814
f 225 1243 1793
f 237 1250 1829
f 243 1286 1847
f 250 1304 1868
f 273 1334 1937
f 336 1549 2124
f 306 1471 2034
f 378 1597 2250
f 381 1352 2261
f 311 1477 2050
f 281 1399 1960
f 315 1406 2063
f 321 1490 2081
f 328 1502 2102
f 333 1531 2117
f 303 1412 2027
f 375 1442 2243
f 384 1592 2268
f 276 1381 1944
f 229 890 1804
f 223 884 1785
f 235 896 1821
f 241 902 1839
f 247 908 1858
f 271 938 1929
f 332 1046 2114
f 302 1220 2024
f 374 1196 2240
f 379 1112 2253
f 307 980 2038
f 278 974 1951
f 313 986 2055
f 319 992 2073
f 325 998 2092
f 331 1016 2109
f 301 968 2019
f 373 1088 2235
f 380 1142 2258
f 272 1154 1934
f 248 1214 1861
f 230 1034 1807
f 224 914 1790
f 236 1094 1826
f 242 1184 1844
f 254 1040 1880
f 356 1232 2186
f 397 1208 2308
f 385 1118 2272
f 259 926 1894
f 326 1160 2095
f 308 1010 2041
f 277 944 1948
f 314 1070 2060
f 320 1130 2078
f 338 1166 2132
f 284 1004 1970
f 289 956 1984
f 367 1082 2218
f 391 1148 2289
f 355 1058 2181
f 253 920 1875
f 260 1100 1897
f 386 1202 2275
f 398 1238 2311
f 350 1172 2167
f 343 1028 2146
f 295 962 2002
f 361 1076 2200
f 266 1124 1915
f 337 1022 2127
f 283 950 1965
f 290 1064 1987
f 368 1136 2221
f 392 1178 2294
f 349 1052 2164
f 344 1226 2149
f 296 1190 2005
f 362 1106 2203
f 265 932 1912
f 251 1321 1870
f 233 1273 1816
f 228 1261 1800
f 240 1297 1836
f 246 1315 1854
f 258 1339 1890
f 360 1562 2196
f 401 1460 2320
f 389 1586 2284
f 263 1345 1906
f 329 1519 2104
f 310 1418 2047
f 280 1393 1958
f 318 1495 2070
f 324 1513 2088
f 342 1555 2142
f 288 1423 1980
f 292 1429 1994
f 371 1568 2230
f 393 1370 2297
f 409 894 2329
f 405 887 2323
f 411 899 2326
f 414 905 2333
f 417 912 2336
f 431 941 2345
f 488 1050 2409
f 575 1224 2496
f 563 1200 2485
f 519 1115 2435
f 454 984 2374
f 450 977 2368
f 456 989 2371
f 459 995 2378
f 462 1002 2381
f 472 1019 2392
f 446 971 2360
f 506 1091 2416
f 535 1146 2456
f 541 1158 2460
f 570 1217 2488
f 480 1037 2398
f 421 918 2340
f 511 1098 2430
f 556 1188 2475
f 484 1044 2404
f 580 1236 2501
f 567 1212 2482
f 522 1122 2440
f 427 930 2347
f 544 1163 2464
f 468 1013 2384
f 436 948 2355
f 499 1074 2419
f 530 1134 2451
f 548 1170 2470
f 466 1008 2385
f 442 960 2362
f 505 1086 2423
f 536 1151 2446
f 491 1061 2401
f 423 923 2339
f 513 1103 2429
f 564 1205 2474
f 581 1241 2491
f 549 1175 2459
f 477 1032 2395
f 445 966 2365
f 503 1080 2424
f 525 1127 2443
f 474 1025 2390
f 438 953 2354
f 495 1067 2413
f 532 1139 2450
f 552 1182 2467
f 490 1056 2408
f 577 1229 2495
f 559 1193 2479
f 517 1109 2437
f 430 936 2350
f 590 1325 2511
f 584 1277 2505
f 585 1265 2507
f 592 1301 2513
f 595 1319 2516
f 598 1343 2519
f 636 1566 2556
f 621 1464 2540
f 642 1590 2561
f 601 1349 2521
f 623 1523 2544
f 611 1422 2529
f 609 1397 2530
f 625 1499 2546
f 628 1517 2549
f 632 1559 2553
f 613 1427 2534
f 616 1433 2536
f 638 1572 2557
f 606 1374 2525
f 407 892 1609
f 403 885 1605
f 404 897 1611
f 410 903 1614
f 413 910 1617
f 422 939 1631
f 486 1048 1688
f 573 1222 1775
f 561 1198 1763
f 512 1113 1719
f 452 982 1654
f 448 975 1650
f 449 987 1656
f 455 993 1659
f 458 1000 1662
f 470 1017 1672
f 437 969 1646
f 494 1089 1706
f 531 1144 1735
f 539 1156 1741
f 568 1215 1770
f 478 1035 1680
f 419 916 1621
f 509 1096 1711
f 554 1186 1756
f 482 1042 1684
f 576 1234 1780
f 558 1210 1767
f 516 1120 1722
f 425 928 1627
f 542 1161 1744
f 463 1011 1668
f 434 946 1636
f 497 1072 1699
f 528 1132 1730
f 546 1168 1748
f 464 1006 1666
f 440 958 1642
f 500 1084 1705
f 524 1149 1736
f 479 1059 1691
f 418 921 1623
f 508 1101 1713
f 553 1203 1764
f 569 1239 1781
f 538 1173 1749
f 471 1030 1677
f 443 964 1645
f 501 1078 1703
f 523 1125 1725
f 467 1023 1674
f 433 951 1638
f 493 1065 1695
f 527 1137 1732
f 543 1180 1752
f 485 1054 1690
f 572 1227 1777
f 557 1191 1759
f 515 1107 1717
f 428 934 1630
f 591 1326 2191
f 587 1278 1885
f 588 1266 1901
f 594 1302 2279
f 597 1320 2315
f 600 1344 2171
f 634 1565 2160
f 619 1463 2016
f 639 1589 2214
f 602 1350 1919
f 624 1524 2137
f 608 1421 1978
f 610 1398 1991
f 627 1500 2225
f 630 1518 2302
f 635 1560 2178
f 615 1428 2153
f 617 1434 2009
f 637 1571 2207
f 604 1373 1926
f 416 911 1857
f 408 893 1803
f 406 888 1786
f 412 900 1822
f 415 906 1840
f 424 924 1876
f 492 1062 2182
f 582 1242 2312
f 565 1206 2276
f 514 1104 1898
f 461 1001 2091
f 453 983 2037
f 451 978 1952
f 457 990 2056
f 460 996 2074
f 475 1026 2128
f 439 954 1966
f 496 1068 1988
f 533 1140 2222
f 551 1181 2293
f 579 1235 2185
f 483 1043 1879
f 426 929 1893
f 521 1121 2271
f 566 1211 2307
f 489 1055 2163
f 578 1230 2150
f 560 1194 2006
f 518 1110 2204
f 429 935 1911
f 547 1169 2131
f 465 1007 1969
f 441 959 1983
f 504 1085 2217
f 537 1152 2290
f 550 1176 2168
f 476 1031 2145
f 444 965 2001
f 502 1079 2199
f 526 1128 1916
f 481 1038 1808
f 420 917 1789
f 510 1097 1825
f 555 1187 1843
f 571 1218 1862
f 540 1157 1933
f 473 1020 2110
f 447 972 2020
f 507 1092 2236
f 534 1145 2257
f 469 1014 2042
f 435 947 1947
f 498 1073 2059
f 529 1133 2077
f 545 1164 2096
f 487 1049 2113
f 574 1223 2023
f 562 1199 2239
f 520 1116 2254
f 432 942 1930
f 589 1283 1818
f 583 1259 1798
f 586 1295 1834
f 593 1313 1852
f 596 1331 1872
f 599 1379 1942
f 633 1541 2120
f 620 1452 2030
f 640 1578 2248
f 603 1368 2263
f 622 1487 2052
f 607 1391 1955
f 612 1440 2065
f 626 1511 2086
f 629 1529 2106
f 631 1547 2122
f 614 1469 2032
f 618 1458 2245
f 641 1584 2266
f 605 1362 1940
f 409 1269 1813
f 405 1245 1792
f 411 1252 1828
f 414 1288 1846
f 417 1306 1867
f 431 1336 1936
f 488 1551 2123
f 575 1473 2033
f 563 1599 2249
f 519 1354 2260
f 454 1479 2049
f 450 1401 1959
f 456 1408 2062
f 459 1492 2080
f 462 1504 2101
f 472 1533 2116
f 446 1414 2026
f 506 1444 2242
f 535 1594 2267
f 541 1383 1943
f 570 1323 1869
f 480 1275 1815
f 421 1263 1799
f 511 1299 1835
f 556 1317 1853
f 484 1341 1889
f 580 1564 2195
f 567 1462 2319
f 522 1588 2283
f 427 1347 1905
f 544 1521 2103
f 468 1420 2046
f 436 1395 1957
f 499 1497 2069
f 530 1515 2087
f 548 1557 2141
f 466 1425 1979
f 442 1431 1993
f 505 1570 2229
f 536 1372 2296
f 491 1282 2188
f 423 1258 1882
f 513 1294 1902
f 564 1312 2280
f 581 1330 2316
f 549 1378 2172
f 477 1540 2157
f 445 1449 2011
f 503 1575 2209
f 525 1365 1923
f 474 1486 2134
f 438 1390 1972
f 495 1437 1995
f 532 1510 2226
f 552 1528 2303
f 490 1546 2175
f 577 1468 2154
f 559 1455 2013
f 517 1581 2211
f 430 1359 1921
f 590 1272 1865
f 584 1248 1811
f 585 1253 1796
f 592 1289 1832
f 595 1307 1850
f 598 1337 1888
f 636 1554 2194
f 621 1476 2322
f 642 1602 2286
f 601 1355 1908
f 623 1482 2099
f 611 1404 2045
f 609 1409 1962
f 625 1493 2068
f 628 1505 2084
f 632 1536 2140
f 613 1415 1976
f 616 1445 1998
f 638 1595 2232
f 606 1386 2299
f 407 909 2330
f 403 891 2324
f 404 886 2325
f 410 898 2332
f 413 904 2335
f 422 922 2344
f 486 1060 2410
f 573 1240 2497
f 561 1204 2486
f 512 1102 2434
f 452 999 2375
f 448 981 2369
f 449 976 2370
f 455 988 2377
f 458 994 2380
f 470 1024 2393
f 437 952 2359
f 494 1066 2415
f 531 1138 2455
f 539 1179 2461
f 568 1233 2489
f 478 1041 2399
f 419 927 2341
f 509 1119 2431
f 554 1209 2476
f 482 1053 2405
f 576 1228 2500
f 558 1192 2481
f 516 1108 2439
f 425 933 2348
f 542 1167 2465
f 463 1005 2383
f 434 957 2356
f 497 1083 2420
f 528 1150 2452
f 546 1174 2471
f 464 1029 2386
f 440 963 2363
f 500 1077 2422
f 524 1126 2445
f 479 1036 2400
f 418 915 2338
f 508 1095 2428
f 553 1185 2473
f 569 1216 2490
f 538 1155 2458
f 471 1018 2394
f 443 970 2366
f 501 1090 2425
f 523 1143 2444
f 467 1012 2389
f 433 945 2353
f 493 1071 2414
f 527 1131 2449
f 543 1162 2466
f 485 1047 2407
f 572 1221 2494
f 557 1197 2480
f 515 1114 2438
f 428 940 2351
f 591 1284 2510
f 587 1260 2504
f 588 1296 2508
f 594 1314 2514
f 597 1332 2517
f 600 1380 2520
f 634 1542 2554
f 619 1451 2539
f 639 1577 2560
f 602 1367 2523
f 624 1488 2543
f 608 1392 2527
f 610 1439 2532
f 627 1512 2547
f 630 1530 2550
f 635 1548 2552
f 615 1470 2535
f 617 1457 2538
f 637 1583 2558
f 604 1361 2524
f 167 1616 1607
f 164 1608 1603
f 163 1606 1604
f 165 1612 1610
f 166 1615 1613
f 169 1624 1622
f 192 1692 1686
f 222 1782 1773
f 216 1765 1761
f 199 1714 1712
f 182 1661 1652
f 179 1653 1648
f 178 1651 1649
f 180 1657 1655
f 181 1660 1658
f 186 1675 1670
f 174 1639 1637
f 193 1696 1694
f 205 1733 1731
f 212 1751 1739
f 221 1779 1768
f 189 1683 1678
f 170 1626 1619
f 202 1721 1709
f 217 1766 1754
f 191 1689 1682
f 220 1778 1776
f 214 1760 1758
f 200 1718 1716
f 171 1629 1625
f 210 1747 1742
f 183 1665 1663
f 175 1641 1634
f 196 1704 1697
f 207 1737 1728
f 211 1750 1746
f 187 1676 1664
f 176 1644 1640
f 195 1702 1700
f 203 1726 1724
f 188 1681 1679
f 168 1620 1618
f 198 1710 1708
f 213 1755 1753
f 218 1771 1769
f 208 1740 1738
f 185 1673 1671
f 177 1647 1643
f 197 1707 1701
f 206 1734 1723
f 184 1669 1667
f 173 1635 1633
f 194 1698 1693
f 204 1729 1727
f 209 1745 1743
f 190 1687 1685
f 219 1774 1772
f 215 1762 1757
f 201 1720 1715
f 172 1632 1628
f 357 2189 2187
f 255 1883 1881
f 262 1903 1899
f 388 2281 2277
f 400 2317 2313
f 352 2173 2169
f 347 2158 2156
f 298 2012 2010
f 364 2210 2208
f 269 1924 1917
f 339 2135 2133
f 285 1973 1971
f 293 1996 1989
f 370 2227 2223
f 396 2304 2300
f 353 2176 2174
f 346 2155 2151
f 299 2014 2007
f 365 2212 2205
f 268 1922 1920
f 249 1864 1855
f 231 1810 1801
f 226 1795 1784
f 238 1831 1820
f 244 1849 1838
f 257 1887 1874
f 359 2193 2180
f 402 2321 2310
f 390 2285 2274
f 264 1907 1896
f 327 2098 2089
f 309 2044 2035
f 282 1961 1950
f 317 2067 2054
f 322 2083 2072
f 341 2139 2126
f 286 1975 1964
f 294 1997 1986
f 372 2231 2220
f 394 2298 2291
f 358 2190 2183
f 256 1884 1877
f 261 1900 1891
f 387 2278 2269
f 399 2314 2305
f 351 2170 2161
f 348 2159 2148
f 300 2015 2004
f 366 2213 2202
f 267 1918 1909
f 340 2136 2129
f 287 1977 1967
f 291 1990 1981
f 369 2224 2215
f 395 2301 2288
f 354 2177 2166
f 345 2152 2143
f 297 2008 1999
f 363 2206 2197
f 270 1925 1914
f 234 1817 1806
f 227 1797 1787
f 239 1833 1823
f 245 1851 1841
f 252 1871 1860
f 275 1941 1931
f 334 2119 2108
f 304 2029 2018
f 377 2247 2234
f 382 2262 2255
f 312 2051 2040
f 279 1954 1945
f 316 2064 2057
f 323 2085 2075
f 330 2105 2094
f 335 2121 2111
f 305 2031 2021
f 376 2244 2237
f 383 2265 2252
f 274 1939 1928
f 232 1814 1812
f 225 1793 1791
f 237 1829 1827
f 243 1847 1845
f 250 1868 1866
f 273 1937 1935
f 336 2124 2118
f 306 2034 2028
f 378 2250 2246
f 381 2261 2259
f 311 2050 2048
f 281 1960 1953
f 315 2063 2061
f 321 2081 2079
f 328 2102 2100
f 333 2117 2115
f 303 2027 2025
f 375 2243 2241
f 384 2268 2264
f 276 1944 1938
f 229 1804 1802
f 223 1785 1783
f 235 1821 1819
f 241 1839 1837
f 247 1858 1856
f 271 1929 1927
f 332 2114 2112
f 302 2024 2022
f 374 2240 2238
f 379 2253 2251
f 307 2038 2036
f 278 1951 1949
f 313 2055 2053
f 319 2073 2071
f 325 2092 2090
f 331 2109 2107
f 301 2019 2017
f 373 2235 2233
f 380 2258 2256
f 272 1934 1932
f 248 1861 1859
f 230 1807 1805
f 224 1790 1788
f 236 1826 1824
f 242 1844 1842
f 254 1880 1878
f 356 2186 2184
f 397 2308 2306
f 385 2272 2270
f 259 1894 1892
f 326 2095 2093
f 308 2041 2039
f 277 1948 1946
f 314 2060 2058
f 320 2078 2076
f 338 2132 2130
f 284 1970 1968
f 289 1984 1982
f 367 2218 2216
f 391 2289 2287
f 355 2181 2179
f 253 1875 1873
f 260 1897 1895
f 386 2275 2273
f 398 2311 2309
f 350 2167 2165
f 343 2146 2144
f 295 2002 2000
f 361 2200 2198
f 266 1915 1913
f 337 2127 2125
f 283 1965 1963
f 290 1987 1985
f 368 2221 2219
f 392 2294 2292
f 349 2164 2162
f 344 2149 2147
f 296 2005 2003
f 362 2203 2201
f 265 1912 1910
f 251 1870 1863
f 233 1816 1809
f 228 1800 1794
f 240 1836 1830
f 246 1854 1848
f 258 1890 1886
f 360 2196 2192
f 401 2320 2318
f 389 2284 2282
f 263 1906 1904
f 329 2104 2097
f 310 2047 2043
f 280 1958 1956
f 318 2070 2066
f 324 2088 2082
f 342 2142 2138
f 288 1980 1974
f 292 1994 1992
f 371 2230 2228
f 393 2297 2295
f 409 2329 2331
f 405 2323 2327
f 411 2326 2328
f 414 2333 2334
f 417 2336 2337
f 431 2345 2346
f 488 2409 2412
f 575 2496 2499
f 563 2485 2487
f 519 2435 2436
f 454 2374 2376
f 450 2368 2372
f 456 2371 2373
f 459 2378 2379
f 462 2381 2382
f 472 2392 2396
f 446 2360 2361
f 506 2416 2418
f 535 2456 2457
f 541 2460 2463
f 570 2488 2492
f 480 2398 2402
f 421 2340 2343
f 511 2430 2433
f 556 2475 2478
f 484 2404 2406
f 580 2501 2502
f 567 2482 2484
f 522 2440 2442
f 427 2347 2349
f 544 2464 2468
f 468 2384 2387
f 436 2355 2358
f 499 2419 2421
f 530 2451 2454
f 548 2470 2472
f 466 2385 2388
f 442 2362 2364
f 505 2423 2426
f 536 2446 2448
f 491 2401 2403
f 423 2339 2342
f 513 2429 2432
f 564 2474 2477
f 581 2491 2493
f 549 2459 2462
f 477 2395 2397
f 445 2365 2367
f 503 2424 2427
f 525 2443 2447
f 474 2390 2391
f 438 2354 2357
f 495 2413 2417
f 532 2450 2453
f 552 2467 2469
f 490 2408 2411
f 577 2495 2498
f 559 2479 2483
f 517 2437 2441
f 430 2350 2352
f 590 2511 2509
f 584 2505 2503
f 585 2507 2506
f 592 2513 2512
f 595 2516 2515
f 598 2519 2518
f 636 2556 2555
f 621 2540 2541
f 642 2561 2562
f 601 2521 2522
f 623 2544 2542
f 611 2529 2528
f 609 2530 2531
f 625 2546 2545
f 628 2549 2548
f 632 2553 2551
f 613 2534 2533
f 616 2536 2537
f 638 2557 2559
f 606 2525 2526
f 1607 644 647
f 1603 643 644
f 1604 645 643
f 1610 646 645
f 1613 647 646
f 1622 652 649
f 1686 670 672
f 1773 699 702
f 1761 695 696
f 1712 681 679
f 1652 659 662
f 1648 658 659
f 1649 660 658
f 1655 661 660
f 1658 662 661
f 1670 665 666
f 1637 657 654
f 1694 677 673
f 1731 686 685
f 1739 688 692
f 1768 698 701
f 1678 668 669
f 1619 648 650
f 1709 678 682
f 1754 693 697
f 1682 669 671
f 1776 701 700
f 1758 697 694
f 1716 682 680
f 1625 650 651
f 1742 689 690
f 1663 664 663
f 1634 653 655
f 1697 674 676
f 1728 684 687
f 1746 690 691
f 1664 663 667
f 1640 655 656
f 1700 676 675
f 1724 687 683
f 1679 672 668
f 1618 649 648
f 1708 679 678
f 1753 696 693
f 1769 702 698
f 1738 691 688
f 1671 667 665
f 1643 656 657
f 1701 675 677
f 1723 683 686
f 1667 666 664
f 1633 654 653
f 1693 673 674
f 1727 685 684
f 1743 692 689
f 1685 671 670
f 1772 700 699
f 1757 694 695
f 1715 680 681
f 1628 651 652
f 2187 838 837
f 1881 736 735
f 1899 741 742
f 2277 867 868
f 2313 879 880
f 2169 831 832
f 2156 828 827
f 2010 780 778
f 2208 846 844
f 1917 747 749
f 2133 820 819
f 1971 767 765
f 1989 771 773
f 2223 849 850
f 2300 875 876
f 2174 834 833
f 2151 825 826
f 2007 777 779
f 2205 843 845
f 1920 750 748
f 1855 727 729
f 1801 709 711
f 1784 703 706
f 1820 715 718
f 1838 721 724
f 1874 733 737
f 2180 835 839
f 2310 878 882
f 2274 866 870
f 1896 740 744
f 2089 805 807
f 2035 787 789
f 1950 758 762
f 2054 793 797
f 2072 799 802
f 2126 817 821
f 1964 763 766
f 1986 770 774
f 2220 848 852
f 2291 872 874
f 2183 836 838
f 1877 734 736
f 1891 739 741
f 2269 865 867
f 2305 877 879
f 2161 829 831
f 2148 824 828
f 2004 776 780
f 2202 842 846
f 1909 745 747
f 2129 818 820
f 1967 764 767
f 1981 769 771
f 2215 847 849
f 2288 871 875
f 2166 830 834
f 2143 823 825
f 1999 775 777
f 2197 841 843
f 1914 746 750
f 1806 710 714
f 1787 704 707
f 1823 716 719
f 1841 722 725
f 1860 728 732
f 1931 752 755
f 2108 811 814
f 2018 781 784
f 2234 853 857
f 2255 860 862
f 2040 788 792
f 1945 757 759
f 2057 794 796
f 2075 800 803
f 2094 806 810
f 2111 812 815
f 2021 782 785
f 2237 854 856
f 2252 859 863
f 1928 751 754
f 1812 714 712
f 1791 707 705
f 1827 719 717
f 1845 725 723
f 1866 732 730
f 1935 755 753
f 2118 814 816
f 2028 784 786
f 2246 857 858
f 2259 862 861
f 2048 792 791
f 1953 759 761
f 2061 796 795
f 2079 803 801
f 2100 810 808
f 2115 815 813
f 2025 785 783
f 2241 856 855
f 2264 863 864
f 1938 754 756
f 1802 712 709
f 1783 705 703
f 1819 717 715
f 1837 723 721
f 1856 730 727
f 1927 753 751
f 2112 816 812
f 2022 786 782
f 2238 858 854
f 2251 861 859
f 2036 791 787
f 1949 761 758
f 2053 795 793
f 2071 801 799
f 2090 808 805
f 2107 813 811
f 2017 783 781
f 2233 855 853
f 2256 864 860
f 1932 756 752
f 1859 731 728
f 1805 713 710
f 1788 708 704
f 1824 720 716
f 1842 726 722
f 1878 738 734
f 2184 840 836
f 2306 881 877
f 2270 869 865
f 1892 743 739
f 2093 809 806
f 2039 790 788
f 1946 760 757
f 2058 798 794
f 2076 804 800
f 2130 822 818
f 1968 768 764
f 1982 772 769
f 2216 851 847
f 2287 873 871
f 2179 837 835
f 1873 735 733
f 1895 742 740
f 2273 868 866
f 2309 880 878
f 2165 832 830
f 2144 827 823
f 2000 778 775
f 2198 844 841
f 1913 749 746
f 2125 819 817
f 1963 765 763
f 1985 773 770
f 2219 850 848
f 2292 876 872
f 2162 833 829
f 2147 826 824
f 2003 779 776
f 2201 845 842
f 1910 748 745
f 1863 729 731
f 1809 711 713
f 1794 706 708
f 1830 718 720
f 1848 724 726
f 1886 737 738
f 2192 839 840
f 2318 882 881
f 2282 870 869
f 1904 744 743
f 2097 807 809
f 2043 789 790
f 1956 762 760
f 2066 797 798
f 2082 802 804
f 2138 821 822
f 1974 766 768
f 1992 774 772
f 2228 852 851
f 2295 874 873
f 2331 1270 1269
f 2327 1246 1245
f 2328 1251 1252
f 2334 1287 1288
f 2337 1305 1306
f 2346 1335 1336
f 2412 1552 1551
f 2499 1474 1473
f 2487 1600 1599
f 2436 1353 1354
f 2376 1480 1479
f 2372 1402 1401
f 2373 1407 1408
f 2379 1491 1492
f 2382 1503 1504
f 2396 1534 1533
f 2361 1413 1414
f 2418 1443 1444
f 2457 1593 1594
f 2463 1384 1383
f 2492 1324 1323
f 2402 1276 1275
f 2343 1264 1263
f 2433 1300 1299
f 2478 1318 1317
f 2406 1342 1341
f 2502 1563 1564
f 2484 1461 1462
f 2442 1587 1588
f 2349 1348 1347
f 2468 1522 1521
f 2387 1419 1420
f 2358 1396 1395
f 2421 1498 1497
f 2454 1516 1515
f 2472 1558 1557
f 2388 1426 1425
f 2364 1432 1431
f 2426 1569 1570
f 2448 1371 1372
f 2403 1281 1282
f 2342 1257 1258
f 2432 1293 1294
f 2477 1311 1312
f 2493 1329 1330
f 2462 1377 1378
f 2397 1539 1540
f 2367 1450 1449
f 2427 1576 1575
f 2447 1366 1365
f 2391 1485 1486
f 2357 1389 1390
f 2417 1438 1437
f 2453 1509 1510
f 2469 1527 1528
f 2411 1545 1546
f 2498 1467 1468
f 2483 1456 1455
f 2441 1582 1581
f 2352 1360 1359
f 2509 1271 1272
f 2503 1247 1248
f 2506 1254 1253
f 2512 1290 1289
f 2515 1308 1307
f 2518 1338 1337
f 2555 1553 1554
f 2541 1475 1476
f 2562 1601 1602
f 2522 1356 1355
f 2542 1481 1482
f 2528 1403 1404
f 2531 1410 1409
f 2545 1494 1493
f 2548 1506 1505
f 2551 1535 1536
f 2533 1416 1415
f 2537 1446 1445
f 2559 1596 1595
f 2526 1385 1386
f 1616 907 909
f 1608 889 891
f 1606 883 886
f 1612 895 898
f 1615 901 904
f 1624 919 922
f 1692 1057 1060
f 1782 1237 1240
f 1765 1201 1204
f 1714 1099 1102
f 1661 997 999
f 1653 979 981
f 1651 973 976
f 1657 985 988
f 1660 991 994
f 1675 1021 1024
f 1639 949 952
f 1696 1063 1066
f 1733 1135 1138
f 1751 1177 1179
f 1779 1231 1233
f 1683 1039 1041
f 1626 925 927
f 1721 1117 1119
f 1766 1207 1209
f 1689 1051 1053
f 1778 1225 1228
f 1760 1189 1192
f 1718 1105 1108
f 1629 931 933
f 1747 1165 1167
f 1665 1003 1005
f 1641 955 957
f 1704 1081 1083
f 1737 1147 1150
f 1750 1171 1174
f 1676 1027 1029
f 1644 961 963
f 1702 1075 1077
f 1726 1123 1126
f 1681 1033 1036
f 1620 913 915
f 1710 1093 1095
f 1755 1183 1185
f 1771 1213 1216
f 1740 1153 1155
f 1673 1015 1018
f 1647 967 970
f 1707 1087 1090
f 1734 1141 1143
f 1669 1009 1012
f 1635 943 945
f 1698 1069 1071
f 1729 1129 1131
f 1745 1159 1162
f 1687 1045 1047
f 1774 1219 1221
f 1762 1195 1197
f 1720 1111 1114
f 1632 937 940
f 2189 1280 1284
f 1883 1256 1260
f 1903 1292 1296
f 2281 1310 1314
f 2317 1328 1332
f 2173 1376 1380
f 2158 1538 1542
f 2012 1447 1451
f 2210 1573 1577
f 1924 1363 1367
f 2135 1484 1488
f 1973 1388 1392
f 1996 1435 1439
f 2227 1508 1512
f 2304 1526 1530
f 2176 1544 1548
f 2155 1466 1470
f 2014 1453 1457
f 2212 1579 1583
f 1922 1357 1361
f 1864 1268 1270
f 1810 1244 1246
f 1795 1249 1251
f 1831 1285 1287
f 1849 1303 1305
f 1887 1333 1335
f 2193 1550 1552
f 2321 1472 1474
f 2285 1598 1600
f 1907 1351 1353
f 2098 1478 1480
f 2044 1400 1402
f 1961 1405 1407
f 2067 1489 1491
f 2083 1501 1503
f 2139 1532 1534
f 1975 1411 1413
f 1997 1441 1443
f 2231 1591 1593
f 2298 1382 1384
f 2190 1322 1324
f 1884 1274 1276
f 1900 1262 1264
f 2278 1298 1300
f 2314 1316 1318
f 2170 1340 1342
f 2159 1561 1563
f 2015 1459 1461
f 2213 1585 1587
f 1918 1346 1348
f 2136 1520 1522
f 1977 1417 1419
f 1990 1394 1396
f 2224 1496 1498
f 2301 1514 1516
f 2177 1556 1558
f 2152 1424 1426
f 2008 1430 1432
f 2206 1567 1569
f 1925 1369 1371
f 1817 1279 1281
f 1797 1255 1257
f 1833 1291 1293
f 1851 1309 1311
f 1871 1327 1329
f 1941 1375 1377
f 2119 1537 1539
f 2029 1448 1450
f 2247 1574 1576
f 2262 1364 1366
f 2051 1483 1485
f 1954 1387 1389
f 2064 1436 1438
f 2085 1507 1509
f 2105 1525 1527
f 2121 1543 1545
f 2031 1465 1467
f 2244 1454 1456
f 2265 1580 1582
f 1939 1358 1360
f 1814 1267 1271
f 1793 1243 1247
f 1829 1250 1254
f 1847 1286 1290
f 1868 1304 1308
f 1937 1334 1338
f 2124 1549 1553
f 2034 1471 1475
f 2250 1597 1601
f 2261 1352 1356
f 2050 1477 1481
f 1960 1399 1403
f 2063 1406 1410
f 2081 1490 1494
f 2102 1502 1506
f 2117 1531 1535
f 2027 1412 1416
f 2243 1442 1446
f 2268 1592 1596
f 1944 1381 1385
f 1804 890 894
f 1785 884 887
f 1821 896 899
f 1839 902 905
f 1858 908 912
f 1929 938 941
f 2114 1046 1050
f 2024 1220 1224
f 2240 1196 1200
f 2253 1112 1115
f 2038 980 984
f 1951 974 977
f 2055 986 989
f 2073 992 995
f 2092 998 1002
f 2109 1016 1019
f 2019 968 971
f 2235 1088 1091
f 2258 1142 1146
f 1934 1154 1158
f 1861 1214 1217
f 1807 1034 1037
f 1790 914 918
f 1826 1094 1098
f 1844 1184 1188
f 1880 1040 1044
f 2186 1232 1236
f 2308 1208 1212
f 2272 1118 1122
f 1894 926 930
f 2095 1160 1163
f 2041 1010 1013
f 1948 944 948
f 2060 1070 1074
f 2078 1130 1134
f 2132 1166 1170
f 1970 1004 1008
f 1984 956 960
f 2218 1082 1086
f 2289 1148 1151
f 2181 1058 1061
f 1875 920 923
f 1897 1100 1103
f 2275 1202 1205
f 2311 1238 1241
f 2167 1172 1175
f 2146 1028 1032
f 2002 962 966
f 2200 1076 1080
f 1915 1124 1127
f 2127 1022 1025
f 1965 950 953
f 1987 1064 1067
f 2221 1136 1139
f 2294 1178 1182
f 2164 1052 1056
f 2149 1226 1229
f 2005 1190 1193
f 2203 1106 1109
f 1912 932 936
f 1870 1321 1325
f 1816 1273 1277
f 1800 1261 1265
f 1836 1297 1301
f 1854 1315 1319
f 1890 1339 1343
f 2196 1562 1566
f 2320 1460 1464
f 2284 1586 1590
f 1906 1345 1349
f 2104 1519 1523
f 2047 1418 1422
f 1958 1393 1397
f 2070 1495 1499
f 2088 1513 1517
f 2142 1555 1559
f 1980 1423 1427
f 1994 1429 1433
f 2230 1568 1572
f 2297 1370 1374
f 2329 894 892
f 2323 887 885
f 2326 899 897
f 2333 905 903
f 2336 912 910
f 2345 941 939
f 2409 1050 1048
f 2496 1224 1222
f 2485 1200 1198
f 2435 1115 1113
f 2374 984 982
f 2368 977 975
f 2371 989 987
f 2378 995 993
f 2381 1002 1000
f 2392 1019 1017
f 2360 971 969
f 2416 1091 1089
f 2456 1146 1144
f 2460 1158 1156
f 2488 1217 1215
f 2398 1037 1035
f 2340 918 916
f 2430 1098 1096
f 2475 1188 1186
f 2404 1044 1042
f 2501 1236 1234
f 2482 1212 1210
f 2440 1122 1120
f 2347 930 928
f 2464 1163 1161
f 2384 1013 1011
f 2355 948 946
f 2419 1074 1072
f 2451 1134 1132
f 2470 1170 1168
f 2385 1008 1006
f 2362 960 958
f 2423 1086 1084
f 2446 1151 1149
f 2401 1061 1059
f 2339 923 921
f 2429 1103 1101
f 2474 1205 1203
f 2491 1241 1239
f 2459 1175 1173
f 2395 1032 1030
f 2365 966 964
f 2424 1080 1078
f 2443 1127 1125
f 2390 1025 1023
f 2354 953 951
f 2413 1067 1065
f 2450 1139 1137
f 2467 1182 1180
f 2408 1056 1054
f 2495 1229 1227
f 2479 1193 1191
f 2437 1109 1107
f 2350 936 934
f 2511 1325 1326
f 2505 1277 1278
f 2507 1265 1266
f 2513 1301 1302
f 2516 1319 1320
f 2519 1343 1344
f 2556 1566 1565
f 2540 1464 1463
f 2561 1590 1589
f 2521 1349 1350
f 2544 1523 1524
f 2529 1422 1421
f 2530 1397 1398
f 2546 1499 1500
f 2549 1517 1518
f 2553 1559 1560
f 2534 1427 1428
f 2536 1433 1434
f 2557 1572 1571
f 2525 1374 1373
f 1609 892 889
f 1605 885 883
f 1611 897 895
f 1614 903 901
f 1617 910 907
f 1631 939 937
f 1688 1048 1045
f 1775 1222 1219
f 1763 1198 1195
f 1719 1113 1111
f 1654 982 979
f 1650 975 973
f 1656 987 985
f 1659 993 991
f 1662 1000 997
f 1672 1017 1015
f 1646 969 967
f 1706 1089 1087
f 1735 1144 1141
f 1741 1156 1153
f 1770 1215 1213
f 1680 1035 1033
f 1621 916 913
f 1711 1096 1093
f 1756 1186 1183
f 1684 1042 1039
f 1780 1234 1231
f 1767 1210 1207
f 1722 1120 1117
f 1627 928 925
f 1744 1161 1159
f 1668 1011 1009
f 1636 946 943
f 1699 1072 1069
f 1730 1132 1129
f 1748 1168 1165
f 1666 1006 1003
f 1642 958 955
f 1705 1084 1081
f 1736 1149 1147
f 1691 1059 1057
f 1623 921 919
f 1713 1101 1099
f 1764 1203 1201
f 1781 1239 1237
f 1749 1173 1171
f 1677 1030 1027
f 1645 964 961
f 1703 1078 1075
f 1725 1125 1123
f 1674 1023 1021
f 1638 951 949
f 1695 1065 1063
f 1732 1137 1135
f 1752 1180 1177
f 1690 1054 1051
f 1777 1227 1225
f 1759 1191 1189
f 1717 1107 1105
f 1630 934 931
f 2191 1326 1322
f 1885 1278 1274
f 1901 1266 1262
f 2279 1302 1298
f 2315 1320 1316
f 2171 1344 1340
f 2160 1565 1561
f 2016 1463 1459
f 2214 1589 1585
f 1919 1350 1346
f 2137 1524 1520
f 1978 1421 1417
f 1991 1398 1394
f 2225 1500 1496
f 2302 1518 1514
f 2178 1560 1556
f 2153 1428 1424
f 2009 1434 1430
f 2207 1571 1567
f 1926 1373 1369
f 1857 911 908
f 1803 893 890
f 1786 888 884
f 1822 900 896
f 1840 906 902
f 1876 924 920
f 2182 1062 1058
f 2312 1242 1238
f 2276 1206 1202
f 1898 1104 1100
f 2091 1001 998
f 2037 983 980
f 1952 978 974
f 2056 990 986
f 2074 996 992
f 2128 1026 1022
f 1966 954 950
f 1988 1068 1064
f 2222 1140 1136
f 2293 1181 1178
f 2185 1235 1232
f 1879 1043 1040
f 1893 929 926
f 2271 1121 1118
f 2307 1211 1208
f 2163 1055 1052
f 2150 1230 1226
f 2006 1194 1190
f 2204 1110 1106
f 1911 935 932
f 2131 1169 1166
f 1969 1007 1004
f 1983 959 956
f 2217 1085 1082
f 2290 1152 1148
f 2168 1176 1172
f 2145 1031 1028
f 2001 965 962
f 2199 1079 1076
f 1916 1128 1124
f 1808 1038 1034
f 1789 917 914
f 1825 1097 1094
f 1843 1187 1184
f 1862 1218 1214
f 1933 1157 1154
f 2110 1020 1016
f 2020 972 968
f 2236 1092 1088
f 2257 1145 1142
f 2042 1014 1010
f 1947 947 944
f 2059 1073 1070
f 2077 1133 1130
f 2096 1164 1160
f 2113 1049 1046
f 2023 1223 1220
f 2239 1199 1196
f 2254 1116 1112
f 1930 942 938
f 1818 1283 1279
f 1798 1259 1255
f 1834 1295 1291
f 1852 1313 1309
f 1872 1331 1327
f 1942 1379 1375
f 2120 1541 1537
f 2030 1452 1448
f 2248 1578 1574
f 2263 1368 1364
f 2052 1487 1483
f 1955 1391 1387
f 2065 1440 1436
f 2086 1511 1507
f 2106 1529 1525
f 2122 1547 1543
f 2032 1469 1465
f 2245 1458 1454
f 2266 1584 1580
f 1940 1362 1358
f 1813 1269 1267
f 1792 1245 1243
f 1828 1252 1250
f 1846 1288 1286
f 1867 1306 1304
f 1936 1336 1334
f 2123 1551 1549
f 2033 1473 1471
f 2249 1599 1597
f 2260 1354 1352
f 2049 1479 1477
f 1959 1401 1399
f 2062 1408 1406
f 2080 1492 1490
f 2101 1504 1502
f 2116 1533 1531
f 2026 1414 1412
f 2242 1444 1442
f 2267 1594 1592
f 1943 1383 1381
f 1869 1323 1321
f 1815 1275 1273
f 1799 1263 1261
f 1835 1299 1297
f 1853 1317 1315
f 1889 1341 1339
f 2195 1564 1562
f 2319 1462 1460
f 2283 1588 1586
f 1905 1347 1345
f 2103 1521 1519
f 2046 1420 1418
f 1957 1395 1393
f 2069 1497 1495
f 2087 1515 1513
f 2141 1557 1555
f 1979 1425 1423
f 1993 1431 1429
f 2229 1570 1568
f 2296 1372 1370
f 2188 1282 1280
f 1882 1258 1256
f 1902 1294 1292
f 2280 1312 1310
f 2316 1330 1328
f 2172 1378 1376
f 2157 1540 1538
f 2011 1449 1447
f 2209 1575 1573
f 1923 1365 1363
f 2134 1486 1484
f 1972 1390 1388
f 1995 1437 1435
f 2226 1510 1508
f 2303 1528 1526
f 2175 1546 1544
f 2154 1468 1466
f 2013 1455 1453
f 2211 1581 1579
f 1921 1359 1357
f 1865 1272 1268
f 1811 1248 1244
f 1796 1253 1249
f 1832 1289 1285
f 1850 1307 1303
f 1888 1337 1333
f 2194 1554 1550
f 2322 1476 1472
f 2286 1602 1598
f 1908 1355 1351
f 2099 1482 1478
f 2045 1404 1400
f 1962 1409 1405
f 2068 1493 1489
f 2084 1505 1501
f 2140 1536 1532
f 1976 1415 1411
f 1998 1445 1441
f 2232 1595 1591
f 2299 1386 1382
f 2330 909 911
f 2324 891 893
f 2325 886 888
f 2332 898 900
f 2335 904 906
f 2344 922 924
f 2410 1060 1062
f 2497 1240 1242
f 2486 1204 1206
f 2434 1102 1104
f 2375 999 1001
f 2369 981 983
f 2370 976 978
f 2377 988 990
f 2380 994 996
f 2393 1024 1026
f 2359 952 954
f 2415 1066 1068
f 2455 1138 1140
f 2461 1179 1181
f 2489 1233 1235
f 2399 1041 1043
f 2341 927 929
f 2431 1119 1121
f 2476 1209 1211
f 2405 1053 1055
f 2500 1228 1230
f 2481 1192 1194
f 2439 1108 1110
f 2348 933 935
f 2465 1167 1169
f 2383 1005 1007
f 2356 957 959
f 2420 1083 1085
f 2452 1150 1152
f 2471 1174 1176
f 2386 1029 1031
f 2363 963 965
f 2422 1077 1079
f 2445 1126 1128
f 2400 1036 1038
f 2338 915 917
f 2428 1095 1097
f 2473 1185 1187
f 2490 1216 1218
f 2458 1155 1157
f 2394 1018 1020
f 2366 970 972
f 2425 1090 1092
f 2444 1143 1145
f 2389 1012 1014
f 2353 945 947
f 2414 1071 1073
f 2449 1131 1133
f 2466 1162 1164
f 2407 1047 1049
f 2494 1221 1223
f 2480 1197 1199
f 2438 1114 1116
f 2351 940 942
f 2510 1284 1283
f 2504 1260 1259
f 2508 1296 1295
f 2514 1314 1313
f 2517 1332 1331
f 2520 1380 1379
f 2554 1542 1541
f 2539 1451 1452
f 2560 1577 1578
f 2523 1367 1368
f 2543 1488 1487
f 2527 1392 1391
f 2532 1439 1440
f 2547 1512 1511
f 2550 1530 1529
f 2552 1548 1547
f 2535 1470 1469
f 2538 1457 1458
f 2558 1583 1584
f 2524 1361 1362
f 1607 1616 1609
f 1603 1608 1605
f 1604 1606 1611
f 1610 1612 1614
f 1613 1615 1617
f 1622 1624 1631
f 1686 1692 1688
f 1773 1782 1775
f 1761 1765 1763
f 1712 1714 1719
f 1652 1661 1654
f 1648 1653 1650
f 1649 1651 1656
f 1655 1657 1659
f 1658 1660 1662
f 1670 1675 1672
f 1637 1639 1646
f 1694 1696 1706
f 1731 1733 1735
f 1739 1751 1741
f 1768 1779 1770
f 1678 1683 1680
f 1619 1626 1621
f 1709 1721 1711
f 1754 1766 1756
f 1682 1689 1684
f 1776 1778 1780
f 1758 1760 1767
f 1716 1718 1722
f 1625 1629 1627
f 1742 1747 1744
f 1663 1665 1668
f 1634 1641 1636
f 1697 1704 1699
f 1728 1737 1730
f 1746 1750 1748
f 1664 1676 1666
f 1640 1644 1642
f 1700 1702 1705
f 1724 1726 1736
f 1679 1681 1691
f 1618 1620 1623
f 1708 1710 1713
f 1753 1755 1764
f 1769 1771 1781
f 1738 1740 1749
f 1671 1673 1677
f 1643 1647 1645
f 1701 1707 1703
f 1723 1734 1725
f 1667 1669 1674
f 1633 1635 1638
f 1693 1698 1695
f 1727 1729 1732
f 1743 1745 1752
f 1685 1687 1690
f 1772 1774 1777
f 1757 1762 1759
f 1715 1720 1717
f 1628 1632 1630
f 2187 2189 2191
f 1881 1883 1885
f 1899 1903 1901
f 2277 2281 2279
f 2313 2317 2315
f 2169 2173 2171
f 2156 2158 2160
f 2010 2012 2016
f 2208 2210 2214
f 1917 1924 1919
f 2133 2135 2137
f 1971 1973 1978
f 1989 1996 1991
f 2223 2227 2225
f 2300 2304 2302
f 2174 2176 2178
f 2151 2155 2153
f 2007 2014 2009
f 2205 2212 2207
f 1920 1922 1926
f 1855 1864 1857
f 1801 1810 1803
f 1784 1795 1786
f 1820 1831 1822
f 1838 1849 1840
f 1874 1887 1876
f 2180 2193 2182
f 2310 2321 2312
f 2274 2285 2276
f 1896 1907 1898
f 2089 2098 2091
f 2035 2044 2037
f 1950 1961 1952
f 2054 2067 2056
f 2072 2083 2074
f 2126 2139 2128
f 1964 1975 1966
f 1986 1997 1988
f 2220 2231 2222
f 2291 2298 2293
f 2183 2190 2185
f 1877 1884 1879
f 1891 1900 1893
f 2269 2278 2271
f 2305 2314 2307
f 2161 2170 2163
f 2148 2159 2150
f 2004 2015 2006
f 2202 2213 2204
f 1909 1918 1911
f 2129 2136 2131
f 1967 1977 1969
f 1981 1990 1983
f 2215 2224 2217
f 2288 2301 2290
f 2166 2177 2168
f 2143 2152 2145
f 1999 2008 2001
f 2197 2206 2199
f 1914 1925 1916
f 1806 1817 1808
f 1787 1797 1789
f 1823 1833 1825
f 1841 1851 1843
f 1860 1871 1862
f 1931 1941 1933
f 2108 2119 2110
f 2018 2029 2020
f 2234 2247 2236
f 2255 2262 2257
f 2040 2051 2042
f 1945 1954 1947
f 2057 2064 2059
f 2075 2085 2077
f 2094 2105 2096
f 2111 2121 2113
f 2021 2031 2023
f 2237 2244 2239
f 2252 2265 2254
f 1928 1939 1930
f 1812 1814 1818
f 1791 1793 1798
f 1827 1829 1834
f 1845 1847 1852
f 1866 1868 1872
f 1935 1937 1942
f 2118 2124 2120
f 2028 2034 2030
f 2246 2250 2248
f 2259 2261 2263
f 2048 2050 2052
f 1953 1960 1955
f 2061 2063 2065
f 2079 2081 2086
f 2100 2102 2106
f 2115 2117 2122
f 2025 2027 2032
f 2241 2243 2245
f 2264 2268 2266
f 1938 1944 1940
f 1802 1804 1813
f 1783 1785 1792
f 1819 1821 1828
f 1837 1839 1846
f 1856 1858 1867
f 1927 1929 1936
f 2112 2114 2123
f 2022 2024 2033
f 2238 2240 2249
f 2251 2253 2260
f 2036 2038 2049
f 1949 1951 1959
f 2053 2055 2062
f 2071 2073 2080
f 2090 2092 2101
f 2107 2109 2116
f 2017 2019 2026
f 2233 2235 2242
f 2256 2258 2267
f 1932 1934 1943
f 1859 1861 1869
f 1805 1807 1815
f 1788 1790 1799
f 1824 1826 1835
f 1842 1844 1853
f 1878 1880 1889
f 2184 2186 2195
f 2306 2308 2319
f 2270 2272 2283
f 1892 1894 1905
f 2093 2095 2103
f 2039 2041 2046
f 1946 1948 1957
f 2058 2060 2069
f 2076 2078 2087
f 2130 2132 2141
f 1968 1970 1979
f 1982 1984 1993
f 2216 2218 2229
f 2287 2289 2296
f 2179 2181 2188
f 1873 1875 1882
f 1895 1897 1902
f 2273 2275 2280
f 2309 2311 2316
f 2165 2167 2172
f 2144 2146 2157
f 2000 2002 2011
f 2198 2200 2209
f 1913 1915 1923
f 2125 2127 2134
f 1963 1965 1972
f 1985 1987 1995
f 2219 2221 2226
f 2292 2294 2303
f 2162 2164 2175
f 2147 2149 2154
f 2003 2005 2013
f 2201 2203 2211
f 1910 1912 1921
f 1863 1870 1865
f 1809 1816 1811
f 1794 1800 1796
f 1830 1836 1832
f 1848 1854 1850
f 1886 1890 1888
f 2192 2196 2194
f 2318 2320 2322
f 2282 2284 2286
f 1904 1906 1908
f 2097 2104 2099
f 2043 2047 2045
f 1956 1958 1962
f 2066 2070 2068
f 2082 2088 2084
f 2138 2142 2140
f 1974 1980 1976
f 1992 1994 1998
f 2228 2230 2232
f 2295 2297 2299
f 2331 2329 2330
f 2327 2323 2324
f 2328 2326 2325
f 2334 2333 2332
f 2337 2336 2335
f 2346 2345 2344
f 2412 2409 2410
f 2499 2496 2497
f 2487 2485 2486
f 2436 2435 2434
f 2376 2374 2375
f 2372 2368 2369
f 2373 2371 2370
f 2379 2378 2377
f 2382 2381 2380
f 2396 2392 2393
f 2361 2360 2359
f 2418 2416 2415
f 2457 2456 2455
f 2463 2460 2461
f 2492 2488 2489
f 2402 2398 2399
f 2343 2340 2341
f 2433 2430 2431
f 2478 2475 2476
f 2406 2404 2405
f 2502 2501 2500
f 2484 2482 2481
f 2442 2440 2439
f 2349 2347 2348
f 2468 2464 2465
f 2387 2384 2383
f 2358 2355 2356
f 2421 2419 2420
f 2454 2451 2452
f 2472 2470 2471
f 2388 2385 2386
f 2364 2362 2363
f 2426 2423 2422
f 2448 2446 2445
f 2403 2401 2400
f 2342 2339 2338
f 2432 2429 2428
f 2477 2474 2473
f 2493 2491 2490
f 2462 2459 2458
f 2397 2395 2394
f 2367 2365 2366
f 2427 2424 2425
f 2447 2443 2444
f 2391 2390 2389
f 2357 2354 2353
f 2417 2413 2414
f 2453 2450 2449
f 2469 2467 2466
f 2411 2408 2407
f 2498 2495 2494
f 2483 2479 2480
f 2441 2437 2438
f 2352 2350 2351
f 2509 2511 2510
f 2503 2505 2504
f 2506 2507 2508
f 2512 2513 2514
f 2515 2516 2517
f 2518 2519 2520
f 2555 2556 2554
f 2541 2540 2539
f 2562 2561 2560
f 2522 2521 2523
f 2542 2544 2543
f 2528 2529 2527
f 2531 2530 2532
f 2545 2546 2547
f 2548 2549 2550
f 2551 2553 2552
f 2533 2534 2535
f 2537 2536 2538
f 2559 2557 2558
f 2526 2525 2524