v -0.231844 0.600314 0.211063
v 0.218686 0.612085 0.224255
v -0.314927 -0.497085 0.193273
v 0.313759 -0.507196 0.192154
v 0.008180 -0.396424 0.914546
v -0.004956 0.396034 0.711279
v -0.006342 -0.211164 -0.284616
v 0.000933 0.570954 -0.555077
v 0.387323 0.120952 -0.061276
v 0.352205 0.103415 0.495013
v -0.370001 0.129907 -0.055298
v -0.357510 0.107298 0.503097
v -0.006549 0.749787 0.160236
v -0.170362 0.552511 0.465327
v -0.258677 0.760215 -0.266885
v -0.318565 0.380475 0.026335
v -0.329595 0.384980 0.383068
v 0.172206 0.570801 0.468858
v 0.223194 0.805724 -0.246144
v 0.310836 0.373261 0.015213
v 0.317691 0.389968 0.391771
v 0.002560 -0.593282 0.195903
v -0.239167 -0.592779 0.641077
v -0.188983 -0.467694 -0.106747
v -0.373554 -0.162805 0.060221
v -0.376741 -0.194954 0.401772
v 0.229696 -0.598028 0.627145
v 0.192674 -0.484176 -0.119037
v 0.377861 -0.169073 0.048315
v 0.382589 -0.202520 0.398371
v -0.000414 0.061466 0.947895
v 0.320377 -0.132157 0.803658
v -0.321217 -0.130103 0.800267
v 0.246392 0.271051 0.677966
v -0.248760 0.267268 0.683117
v 0.000506 0.123405 -0.554678
v 0.193949 -0.029351 -0.219810
v -0.192620 -0.027848 -0.213576
v 0.328754 0.344894 -0.412480
v -0.320236 0.341417 -0.400009
v 0.402231 0.105252 0.204334
v -0.398348 0.112301 0.216368
v -0.146407 0.689477 0.173131
v -0.239259 0.613175 0.336641
v -0.196727 0.635670 -0.033956
v -0.266766 0.511425 0.113419
v -0.295816 0.515435 0.311984
v 0.148811 0.691864 0.180085
v 0.219859 0.612638 0.337561
v 0.188790 0.640328 -0.012965
v 0.249991 0.514181 0.115171
v 0.267164 0.522698 0.318953
v -0.200753 -0.606777 0.179566
v -0.239227 -0.473532 0.368711
v -0.365421 -0.609064 -0.009415
v -0.372298 -0.363144 0.119984
v -0.352009 -0.352846 0.307778
v 0.205778 -0.613014 0.181732
v 0.228125 -0.484783 0.377228
v 0.362164 -0.622792 -0.014475
v 0.373190 -0.378130 0.111528
v 0.346256 -0.366074 0.302828
v -0.142339 -0.567062 0.917456
v 0.191155 -0.698398 0.835289
v -0.002749 -0.154935 1.000587
v 0.214443 -0.304366 0.928468
v -0.198925 -0.271141 0.933236
v -0.078693 0.476505 0.613809
v 0.078564 0.485469 0.607033
v -0.001863 0.255881 0.812230
v 0.119058 0.343981 0.715405
v -0.125494 0.345098 0.722138
v -0.059529 -0.319772 -0.187206
v 0.061093 -0.319788 -0.181338
v -0.000372 -0.046885 -0.375850
v 0.085219 -0.137887 -0.275564
v -0.082107 -0.142077 -0.276415
v -0.130684 0.732385 -0.422562
v 0.127231 0.717625 -0.439448
v 0.001697 0.362380 -0.659992
v 0.194576 0.476943 -0.550771
v -0.206535 0.482443 -0.551574
v 0.369401 0.219687 -0.039876
v 0.377194 0.021282 -0.012753
v 0.317432 0.069528 -0.132648
v 0.335079 0.218250 -0.179025
v 0.406636 0.109707 0.043903
v 0.343556 0.237455 0.447300
v 0.379227 -0.031421 0.459372
v 0.333191 0.005060 0.619633
v 0.309108 0.180383 0.588972
v 0.382438 0.105084 0.366432
v -0.356515 0.227215 -0.030163
v -0.360889 0.018666 0.004823
v -0.300428 0.074874 -0.125410
v -0.322077 0.223767 -0.176420
v -0.392804 0.116793 0.060855
v -0.346177 0.239097 0.449974
v -0.374849 -0.030417 0.464506
v -0.334210 0.005780 0.620916
v -0.315700 0.183739 0.595587
v -0.383825 0.111749 0.372417
v -0.087961 0.664878 0.331813
v -0.089402 0.759866 -0.182695
v 0.091021 0.659012 0.333295
v 0.085286 0.765722 -0.077819
v -0.288380 0.492730 0.436085
v 0.010384 0.585808 0.481576
v -0.214912 0.420800 0.578833
v -0.321006 0.582039 -0.149187
v 0.002244 0.833945 -0.285223
v -0.302094 0.577084 -0.363328
v -0.342666 0.383608 0.232094
v -0.319218 0.389817 -0.184176
v -0.375338 0.235978 0.137181
v -0.307001 0.349496 0.528260
v -0.369779 0.249073 0.299128
v 0.266950 0.499608 0.437621
v 0.226394 0.443120 0.575806
v 0.327743 0.573472 -0.152664
v 0.283394 0.601028 -0.364830
v 0.317985 0.378339 0.227515
v 0.304712 0.389862 -0.188461
v 0.373844 0.226419 0.124380
v 0.298016 0.354786 0.523544
v 0.366116 0.240678 0.299320
v -0.085596 -0.573232 0.412858
v -0.110124 -0.616889 -0.010430
v 0.087787 -0.589921 0.423464
v 0.117296 -0.630225 -0.006205
v -0.332119 -0.360107 0.518499
v 0.008854 -0.636724 0.659560
v -0.345386 -0.376061 0.782673
v -0.352819 -0.340579 -0.073611
v 0.005118 -0.463498 -0.086052
v -0.189593 -0.239409 -0.145801
v -0.383579 -0.186872 0.229056
v -0.304533 -0.110348 -0.082726
v -0.389174 -0.017636 0.146793
v -0.358604 -0.182911 0.596346
v -0.387622 -0.034226 0.303415
v 0.326004 -0.380204 0.519821
v 0.348245 -0.410504 0.763610
v 0.355121 -0.357760 -0.076068
v 0.188439 -0.243793 -0.138177
v 0.386693 -0.194704 0.218303
v 0.307565 -0.116565 -0.090429
v 0.400586 -0.017498 0.133797
v 0.356916 -0.190510 0.594938
v 0.400329 -0.038116 0.296567
v 0.179848 -0.036371 0.941806
v -0.185032 -0.038345 0.938072
v 0.143041 0.164500 0.829292
v -0.152503 0.169663 0.837159
v 0.270162 0.079098 0.761788
v -0.273687 0.081058 0.762970
v 0.122226 0.047892 -0.409377
v -0.122196 0.045293 -0.404713
v 0.214366 0.227287 -0.613350
v -0.219702 0.215041 -0.621947
v 0.235430 0.161672 -0.331998
v -0.235246 0.165141 -0.323936
v -0.196942 0.640929 0.193816
v -0.239356 0.613358 0.276503
v -0.206964 0.610000 0.110772
v -0.246092 0.561872 0.168315
v -0.266088 0.565442 0.264259
v 0.195937 0.650414 0.203487
v 0.224289 0.621082 0.282979
v 0.200959 0.620608 0.124688
v 0.228835 0.572075 0.179468
v 0.238994 0.577457 0.277489
v -0.275091 -0.563847 0.185385
v -0.274359 -0.479155 0.263208
v -0.343505 -0.560227 0.115241
v -0.351180 -0.448752 0.158075
v -0.326092 -0.426647 0.246224
v 0.276353 -0.568407 0.184672
v 0.271419 -0.491327 0.266338
v 0.353438 -0.572456 0.114250
v 0.350872 -0.461786 0.154286
v 0.322790 -0.439784 0.244243
v -0.054811 -0.463154 0.881651
v 0.081729 -0.538799 0.865858
v 0.002734 -0.278263 0.957632
v 0.106647 -0.377132 0.929751
v -0.088700 -0.336351 0.928694
v -0.039404 0.438085 0.674727
v 0.030422 0.435000 0.666163
v -0.003452 0.338431 0.756823
v 0.051319 0.373937 0.716372
v -0.059337 0.377602 0.723630
v -0.022251 -0.269004 -0.253519
v 0.016279 -0.259212 -0.239285
v -0.000890 -0.138148 -0.322123
v 0.033299 -0.179900 -0.282317
v -0.035705 -0.188901 -0.292523
v -0.057709 0.629591 -0.495306
v 0.057120 0.629698 -0.501721
v -0.000023 0.476429 -0.595114
v 0.093757 0.538161 -0.567532
v -0.093395 0.528426 -0.551938
v 0.386278 0.158382 -0.054908
v 0.390060 0.082972 -0.040996
v 0.377071 0.104334 -0.087135
v 0.367454 0.159248 -0.105394
v 0.400232 0.114787 -0.018642
v 0.349583 0.163390 0.473563
v 0.365329 0.044877 0.480346
v 0.342395 0.061976 0.546437
v 0.331915 0.137657 0.538066
v 0.368149 0.105759 0.437909
v -0.366538 0.171173 -0.046853
v -0.367763 0.086248 -0.027627
v -0.344158 0.110622 -0.082722
v -0.346092 0.167811 -0.103686
v -0.386621 0.123018 -0.006382
v -0.352351 0.167142 0.480835
v -0.368466 0.046889 0.488592
v -0.346138 0.064334 0.552378
v -0.338574 0.141269 0.545465
v -0.371190 0.110222 0.445947
v -0.085410 0.747752 0.173941
v 0.077223 0.723258 0.161636
v -0.048811 0.716147 0.256711
v -0.042085 0.764366 0.032419
v 0.040321 0.701387 0.251467
v 0.036504 0.766656 0.043667
v -0.217779 0.589607 0.394062
v -0.121412 0.513582 0.540051
v -0.130458 0.608671 0.399982
v -0.241730 0.527785 0.451524
v -0.081187 0.569967 0.473977
v -0.196802 0.490545 0.525345
v -0.248159 0.713115 -0.168366
v -0.212865 0.790690 -0.324052
v -0.219434 0.829127 -0.236192
v -0.468901 0.744448 -0.208898
v -0.155047 0.827736 -0.272292
v -0.292140 0.674922 -0.349830
v -0.290515 0.451155 0.067295
v -0.341441 0.299734 -0.005175
v -0.277192 0.469684 -0.060029
v -0.334702 0.377745 0.135717
v -0.310909 0.387839 -0.082599
v -0.352257 0.302128 0.090730
v -0.314015 0.452189 0.348379
v -0.338891 0.311784 0.416977
v -0.307580 0.443644 0.414630
v -0.336770 0.386642 0.310811
v -0.319719 0.372303 0.454304
v -0.349966 0.318222 0.343235
v 0.199707 0.592770 0.397833
v 0.130538 0.535389 0.540976
v 0.138353 0.619759 0.407246
v 0.101551 0.594596 0.484424
v 0.227120 0.538517 0.452110
v 0.201698 0.510983 0.522830
v 0.208743 0.703276 -0.150084
v 0.191588 0.816221 -0.345050
v 0.140620 0.783073 -0.178555
v 0.154081 0.950954 -0.258228
v 0.399988 0.762901 -0.247820
v 0.266467 0.724924 -0.320156
v 0.279252 0.448265 0.057894
v 0.342446 0.294293 -0.016758
v 0.268983 0.463325 -0.070945
v 0.316736 0.372049 0.125388
v 0.303704 0.382354 -0.090905
v 0.346902 0.295374 0.077897
v 0.295689 0.458513 0.357422
v 0.333536 0.314921 0.420283
v 0.294096 0.451794 0.420484
v 0.318792 0.386234 0.316645
v 0.310612 0.379459 0.456240
v 0.341440 0.316078 0.347804
v -0.103450 -0.584542 0.179595
v 0.106700 -0.604428 0.189191
v -0.043617 -0.583242 0.301329
v -0.058903 -0.592588 0.097560
v 0.048135 -0.590161 0.305064
v 0.066859 -0.600295 0.101219
v -0.208208 -0.487085 0.500166
v -0.224573 -0.752626 0.820818
v -0.139882 -0.568516 0.528578
v -0.274964 -0.446361 0.589570
v -0.121790 -0.647513 0.672647
v -0.335084 -0.532046 0.747075
v -0.287644 -0.568691 -0.098421
v -0.111855 -0.383586 -0.127788
v -0.164583 -0.572976 -0.091525
v -0.284551 -0.422516 -0.104596
v -0.093514 -0.465425 -0.089547
v -0.191978 -0.351644 -0.122288
v -0.379444 -0.263847 0.087852
v -0.363846 -0.067986 0.033474
v -0.371613 -0.248228 -0.002545
v -0.382643 -0.177005 0.144879
v -0.349613 -0.141359 -0.017941
v -0.381273 -0.086340 0.109036
v -0.373409 -0.277301 0.361021
v -0.376431 -0.111986 0.436351
v -0.365366 -0.277927 0.457391
v -0.381936 -0.193123 0.314208
v -0.369581 -0.192298 0.496162
v -0.382829 -0.113501 0.350639
v 0.192492 -0.505803 0.514464
v 0.242186 -0.663819 0.730418
v 0.153113 -0.621513 0.546203
v 0.151266 -0.674210 0.653809
v 0.256680 -0.464586 0.589925
v 0.312011 -0.540315 0.699219
v 0.284828 -0.588140 -0.108471
v 0.118145 -0.392270 -0.124304
v 0.171100 -0.589920 -0.096337
v 0.101657 -0.476087 -0.091867
v 0.283966 -0.442409 -0.109986
v 0.195793 -0.364086 -0.114866
v 0.379843 -0.276254 0.077131
v 0.373074 -0.065885 0.019803
v 0.373634 -0.261268 -0.011565
v 0.384123 -0.184433 0.131859
v 0.353684 -0.147048 -0.027489
v 0.387868 -0.086123 0.096273
v 0.376743 -0.290131 0.355247
v 0.384807 -0.115613 0.433079
v 0.364660 -0.290453 0.454375
v 0.388479 -0.201189 0.307699
v 0.372329 -0.199641 0.493691
v 0.393858 -0.118017 0.345973
v -0.001026 -0.042416 1.047029
v -0.000102 0.162357 0.876881
v 0.089879 0.010989 0.967494
v -0.093400 0.011046 0.965318
v 0.079047 0.111931 0.899195
v -0.081603 0.114434 0.894248
v 0.278794 -0.218337 0.878506
v 0.334646 -0.057707 0.710581
v 0.331397 -0.265862 0.787474
v 0.342937 -0.169417 0.699242
v 0.261028 -0.087023 0.885490
v 0.301007 -0.020389 0.798139
v -0.274956 -0.203509 0.880180
v -0.339011 -0.057765 0.708224
v -0.326602 -0.246731 0.791612
v -0.345209 -0.162881 0.699601
v -0.264885 -0.086632 0.881869
v -0.302075 -0.020962 0.793433
v 0.186112 0.309058 0.702065
v 0.284292 0.226996 0.638484
v 0.236597 0.360102 0.628442
v 0.278645 0.317817 0.598471
v 0.198362 0.217760 0.754765
v 0.255948 0.176784 0.723706
v -0.190294 0.306275 0.708423
v -0.291634 0.228176 0.645307
v -0.232671 0.346718 0.631360
v -0.284795 0.311950 0.604132
v -0.206731 0.221521 0.764929
v -0.259984 0.178868 0.728103
v -0.000633 0.040592 -0.453433
v 0.002912 0.227955 -0.645954
v 0.074884 0.086135 -0.491655
v -0.075281 0.083307 -0.488453
v 0.100174 0.177498 -0.592882
v -0.098988 0.175517 -0.593393
v 0.135241 -0.084026 -0.250216
v 0.257070 0.022637 -0.181159
v 0.188801 -0.133857 -0.177208
v 0.252826 -0.077021 -0.151198
v 0.150635 0.014079 -0.311994
v 0.203637 0.071255 -0.268942
v -0.135889 -0.085687 -0.248581
v -0.248766 0.027369 -0.171189
v -0.184987 -0.131127 -0.170754
v -0.247388 -0.071408 -0.141089
v -0.147847 0.015228 -0.305217
v -0.203939 0.073699 -0.263003
v 0.284190 0.413482 -0.518377
v 0.315185 0.281908 -0.283649
v 0.304512 0.469154 -0.394024
v 0.314344 0.380509 -0.290302
v 0.318044 0.281310 -0.552073
v 0.304831 0.235242 -0.392407
v -0.293764 0.414915 -0.506860
v -0.315335 0.281532 -0.280701
v -0.307734 0.459367 -0.384046
v -0.320984 0.376426 -0.285672
v -0.325897 0.275965 -0.543638
v -0.301238 0.236209 -0.381319
v 0.409268 0.106990 0.119426
v 0.393195 0.103889 0.286967
v 0.392911 0.165189 0.163055
v 0.385080 0.170366 0.249057
v 0.407022 0.043066 0.166353
v 0.401472 0.036267 0.249692
v -0.395263 0.113122 0.138323
v -0.393931 0.111967 0.295218
v -0.392066 0.175615 0.176374
v -0.388964 0.179254 0.256094
v -0.394999 0.046510 0.180587
v -0.393372 0.041695 0.258535
v -0.192408 0.655333 0.267644
v -0.163575 0.658350 0.066506
v -0.128393 0.698788 0.261406
v -0.104796 0.708529 0.039600
v -0.272001 0.567435 0.329978
v -0.173740 0.643240 0.330899
v -0.268416 0.557506 0.389996
v -0.228319 0.574090 0.034961
v -0.161835 0.695360 -0.108135
v -0.259347 0.628448 -0.115661
v -0.286258 0.510936 0.230480
v -0.250447 0.528556 -0.027642
v -0.310814 0.448374 0.185134
v -0.295891 0.510083 0.375091
v -0.318467 0.454343 0.278036
v 0.192477 0.656782 0.272402
v 0.165761 0.672871 0.083562
v 0.123607 0.681326 0.257543
v 0.110266 0.724062 0.057162
v 0.246806 0.573716 0.335509
v 0.170078 0.640775 0.334436
v 0.244660 0.560859 0.390280
v 0.218251 0.577857 0.045429
v 0.144703 0.704417 -0.056140
v 0.242658 0.612011 -0.100129
v 0.257557 0.517855 0.236267
v 0.242416 0.526065 -0.028950
v 0.285346 0.447208 0.179644
v 0.272209 0.516325 0.379949
v 0.290552 0.455144 0.281417
v -0.206369 -0.519273 0.265807
v -0.292780 -0.688187 0.094059
v -0.131070 -0.549482 0.281431
v -0.167904 -0.715053 0.095607
v -0.303375 -0.417409 0.341075
v -0.164454 -0.523425 0.394327
v -0.285960 -0.424384 0.453815
v -0.381292 -0.476981 0.058496
v -0.250811 -0.701537 -0.074091
v -0.368721 -0.474125 -0.056550
v -0.359836 -0.356028 0.214458
v -0.386749 -0.362932 0.019404
v -0.377213 -0.270151 0.179568
v -0.344040 -0.353893 0.406481
v -0.375003 -0.273530 0.269825
v 0.202523 -0.524773 0.273733
v 0.301527 -0.692918 0.093029
v 0.129998 -0.562288 0.289147
v 0.178326 -0.704167 0.079492
v 0.297383 -0.433435 0.342421
v 0.146721 -0.530582 0.408188
v 0.275755 -0.441436 0.458234
v 0.381570 -0.494305 0.050423
v 0.249833 -0.702077 -0.054366
v 0.375881 -0.500060 -0.070332
v 0.357423 -0.369281 0.207701
v 0.390281 -0.383667 0.010304
v 0.376038 -0.281196 0.168659
v 0.338473 -0.371443 0.405515
v 0.374792 -0.285014 0.261404
v -0.000760 -0.574432 0.812783
v -0.179487 -0.408331 0.902405
v -0.077176 -0.632501 0.805647
v -0.287146 -0.499630 0.879222
v 0.233008 -0.522724 0.911147
v 0.082728 -0.629987 0.739670
v 0.313979 -0.589972 0.832340
v 0.105498 -0.219853 0.971112
v -0.107462 -0.209829 0.979239
v 0.097622 -0.098076 0.994770
v -0.104456 -0.096639 0.997245
v 0.316015 -0.381444 0.873315
v 0.195258 -0.154526 0.949370
v -0.293951 -0.331348 0.884457
v -0.200727 -0.150382 0.951175
v -0.000869 0.488532 0.614722
v -0.106984 0.417937 0.671760
v -0.037604 0.528852 0.547617
v -0.151143 0.453867 0.601119
v 0.102860 0.419306 0.660395
v 0.049102 0.544507 0.551818
v 0.157251 0.469277 0.594160
v 0.061804 0.299323 0.775088
v -0.068362 0.301054 0.773737
v 0.069485 0.209960 0.835118
v -0.074443 0.211697 0.829780
v 0.174905 0.394233 0.648857
v 0.130340 0.258147 0.772063
v -0.171525 0.382962 0.653385
v -0.139776 0.262939 0.778393
v 0.000506 -0.337758 -0.199268
v -0.067468 -0.235443 -0.230042
v -0.036497 -0.397135 -0.139673
v -0.119279 -0.288949 -0.165288
v 0.074056 -0.232672 -0.227255
v 0.041393 -0.400792 -0.138701
v 0.123276 -0.291626 -0.160679
v 0.046307 -0.091362 -0.335896
v -0.047319 -0.095662 -0.337178
v 0.057345 -0.001026 -0.401481
v -0.058645 -0.003770 -0.403037
v 0.126815 -0.187394 -0.202296
v 0.099448 -0.042159 -0.332542
v -0.122713 -0.187799 -0.200900
v -0.099466 -0.045400 -0.332901
v -0.005265 0.730647 -0.442128
v -0.173476 0.597404 -0.494646
v -0.114149 0.842696 -0.361900
v -0.224801 0.660975 -0.417469
v 0.166451 0.601834 -0.498139
v 0.073835 0.815063 -0.358428
v 0.230187 0.683625 -0.433754
v 0.110082 0.419471 -0.617741
v -0.112457 0.420050 -0.616530
v 0.126062 0.296837 -0.660560
v -0.118875 0.293925 -0.667036
v 0.261849 0.551202 -0.470917
v 0.233336 0.358912 -0.642343
v -0.272021 0.541575 -0.470815
v -0.231564 0.365291 -0.620220
v 0.363311 0.222208 -0.109457
v 0.392028 0.157137 0.005467
v 0.336492 0.297243 -0.104637
v 0.374641 0.219428 0.037720
v 0.356374 0.040556 -0.068464
v 0.400249 0.069083 0.014784
v 0.345716 -0.043871 -0.046385
v 0.390813 0.001760 0.056211
v 0.329058 0.143775 -0.152004
v 0.306107 -0.016512 -0.109992
v 0.269943 0.114141 -0.215226
v 0.334128 0.298205 -0.188303
v 0.290026 0.199713 -0.250705
v 0.394550 0.159848 0.079570
v 0.409217 0.054971 0.085453
v 0.326624 0.216559 0.516601
v 0.366329 0.173088 0.405303
v 0.320282 0.299445 0.488102
v 0.357834 0.245646 0.376444
v 0.357462 -0.018756 0.540203
v 0.382744 0.037164 0.408235
v 0.369796 -0.106686 0.522433
v 0.396526 -0.037574 0.378348
v 0.315318 0.093526 0.609520
v 0.350631 -0.089370 0.614805
v 0.308272 0.038964 0.696103
v 0.305464 0.269855 0.560955
v 0.289843 0.132942 0.670369
v 0.377919 0.173421 0.330725
v 0.395267 0.034227 0.330183
v -0.346514 0.227645 -0.107592
v -0.378333 0.170584 0.020207
v -0.334443 0.300573 -0.099632
v -0.368169 0.228858 0.052494
v -0.333593 0.042609 -0.058389
v -0.386239 0.069734 0.032462
v -0.334551 -0.043647 -0.035569
v -0.380440 -0.001881 0.072804
v -0.310021 0.150877 -0.156434
v -0.295917 -0.012560 -0.099787
v -0.263233 0.119228 -0.211662
v -0.335306 0.299385 -0.189506
v -0.287537 0.203555 -0.251186
v -0.385035 0.171538 0.096638
v -0.392348 0.055450 0.104229
v -0.333942 0.218756 0.522869
v -0.364873 0.177135 0.409748
v -0.328444 0.296888 0.491713
v -0.358242 0.246989 0.375323
v -0.357695 -0.017344 0.543971
v -0.380634 0.040728 0.414971
v -0.367095 -0.103832 0.524224
v -0.383461 -0.035360 0.383328
v -0.321225 0.096121 0.613934
v -0.350973 -0.086765 0.614983
v -0.310844 0.039830 0.696112
v -0.315071 0.269425 0.567067
v -0.296424 0.135071 0.674290
v -0.378404 0.180483 0.334071
v -0.388975 0.039396 0.337146
v 0.002990 0.674078 0.335294
v -0.037849 0.625749 0.406950
v 0.002360 0.788090 -0.108265
v -0.071565 0.823168 -0.244493
v 0.055479 0.634076 0.412642
v 0.062290 0.810225 -0.199514
v -0.257352 0.459369 0.503543
v -0.297584 0.422363 0.482856
v -0.275312 0.389440 0.555388
v -0.355568 0.592976 -0.260385
v -0.301267 0.489450 -0.173469
v -0.315362 0.483454 -0.272928
v -0.360876 0.308929 0.183518
v -0.358951 0.315260 0.266595
v -0.378353 0.243713 0.220401
v 0.252014 0.476110 0.501549
v 0.286318 0.431566 0.482260
v 0.267136 0.399812 0.552140
v 0.345511 0.651898 -0.259547
v 0.282614 0.495274 -0.184919
v 0.302099 0.497913 -0.280203
v 0.346244 0.300883 0.173712
v 0.343161 0.309188 0.265554
v 0.368795 0.234477 0.212432
v 0.003560 -0.606331 0.426961
v -0.045364 -0.613055 0.542639
v 0.006603 -0.554519 0.030869
v -0.050684 -0.521899 -0.038346
v 0.062246 -0.635384 0.548664
v 0.062472 -0.531847 -0.037613
v -0.333378 -0.376106 0.647355
v -0.355309 -0.277398 0.564656
v -0.347403 -0.271154 0.680096
v -0.272389 -0.292437 -0.114263
v -0.328205 -0.219166 -0.077239
v -0.256820 -0.177044 -0.123376
v -0.386366 -0.100118 0.188159
v -0.386043 -0.109130 0.268035
v -0.390074 -0.028272 0.223618
v 0.322350 -0.394374 0.637929
v 0.350087 -0.290584 0.563381
v 0.343226 -0.286817 0.674609
v 0.272638 -0.304948 -0.112102
v 0.329754 -0.229126 -0.081688
v 0.257557 -0.184672 -0.125314
v 0.393723 -0.103308 0.177038
v 0.395417 -0.114038 0.260215
v 0.402131 -0.031393 0.214422
v 0.161251 0.066855 0.891699
v 0.239183 0.022643 0.859357
v -0.167043 0.068090 0.895433
v -0.242198 0.022451 0.857243
v 0.215602 0.122155 0.808416
v -0.222404 0.126694 0.816631
v 0.166756 0.126398 -0.514654
v 0.187668 0.100558 -0.393407
v -0.166655 0.123055 -0.503295
v -0.181248 0.104429 -0.381551
v 0.271336 0.162293 -0.499852
v -0.267955 0.161600 -0.476858
v -0.216958 0.619208 0.205061
v -0.236225 0.607568 0.244749
v -0.219230 0.605241 0.171683
v -0.237727 0.583488 0.194321
v -0.249148 0.585821 0.238067
v 0.210092 0.629602 0.216122
v 0.221907 0.617863 0.253383
v 0.210528 0.615529 0.183067
v 0.222963 0.596603 0.209074
v 0.227294 0.598373 0.252153
v -0.299294 -0.527548 0.189182
v -0.296884 -0.490039 0.223685
v -0.325390 -0.523662 0.159681
v -0.333093 -0.479228 0.177330
v -0.318656 -0.464217 0.216739
v 0.299308 -0.535260 0.188139
v 0.292403 -0.499060 0.222032
v 0.328703 -0.533919 0.159035
v 0.333278 -0.490629 0.175804
v 0.316458 -0.476253 0.215465
v -0.018848 -0.428187 0.898163
v 0.038473 -0.451659 0.896025
v 0.005945 -0.343462 0.934241
v 0.051275 -0.391680 0.922721
v -0.035609 -0.367904 0.921238
v -0.020535 0.415352 0.695612
v 0.010187 0.412979 0.691512
v -0.004099 0.371290 0.731432
v 0.019961 0.386032 0.713432
v -0.029086 0.389312 0.719012
v -0.013983 -0.237887 -0.272826
v -0.000423 -0.231954 -0.264157
v -0.003109 -0.181095 -0.303049
v 0.010723 -0.196203 -0.282017
v -0.018329 -0.205062 -0.293483
v -0.025700 0.594884 -0.528502
v 0.026218 0.596493 -0.531622
v 0.000892 0.527978 -0.571296
v 0.045014 0.559725 -0.563635
v -0.041182 0.550477 -0.551096
v 0.387245 0.138161 -0.059374
v 0.389432 0.103800 -0.051926
v 0.381351 0.114492 -0.073615
v 0.379644 0.136873 -0.079805
v 0.394581 0.117717 -0.042897
v 0.350927 0.130464 0.485230
v 0.358255 0.077434 0.488933
v 0.347485 0.085687 0.517168
v 0.342894 0.119056 0.513673
v 0.359408 0.104762 0.469897
v -0.369394 0.147644 -0.052227
v -0.371047 0.111942 -0.043748
v -0.360372 0.122481 -0.067955
v -0.360040 0.145696 -0.075199
v -0.379757 0.126093 -0.034390
v -0.355164 0.134397 0.493478
v -0.362711 0.081469 0.497189
v -0.352135 0.088579 0.524310
v -0.349000 0.122687 0.521843
v -0.364047 0.108777 0.478037
v -0.049481 0.755508 0.165788
v 0.036239 0.736395 0.157788
v -0.027037 0.732113 0.210065
v -0.030113 0.774319 0.110357
v 0.016852 0.724374 0.206901
v 0.014919 0.759899 0.103425
v -0.195758 0.571868 0.428887
v -0.145182 0.532874 0.502809
v -0.151493 0.581032 0.432964
v -0.210265 0.542558 0.459893
v -0.126331 0.561039 0.469835
v -0.187584 0.523862 0.497229
v -0.270773 0.752695 -0.222903
v -0.233011 0.759400 -0.294238
v -0.224542 0.781028 -0.246559
v -0.358133 0.773222 -0.264801
v -0.209309 0.797129 -0.270554
v -0.298250 0.728778 -0.305343
v -0.304698 0.417565 0.044789
v -0.330647 0.340776 0.009660
v -0.297871 0.423294 -0.014109
v -0.326486 0.378209 0.081351
v -0.313194 0.384220 -0.028805
v -0.338020 0.339766 0.061867
v -0.322143 0.418676 0.365490
v -0.334181 0.348419 0.399873
v -0.318836 0.415496 0.400245
v -0.332738 0.385901 0.346779
v -0.324624 0.380901 0.418648
v -0.339226 0.350985 0.363275
v 0.186785 0.582101 0.432486
v 0.153857 0.556311 0.506084
v 0.157360 0.597404 0.439798
v 0.139657 0.585165 0.477798
v 0.201936 0.555392 0.460137
v 0.188014 0.542930 0.496683
v 0.228490 0.760536 -0.198365
v 0.202220 0.834836 -0.298358
v 0.185063 0.808318 -0.210453
v 0.205842 0.892626 -0.259196
v 0.287058 0.768014 -0.234771
v 0.249844 0.773695 -0.277645
v 0.294791 0.412069 0.034671
v 0.326792 0.333077 -0.001721
v 0.290351 0.417336 -0.024485
v 0.314057 0.371997 0.070186
v 0.306859 0.377469 -0.039009
v 0.329604 0.333130 0.049060
v 0.307631 0.424260 0.374790
v 0.326244 0.352798 0.406463
v 0.305362 0.422303 0.408025
v 0.319020 0.389263 0.356237
v 0.314606 0.386178 0.424448
v 0.329892 0.353605 0.370511
v -0.050170 -0.589758 0.190966
v 0.055623 -0.598496 0.195108
v -0.022158 -0.588705 0.247371
v -0.025212 -0.594371 0.145635
v 0.026988 -0.592221 0.249479
v 0.032391 -0.597921 0.147486
v -0.212295 -0.522478 0.567878
v -0.270121 -0.700494 0.733554
v -0.181134 -0.576008 0.585440
v -0.257288 -0.512039 0.616905
v -0.189322 -0.640982 0.662554
v -0.300807 -0.588318 0.693848
v -0.236201 -0.520260 -0.106893
v -0.147997 -0.422094 -0.114004
v -0.181105 -0.523384 -0.101769
v -0.237261 -0.450938 -0.106467
v -0.140628 -0.470281 -0.101201
v -0.191426 -0.410496 -0.113074
v -0.378164 -0.212876 0.073948
v -0.368572 -0.114529 0.046876
v -0.373022 -0.204367 0.030406
v -0.379596 -0.170686 0.102345
v -0.364330 -0.152962 0.019732
v -0.377363 -0.123234 0.086405
v -0.375140 -0.236181 0.382356
v -0.376983 -0.153769 0.419795
v -0.372519 -0.236529 0.429302
v -0.379568 -0.194639 0.357139
v -0.373522 -0.194266 0.448504
v -0.379931 -0.154096 0.375792
v 0.209359 -0.551389 0.572201
v 0.251691 -0.642769 0.676206
v 0.192494 -0.622440 0.594810
v 0.203999 -0.659544 0.645765
v 0.243768 -0.529364 0.610606
v 0.276248 -0.581385 0.662328
v 0.234696 -0.541494 -0.119862
v 0.153874 -0.433821 -0.116776
v 0.185668 -0.541848 -0.108065
v 0.146389 -0.483470 -0.107026
v 0.238929 -0.472440 -0.128420
v 0.196170 -0.423903 -0.118867
v 0.379161 -0.222552 0.062295
v 0.375879 -0.116278 0.034703
v 0.374617 -0.214023 0.020346
v 0.382106 -0.177644 0.089397
v 0.369368 -0.158855 0.009050
v 0.382456 -0.126411 0.073777
v 0.380888 -0.246785 0.377746
v 0.384236 -0.158967 0.416736
v 0.374645 -0.246350 0.425796
v 0.386437 -0.202750 0.352344
v 0.377685 -0.201752 0.445386
v 0.388739 -0.159892 0.371875
v -0.000209 0.009731 0.992961
v -0.000407 0.112157 0.910059
v 0.044692 0.035827 0.965890
v -0.045909 0.036003 0.961348
v 0.041279 0.086448 0.927241
v -0.042485 0.087697 0.922509
v 0.300151 -0.175224 0.841892
v 0.333895 -0.092183 0.760601
v 0.323321 -0.197282 0.794906
v 0.335704 -0.151865 0.753380
v 0.293934 -0.110951 0.847616
v 0.314150 -0.073355 0.806546
v -0.299969 -0.166931 0.841116
v -0.334085 -0.093427 0.755174
v -0.321773 -0.187059 0.794993
v -0.337833 -0.147744 0.751251
v -0.297209 -0.109628 0.845152
v -0.316205 -0.074326 0.801241
v 0.217557 0.290259 0.691196
v 0.269827 0.250517 0.660936
v 0.241441 0.316236 0.653484
v 0.265595 0.296283 0.638923
v 0.223441 0.244724 0.716634
v 0.252287 0.224925 0.702093
v -0.221456 0.287018 0.697780
v -0.272019 0.247688 0.665421
v -0.241228 0.307648 0.657524
v -0.267217 0.289486 0.642926
v -0.228864 0.244796 0.724142
v -0.254517 0.224200 0.706632
v -0.000026 0.082334 -0.501173
v 0.001878 0.170661 -0.604573
v 0.040845 0.104196 -0.526669
v -0.040767 0.104217 -0.521909
v 0.047843 0.146305 -0.580344
v -0.046684 0.148284 -0.575740
v 0.162045 -0.056166 -0.235349
v 0.225800 -0.002714 -0.200919
v 0.191038 -0.081234 -0.197578
v 0.223072 -0.053550 -0.182821
v 0.167128 -0.004506 -0.261719
v 0.197330 0.022234 -0.242584
v -0.163710 -0.056944 -0.231648
v -0.221124 0.000253 -0.193874
v -0.189216 -0.079336 -0.191721
v -0.218701 -0.050128 -0.173663
v -0.168569 -0.005355 -0.257524
v -0.197526 0.023150 -0.237663
v 0.308889 0.379519 -0.470043
v 0.318784 0.312161 -0.346194
v 0.318287 0.405635 -0.403996
v 0.318916 0.366122 -0.347289
v 0.331104 0.312399 -0.485253
v 0.326247 0.285276 -0.409106
v -0.319192 0.376621 -0.460768
v -0.316990 0.310370 -0.338882
v -0.314439 0.400113 -0.394993
v -0.319336 0.362462 -0.340853
v -0.334086 0.313557 -0.469353
v -0.318235 0.285023 -0.396365
v 0.405643 0.105681 0.162270
v 0.396915 0.103691 0.246353
v 0.397833 0.135919 0.183547
v 0.393716 0.136689 0.226507
v 0.406221 0.074078 0.185124
v 0.402152 0.071352 0.226663
v -0.396579 0.112328 0.177496
v -0.396910 0.112112 0.255801
v -0.396347 0.145103 0.196173
v -0.396408 0.145944 0.235013
v -0.396711 0.078763 0.198220
v -0.395972 0.077410 0.237112
v -0.174121 0.665296 0.182380
v -0.116910 0.716899 0.169762
v -0.169928 0.674988 0.226220
v -0.154035 0.674424 0.119487
v -0.136967 0.701529 0.226468
v -0.125336 0.700341 0.110802
v -0.239876 0.614617 0.306591
v -0.233061 0.605088 0.364113
v -0.216100 0.633908 0.304562
v -0.258199 0.593119 0.336468
v -0.209812 0.629323 0.333792
v -0.253900 0.586087 0.363429
v -0.196186 0.617337 0.041963
v -0.215878 0.675131 -0.106327
v -0.178182 0.645250 0.014803
v -0.212160 0.604993 -0.001366
v -0.181305 0.668619 -0.064110
v -0.218468 0.628746 -0.079057
v -0.256149 0.537798 0.140225
v -0.277997 0.482700 0.089357
v -0.246924 0.543073 0.074479
v -0.275628 0.508852 0.176524
v -0.257435 0.517638 0.046113
v -0.287224 0.479278 0.153202
v -0.282444 0.542144 0.289788
v -0.305574 0.485217 0.331456
v -0.285364 0.542820 0.322743
v -0.293865 0.514642 0.275632
v -0.295904 0.513582 0.343873
v -0.307318 0.486899 0.298029
v 0.174751 0.671283 0.191477
v 0.115148 0.707506 0.169659
v 0.169422 0.673887 0.231639
v 0.156399 0.684198 0.131929
v 0.139014 0.689538 0.221491
v 0.127363 0.705947 0.119965
v 0.223675 0.619259 0.310661
v 0.210989 0.602777 0.366251
v 0.208873 0.636759 0.307175
v 0.235481 0.595440 0.338019
v 0.198125 0.627021 0.335940
v 0.231264 0.587088 0.364703
v 0.193819 0.629124 0.058098
v 0.188344 0.656021 -0.087643
v 0.176032 0.657793 0.034561
v 0.203794 0.608955 0.014579
v 0.167378 0.670761 -0.037801
v 0.204547 0.621279 -0.059199
v 0.237769 0.544312 0.147473
v 0.263703 0.481758 0.084943
v 0.233430 0.546400 0.079346
v 0.253748 0.514988 0.181801
v 0.245624 0.517491 0.045815
v 0.267337 0.480758 0.149722
v 0.253903 0.552072 0.298892
v 0.281488 0.490634 0.338007
v 0.257565 0.549991 0.329481
v 0.263136 0.521893 0.282512
v 0.270836 0.521245 0.350890
v 0.277487 0.490606 0.302842
v -0.242403 -0.595526 0.183694
v -0.153926 -0.592018 0.173763
v -0.201389 -0.553707 0.215031
v -0.250685 -0.680158 0.155940
v -0.163040 -0.561559 0.220239
v -0.191927 -0.660280 0.140715
v -0.252281 -0.470835 0.310600
v -0.224474 -0.479610 0.431628
v -0.219273 -0.495019 0.319155
v -0.272412 -0.445400 0.355121
v -0.203097 -0.499567 0.381869
v -0.262186 -0.450796 0.413924
v -0.368517 -0.595969 0.061454
v -0.343582 -0.609878 -0.079624
v -0.341114 -0.665288 0.037206
v -0.381453 -0.540642 0.024859
v -0.326281 -0.675462 -0.034501
v -0.371777 -0.543304 -0.041822
v -0.364085 -0.408703 0.138618
v -0.377321 -0.314272 0.102958
v -0.374962 -0.416498 0.089112
v -0.365329 -0.359726 0.167861
v -0.379241 -0.364807 0.070533
v -0.373519 -0.314814 0.150216
v -0.337296 -0.388997 0.276924
v -0.369960 -0.317539 0.337442
v -0.330239 -0.386669 0.325081
v -0.354873 -0.353309 0.260599
v -0.348422 -0.353373 0.356533
v -0.366854 -0.314738 0.289750
v 0.245619 -0.600877 0.182593
v 0.155741 -0.607719 0.181414
v 0.202587 -0.564434 0.227065
v 0.258358 -0.686440 0.148566
v 0.163299 -0.568820 0.224779
v 0.197657 -0.663998 0.137341
v 0.249134 -0.485142 0.318052
v 0.207563 -0.490595 0.442760
v 0.211174 -0.502546 0.327316
v 0.265358 -0.460716 0.360727
v 0.187047 -0.506397 0.393176
v 0.249413 -0.464289 0.420491
v 0.366922 -0.605605 0.055757
v 0.335269 -0.622396 -0.077857
v 0.343179 -0.675406 0.034612
v 0.378230 -0.556449 0.019493
v 0.324776 -0.680584 -0.035180
v 0.367907 -0.563576 -0.045373
v 0.363970 -0.423307 0.132178
v 0.378357 -0.328331 0.093089
v 0.376871 -0.433154 0.080980
v 0.365015 -0.373392 0.160254
v 0.382168 -0.382287 0.061432
v 0.373237 -0.327834 0.140845
v 0.332952 -0.403063 0.274009
v 0.361879 -0.329181 0.330411
v 0.324488 -0.402125 0.323162
v 0.351814 -0.366806 0.254893
v 0.342251 -0.367801 0.352968
v 0.363949 -0.327890 0.282562
v -0.099010 -0.506326 0.883487
v -0.209504 -0.651369 0.938729
v -0.078525 -0.560413 0.862128
v -0.166707 -0.486210 0.899861
v -0.156743 -0.596832 0.870220
v -0.224794 -0.547892 0.908044
v 0.112789 -0.702630 0.869323
v 0.217569 -0.677511 0.785553
v 0.083596 -0.637082 0.813516
v 0.238165 -0.682522 0.884278
v 0.130615 -0.649553 0.780305
v 0.260140 -0.696913 0.849042
v -0.001053 -0.212505 0.985059
v -0.003354 -0.098009 1.021008
v 0.050844 -0.186256 0.986732
v -0.055567 -0.181720 0.993276
v 0.048808 -0.127336 1.001946
v -0.055496 -0.125303 1.007368
v 0.162667 -0.347113 0.934212
v 0.252313 -0.261131 0.910082
v 0.221327 -0.404027 0.916000
v 0.161443 -0.257949 0.952685
v 0.266629 -0.348886 0.902761
v 0.205450 -0.222689 0.942161
v -0.144184 -0.304028 0.934046
v -0.242274 -0.238732 0.913294
v -0.189614 -0.337347 0.914221
v -0.155458 -0.240000 0.958815
v -0.243777 -0.301273 0.906832
v -0.202691 -0.210137 0.946736
v -0.059149 0.458197 0.646480
v -0.099551 0.494996 0.577486
v -0.039952 0.483205 0.613970
v -0.094932 0.448503 0.644238
v -0.059005 0.502269 0.580206
v -0.116155 0.466974 0.608956
v 0.053261 0.459795 0.638087
v 0.104699 0.510893 0.574507
v 0.039262 0.489126 0.611727
v 0.091481 0.453006 0.633535
v 0.064492 0.516855 0.580555
v 0.117825 0.477850 0.601014
v -0.002814 0.298774 0.783399
v -0.001004 0.210621 0.843752
v 0.031049 0.278412 0.798007
v -0.036123 0.277823 0.793600
v 0.033851 0.234242 0.828796
v -0.037044 0.233725 0.822973
v 0.084724 0.359473 0.717147
v 0.153225 0.327331 0.710711
v 0.111751 0.382760 0.687445
v 0.090968 0.320953 0.746640
v 0.146834 0.368859 0.683100
v 0.125211 0.302727 0.744070
v -0.092380 0.362825 0.724905
v -0.157529 0.325432 0.716069
v -0.117296 0.383608 0.697302
v -0.098715 0.323560 0.750392
v -0.149501 0.364860 0.689789
v -0.132547 0.304721 0.749076
v -0.038269 -0.292052 -0.218135
v -0.083689 -0.350407 -0.156051
v -0.028707 -0.329969 -0.193446
v -0.064485 -0.278849 -0.208881
v -0.049484 -0.359388 -0.163236
v -0.089685 -0.308227 -0.179454
v 0.037963 -0.288842 -0.211461
v 0.087518 -0.353292 -0.151308
v 0.029877 -0.330696 -0.191684
v 0.068303 -0.276329 -0.203496
v 0.053026 -0.362929 -0.161777
v 0.093016 -0.307448 -0.172186
v -0.000698 -0.092567 -0.345591
v -0.000288 -0.002596 -0.411867
v 0.024160 -0.068504 -0.356966
v -0.025740 -0.071604 -0.359385
v 0.027096 -0.023997 -0.390541
v -0.028416 -0.025543 -0.391719
v 0.060083 -0.162156 -0.283223
v 0.109267 -0.111574 -0.263487
v 0.079251 -0.185018 -0.249222
v 0.066795 -0.116544 -0.314529
v 0.103635 -0.161297 -0.237301
v 0.091650 -0.089683 -0.302727
v -0.056056 -0.166974 -0.285358
v -0.108899 -0.114240 -0.263362
v -0.072336 -0.189906 -0.252750
v -0.065354 -0.119995 -0.309730
v -0.101195 -0.164144 -0.239335
v -0.090812 -0.093126 -0.301784
v -0.092041 0.673969 -0.458513
v -0.184183 0.798487 -0.378788
v -0.076503 0.735780 -0.432797
v -0.147722 0.655041 -0.458525
v -0.136096 0.800952 -0.394219
v -0.187958 0.721808 -0.437355
v 0.092575 0.668038 -0.470732
v 0.164155 0.767200 -0.399974
v 0.065699 0.724675 -0.443016
v 0.148956 0.661574 -0.473137
v 0.107132 0.775202 -0.406174
v 0.181073 0.707479 -0.443874
v 0.000082 0.418452 -0.623535
v 0.001366 0.293607 -0.670077
v 0.060841 0.391026 -0.639434
v -0.060249 0.390519 -0.639434
v 0.070141 0.331796 -0.669067
v -0.068882 0.329803 -0.670331
v 0.142013 0.507634 -0.559179
v 0.248337 0.448981 -0.542538
v 0.179638 0.540448 -0.522448
v 0.153724 0.447280 -0.588009
v 0.232796 0.512826 -0.511787
v 0.210249 0.413689 -0.585565
v -0.149821 0.506463 -0.553212
v -0.262548 0.456028 -0.544570
v -0.196794 0.541455 -0.525750
v -0.162467 0.451550 -0.587142
v -0.242081 0.511512 -0.509639
v -0.227444 0.430435 -0.590492
v 0.378991 0.187861 -0.048402
v 0.356693 0.256456 -0.029574
v 0.366082 0.220602 -0.075806
v 0.382541 0.185754 -0.014980
v 0.353561 0.257264 -0.069731
v 0.373571 0.218437 -0.002142
v 0.384235 0.056128 -0.028661
v 0.374032 -0.016506 0.003817
v 0.367615 0.029140 -0.041261
v 0.390574 0.048352 0.000438
v 0.362485 -0.009134 -0.028035
v 0.384865 0.011546 0.020563
v 0.348215 0.089980 -0.107469
v 0.287314 0.046560 -0.157925
v 0.339599 0.053697 -0.098051
v 0.325146 0.107638 -0.141978
v 0.310531 0.028040 -0.121565
v 0.294384 0.089605 -0.171138
v 0.351081 0.187218 -0.138297
v 0.321852 0.250211 -0.227756
v 0.351564 0.222119 -0.144311
v 0.332295 0.180719 -0.164707
v 0.337354 0.256860 -0.185834
v 0.315266 0.210087 -0.213952
v 0.403979 0.111940 0.010222
v 0.408050 0.108199 0.081264
v 0.400491 0.133478 0.024594
v 0.406524 0.088681 0.028423
v 0.401755 0.133239 0.060804
v 0.410621 0.084863 0.062946
v 0.346992 0.199216 0.460780
v 0.339527 0.277101 0.433814
v 0.336045 0.229052 0.482262
v 0.354830 0.205652 0.426420
v 0.331801 0.268684 0.468219
v 0.351140 0.243456 0.412368
v 0.372522 0.007903 0.470334
v 0.383344 -0.072960 0.447366
v 0.368491 -0.026160 0.500003
v 0.382322 0.003851 0.431953
v 0.374369 -0.068428 0.489817
v 0.390310 -0.034837 0.418995
v 0.337358 0.034554 0.580742
v 0.332856 -0.026135 0.662695
v 0.345822 -0.008064 0.580030
v 0.323896 0.049291 0.615977
v 0.342888 -0.041582 0.619088
v 0.321500 0.021139 0.658327
v 0.320828 0.158603 0.563433
v 0.296561 0.203136 0.614099
v 0.317961 0.200069 0.551730
v 0.311847 0.136756 0.600424
v 0.306233 0.224269 0.575427
v 0.298988 0.157740 0.628060
v 0.376056 0.106001 0.403337
v 0.389415 0.104236 0.326872
v 0.375327 0.139793 0.385464
v 0.383652 0.071370 0.386261
v 0.382489 0.139716 0.348512
v 0.389765 0.069967 0.347972
v -0.362170 0.197214 -0.039262
v -0.350282 0.261024 -0.018683
v -0.349382 0.225826 -0.069806
v -0.369517 0.197078 -0.003406
v -0.342977 0.260355 -0.062500
v -0.362164 0.227800 0.010470
v -0.363562 0.056058 -0.010975
v -0.360824 -0.023339 0.019455
v -0.348422 0.031953 -0.025505
v -0.373847 0.044756 0.019877
v -0.348156 -0.011048 -0.013827
v -0.371211 0.007909 0.037822
v -0.324068 0.095176 -0.101061
v -0.275941 0.052104 -0.149170
v -0.317931 0.056652 -0.090960
v -0.305158 0.113783 -0.141664
v -0.296427 0.032278 -0.112659
v -0.281071 0.095828 -0.165976
v -0.332563 0.193256 -0.137226
v -0.316434 0.252402 -0.226625
v -0.335921 0.226589 -0.142844
v -0.315336 0.187005 -0.167912
v -0.329864 0.258899 -0.185583
v -0.306670 0.214037 -0.215129
v -0.389755 0.119681 0.026157
v -0.394507 0.114527 0.099102
v -0.386710 0.144131 0.041187
v -0.394866 0.092280 0.044537
v -0.389352 0.142999 0.078262
v -0.394736 0.087700 0.081978
v -0.348762 0.202321 0.465700
v -0.342689 0.275614 0.433918
v -0.340961 0.230444 0.486658
v -0.355497 0.208475 0.429587
v -0.336932 0.267973 0.471067
v -0.352173 0.244090 0.412976
v -0.372340 0.009038 0.476894
v -0.375661 -0.070826 0.451013
v -0.367039 -0.025411 0.504312
v -0.378233 0.005295 0.438501
v -0.370590 -0.066685 0.493386
v -0.379502 -0.033623 0.424101
v -0.338903 0.036391 0.584575
v -0.334334 -0.025289 0.662403
v -0.346439 -0.006898 0.582911
v -0.327580 0.051171 0.618993
v -0.343827 -0.039812 0.619909
v -0.323473 0.021994 0.659408
v -0.327229 0.161882 0.570180
v -0.304590 0.205655 0.620516
v -0.325263 0.203762 0.559427
v -0.317864 0.140091 0.606054
v -0.315316 0.227134 0.582776
v -0.306173 0.159883 0.633821
v -0.376788 0.110971 0.409826
v -0.388573 0.111608 0.333789
v -0.374684 0.145231 0.390803
v -0.383073 0.076266 0.393331
v -0.380516 0.146403 0.352364
v -0.387699 0.075836 0.354698
v -0.068354 0.693160 0.295971
v -0.108776 0.636432 0.366327
v -0.110299 0.682931 0.295742
v -0.132176 0.654548 0.329813
v -0.043019 0.673156 0.334239
v -0.063404 0.645195 0.369116
v -0.058617 0.754389 -0.061887
v -0.225309 0.988327 -0.330651
v -0.093390 0.718286 -0.059764
v -0.133696 0.718854 -0.165671
v -0.041462 0.782713 -0.141568
v -0.081336 0.845942 -0.228084
v 0.065204 0.679807 0.293665
v 0.116013 0.639334 0.371063
v 0.107733 0.670754 0.294935
v 0.132503 0.650528 0.333495
v 0.047284 0.667140 0.334105
v 0.073449 0.647061 0.373019
v 0.060827 0.769746 -0.018192
v 0.111218 0.764519 -0.135059
v 0.096666 0.745076 -0.009299
v 0.117963 0.738301 -0.067360
v 0.046901 0.783967 -0.090757
v 0.074431 0.785750 -0.144269
v -0.269965 0.510956 0.442000
v -0.299656 0.469652 0.427161
v -0.279078 0.525296 0.414055
v -0.293895 0.503908 0.406243
v -0.276580 0.476951 0.468022
v -0.294046 0.458806 0.459930
v -0.036062 0.578825 0.478113
v 0.057730 0.593432 0.485515
v -0.013859 0.558301 0.515283
v 0.031521 0.565648 0.517802
v -0.012776 0.605613 0.444545
v 0.035319 0.612987 0.448642
v -0.205894 0.456853 0.552738
v -0.223729 0.384331 0.604869
v -0.184167 0.438406 0.590699
v -0.193678 0.401548 0.616218
v -0.236746 0.440516 0.541475
v -0.245853 0.404646 0.567295
v -0.449561 0.656899 -0.149983
v -0.269749 0.520350 -0.116634
v -0.307682 0.614499 -0.140395
v -0.259905 0.547857 -0.103885
v -0.368556 0.593922 -0.198356
v -0.307761 0.536226 -0.167850
v -0.083427 0.834599 -0.278278
v 0.100090 0.844515 -0.273073
v -0.054355 0.832152 -0.317149
v 0.039321 0.826666 -0.316421
v -0.033224 0.825598 -0.248434
v 0.044457 0.827276 -0.245392
v -0.302215 0.630571 -0.352769
v -0.302713 0.518040 -0.373339
v -0.277220 0.624113 -0.403908
v -0.286078 0.562569 -0.416077
v -0.323603 0.586351 -0.311995
v -0.312141 0.531191 -0.317883
v -0.341899 0.380190 0.187099
v -0.339749 0.385840 0.272848
v -0.330746 0.417019 0.212059
v -0.330904 0.420214 0.256721
v -0.353777 0.346471 0.208427
v -0.351221 0.349374 0.249259
v -0.314046 0.390429 -0.133878
v -0.322427 0.385563 -0.233943
v -0.325401 0.344719 -0.140892
v -0.328119 0.342680 -0.188458
v -0.309787 0.439007 -0.178100
v -0.316030 0.436396 -0.228540
v -0.364675 0.266678 0.116377
v -0.383529 0.206287 0.157135
v -0.371044 0.232231 0.095026
v -0.379979 0.202724 0.116165
v -0.367847 0.272015 0.159662
v -0.377491 0.240329 0.178902
v -0.314677 0.363177 0.491623
v -0.299038 0.332868 0.566245
v -0.318446 0.324562 0.511052
v -0.310902 0.309791 0.548494
v -0.303099 0.387267 0.506227
v -0.295061 0.371834 0.543005
v -0.359636 0.283054 0.321385
v -0.380718 0.213833 0.277078
v -0.365568 0.248566 0.337750
v -0.374543 0.215006 0.315545
v -0.365774 0.281660 0.283663
v -0.374460 0.246546 0.260231
v 0.250426 0.521076 0.443897
v 0.282173 0.477826 0.430261
v 0.256272 0.531451 0.414438
v 0.271018 0.509446 0.408573
v 0.260350 0.488244 0.468573
v 0.277107 0.466320 0.460401
v 0.216406 0.479425 0.548996
v 0.231795 0.402602 0.602684
v 0.195844 0.459287 0.585877
v 0.202975 0.420287 0.613195
v 0.239503 0.459781 0.538106
v 0.247563 0.421724 0.564253
v 0.469286 0.642481 -0.162234
v 0.258161 0.518273 -0.126901
v 0.297509 0.602248 -0.142494
v 0.249062 0.542181 -0.105896
v 0.377784 0.624413 -0.213470
v 0.304884 0.541604 -0.179710
v 0.271595 0.663516 -0.349170
v 0.293476 0.534105 -0.380101
v 0.257321 0.644883 -0.403562
v 0.275547 0.580179 -0.421868
v 0.306762 0.630743 -0.316160
v 0.300094 0.553164 -0.323912
v 0.318385 0.374151 0.178998
v 0.317984 0.382211 0.273957
v 0.302801 0.413232 0.205016
v 0.304837 0.417584 0.255634
v 0.332252 0.339757 0.200237
v 0.331158 0.343265 0.247983
v 0.302212 0.386443 -0.139948
v 0.310022 0.388767 -0.237645
v 0.320485 0.342434 -0.144550
v 0.321493 0.342795 -0.190873
v 0.285977 0.440533 -0.185149
v 0.295173 0.443238 -0.234345
v 0.361141 0.259337 0.102656
v 0.384087 0.195348 0.144035
v 0.374702 0.221591 0.080393
v 0.385600 0.191474 0.101213
v 0.360040 0.262067 0.148518
v 0.372028 0.230284 0.168459
v 0.304513 0.368817 0.488859
v 0.290207 0.338071 0.560683
v 0.308374 0.327374 0.506356
v 0.301286 0.312314 0.542617
v 0.294540 0.394617 0.503900
v 0.284539 0.378217 0.538763
v 0.353584 0.278359 0.322842
v 0.375002 0.205350 0.273344
v 0.362690 0.244587 0.339063
v 0.371617 0.207758 0.314314
v 0.355109 0.274804 0.281969
v 0.366149 0.237952 0.256377
v -0.063695 -0.578074 0.356704
v -0.110028 -0.569425 0.470502
v -0.106220 -0.557663 0.347364
v -0.126450 -0.548936 0.403752
v -0.041325 -0.592707 0.420617
v -0.065887 -0.592772 0.478330
v -0.086157 -0.606096 0.047091
v -0.138644 -0.602470 -0.059926
v -0.128842 -0.681265 0.019104
v -0.168135 -0.679520 -0.063500
v -0.056390 -0.566555 0.020009
v -0.082299 -0.563298 -0.024069
v 0.067232 -0.588546 0.363109
v 0.113598 -0.598748 0.486067
v 0.104741 -0.571050 0.356885
v 0.117731 -0.563824 0.418539
v 0.047827 -0.602735 0.426922
v 0.075711 -0.614636 0.488940
v 0.093014 -0.617732 0.049564
v 0.144544 -0.619951 -0.058610
v 0.137326 -0.693446 0.025407
v 0.171735 -0.697142 -0.045182
v 0.066932 -0.575519 0.019800
v 0.089665 -0.577144 -0.025875
v -0.305467 -0.402806 0.553309
v -0.355157 -0.319075 0.486124
v -0.311109 -0.394571 0.488587
v -0.341306 -0.356409 0.459413
v -0.329139 -0.366825 0.581396
v -0.348991 -0.321098 0.543071
v -0.056699 -0.639809 0.668529
v 0.078240 -0.648559 0.653925
v -0.030233 -0.636410 0.723454
v 0.041983 -0.627181 0.702279
v -0.020838 -0.629937 0.604186
v 0.040368 -0.640907 0.603666
v -0.345543 -0.451152 0.773298
v -0.334185 -0.308995 0.787413
v -0.339779 -0.432444 0.840889
v -0.331550 -0.356780 0.842361
v -0.341837 -0.381925 0.715888
v -0.342773 -0.321194 0.728347
v -0.328788 -0.382360 -0.105370
v -0.366563 -0.294066 -0.038836
v -0.357909 -0.404794 -0.065945
v -0.379272 -0.355155 -0.030181
v -0.316188 -0.317301 -0.102474
v -0.338452 -0.277445 -0.074010
v -0.044001 -0.463414 -0.088155
v 0.054197 -0.466725 -0.085513
v -0.018460 -0.431623 -0.113437
v 0.026010 -0.433128 -0.112197
v -0.020468 -0.492744 -0.061312
v 0.032879 -0.493920 -0.058092
v -0.190148 -0.296043 -0.131792
v -0.187380 -0.184057 -0.157910
v -0.152211 -0.266686 -0.152301
v -0.152352 -0.212955 -0.167100
v -0.229174 -0.265965 -0.127332
v -0.224722 -0.209080 -0.136426
v -0.383836 -0.182278 0.187169
v -0.383183 -0.190614 0.271478
v -0.381231 -0.227524 0.205775
v -0.380169 -0.230632 0.249337
v -0.385480 -0.143157 0.208890
v -0.385055 -0.147682 0.249713
v -0.329028 -0.127145 -0.052263
v -0.276445 -0.091627 -0.111716
v -0.320622 -0.076941 -0.058765
v -0.298097 -0.060117 -0.090103
v -0.318427 -0.163156 -0.079708
v -0.284420 -0.143776 -0.105493
v -0.385601 -0.051017 0.129133
v -0.392162 0.014407 0.163667
v -0.386551 -0.010367 0.108952
v -0.390736 0.020135 0.125643
v -0.387377 -0.058279 0.167663
v -0.390464 -0.023726 0.185207
v -0.364303 -0.188490 0.545678
v -0.352092 -0.174397 0.647724
v -0.363626 -0.142650 0.558813
v -0.356296 -0.134771 0.607099
v -0.358058 -0.230754 0.582377
v -0.353176 -0.225560 0.636622
v -0.384806 -0.073393 0.326277
v -0.390451 0.004253 0.280555
v -0.386061 -0.035676 0.342820
v -0.388481 0.002701 0.319655
v -0.386444 -0.071301 0.285905
v -0.388855 -0.031841 0.263375
v 0.294399 -0.421728 0.553536
v 0.347846 -0.335033 0.485913
v 0.304610 -0.415172 0.492010
v 0.335191 -0.376272 0.461093
v 0.319077 -0.384829 0.579473
v 0.339468 -0.336796 0.542602
v 0.347252 -0.481398 0.737976
v 0.340748 -0.337228 0.777671
v 0.341316 -0.491086 0.800117
v 0.342163 -0.402716 0.825358
v 0.335423 -0.405494 0.698178
v 0.341179 -0.343552 0.717391
v 0.326184 -0.404124 -0.099419
v 0.372251 -0.309951 -0.046045
v 0.372784 -0.430303 -0.079466
v 0.383244 -0.374682 -0.038652
v 0.316923 -0.333551 -0.097883
v 0.346753 -0.291512 -0.082473
v 0.192639 -0.302685 -0.126450
v 0.187527 -0.187499 -0.155888
v 0.154664 -0.269554 -0.147339
v 0.155331 -0.214080 -0.167446
v 0.230145 -0.274960 -0.124180
v 0.224964 -0.215822 -0.134382
v 0.385683 -0.189998 0.174832
v 0.387868 -0.198329 0.262906
v 0.381144 -0.236754 0.194583
v 0.381955 -0.240182 0.239713
v 0.390226 -0.148630 0.197550
v 0.391416 -0.153515 0.239984
v 0.332689 -0.132722 -0.060106
v 0.280858 -0.097896 -0.120047
v 0.327573 -0.080261 -0.067784
v 0.304891 -0.064678 -0.099339
v 0.315484 -0.171040 -0.084076
v 0.285059 -0.151712 -0.110672
v 0.395093 -0.047395 0.117298
v 0.404168 0.012539 0.149832
v 0.397116 -0.008349 0.093837
v 0.404776 0.020429 0.109722
v 0.396768 -0.059277 0.155902
v 0.401059 -0.025788 0.173626
v 0.364874 -0.196186 0.543853
v 0.350749 -0.181989 0.646980
v 0.364375 -0.147261 0.557518
v 0.355515 -0.139239 0.606505
v 0.355760 -0.241765 0.580742
v 0.349616 -0.236577 0.634094
v 0.397477 -0.077343 0.320252
v 0.400990 -0.000466 0.272548
v 0.399193 -0.038757 0.337746
v 0.398572 -0.001511 0.313803
v 0.398445 -0.075534 0.278740
v 0.401944 -0.036015 0.255108
v 0.135197 -0.012903 0.959279
v 0.222405 -0.061131 0.917338
v 0.141002 -0.067641 0.972746
v 0.186963 -0.092984 0.949907
v 0.171930 0.017134 0.923002
v 0.213592 -0.005799 0.904793
v -0.140264 -0.013954 0.956441
v -0.226404 -0.062724 0.911821
v -0.147287 -0.067808 0.970189
v -0.193622 -0.093448 0.947255
v -0.176528 0.015108 0.923056
v -0.216838 -0.008020 0.900156
v 0.112619 0.138155 0.865141
v 0.171328 0.191114 0.792117
v 0.105949 0.186534 0.834436
v 0.136393 0.212104 0.800715
v 0.151844 0.116091 0.860619
v 0.180041 0.143274 0.821279
v -0.118152 0.141591 0.865262
v -0.182283 0.197040 0.804727
v -0.112822 0.190320 0.834791
v -0.146143 0.217760 0.807780
v -0.158717 0.119806 0.865484
v -0.190511 0.149180 0.834404
v 0.283619 0.030064 0.780701
v 0.260809 0.128131 0.742296
v 0.291499 0.058601 0.731074
v 0.280433 0.106514 0.714541
v 0.257389 0.051267 0.810998
v 0.246266 0.101110 0.789323
v -0.286622 0.030757 0.779240
v -0.265216 0.130470 0.745867
v -0.294408 0.060084 0.731050
v -0.285567 0.108741 0.717479
v -0.260609 0.052453 0.811505
v -0.249848 0.103371 0.792176
v 0.101842 0.066581 -0.452943
v 0.137025 0.030556 -0.362624
v 0.089021 0.023145 -0.407377
v 0.108665 0.003932 -0.367675
v 0.140596 0.089603 -0.458336
v 0.155329 0.073486 -0.405999
v -0.102328 0.063003 -0.448978
v -0.136870 0.029742 -0.356109
v -0.090134 0.020079 -0.407080
v -0.109546 0.001000 -0.366401
v -0.141949 0.084654 -0.451600
v -0.154480 0.072238 -0.396826
v 0.155154 0.204731 -0.603853
v 0.288057 0.253849 -0.614840
v 0.171362 0.263214 -0.655542
v 0.228345 0.285647 -0.660904
v 0.191879 0.173241 -0.564183
v 0.256614 0.183286 -0.575700
v -0.156276 0.199163 -0.614172
v -0.286596 0.243753 -0.604047
v -0.173796 0.254970 -0.659003
v -0.236732 0.293272 -0.648656
v -0.193648 0.166692 -0.558022
v -0.259584 0.178639 -0.554531
v 0.214245 0.118786 -0.298249
v 0.272364 0.195178 -0.365324
v 0.245365 0.142332 -0.264796
v 0.257524 0.188785 -0.287579
v 0.215556 0.129585 -0.367576
v 0.253317 0.163466 -0.410859
v -0.217373 0.120467 -0.292789
v -0.269639 0.197673 -0.355037
v -0.246810 0.143986 -0.263169
v -0.261259 0.188449 -0.287172
v -0.210252 0.134722 -0.357129
v -0.249128 0.165863 -0.395487
v -0.218682 0.629658 0.242397
v -0.200941 0.627500 0.152421
v -0.196582 0.651638 0.236580
v -0.179291 0.650637 0.134647
v -0.254393 0.590040 0.273079
v -0.220221 0.634480 0.274844
v -0.256195 0.591913 0.304806
v -0.226988 0.586364 0.137393
v -0.186910 0.634219 0.087379
v -0.216512 0.592543 0.072131
v -0.257314 0.562053 0.222327
v -0.236520 0.565834 0.104865
v -0.266128 0.536698 0.198561
v -0.270574 0.568116 0.299291
v -0.276038 0.539120 0.250465
v 0.211823 0.637820 0.247813
v 0.197068 0.637758 0.165168
v 0.195937 0.657739 0.240782
v 0.179347 0.661050 0.147511
v 0.232386 0.598952 0.281374
v 0.212231 0.640855 0.279011
v 0.235491 0.599634 0.311486
v 0.215241 0.596160 0.150103
v 0.185527 0.646408 0.102560
v 0.208530 0.600691 0.085089
v 0.234328 0.574956 0.235866
v 0.223228 0.572906 0.114990
v 0.243063 0.546449 0.210447
v 0.245037 0.576406 0.306909
v 0.247617 0.549607 0.260275
v -0.270542 -0.516623 0.223420
v -0.311529 -0.574740 0.148850
v -0.237636 -0.538624 0.218074
v -0.287279 -0.626327 0.147043
v -0.303008 -0.454988 0.257530
v -0.238521 -0.498263 0.261043
v -0.286171 -0.447520 0.302753
v -0.348848 -0.501625 0.134599
v -0.333289 -0.635652 0.099977
v -0.372606 -0.528821 0.084942
v -0.338035 -0.435100 0.202362
v -0.366553 -0.464649 0.111211
v -0.353837 -0.400058 0.185326
v -0.314348 -0.420359 0.291665
v -0.344653 -0.393306 0.230860
v 0.266577 -0.523294 0.222204
v 0.316189 -0.579062 0.148421
v 0.238014 -0.547537 0.225254
v 0.292233 -0.629994 0.146915
v 0.299432 -0.467451 0.257552
v 0.239249 -0.512137 0.272118
v 0.281732 -0.462258 0.305788
v 0.351431 -0.513421 0.131839
v 0.341290 -0.633625 0.099454
v 0.370963 -0.538615 0.080351
v 0.336424 -0.448838 0.199580
v 0.366706 -0.477582 0.105183
v 0.352697 -0.414446 0.180332
v 0.309336 -0.434955 0.291390
v 0.341987 -0.407168 0.227285
v 0.005808 -0.495681 0.868799
v -0.074749 -0.399232 0.906068
v -0.035096 -0.527175 0.851890
v -0.117275 -0.437494 0.896979
v 0.099516 -0.460921 0.907665
v 0.022172 -0.580335 0.831766
v 0.153868 -0.562699 0.906022
v 0.054670 -0.322618 0.943412
v -0.044585 -0.306469 0.944614
v 0.053756 -0.250988 0.966721
v -0.051767 -0.241683 0.971767
v 0.162472 -0.445577 0.918066
v 0.108226 -0.295758 0.950428
v -0.132481 -0.370316 0.913693
v -0.099179 -0.272231 0.953858
v -0.004412 0.438134 0.669508
v -0.052173 0.411404 0.701474
v -0.022633 0.463025 0.645836
v -0.074673 0.432382 0.677668
v 0.042067 0.405811 0.690472
v 0.015753 0.463125 0.641946
v 0.065935 0.428738 0.663870
v 0.025095 0.354953 0.738756
v -0.032558 0.357270 0.742313
v 0.028149 0.318646 0.766886
v -0.034612 0.319456 0.767027
v 0.076432 0.395567 0.690113
v 0.057314 0.338545 0.744493
v -0.084508 0.399121 0.701135
v -0.064392 0.340447 0.747191
v -0.005821 -0.268518 -0.248241
v -0.028424 -0.232718 -0.276286
v -0.012277 -0.300769 -0.223931
v -0.042559 -0.255595 -0.244008
v 0.023201 -0.218370 -0.257675
v 0.008778 -0.300237 -0.221604
v 0.045157 -0.247457 -0.233781
v 0.016832 -0.158312 -0.304564
v -0.019461 -0.164716 -0.312128
v 0.021375 -0.114775 -0.329701
v -0.022631 -0.117982 -0.331945
v 0.052241 -0.205231 -0.256302
v 0.040891 -0.138618 -0.311023
v -0.047338 -0.212932 -0.264484
v -0.041150 -0.143498 -0.312461
v 0.000109 0.634761 -0.499717
v -0.080063 0.578901 -0.524363
v -0.032903 0.680354 -0.466526
v -0.114995 0.615177 -0.491914
v 0.077655 0.584797 -0.532871
v 0.031348 0.677927 -0.472641
v 0.113637 0.618686 -0.502411
v 0.049552 0.506346 -0.583663
v -0.048342 0.501040 -0.576262
v 0.053680 0.448562 -0.607768
v -0.053538 0.447648 -0.605175
v 0.130380 0.565506 -0.532013
v 0.100536 0.479159 -0.588468
v -0.136152 0.560363 -0.524231
v -0.103469 0.475933 -0.581195
v 0.377049 0.161617 -0.081326
v 0.394930 0.135358 -0.035266
v 0.374198 0.189086 -0.079442
v 0.390377 0.155954 -0.025915
v 0.381927 0.091631 -0.063447
v 0.396914 0.098115 -0.029016
v 0.376340 0.065053 -0.052080
v 0.396441 0.076827 -0.015897
v 0.372390 0.130148 -0.097426
v 0.372220 0.078635 -0.074495
v 0.350540 0.121471 -0.118795
v 0.367076 0.189459 -0.109269
v 0.351120 0.153652 -0.128622
v 0.399124 0.133523 -0.008218
v 0.401059 0.093291 -0.001934
v 0.340026 0.152895 0.505543
v 0.360854 0.135577 0.454485
v 0.337922 0.190164 0.494678
v 0.358806 0.169968 0.440435
v 0.354378 0.051256 0.514339
v 0.366817 0.074351 0.457698
v 0.361939 0.013654 0.508215
v 0.374390 0.040698 0.445047
v 0.336906 0.100214 0.544405
v 0.349696 0.023097 0.544776
v 0.329658 0.076403 0.578073
v 0.328426 0.176840 0.528793
v 0.324701 0.117147 0.572397
v 0.369746 0.139604 0.420675
v 0.375357 0.072128 0.423241
v -0.358560 0.170847 -0.077249
v -0.379603 0.146583 -0.025361
v -0.355575 0.197217 -0.074618
v -0.375749 0.170326 -0.015018
v -0.356545 0.096801 -0.055689
v -0.379552 0.104051 -0.016752
v -0.350893 0.068869 -0.039993
v -0.377447 0.078522 0.001329
v -0.345205 0.139481 -0.095710
v -0.337725 0.078892 -0.070822
v -0.326995 0.128728 -0.117710
v -0.347244 0.196334 -0.106952
v -0.328970 0.161332 -0.129747
v -0.382719 0.145003 0.006443
v -0.389364 0.098563 0.012330
v -0.344766 0.157633 0.513355
v -0.361620 0.140420 0.461932
v -0.343295 0.193297 0.501289
v -0.357918 0.173550 0.445623
v -0.357437 0.053914 0.521157
v -0.371831 0.078341 0.465762
v -0.362407 0.015090 0.514251
v -0.376033 0.042880 0.452661
v -0.341437 0.103028 0.550619
v -0.351268 0.024154 0.549867
v -0.333832 0.078805 0.583005
v -0.335491 0.180187 0.535502
v -0.329515 0.120551 0.578038
v -0.366757 0.142868 0.426928
v -0.378551 0.077102 0.430826
v -0.071457 0.736641 0.217089
v -0.062259 0.756911 0.109621
v -0.107627 0.728144 0.223230
v -0.095159 0.728367 0.105736
v 0.058914 0.714237 0.207863
v 0.055610 0.744537 0.105577
v 0.099290 0.701350 0.212117
v 0.093674 0.727410 0.111735
v -0.003250 0.710263 0.252926
v -0.090461 0.711848 0.258484
v -0.023525 0.694798 0.296084
v -0.005901 0.782300 0.043018
v -0.075858 0.738664 0.028276
v -0.021135 0.775402 -0.044318
v 0.082577 0.691740 0.253257
v 0.021910 0.688277 0.294173
v 0.075162 0.750342 0.050163
v 0.019992 0.780054 -0.029660
v -0.174743 0.599035 0.397011
v -0.231400 0.560232 0.423971
v -0.196399 0.615714 0.362463
v -0.247432 0.576055 0.392930
v -0.102506 0.541765 0.507090
v -0.162668 0.504589 0.535115
v -0.080083 0.522064 0.544754
v -0.138299 0.485517 0.572470
v -0.105945 0.589299 0.436615
v -0.153007 0.626153 0.364351
v -0.084318 0.617245 0.403771
v -0.220133 0.509821 0.488005
v -0.260370 0.545599 0.419055
v -0.249898 0.494175 0.478068
v -0.058482 0.549436 0.511055
v -0.059999 0.598154 0.440894
v -0.173883 0.472544 0.563761
v -0.228768 0.476164 0.515057
v -0.223764 0.760095 -0.202088
v -0.329972 0.715958 -0.196096
v -0.204790 0.716388 -0.141550
v -0.264403 0.676125 -0.142026
v -0.194869 0.822438 -0.288115
v -0.255590 0.725425 -0.339373
v -0.209893 0.855920 -0.321182
v -0.221157 0.730002 -0.381739
v -0.179933 0.831202 -0.245708
v -0.201677 0.774928 -0.196009
v -0.141113 0.913666 -0.224076
v -0.416155 0.720992 -0.304598
v -0.352011 0.676211 -0.154970
v -0.435631 0.646702 -0.247252
v -0.140236 0.840100 -0.303025
v -0.109020 0.843237 -0.245587
v -0.264606 0.676267 -0.379900
v -0.352824 0.641572 -0.306885
v -0.282718 0.458579 0.003050
v -0.313545 0.414523 0.103237
v -0.269236 0.489753 0.022303
v -0.300541 0.448162 0.128479
v -0.325134 0.342126 -0.041587
v -0.346937 0.301034 0.042506
v -0.334341 0.299242 -0.052804
v -0.355771 0.261869 0.026311
v -0.295626 0.430708 -0.072124
v -0.262328 0.501756 -0.046808
v -0.280178 0.482566 -0.121266
v -0.345426 0.340719 0.112487
v -0.322549 0.414302 0.159220
v -0.351571 0.342378 0.163003
v -0.324013 0.343840 -0.091756
v -0.296736 0.436986 -0.126891
v -0.360850 0.262452 0.071427
v -0.359172 0.304618 0.138443
v -0.311290 0.449208 0.381616
v -0.324812 0.420051 0.330631
v -0.304475 0.481668 0.362858
v -0.316244 0.454305 0.314666
v -0.329198 0.342756 0.436406
v -0.344685 0.315953 0.380125
v -0.333425 0.306775 0.454635
v -0.348393 0.279330 0.396471
v -0.314435 0.409753 0.434924
v -0.302357 0.476768 0.394940
v -0.303061 0.436051 0.448674
v -0.343124 0.352097 0.326532
v -0.327749 0.421678 0.295844
v -0.347345 0.351056 0.288698
v -0.323597 0.335076 0.473433
v -0.309781 0.399528 0.470164
v -0.355437 0.282710 0.359183
v -0.354877 0.317200 0.304927
v 0.172231 0.607526 0.402456
v 0.213926 0.566550 0.425374
v 0.186406 0.617899 0.367927
v 0.223670 0.577122 0.393952
v 0.116566 0.567559 0.514111
v 0.169405 0.526473 0.533135
v 0.090690 0.542544 0.547275
v 0.144752 0.503196 0.567618
v 0.121826 0.608531 0.446246
v 0.155454 0.630263 0.369972
v 0.099198 0.627796 0.410607
v 0.076220 0.572159 0.519080
v 0.079960 0.615368 0.450525
v 0.216383 0.525944 0.486786
v 0.237545 0.550485 0.419566
v 0.239648 0.507708 0.477052
v 0.183605 0.493896 0.559230
v 0.229072 0.494367 0.512255
v 0.176259 0.744037 -0.165570
v 0.281956 0.725941 -0.185409
v 0.163184 0.688403 -0.116723
v 0.239523 0.666132 -0.124812
v 0.210437 0.934314 -0.290725
v 0.230086 0.763357 -0.336535
v 0.150600 0.837491 -0.352696
v 0.207139 0.742056 -0.394274
v 0.139699 0.862219 -0.219542
v 0.138831 0.731775 -0.125610
v 0.106337 0.802436 -0.189821
v 0.124643 0.874710 -0.313972
v 0.097553 0.853798 -0.230896
v 0.332326 0.761495 -0.273319
v 0.324217 0.676126 -0.154412
v 0.482376 0.725706 -0.248484
v 0.241406 0.702553 -0.371408
v 0.328168 0.729603 -0.341809
v 0.274660 0.453979 -0.006588
v 0.298557 0.409600 0.094292
v 0.260040 0.487089 0.016863
v 0.283177 0.445698 0.121510
v 0.323397 0.334881 -0.050814
v 0.345374 0.294222 0.029918
v 0.338828 0.295206 -0.061244
v 0.360746 0.255454 0.012703
v 0.286075 0.424774 -0.082052
v 0.256199 0.497904 -0.054524
v 0.267443 0.478532 -0.132893
v 0.332097 0.333372 0.100929
v 0.301260 0.410284 0.151460
v 0.332511 0.336092 0.151271
v 0.320338 0.338144 -0.098204
v 0.284223 0.433518 -0.135519
v 0.362290 0.256562 0.057166
v 0.347125 0.297601 0.126082
v 0.295079 0.456282 0.389957
v 0.306601 0.423640 0.339496
v 0.283650 0.488558 0.370167
v 0.293146 0.456948 0.320319
v 0.321684 0.348052 0.439791
v 0.338034 0.318030 0.386141
v 0.327703 0.309426 0.453896
v 0.345693 0.280862 0.399089
v 0.304019 0.416874 0.438950
v 0.283709 0.484967 0.400609
v 0.291732 0.443198 0.450925
v 0.331120 0.351341 0.332355
v 0.306139 0.420891 0.299037
v 0.331028 0.347914 0.291495
v 0.315571 0.339666 0.472348
v 0.300043 0.407707 0.470856
v 0.350121 0.280657 0.361789
v 0.342405 0.312952 0.308593
v -0.070960 -0.579438 0.239733
v -0.081653 -0.603346 0.138922
v -0.117765 -0.564435 0.226023
v -0.137776 -0.627589 0.134171
v 0.074869 -0.590287 0.245240
v 0.088891 -0.612779 0.143199
v 0.120567 -0.580087 0.235712
v 0.143142 -0.638381 0.135651
v 0.002570 -0.592015 0.306627
v -0.088498 -0.567694 0.291778
v -0.020004 -0.592432 0.363460
v 0.004395 -0.589340 0.102875
v -0.109736 -0.637906 0.088539
v -0.027478 -0.576370 0.061687
v 0.091028 -0.580427 0.299226
v 0.024929 -0.596446 0.365743
v 0.120750 -0.643252 0.089038
v 0.038743 -0.576893 0.063493
v -0.170597 -0.525526 0.517511
v -0.236567 -0.465294 0.547463
v -0.185820 -0.508729 0.447850
v -0.248725 -0.455990 0.477623
v -0.175520 -0.694827 0.747585
v -0.314596 -0.667279 0.786420
v -0.139306 -0.725838 0.855015
v -0.288000 -0.619028 0.893004
v -0.134398 -0.608555 0.598458
v -0.148209 -0.538849 0.461089
v -0.095708 -0.595682 0.537219
v -0.301853 -0.487684 0.661831
v -0.277120 -0.431606 0.518261
v -0.310138 -0.417642 0.622992
v -0.096960 -0.666220 0.746161
v -0.079344 -0.622672 0.603859
v -0.340042 -0.541739 0.847873
v -0.328425 -0.441174 0.694691
v -0.230412 -0.588629 -0.105855
v -0.286806 -0.495966 -0.096982
v -0.284774 -0.650967 -0.101202
v -0.343163 -0.533251 -0.099755
v -0.104981 -0.426984 -0.109533
v -0.151862 -0.371410 -0.127047
v -0.074077 -0.390118 -0.131175
v -0.117827 -0.337261 -0.148754
v -0.126754 -0.513255 -0.085915
v -0.206119 -0.637507 -0.097157
v -0.106364 -0.545424 -0.060869
v -0.235669 -0.387197 -0.111840
v -0.337237 -0.454770 -0.107155
v -0.278417 -0.354892 -0.109667
v -0.061831 -0.429234 -0.111819
v -0.074109 -0.498739 -0.067692
v -0.150811 -0.320924 -0.137029
v -0.232751 -0.324953 -0.119061
v -0.379384 -0.257156 0.042320
v -0.380407 -0.219184 0.117866
v -0.380744 -0.311263 0.055109
v -0.378613 -0.267837 0.133984
v -0.356360 -0.103646 0.009216
v -0.374178 -0.078054 0.070536
v -0.350573 -0.056372 -0.002151
v -0.371825 -0.034418 0.054217
v -0.362417 -0.193779 -0.010745
v -0.378341 -0.304518 0.006870
v -0.356549 -0.235495 -0.043764
v -0.382144 -0.130953 0.126924
v -0.381714 -0.224063 0.162275
v -0.384635 -0.137491 0.167855
v -0.340042 -0.091335 -0.026177
v -0.342487 -0.180085 -0.047775
v -0.380754 -0.043175 0.091083
v -0.385113 -0.092958 0.149305
v -0.370136 -0.277783 0.407866
v -0.378202 -0.235403 0.337368
v -0.364458 -0.317626 0.383901
v -0.375230 -0.275982 0.315353
v -0.373191 -0.151713 0.465230
v -0.380117 -0.113495 0.393119
v -0.372347 -0.108872 0.480089
v -0.379669 -0.073212 0.409157
v -0.368298 -0.235951 0.478085
v -0.358901 -0.317545 0.433175
v -0.360159 -0.277755 0.509577
v -0.382363 -0.153089 0.333004
v -0.379621 -0.233346 0.293247
v -0.383877 -0.150834 0.290815
v -0.368811 -0.148051 0.511705
v -0.363156 -0.233976 0.529467
v -0.382954 -0.074061 0.367404
v -0.384218 -0.112002 0.309249
v 0.173877 -0.562195 0.530988
v 0.225046 -0.488950 0.554798
v 0.165452 -0.519433 0.464913
v 0.234553 -0.472262 0.485700
v 0.189259 -0.657635 0.689500
v 0.307488 -0.641176 0.718308
v 0.164016 -0.654185 0.736602
v 0.291954 -0.689007 0.793772
v 0.186527 -0.739591 0.631118
v 0.139196 -0.560908 0.479875
v 0.114857 -0.646221 0.554330
v 0.118374 -0.648200 0.695758
v 0.106531 -0.666198 0.608511
v 0.280729 -0.500436 0.644322
v 0.265088 -0.450570 0.522357
v 0.292772 -0.433820 0.618962
v 0.337603 -0.578777 0.763996
v 0.314425 -0.458707 0.673410
v 0.233213 -0.609799 -0.120162
v 0.284799 -0.516261 -0.116928
v 0.278984 -0.652939 -0.099010
v 0.337058 -0.554729 -0.101488
v 0.112283 -0.437798 -0.110245
v 0.156327 -0.381259 -0.121549
v 0.079706 -0.397101 -0.131231
v 0.120631 -0.341163 -0.139694
v 0.135219 -0.525835 -0.088695
v 0.206832 -0.656172 -0.097074
v 0.115026 -0.558574 -0.061816
v 0.069649 -0.435285 -0.111515
v 0.085802 -0.506174 -0.066495
v 0.239883 -0.405386 -0.107066
v 0.332964 -0.477964 -0.104291
v 0.279556 -0.371468 -0.106422
v 0.156337 -0.325183 -0.133206
v 0.235641 -0.337719 -0.114409
v 0.379465 -0.270834 0.032268
v 0.380866 -0.228921 0.105754
v 0.382027 -0.327665 0.045914
v 0.378095 -0.279186 0.122768
v 0.364872 -0.105604 -0.002511
v 0.381553 -0.076357 0.057386
v 0.361699 -0.055569 -0.015129
v 0.381307 -0.025811 0.040097
v 0.362922 -0.202841 -0.019323
v 0.383083 -0.322295 -0.001321
v 0.361937 -0.247090 -0.052950
v 0.386363 -0.135257 0.114099
v 0.381188 -0.233193 0.150115
v 0.388819 -0.142610 0.155669
v 0.347881 -0.094299 -0.036555
v 0.342851 -0.188372 -0.054328
v 0.388801 -0.038721 0.077654
v 0.391598 -0.094747 0.136630
v 0.368929 -0.289721 0.403666
v 0.384586 -0.245893 0.331644
v 0.359028 -0.330987 0.380044
v 0.376934 -0.287828 0.308266
v 0.379753 -0.156533 0.462338
v 0.389849 -0.117639 0.389301
v 0.378298 -0.111934 0.477142
v 0.390677 -0.075838 0.405053
v 0.369225 -0.245919 0.475519
v 0.354556 -0.332717 0.431431
v 0.358396 -0.291017 0.508137
v 0.391578 -0.159196 0.327365
v 0.384943 -0.243701 0.286185
v 0.391503 -0.157196 0.283395
v 0.373039 -0.152962 0.509456
v 0.362182 -0.244334 0.527584
v 0.395007 -0.077561 0.362740
v 0.395025 -0.116955 0.302702
v 0.052488 -0.017045 1.021375
v -0.050650 -0.016856 1.005793
v 0.049143 -0.070662 1.019759
v -0.057156 -0.069282 1.032685
v 0.039011 0.136719 0.893235
v -0.040028 0.138277 0.887057
v 0.036515 0.186676 0.860313
v -0.038359 0.186983 0.853895
v 0.083893 0.062412 0.931504
v 0.095267 -0.042032 0.993783
v 0.127016 0.039069 0.928802
v -0.086898 0.063221 0.930279
v -0.100564 -0.042148 0.992807
v -0.131780 0.039213 0.929093
v 0.074505 0.161542 0.867988
v 0.119784 0.089107 0.897438
v -0.077516 0.163791 0.860928
v -0.124010 0.091225 0.897011
v 0.311465 -0.244938 0.837352
v 0.268876 -0.149166 0.884063
v 0.297405 -0.293697 0.878212
v 0.239739 -0.186859 0.916558
v 0.340465 -0.111920 0.707531
v 0.325728 -0.038586 0.759410
v 0.341544 -0.075678 0.661924
v 0.322337 -0.008457 0.705856
v 0.336583 -0.215383 0.742638
v 0.329217 -0.320838 0.836272
v 0.340232 -0.279475 0.731652
v 0.347758 -0.127733 0.656287
v 0.344254 -0.228351 0.688357
v 0.288586 -0.052927 0.848875
v 0.230212 -0.121017 0.919630
v 0.253822 -0.030196 0.881848
v 0.306087 0.010381 0.746109
v 0.273804 0.000379 0.833514
v -0.307418 -0.226954 0.840811
v -0.270857 -0.144100 0.882983
v -0.282966 -0.266350 0.881254
v -0.240480 -0.178070 0.918885
v -0.342876 -0.109868 0.705542
v -0.326596 -0.040014 0.754165
v -0.343100 -0.073957 0.660945
v -0.323472 -0.008415 0.703767
v -0.336547 -0.203701 0.744363
v -0.318135 -0.290887 0.843138
v -0.339236 -0.261518 0.737156
v -0.349776 -0.123888 0.656062
v -0.346297 -0.216615 0.690929
v -0.291149 -0.053531 0.844069
v -0.234998 -0.119166 0.917994
v -0.256495 -0.031128 0.875478
v -0.307640 0.010464 0.743446
v -0.277281 0.000251 0.831483
v 0.212125 0.334682 0.665380
v 0.192194 0.264079 0.728498
v 0.180376 0.352325 0.675576
v 0.158848 0.283323 0.737032
v 0.281576 0.273025 0.619893
v 0.270296 0.202548 0.679445
v 0.294131 0.249046 0.598419
v 0.285766 0.179685 0.654890
v 0.261363 0.340340 0.614979
v 0.207651 0.378174 0.639873
v 0.254264 0.381474 0.589930
v 0.292222 0.294074 0.580572
v 0.275278 0.360829 0.576318
v 0.230917 0.197873 0.742385
v 0.164810 0.238011 0.764558
v 0.205816 0.170397 0.781143
v 0.274342 0.154574 0.697567
v 0.236967 0.149733 0.765978
v -0.211365 0.326200 0.669586
v -0.199131 0.265134 0.736559
v -0.180454 0.344966 0.679978
v -0.166972 0.285830 0.745345
v -0.288925 0.271384 0.625993
v -0.276448 0.204050 0.685970
v -0.305349 0.252139 0.606360
v -0.292678 0.181734 0.660431
v -0.261157 0.329340 0.618615
v -0.202401 0.364203 0.642583
v -0.253538 0.367605 0.592825
v -0.301554 0.293059 0.587009
v -0.280332 0.351497 0.580226
v -0.234555 0.200114 0.748420
v -0.173975 0.242001 0.773512
v -0.213636 0.175105 0.791049
v -0.279664 0.156606 0.702113
v -0.242584 0.153447 0.771925
v 0.035117 0.062427 -0.474620
v -0.035694 0.061701 -0.473334
v 0.030557 0.019827 -0.430115
v -0.031680 0.018892 -0.429339
v 0.056602 0.200109 -0.624978
v -0.053700 0.199055 -0.626423
v 0.066754 0.258351 -0.661336
v -0.062931 0.258821 -0.660332
v 0.086389 0.129995 -0.541205
v 0.065180 0.042305 -0.443902
v 0.118127 0.110059 -0.503949
v -0.086351 0.127598 -0.537877
v -0.065783 0.040429 -0.442046
v -0.118801 0.104709 -0.498135
v 0.118083 0.229695 -0.649236
v 0.136596 0.153179 -0.553513
v -0.112685 0.229559 -0.646861
v -0.136477 0.150437 -0.550507
v 0.158824 -0.108342 -0.211646
v 0.140996 -0.033661 -0.279373
v 0.130017 -0.135671 -0.225164
v 0.116877 -0.062706 -0.291982
v 0.253746 -0.025957 -0.164970
v 0.230613 0.046064 -0.222202
v 0.282554 0.001456 -0.143931
v 0.262822 0.069251 -0.197819
v 0.220820 -0.105604 -0.164504
v 0.156978 -0.161550 -0.190194
v 0.222169 -0.159452 -0.148522
v 0.279990 -0.046690 -0.131762
v 0.253418 -0.129691 -0.137270
v 0.175472 0.044004 -0.293136
v 0.125564 -0.015210 -0.324615
v 0.165374 0.058724 -0.349590
v 0.236967 0.094453 -0.243203
v 0.188066 0.089391 -0.328175
v -0.158618 -0.108207 -0.208116
v -0.140518 -0.034409 -0.274683
v -0.130206 -0.136264 -0.224018
v -0.115704 -0.064648 -0.290288
v -0.247181 -0.021336 -0.155404
v -0.226503 0.049627 -0.215523
v -0.272747 0.006944 -0.132619
v -0.255035 0.073911 -0.191711
v -0.217172 -0.101372 -0.155582
v -0.153310 -0.159977 -0.184769
v -0.220154 -0.154189 -0.144968
v -0.273205 -0.041716 -0.120931
v -0.250202 -0.123440 -0.130442
v -0.175995 0.044348 -0.286205
v -0.124562 -0.016257 -0.320900
v -0.163439 0.060528 -0.341083
v -0.234679 0.097824 -0.238618
v -0.189928 0.091795 -0.320084
v 0.303355 0.445662 -0.456195
v 0.308754 0.352797 -0.540759
v 0.272536 0.480133 -0.491704
v 0.274131 0.385669 -0.584637
v 0.318775 0.328892 -0.290321
v 0.304992 0.265372 -0.333881
v 0.325137 0.292809 -0.235716
v 0.303668 0.239650 -0.269545
v 0.311124 0.424500 -0.342666
v 0.293697 0.515241 -0.440658
v 0.302915 0.486635 -0.333974
v 0.320821 0.338655 -0.238777
v 0.305356 0.436866 -0.286678
v 0.332360 0.247204 -0.479100
v 0.290194 0.326831 -0.615918
v 0.311077 0.214898 -0.543370
v 0.281661 0.226041 -0.313993
v 0.302330 0.195180 -0.454418
v -0.303004 0.439146 -0.444738
v -0.319138 0.353080 -0.531937
v -0.269583 0.474230 -0.480685
v -0.287068 0.399172 -0.579465
v -0.321938 0.327589 -0.286374
v -0.306857 0.263627 -0.329379
v -0.324559 0.292927 -0.234085
v -0.302728 0.240170 -0.268901
v -0.315474 0.417010 -0.335753
v -0.291079 0.500807 -0.429429
v -0.311758 0.473338 -0.327301
v -0.327714 0.337379 -0.236631
v -0.316945 0.428770 -0.280081
v -0.332642 0.246117 -0.461576
v -0.285858 0.320269 -0.604793
v -0.310463 0.211795 -0.524054
v -0.286546 0.224924 -0.311591
v -0.292583 0.200460 -0.432588
v 0.403422 0.134708 0.139240
v 0.409158 0.076735 0.142752
v 0.402535 0.134183 0.099597
v 0.410454 0.080120 0.102481
v 0.390029 0.137261 0.268014
v 0.397887 0.069913 0.267818
v 0.387836 0.138530 0.308834
v 0.394614 0.069287 0.307860
v 0.387659 0.167945 0.206675
v 0.394030 0.162443 0.120537
v 0.381452 0.198588 0.187138
v 0.381355 0.172097 0.290659
v 0.377472 0.201504 0.230820
v 0.404149 0.038995 0.208272
v 0.408059 0.048051 0.125983
v 0.403847 0.006419 0.190615
v 0.398466 0.034680 0.290215
v 0.402631 0.002282 0.231668
v -0.394135 0.143693 0.156861
v -0.395969 0.080829 0.159444
v -0.393048 0.143211 0.116953
v -0.394982 0.083821 0.120795
v -0.394416 0.146580 0.274107
v -0.393988 0.076702 0.276643
v -0.388658 0.147208 0.313518
v -0.391249 0.075792 0.315559
v -0.392168 0.177813 0.216285
v -0.389077 0.173038 0.136179
v -0.386745 0.208724 0.197195
v -0.383368 0.180246 0.295025
v -0.383946 0.211592 0.237572
v -0.394588 0.043630 0.219488
v -0.393809 0.050314 0.142128
v -0.392611 0.009968 0.202221
v -0.391126 0.040027 0.298124
v -0.391578 0.006818 0.240984
v -0.163424 0.679300 0.265805
v -0.186202 0.653651 0.300424
v -0.135556 0.681158 0.049323
v -0.155093 0.669532 -0.012191
v -0.149683 0.669864 0.297358
v -0.129329 0.694752 -0.041159
v -0.272960 0.565648 0.360858
v -0.286677 0.541008 0.353997
v -0.285647 0.535589 0.384088
v -0.224332 0.588194 -0.043142
v -0.239514 0.552959 0.000412
v -0.239689 0.570984 -0.083148
v -0.298025 0.480686 0.209221
v -0.305653 0.484554 0.257052
v -0.317719 0.451607 0.235278
v 0.161821 0.669806 0.264586
v 0.183525 0.649791 0.301701
v 0.140068 0.698386 0.068629
v 0.153422 0.687060 0.015545
v 0.148485 0.661368 0.297481
v 0.127010 0.715962 0.001398
v 0.246786 0.568600 0.363110
v 0.259526 0.546868 0.359142
v 0.260063 0.541241 0.386983
v 0.214855 0.586633 -0.030222
v 0.229497 0.552929 0.005849
v 0.230186 0.565254 -0.076918
v 0.270569 0.483314 0.209186
v 0.274227 0.487555 0.260035
v 0.287649 0.451136 0.233918
v -0.171719 -0.537584 0.273887
v -0.184589 -0.516507 0.328506
v -0.237194 -0.729870 0.096594
v -0.289567 -0.723066 0.016545
v -0.145594 -0.533984 0.337544
v -0.201330 -0.737535 -0.000352
v -0.294648 -0.419432 0.395123
v -0.323434 -0.386776 0.375649
v -0.318093 -0.389680 0.430201
v -0.390154 -0.481930 -0.002045
v -0.384480 -0.420330 0.035853
v -0.386690 -0.418718 -0.018477
v -0.369987 -0.314405 0.197312
v -0.368160 -0.313920 0.243470
v -0.376116 -0.271741 0.224983
v 0.167445 -0.542510 0.279989
v 0.173964 -0.522437 0.337698
v 0.240116 -0.721394 0.085358
v 0.285413 -0.716772 0.018745
v 0.137662 -0.545812 0.347430
v 0.207855 -0.735592 0.015063
v 0.287204 -0.436304 0.398431
v 0.317678 -0.403920 0.375768
v 0.317151 -0.412472 0.432183
v 0.382211 -0.507081 -0.009574
v 0.389826 -0.443183 0.026341
v 0.388062 -0.441478 -0.030524
v 0.368828 -0.326799 0.188019
v 0.365633 -0.326660 0.234963
v 0.374781 -0.282881 0.215395
v -0.048587 -0.590941 0.812212
v 0.040297 -0.601307 0.772532
v -0.231270 -0.452446 0.893861
v -0.238249 -0.370431 0.895412
v -0.002726 -0.608316 0.755206
v -0.287253 -0.407303 0.873251
v 0.293725 -0.583840 0.891710
v 0.281012 -0.455719 0.897202
v 0.329897 -0.483341 0.861776
v 0.101078 -0.156718 0.985046
v 0.154021 -0.187261 0.967464
v -0.107500 -0.152628 0.991279
v -0.158194 -0.180341 0.972943
v 0.147054 -0.125003 0.974161
v -0.154130 -0.123344 0.975603
v -0.017930 0.509676 0.582289
v 0.023000 0.516470 0.584316
v -0.129092 0.435718 0.637575
v -0.139889 0.401571 0.663638
v 0.005854 0.537207 0.549999
v -0.161932 0.419488 0.627702
v 0.129820 0.443787 0.627974
v 0.139491 0.407785 0.655725
v 0.167606 0.433432 0.621423
v 0.065094 0.256318 0.805627
v 0.095568 0.278681 0.775110
v -0.071514 0.257476 0.800888
v -0.103822 0.282027 0.777593
v 0.100559 0.233969 0.805553
v -0.108453 0.237402 0.805526
v -0.015724 -0.369670 -0.171843
v 0.018098 -0.373649 -0.173440
v -0.089930 -0.261327 -0.195812
v -0.095201 -0.212834 -0.216400
v 0.002220 -0.402033 -0.142976
v -0.117613 -0.238428 -0.179369
v 0.097913 -0.260771 -0.194384
v 0.100800 -0.210984 -0.215268
v 0.126037 -0.239274 -0.181206
v 0.051532 -0.045285 -0.365551
v 0.072631 -0.067688 -0.337595
v -0.052734 -0.049426 -0.368745
v -0.073508 -0.072429 -0.338567
v 0.079843 -0.021564 -0.368794
v -0.082605 -0.027635 -0.377032
v -0.061898 0.791527 -0.414192
v 0.034623 0.775913 -0.412525
v -0.217130 0.647601 -0.487053
v -0.222032 0.565725 -0.476712
v -0.015164 0.786247 -0.347509
v -0.249455 0.596127 -0.440608
v 0.209217 0.652816 -0.481493
v 0.215820 0.578361 -0.488806
v 0.249244 0.619904 -0.455326
v 0.127059 0.361932 -0.658015
v 0.168440 0.388191 -0.623225
v -0.125294 0.361615 -0.656345
v -0.173866 0.395207 -0.625484
v 0.176587 0.330710 -0.653814
v -0.177609 0.331023 -0.655197
v 0.350809 0.259241 -0.108631
v 0.352148 0.259087 -0.145110
v 0.384847 0.186633 0.020626
v 0.394495 0.156885 0.040094
v 0.337202 0.299901 -0.146417
v 0.385621 0.187625 0.059232
v 0.348730 0.000290 -0.057956
v 0.331443 0.013012 -0.087837
v 0.396252 0.037659 0.034979
v 0.405665 0.062585 0.048174
v 0.327377 -0.031106 -0.077088
v 0.403039 0.029977 0.070046
v 0.301065 0.130870 -0.182932
v 0.308273 0.170716 -0.194816
v 0.278916 0.157872 -0.232457
v 0.324149 0.257743 0.503117
v 0.315736 0.243228 0.538685
v 0.362729 0.208893 0.390899
v 0.372599 0.174389 0.369560
v 0.312489 0.286265 0.523538
v 0.367778 0.209398 0.353813
v 0.364193 -0.061628 0.532670
v 0.353457 -0.053017 0.575601
v 0.388977 0.000962 0.393213
v 0.390569 0.035552 0.370175
v 0.360212 -0.099255 0.568118
v 0.394571 -0.000349 0.353230
v 0.310774 0.066864 0.650981
v 0.302837 0.112306 0.640627
v 0.297269 0.086026 0.684092
v -0.343293 0.260372 -0.104819
v -0.340525 0.259530 -0.145324
v -0.373321 0.198376 0.035163
v -0.381712 0.170655 0.057576
v -0.335828 0.300056 -0.145316
v -0.375630 0.198222 0.075021
v -0.333054 0.001891 -0.045904
v -0.315475 0.015249 -0.078974
v -0.382291 0.035196 0.053120
v -0.390363 0.062272 0.067335
v -0.316268 -0.029227 -0.067668
v -0.387457 0.026628 0.088621
v -0.288419 0.136796 -0.184010
v -0.296175 0.176783 -0.200143
v -0.273984 0.161894 -0.232544
v -0.331872 0.257950 0.508092
v -0.323830 0.244072 0.545091
v -0.361025 0.212822 0.392445
v -0.370036 0.180006 0.371952
v -0.323019 0.285683 0.529572
v -0.368319 0.213943 0.354547
v -0.362374 -0.060449 0.535114
v -0.353343 -0.051460 0.577619
v -0.382554 0.003171 0.399466
v -0.385272 0.039527 0.376451
v -0.358852 -0.096454 0.569728
v -0.386104 0.002376 0.359870
v -0.315600 0.068848 0.653506
v -0.309765 0.115193 0.644900
v -0.302602 0.088252 0.686095
v -0.016700 0.651427 0.371902
v 0.029731 0.653466 0.374125
v 0.009687 0.632450 0.410308
v -0.021971 0.809713 -0.182865
v 0.028432 0.797774 -0.156455
v 0.004334 0.809057 -0.211861
v -0.283965 0.443525 0.493503
v -0.265239 0.424314 0.529652
v -0.289757 0.408475 0.518316
v -0.328445 0.540597 -0.216297
v -0.321871 0.540409 -0.267252
v -0.314486 0.488627 -0.222916
v -0.361561 0.312261 0.226889
v -0.370532 0.276302 0.203023
v -0.368741 0.279271 0.243339
v 0.269656 0.453713 0.492484
v 0.259408 0.438191 0.527149
v 0.277876 0.416383 0.516386
v 0.316577 0.565532 -0.224192
v 0.311471 0.566828 -0.272247
v 0.298071 0.501223 -0.230746
v 0.344633 0.304993 0.220402
v 0.358565 0.266802 0.193945
v 0.355993 0.270936 0.239254
v -0.018833 -0.609478 0.484182
v 0.029177 -0.618009 0.488722
v 0.007754 -0.627098 0.546251
v -0.023182 -0.537331 -0.001894
v 0.035559 -0.544683 -0.004244
v 0.006694 -0.517437 -0.030886
v -0.343952 -0.323682 0.604009
v -0.344709 -0.325230 0.666163
v -0.351400 -0.275858 0.621967
v -0.307838 -0.257496 -0.103860
v -0.264665 -0.233459 -0.118364
v -0.294890 -0.199187 -0.102749
v -0.386543 -0.105078 0.227961
v -0.388236 -0.063819 0.206645
v -0.387530 -0.068165 0.245905
v 0.335927 -0.339917 0.600055
v 0.337410 -0.343614 0.658097
v 0.345679 -0.289604 0.618778
v 0.307135 -0.268494 -0.102090
v 0.265214 -0.242798 -0.117313
v 0.294261 -0.208611 -0.104457
v 0.394975 -0.109403 0.218235
v 0.397939 -0.066823 0.195915
v 0.398765 -0.072120 0.237082
v 0.202441 0.045556 0.880978
v 0.190264 0.094528 0.850816
v 0.226068 0.073061 0.834352
v -0.206341 0.045427 0.881326
v -0.198143 0.098238 0.859631
v -0.230445 0.074827 0.837049
v 0.181837 0.111863 -0.461522
v 0.222197 0.140395 -0.525589
v 0.221976 0.135591 -0.444242
v -0.180705 0.108848 -0.444651
v -0.223322 0.132471 -0.505259
v -0.218812 0.134427 -0.426971
f 1 647 644
f 1 644 643
f 1 643 645
f 1 645 646
f 1 646 647
f 2 649 652
f 6 672 670
f 12 702 699
f 11 696 695
f 8 679 681
f 4 662 659
f 4 659 658
f 4 658 660
f 4 660 661
f 4 661 662
f 5 666 665
f 3 654 657
f 7 673 677
f 9 685 686
f 10 692 688
f 12 701 698
f 6 669 668
f 2 650 648
f 8 682 678
f 11 697 693
f 6 671 669
f 12 700 701
f 11 694 697
f 8 680 682
f 2 651 650
f 10 690 689
f 5 663 664
f 3 655 653
f 7 676 674
f 9 687 684
f 10 691 690
f 5 667 663
f 3 656 655
f 7 675 676
f 9 683 687
f 6 668 672
f 2 648 649
f 8 678 679
f 11 693 696
f 12 698 702
f 10 688 691
f 5 665 667
f 3 657 656
f 7 677 675
f 9 686 683
f 5 664 666
f 3 653 654
f 7 674 673
f 9 684 685
f 10 689 692
f 6 670 671
f 12 699 700
f 11 695 694
f 8 681 680
f 2 652 651
f 35 837 838
f 18 735 736
f 19 742 741
f 40 868 867
f 42 880 879
f 34 832 831
f 33 827 828
f 25 778 780
f 36 844 846
f 20 749 747
f 32 819 820
f 23 765 767
f 24 773 771
f 37 850 849
f 41 876 875
f 34 833 834
f 33 826 825
f 25 779 777
f 36 845 843
f 20 748 750
f 17 729 727
f 14 711 709
f 13 706 703
f 15 718 715
f 16 724 721
f 18 737 733
f 35 839 835
f 42 882 878
f 40 870 866
f 19 744 740
f 30 807 805
f 27 789 787
f 22 762 758
f 28 797 793
f 29 802 799
f 32 821 817
f 23 766 763
f 24 774 770
f 37 852 848
f 41 874 872
f 35 838 836
f 18 736 734
f 19 741 739
f 40 867 865
f 42 879 877
f 34 831 829
f 33 828 824
f 25 780 776
f 36 846 842
f 20 747 745
f 32 820 818
f 23 767 764
f 24 771 769
f 37 849 847
f 41 875 871
f 34 834 830
f 33 825 823
f 25 777 775
f 36 843 841
f 20 750 746
f 14 714 710
f 13 707 704
f 15 719 716
f 16 725 722
f 17 732 728
f 21 755 752
f 31 814 811
f 26 784 781
f 38 857 853
f 39 862 860
f 27 792 788
f 22 759 757
f 28 796 794
f 29 803 800
f 30 810 806
f 31 815 812
f 26 785 782
f 38 856 854
f 39 863 859
f 21 754 751
f 14 712 714
f 13 705 707
f 15 717 719
f 16 723 725
f 17 730 732
f 21 753 755
f 31 816 814
f 26 786 784
f 38 858 857
f 39 861 862
f 27 791 792
f 22 761 759
f 28 795 796
f 29 801 803
f 30 808 810
f 31 813 815
f 26 783 785
f 38 855 856
f 39 864 863
f 21 756 754
f 14 709 712
f 13 703 705
f 15 715 717
f 16 721 723
f 17 727 730
f 21 751 753
f 31 812 816
f 26 782 786
f 38 854 858
f 39 859 861
f 27 787 791
f 22 758 761
f 28 793 795
f 29 799 801
f 30 805 808
f 31 811 813
f 26 781 783
f 38 853 855
f 39 860 864
f 21 752 756
f 17 728 731
f 14 710 713
f 13 704 708
f 15 716 720
f 16 722 726
f 18 734 738
f 35 836 840
f 42 877 881
f 40 865 869
f 19 739 743
f 30 806 809
f 27 788 790
f 22 757 760
f 28 794 798
f 29 800 804
f 32 818 822
f 23 764 768
f 24 769 772
f 37 847 851
f 41 871 873
f 35 835 837
f 18 733 735
f 19 740 742
f 40 866 868
f 42 878 880
f 34 830 832
f 33 823 827
f 25 775 778
f 36 841 844
f 20 746 749
f 32 817 819
f 23 763 765
f 24 770 773
f 37 848 850
f 41 872 876
f 34 829 833
f 33 824 826
f 25 776 779
f 36 842 845
f 20 745 748
f 17 731 729
f 14 713 711
f 13 708 706
f 15 720 718
f 16 726 724
f 18 738 737
f 35 840 839
f 42 881 882
f 40 869 870
f 19 743 744
f 30 809 807
f 27 790 789
f 22 760 762
f 28 798 797
f 29 804 802
f 32 822 821
f 23 768 766
f 24 772 774
f 37 851 852
f 41 873 874
f 107 1269 1270
f 103 1245 1246
f 104 1252 1251
f 110 1288 1287
f 113 1306 1305
f 118 1336 1335
f 154 1551 1552
f 141 1473 1474
f 162 1599 1600
f 121 1354 1353
f 142 1479 1480
f 129 1401 1402
f 130 1408 1407
f 144 1492 1491
f 146 1504 1503
f 151 1533 1534
f 131 1414 1413
f 136 1444 1443
f 161 1594 1593
f 126 1383 1384
f 116 1323 1324
f 108 1275 1276
f 106 1263 1264
f 112 1299 1300
f 115 1317 1318
f 119 1341 1342
f 156 1564 1563
f 139 1462 1461
f 160 1588 1587
f 120 1347 1348
f 149 1521 1522
f 132 1420 1419
f 128 1395 1396
f 145 1497 1498
f 148 1515 1516
f 155 1557 1558
f 133 1425 1426
f 134 1431 1432
f 157 1570 1569
f 124 1372 1371
f 109 1282 1281
f 105 1258 1257
f 111 1294 1293
f 114 1312 1311
f 117 1330 1329
f 125 1378 1377
f 152 1540 1539
f 137 1449 1450
f 158 1575 1576
f 123 1365 1366
f 143 1486 1485
f 127 1390 1389
f 135 1437 1438
f 147 1510 1509
f 150 1528 1527
f 153 1546 1545
f 140 1468 1467
f 138 1455 1456
f 159 1581 1582
f 122 1359 1360
f 107 1272 1271
f 103 1248 1247
f 104 1253 1254
f 110 1289 1290
f 113 1307 1308
f 118 1337 1338
f 154 1554 1553
f 141 1476 1475
f 162 1602 1601
f 121 1355 1356
f 142 1482 1481
f 129 1404 1403
f 130 1409 1410
f 144 1493 1494
f 146 1505 1506
f 151 1536 1535
f 131 1415 1416
f 136 1445 1446
f 161 1595 1596
f 126 1386 1385
f 47 909 907
f 44 891 889
f 43 886 883
f 45 898 895
f 46 904 901
f 49 922 919
f 72 1060 1057
f 102 1240 1237
f 96 1204 1201
f 79 1102 1099
f 62 999 997
f 59 981 979
f 58 976 973
f 60 988 985
f 61 994 991
f 66 1024 1021
f 54 952 949
f 73 1066 1063
f 85 1138 1135
f 92 1179 1177
f 101 1233 1231
f 69 1041 1039
f 50 927 925
f 82 1119 1117
f 97 1209 1207
f 71 1053 1051
f 100 1228 1225
f 94 1192 1189
f 80 1108 1105
f 51 933 931
f 90 1167 1165
f 63 1005 1003
f 55 957 955
f 76 1083 1081
f 87 1150 1147
f 91 1174 1171
f 67 1029 1027
f 56 963 961
f 75 1077 1075
f 83 1126 1123
f 68 1036 1033
f 48 915 913
f 78 1095 1093
f 93 1185 1183
f 98 1216 1213
f 88 1155 1153
f 65 1018 1015
f 57 970 967
f 77 1090 1087
f 86 1143 1141
f 64 1012 1009
f 53 945 943
f 74 1071 1069
f 84 1131 1129
f 89 1162 1159
f 70 1047 1045
f 99 1221 1219
f 95 1197 1195
f 81 1114 1111
f 52 940 937
f 109 1284 1280
f 105 1260 1256
f 111 1296 1292
f 114 1314 1310
f 117 1332 1328
f 125 1380 1376
f 152 1542 1538
f 137 1451 1447
f 158 1577 1573
f 123 1367 1363
f 143 1488 1484
f 127 1392 1388
f 135 1439 1435
f 147 1512 1508
f 150 1530 1526
f 153 1548 1544
f 140 1470 1466
f 138 1457 1453
f 159 1583 1579
f 122 1361 1357
f 107 1270 1268
f 103 1246 1244
f 104 1251 1249
f 110 1287 1285
f 113 1305 1303
f 118 1335 1333
f 154 1552 1550
f 141 1474 1472
f 162 1600 1598
f 121 1353 1351
f 142 1480 1478
f 129 1402 1400
f 130 1407 1405
f 144 1491 1489
f 146 1503 1501
f 151 1534 1532
f 131 1413 1411
f 136 1443 1441
f 161 1593 1591
f 126 1384 1382
f 116 1324 1322
f 108 1276 1274
f 106 1264 1262
f 112 1300 1298
f 115 1318 1316
f 119 1342 1340
f 156 1563 1561
f 139 1461 1459
f 160 1587 1585
f 120 1348 1346
f 149 1522 1520
f 132 1419 1417
f 128 1396 1394
f 145 1498 1496
f 148 1516 1514
f 155 1558 1556
f 133 1426 1424
f 134 1432 1430
f 157 1569 1567
f 124 1371 1369
f 109 1281 1279
f 105 1257 1255
f 111 1293 1291
f 114 1311 1309
f 117 1329 1327
f 125 1377 1375
f 152 1539 1537
f 137 1450 1448
f 158 1576 1574
f 123 1366 1364
f 143 1485 1483
f 127 1389 1387
f 135 1438 1436
f 147 1509 1507
f 150 1527 1525
f 153 1545 1543
f 140 1467 1465
f 138 1456 1454
f 159 1582 1580
f 122 1360 1358
f 107 1271 1267
f 103 1247 1243
f 104 1254 1250
f 110 1290 1286
f 113 1308 1304
f 118 1338 1334
f 154 1553 1549
f 141 1475 1471
f 162 1601 1597
f 121 1356 1352
f 142 1481 1477
f 129 1403 1399
f 130 1410 1406
f 144 1494 1490
f 146 1506 1502
f 151 1535 1531
f 131 1416 1412
f 136 1446 1442
f 161 1596 1592
f 126 1385 1381
f 44 894 890
f 43 887 884
f 45 899 896
f 46 905 902
f 47 912 908
f 52 941 938
f 70 1050 1046
f 99 1224 1220
f 95 1200 1196
f 81 1115 1112
f 59 984 980
f 58 977 974
f 60 989 986
f 61 995 992
f 62 1002 998
f 65 1019 1016
f 57 971 968
f 77 1091 1088
f 86 1146 1142
f 88 1158 1154
f 98 1217 1214
f 68 1037 1034
f 48 918 914
f 78 1098 1094
f 93 1188 1184
f 69 1044 1040
f 101 1236 1232
f 97 1212 1208
f 82 1122 1118
f 50 930 926
f 89 1163 1160
f 64 1013 1010
f 53 948 944
f 74 1074 1070
f 84 1134 1130
f 90 1170 1166
f 63 1008 1004
f 55 960 956
f 76 1086 1082
f 87 1151 1148
f 72 1061 1058
f 49 923 920
f 79 1103 1100
f 96 1205 1202
f 102 1241 1238
f 91 1175 1172
f 67 1032 1028
f 56 966 962
f 75 1080 1076
f 83 1127 1124
f 66 1025 1022
f 54 953 950
f 73 1067 1064
f 85 1139 1136
f 92 1182 1178
f 71 1056 1052
f 100 1229 1226
f 94 1193 1190
f 80 1109 1106
f 51 936 932
f 116 1325 1321
f 108 1277 1273
f 106 1265 1261
f 112 1301 1297
f 115 1319 1315
f 119 1343 1339
f 156 1566 1562
f 139 1464 1460
f 160 1590 1586
f 120 1349 1345
f 149 1523 1519
f 132 1422 1418
f 128 1397 1393
f 145 1499 1495
f 148 1517 1513
f 155 1559 1555
f 133 1427 1423
f 134 1433 1429
f 157 1572 1568
f 124 1374 1370
f 44 892 894
f 43 885 887
f 45 897 899
f 46 903 905
f 47 910 912
f 52 939 941
f 70 1048 1050
f 99 1222 1224
f 95 1198 1200
f 81 1113 1115
f 59 982 984
f 58 975 977
f 60 987 989
f 61 993 995
f 62 1000 1002
f 65 1017 1019
f 57 969 971
f 77 1089 1091
f 86 1144 1146
f 88 1156 1158
f 98 1215 1217
f 68 1035 1037
f 48 916 918
f 78 1096 1098
f 93 1186 1188
f 69 1042 1044
f 101 1234 1236
f 97 1210 1212
f 82 1120 1122
f 50 928 930
f 89 1161 1163
f 64 1011 1013
f 53 946 948
f 74 1072 1074
f 84 1132 1134
f 90 1168 1170
f 63 1006 1008
f 55 958 960
f 76 1084 1086
f 87 1149 1151
f 72 1059 1061
f 49 921 923
f 79 1101 1103
f 96 1203 1205
f 102 1239 1241
f 91 1173 1175
f 67 1030 1032
f 56 964 966
f 75 1078 1080
f 83 1125 1127
f 66 1023 1025
f 54 951 953
f 73 1065 1067
f 85 1137 1139
f 92 1180 1182
f 71 1054 1056
f 100 1227 1229
f 94 1191 1193
f 80 1107 1109
f 51 934 936
f 116 1326 1325
f 108 1278 1277
f 106 1266 1265
f 112 1302 1301
f 115 1320 1319
f 119 1344 1343
f 156 1565 1566
f 139 1463 1464
f 160 1589 1590
f 120 1350 1349
f 149 1524 1523
f 132 1421 1422
f 128 1398 1397
f 145 1500 1499
f 148 1518 1517
f 155 1560 1559
f 133 1428 1427
f 134 1434 1433
f 157 1571 1572
f 124 1373 1374
f 44 889 892
f 43 883 885
f 45 895 897
f 46 901 903
f 47 907 910
f 52 937 939
f 70 1045 1048
f 99 1219 1222
f 95 1195 1198
f 81 1111 1113
f 59 979 982
f 58 973 975
f 60 985 987
f 61 991 993
f 62 997 1000
f 65 1015 1017
f 57 967 969
f 77 1087 1089
f 86 1141 1144
f 88 1153 1156
f 98 1213 1215
f 68 1033 1035
f 48 913 916
f 78 1093 1096
f 93 1183 1186
f 69 1039 1042
f 101 1231 1234
f 97 1207 1210
f 82 1117 1120
f 50 925 928
f 89 1159 1161
f 64 1009 1011
f 53 943 946
f 74 1069 1072
f 84 1129 1132
f 90 1165 1168
f 63 1003 1006
f 55 955 958
f 76 1081 1084
f 87 1147 1149
f 72 1057 1059
f 49 919 921
f 79 1099 1101
f 96 1201 1203
f 102 1237 1239
f 91 1171 1173
f 67 1027 1030
f 56 961 964
f 75 1075 1078
f 83 1123 1125
f 66 1021 1023
f 54 949 951
f 73 1063 1065
f 85 1135 1137
f 92 1177 1180
f 71 1051 1054
f 100 1225 1227
f 94 1189 1191
f 80 1105 1107
f 51 931 934
f 116 1322 1326
f 108 1274 1278
f 106 1262 1266
f 112 1298 1302
f 115 1316 1320
f 119 1340 1344
f 156 1561 1565
f 139 1459 1463
f 160 1585 1589
f 120 1346 1350
f 149 1520 1524
f 132 1417 1421
f 128 1394 1398
f 145 1496 1500
f 148 1514 1518
f 155 1556 1560
f 133 1424 1428
f 134 1430 1434
f 157 1567 1571
f 124 1369 1373
f 47 908 911
f 44 890 893
f 43 884 888
f 45 896 900
f 46 902 906
f 49 920 924
f 72 1058 1062
f 102 1238 1242
f 96 1202 1206
f 79 1100 1104
f 62 998 1001
f 59 980 983
f 58 974 978
f 60 986 990
f 61 992 996
f 66 1022 1026
f 54 950 954
f 73 1064 1068
f 85 1136 1140
f 92 1178 1181
f 101 1232 1235
f 69 1040 1043
f 50 926 929
f 82 1118 1121
f 97 1208 1211
f 71 1052 1055
f 100 1226 1230
f 94 1190 1194
f 80 1106 1110
f 51 932 935
f 90 1166 1169
f 63 1004 1007
f 55 956 959
f 76 1082 1085
f 87 1148 1152
f 91 1172 1176
f 67 1028 1031
f 56 962 965
f 75 1076 1079
f 83 1124 1128
f 68 1034 1038
f 48 914 917
f 78 1094 1097
f 93 1184 1187
f 98 1214 1218
f 88 1154 1157
f 65 1016 1020
f 57 968 972
f 77 1088 1092
f 86 1142 1145
f 64 1010 1014
f 53 944 947
f 74 1070 1073
f 84 1130 1133
f 89 1160 1164
f 70 1046 1049
f 99 1220 1223
f 95 1196 1199
f 81 1112 1116
f 52 938 942
f 109 1279 1283
f 105 1255 1259
f 111 1291 1295
f 114 1309 1313
f 117 1327 1331
f 125 1375 1379
f 152 1537 1541
f 137 1448 1452
f 158 1574 1578
f 123 1364 1368
f 143 1483 1487
f 127 1387 1391
f 135 1436 1440
f 147 1507 1511
f 150 1525 1529
f 153 1543 1547
f 140 1465 1469
f 138 1454 1458
f 159 1580 1584
f 122 1358 1362
f 107 1267 1269
f 103 1243 1245
f 104 1250 1252
f 110 1286 1288
f 113 1304 1306
f 118 1334 1336
f 154 1549 1551
f 141 1471 1473
f 162 1597 1599
f 121 1352 1354
f 142 1477 1479
f 129 1399 1401
f 130 1406 1408
f 144 1490 1492
f 146 1502 1504
f 151 1531 1533
f 131 1412 1414
f 136 1442 1444
f 161 1592 1594
f 126 1381 1383
f 116 1321 1323
f 108 1273 1275
f 106 1261 1263
f 112 1297 1299
f 115 1315 1317
f 119 1339 1341
f 156 1562 1564
f 139 1460 1462
f 160 1586 1588
f 120 1345 1347
f 149 1519 1521
f 132 1418 1420
f 128 1393 1395
f 145 1495 1497
f 148 1513 1515
f 155 1555 1557
f 133 1423 1425
f 134 1429 1431
f 157 1568 1570
f 124 1370 1372
f 109 1280 1282
f 105 1256 1258
f 111 1292 1294
f 114 1310 1312
f 117 1328 1330
f 125 1376 1378
f 152 1538 1540
f 137 1447 1449
f 158 1573 1575
f 123 1363 1365
f 143 1484 1486
f 127 1388 1390
f 135 1435 1437
f 147 1508 1510
f 150 1526 1528
f 153 1544 1546
f 140 1466 1468
f 138 1453 1455
f 159 1579 1581
f 122 1357 1359
f 107 1268 1272
f 103 1244 1248
f 104 1249 1253
f 110 1285 1289
f 113 1303 1307
f 118 1333 1337
f 154 1550 1554
f 141 1472 1476
f 162 1598 1602
f 121 1351 1355
f 142 1478 1482
f 129 1400 1404
f 130 1405 1409
f 144 1489 1493
f 146 1501 1505
f 151 1532 1536
f 131 1411 1415
f 136 1441 1445
f 161 1591 1595
f 126 1382 1386
f 47 911 909
f 44 893 891
f 43 888 886
f 45 900 898
f 46 906 904
f 49 924 922
f 72 1062 1060
f 102 1242 1240
f 96 1206 1204
f 79 1104 1102
f 62 1001 999
f 59 983 981
f 58 978 976
f 60 990 988
f 61 996 994
f 66 1026 1024
f 54 954 952
f 73 1068 1066
f 85 1140 1138
f 92 1181 1179
f 101 1235 1233
f 69 1043 1041
f 50 929 927
f 82 1121 1119
f 97 1211 1209
f 71 1055 1053
f 100 1230 1228
f 94 1194 1192
f 80 1110 1108
f 51 935 933
f 90 1169 1167
f 63 1007 1005
f 55 959 957
f 76 1085 1083
f 87 1152 1150
f 91 1176 1174
f 67 1031 1029
f 56 965 963
f 75 1079 1077
f 83 1128 1126
f 68 1038 1036
f 48 917 915
f 78 1097 1095
f 93 1187 1185
f 98 1218 1216
f 88 1157 1155
f 65 1020 1018
f 57 972 970
f 77 1092 1090
f 86 1145 1143
f 64 1014 1012
f 53 947 945
f 74 1073 1071
f 84 1133 1131
f 89 1164 1162
f 70 1049 1047
f 99 1223 1221
f 95 1199 1197
f 81 1116 1114
f 52 942 940
f 109 1283 1284
f 105 1259 1260
f 111 1295 1296
f 114 1313 1314
f 117 1331 1332
f 125 1379 1380
f 152 1541 1542
f 137 1452 1451
f 158 1578 1577
f 123 1368 1367
f 143 1487 1488
f 127 1391 1392
f 135 1440 1439
f 147 1511 1512
f 150 1529 1530
f 153 1547 1548
f 140 1469 1470
f 138 1458 1457
f 159 1584 1583
f 122 1362 1361
f 407 1609 1616
f 403 1605 1608
f 404 1611 1606
f 410 1614 1612
f 413 1617 1615
f 422 1631 1624
f 486 1688 1692
f 573 1775 1782
f 561 1763 1765
f 512 1719 1714
f 452 1654 1661
f 448 1650 1653
f 449 1656 1651
f 455 1659 1657
f 458 1662 1660
f 470 1672 1675
f 437 1646 1639
f 494 1706 1696
f 531 1735 1733
f 539 1741 1751
f 568 1770 1779
f 478 1680 1683
f 419 1621 1626
f 509 1711 1721
f 554 1756 1766
f 482 1684 1689
f 576 1780 1778
f 558 1767 1760
f 516 1722 1718
f 425 1627 1629
f 542 1744 1747
f 463 1668 1665
f 434 1636 1641
f 497 1699 1704
f 528 1730 1737
f 546 1748 1750
f 464 1666 1676
f 440 1642 1644
f 500 1705 1702
f 524 1736 1726
f 479 1691 1681
f 418 1623 1620
f 508 1713 1710
f 553 1764 1755
f 569 1781 1771
f 538 1749 1740
f 471 1677 1673
f 443 1645 1647
f 501 1703 1707
f 523 1725 1734
f 467 1674 1669
f 433 1638 1635
f 493 1695 1698
f 527 1732 1729
f 543 1752 1745
f 485 1690 1687
f 572 1777 1774
f 557 1759 1762
f 515 1717 1720
f 428 1630 1632
f 591 2191 2189
f 587 1885 1883
f 588 1901 1903
f 594 2279 2281
f 597 2315 2317
f 600 2171 2173
f 634 2160 2158
f 619 2016 2012
f 639 2214 2210
f 602 1919 1924
f 624 2137 2135
f 608 1978 1973
f 610 1991 1996
f 627 2225 2227
f 630 2302 2304
f 635 2178 2176
f 615 2153 2155
f 617 2009 2014
f 637 2207 2212
f 604 1926 1922
f 416 1857 1864
f 408 1803 1810
f 406 1786 1795
f 412 1822 1831
f 415 1840 1849
f 424 1876 1887
f 492 2182 2193
f 582 2312 2321
f 565 2276 2285
f 514 1898 1907
f 461 2091 2098
f 453 2037 2044
f 451 1952 1961
f 457 2056 2067
f 460 2074 2083
f 475 2128 2139
f 439 1966 1975
f 496 1988 1997
f 533 2222 2231
f 551 2293 2298
f 579 2185 2190
f 483 1879 1884
f 426 1893 1900
f 521 2271 2278
f 566 2307 2314
f 489 2163 2170
f 578 2150 2159
f 560 2006 2015
f 518 2204 2213
f 429 1911 1918
f 547 2131 2136
f 465 1969 1977
f 441 1983 1990
f 504 2217 2224
f 537 2290 2301
f 550 2168 2177
f 476 2145 2152
f 444 2001 2008
f 502 2199 2206
f 526 1916 1925
f 481 1808 1817
f 420 1789 1797
f 510 1825 1833
f 555 1843 1851
f 571 1862 1871
f 540 1933 1941
f 473 2110 2119
f 447 2020 2029
f 507 2236 2247
f 534 2257 2262
f 469 2042 2051
f 435 1947 1954
f 498 2059 2064
f 529 2077 2085
f 545 2096 2105
f 487 2113 2121
f 574 2023 2031
f 562 2239 2244
f 520 2254 2265
f 432 1930 1939
f 589 1818 1814
f 583 1798 1793
f 586 1834 1829
f 593 1852 1847
f 596 1872 1868
f 599 1942 1937
f 633 2120 2124
f 620 2030 2034
f 640 2248 2250
f 603 2263 2261
f 622 2052 2050
f 607 1955 1960
f 612 2065 2063
f 626 2086 2081
f 629 2106 2102
f 631 2122 2117
f 614 2032 2027
f 618 2245 2243
f 641 2266 2268
f 605 1940 1944
f 409 1813 1804
f 405 1792 1785
f 411 1828 1821
f 414 1846 1839
f 417 1867 1858
f 431 1936 1929
f 488 2123 2114
f 575 2033 2024
f 563 2249 2240
f 519 2260 2253
f 454 2049 2038
f 450 1959 1951
f 456 2062 2055
f 459 2080 2073
f 462 2101 2092
f 472 2116 2109
f 446 2026 2019
f 506 2242 2235
f 535 2267 2258
f 541 1943 1934
f 570 1869 1861
f 480 1815 1807
f 421 1799 1790
f 511 1835 1826
f 556 1853 1844
f 484 1889 1880
f 580 2195 2186
f 567 2319 2308
f 522 2283 2272
f 427 1905 1894
f 544 2103 2095
f 468 2046 2041
f 436 1957 1948
f 499 2069 2060
f 530 2087 2078
f 548 2141 2132
f 466 1979 1970
f 442 1993 1984
f 505 2229 2218
f 536 2296 2289
f 491 2188 2181
f 423 1882 1875
f 513 1902 1897
f 564 2280 2275
f 581 2316 2311
f 549 2172 2167
f 477 2157 2146
f 445 2011 2002
f 503 2209 2200
f 525 1923 1915
f 474 2134 2127
f 438 1972 1965
f 495 1995 1987
f 532 2226 2221
f 552 2303 2294
f 490 2175 2164
f 577 2154 2149
f 559 2013 2005
f 517 2211 2203
f 430 1921 1912
f 590 1865 1870
f 584 1811 1816
f 585 1796 1800
f 592 1832 1836
f 595 1850 1854
f 598 1888 1890
f 636 2194 2196
f 621 2322 2320
f 642 2286 2284
f 601 1908 1906
f 623 2099 2104
f 611 2045 2047
f 609 1962 1958
f 625 2068 2070
f 628 2084 2088
f 632 2140 2142
f 613 1976 1980
f 616 1998 1994
f 638 2232 2230
f 606 2299 2297
f 407 2330 2329
f 403 2324 2323
f 404 2325 2326
f 410 2332 2333
f 413 2335 2336
f 422 2344 2345
f 486 2410 2409
f 573 2497 2496
f 561 2486 2485
f 512 2434 2435
f 452 2375 2374
f 448 2369 2368
f 449 2370 2371
f 455 2377 2378
f 458 2380 2381
f 470 2393 2392
f 437 2359 2360
f 494 2415 2416
f 531 2455 2456
f 539 2461 2460
f 568 2489 2488
f 478 2399 2398
f 419 2341 2340
f 509 2431 2430
f 554 2476 2475
f 482 2405 2404
f 576 2500 2501
f 558 2481 2482
f 516 2439 2440
f 425 2348 2347
f 542 2465 2464
f 463 2383 2384
f 434 2356 2355
f 497 2420 2419
f 528 2452 2451
f 546 2471 2470
f 464 2386 2385
f 440 2363 2362
f 500 2422 2423
f 524 2445 2446
f 479 2400 2401
f 418 2338 2339
f 508 2428 2429
f 553 2473 2474
f 569 2490 2491
f 538 2458 2459
f 471 2394 2395
f 443 2366 2365
f 501 2425 2424
f 523 2444 2443
f 467 2389 2390
f 433 2353 2354
f 493 2414 2413
f 527 2449 2450
f 543 2466 2467
f 485 2407 2408
f 572 2494 2495
f 557 2480 2479
f 515 2438 2437
f 428 2351 2350
f 591 2510 2511
f 587 2504 2505
f 588 2508 2507
f 594 2514 2513
f 597 2517 2516
f 600 2520 2519
f 634 2554 2556
f 619 2539 2540
f 639 2560 2561
f 602 2523 2521
f 624 2543 2544
f 608 2527 2529
f 610 2532 2530
f 627 2547 2546
f 630 2550 2549
f 635 2552 2553
f 615 2535 2534
f 617 2538 2536
f 637 2558 2557
f 604 2524 2525
f 167 1607 647
f 164 1603 644
f 163 1604 643
f 165 1610 645
f 166 1613 646
f 169 1622 649
f 192 1686 672
f 222 1773 702
f 216 1761 696
f 199 1712 679
f 182 1652 662
f 179 1648 659
f 178 1649 658
f 180 1655 660
f 181 1658 661
f 186 1670 666
f 174 1637 654
f 193 1694 673
f 205 1731 685
f 212 1739 692
f 221 1768 701
f 189 1678 669
f 170 1619 650
f 202 1709 682
f 217 1754 697
f 191 1682 671
f 220 1776 700
f 214 1758 694
f 200 1716 680
f 171 1625 651
f 210 1742 690
f 183 1663 663
f 175 1634 655
f 196 1697 676
f 207 1728 687
f 211 1746 691
f 187 1664 667
f 176 1640 656
f 195 1700 675
f 203 1724 683
f 188 1679 668
f 168 1618 648
f 198 1708 678
f 213 1753 693
f 218 1769 698
f 208 1738 688
f 185 1671 665
f 177 1643 657
f 197 1701 677
f 206 1723 686
f 184 1667 664
f 173 1633 653
f 194 1693 674
f 204 1727 684
f 209 1743 689
f 190 1685 670
f 219 1772 699
f 215 1757 695
f 201 1715 681
f 172 1628 652
f 357 2187 837
f 255 1881 735
f 262 1899 742
f 388 2277 868
f 400 2313 880
f 352 2169 832
f 347 2156 827
f 298 2010 778
f 364 2208 844
f 269 1917 749
f 339 2133 819
f 285 1971 765
f 293 1989 773
f 370 2223 850
f 396 2300 876
f 353 2174 833
f 346 2151 826
f 299 2007 779
f 365 2205 845
f 268 1920 748
f 249 1855 729
f 231 1801 711
f 226 1784 706
f 238 1820 718
f 244 1838 724
f 257 1874 737
f 359 2180 839
f 402 2310 882
f 390 2274 870
f 264 1896 744
f 327 2089 807
f 309 2035 789
f 282 1950 762
f 317 2054 797
f 322 2072 802
f 341 2126 821
f 286 1964 766
f 294 1986 774
f 372 2220 852
f 394 2291 874
f 358 2183 838
f 256 1877 736
f 261 1891 741
f 387 2269 867
f 399 2305 879
f 351 2161 831
f 348 2148 828
f 300 2004 780
f 366 2202 846
f 267 1909 747
f 340 2129 820
f 287 1967 767
f 291 1981 771
f 369 2215 849
f 395 2288 875
f 354 2166 834
f 345 2143 825
f 297 1999 777
f 363 2197 843
f 270 1914 750
f 234 1806 714
f 227 1787 707
f 239 1823 719
f 245 1841 725
f 252 1860 732
f 275 1931 755
f 334 2108 814
f 304 2018 784
f 377 2234 857
f 382 2255 862
f 312 2040 792
f 279 1945 759
f 316 2057 796
f 323 2075 803
f 330 2094 810
f 335 2111 815
f 305 2021 785
f 376 2237 856
f 383 2252 863
f 274 1928 754
f 232 1812 712
f 225 1791 705
f 237 1827 717
f 243 1845 723
f 250 1866 730
f 273 1935 753
f 336 2118 816
f 306 2028 786
f 378 2246 858
f 381 2259 861
f 311 2048 791
f 281 1953 761
f 315 2061 795
f 321 2079 801
f 328 2100 808
f 333 2115 813
f 303 2025 783
f 375 2241 855
f 384 2264 864
f 276 1938 756
f 229 1802 709
f 223 1783 703
f 235 1819 715
f 241 1837 721
f 247 1856 727
f 271 1927 751
f 332 2112 812
f 302 2022 782
f 374 2238 854
f 379 2251 859
f 307 2036 787
f 278 1949 758
f 313 2053 793
f 319 2071 799
f 325 2090 805
f 331 2107 811
f 301 2017 781
f 373 2233 853
f 380 2256 860
f 272 1932 752
f 248 1859 728
f 230 1805 710
f 224 1788 704
f 236 1824 716
f 242 1842 722
f 254 1878 734
f 356 2184 836
f 397 2306 877
f 385 2270 865
f 259 1892 739
f 326 2093 806
f 308 2039 788
f 277 1946 757
f 314 2058 794
f 320 2076 800
f 338 2130 818
f 284 1968 764
f 289 1982 769
f 367 2216 847
f 391 2287 871
f 355 2179 835
f 253 1873 733
f 260 1895 740
f 386 2273 866
f 398 2309 878
f 350 2165 830
f 343 2144 823
f 295 2000 775
f 361 2198 841
f 266 1913 746
f 337 2125 817
f 283 1963 763
f 290 1985 770
f 368 2219 848
f 392 2292 872
f 349 2162 829
f 344 2147 824
f 296 2003 776
f 362 2201 842
f 265 1910 745
f 251 1863 731
f 233 1809 713
f 228 1794 708
f 240 1830 720
f 246 1848 726
f 258 1886 738
f 360 2192 840
f 401 2318 881
f 389 2282 869
f 263 1904 743
f 329 2097 809
f 310 2043 790
f 280 1956 760
f 318 2066 798
f 324 2082 804
f 342 2138 822
f 288 1974 768
f 292 1992 772
f 371 2228 851
f 393 2295 873
f 409 2331 1269
f 405 2327 1245
f 411 2328 1252
f 414 2334 1288
f 417 2337 1306
f 431 2346 1336
f 488 2412 1551
f 575 2499 1473
f 563 2487 1599
f 519 2436 1354
f 454 2376 1479
f 450 2372 1401
f 456 2373 1408
f 459 2379 1492
f 462 2382 1504
f 472 2396 1533
f 446 2361 1414
f 506 2418 1444
f 535 2457 1594
f 541 2463 1383
f 570 2492 1323
f 480 2402 1275
f 421 2343 1263
f 511 2433 1299
f 556 2478 1317
f 484 2406 1341
f 580 2502 1564
f 567 2484 1462
f 522 2442 1588
f 427 2349 1347
f 544 2468 1521
f 468 2387 1420
f 436 2358 1395
f 499 2421 1497
f 530 2454 1515
f 548 2472 1557
f 466 2388 1425
f 442 2364 1431
f 505 2426 1570
f 536 2448 1372
f 491 2403 1282
f 423 2342 1258
f 513 2432 1294
f 564 2477 1312
f 581 2493 1330
f 549 2462 1378
f 477 2397 1540
f 445 2367 1449
f 503 2427 1575
f 525 2447 1365
f 474 2391 1486
f 438 2357 1390
f 495 2417 1437
f 532 2453 1510
f 552 2469 1528
f 490 2411 1546
f 577 2498 1468
f 559 2483 1455
f 517 2441 1581
f 430 2352 1359
f 590 2509 1272
f 584 2503 1248
f 585 2506 1253
f 592 2512 1289
f 595 2515 1307
f 598 2518 1337
f 636 2555 1554
f 621 2541 1476
f 642 2562 1602
f 601 2522 1355
f 623 2542 1482
f 611 2528 1404
f 609 2531 1409
f 625 2545 1493
f 628 2548 1505
f 632 2551 1536
f 613 2533 1415
f 616 2537 1445
f 638 2559 1595
f 606 2526 1386
f 407 1616 909
f 403 1608 891
f 404 1606 886
f 410 1612 898
f 413 1615 904
f 422 1624 922
f 486 1692 1060
f 573 1782 1240
f 561 1765 1204
f 512 1714 1102
f 452 1661 999
f 448 1653 981
f 449 1651 976
f 455 1657 988
f 458 1660 994
f 470 1675 1024
f 437 1639 952
f 494 1696 1066
f 531 1733 1138
f 539 1751 1179
f 568 1779 1233
f 478 1683 1041
f 419 1626 927
f 509 1721 1119
f 554 1766 1209
f 482 1689 1053
f 576 1778 1228
f 558 1760 1192
f 516 1718 1108
f 425 1629 933
f 542 1747 1167
f 463 1665 1005
f 434 1641 957
f 497 1704 1083
f 528 1737 1150
f 546 1750 1174
f 464 1676 1029
f 440 1644 963
f 500 1702 1077
f 524 1726 1126
f 479 1681 1036
f 418 1620 915
f 508 1710 1095
f 553 1755 1185
f 569 1771 1216
f 538 1740 1155
f 471 1673 1018
f 443 1647 970
f 501 1707 1090
f 523 1734 1143
f 467 1669 1012
f 433 1635 945
f 493 1698 1071
f 527 1729 1131
f 543 1745 1162
f 485 1687 1047
f 572 1774 1221
f 557 1762 1197
f 515 1720 1114
f 428 1632 940
f 591 2189 1284
f 587 1883 1260
f 588 1903 1296
f 594 2281 1314
f 597 2317 1332
f 600 2173 1380
f 634 2158 1542
f 619 2012 1451
f 639 2210 1577
f 602 1924 1367
f 624 2135 1488
f 608 1973 1392
f 610 1996 1439
f 627 2227 1512
f 630 2304 1530
f 635 2176 1548
f 615 2155 1470
f 617 2014 1457
f 637 2212 1583
f 604 1922 1361
f 416 1864 1270
f 408 1810 1246
f 406 1795 1251
f 412 1831 1287
f 415 1849 1305
f 424 1887 1335
f 492 2193 1552
f 582 2321 1474
f 565 2285 1600
f 514 1907 1353
f 461 2098 1480
f 453 2044 1402
f 451 1961 1407
f 457 2067 1491
f 460 2083 1503
f 475 2139 1534
f 439 1975 1413
f 496 1997 1443
f 533 2231 1593
f 551 2298 1384
f 579 2190 1324
f 483 1884 1276
f 426 1900 1264
f 521 2278 1300
f 566 2314 1318
f 489 2170 1342
f 578 2159 1563
f 560 2015 1461
f 518 2213 1587
f 429 1918 1348
f 547 2136 1522
f 465 1977 1419
f 441 1990 1396
f 504 2224 1498
f 537 2301 1516
f 550 2177 1558
f 476 2152 1426
f 444 2008 1432
f 502 2206 1569
f 526 1925 1371
f 481 1817 1281
f 420 1797 1257
f 510 1833 1293
f 555 1851 1311
f 571 1871 1329
f 540 1941 1377
f 473 2119 1539
f 447 2029 1450
f 507 2247 1576
f 534 2262 1366
f 469 2051 1485
f 435 1954 1389
f 498 2064 1438
f 529 2085 1509
f 545 2105 1527
f 487 2121 1545
f 574 2031 1467
f 562 2244 1456
f 520 2265 1582
f 432 1939 1360
f 589 1814 1271
f 583 1793 1247
f 586 1829 1254
f 593 1847 1290
f 596 1868 1308
f 599 1937 1338
f 633 2124 1553
f 620 2034 1475
f 640 2250 1601
f 603 2261 1356
f 622 2050 1481
f 607 1960 1403
f 612 2063 1410
f 626 2081 1494
f 629 2102 1506
f 631 2117 1535
f 614 2027 1416
f 618 2243 1446
f 641 2268 1596
f 605 1944 1385
f 409 1804 894
f 405 1785 887
f 411 1821 899
f 414 1839 905
f 417 1858 912
f 431 1929 941
f 488 2114 1050
f 575 2024 1224
f 563 2240 1200
f 519 2253 1115
f 454 2038 984
f 450 1951 977
f 456 2055 989
f 459 2073 995
f 462 2092 1002
f 472 2109 1019
f 446 2019 971
f 506 2235 1091
f 535 2258 1146
f 541 1934 1158
f 570 1861 1217
f 480 1807 1037
f 421 1790 918
f 511 1826 1098
f 556 1844 1188
f 484 1880 1044
f 580 2186 1236
f 567 2308 1212
f 522 2272 1122
f 427 1894 930
f 544 2095 1163
f 468 2041 1013
f 436 1948 948
f 499 2060 1074
f 530 2078 1134
f 548 2132 1170
f 466 1970 1008
f 442 1984 960
f 505 2218 1086
f 536 2289 1151
f 491 2181 1061
f 423 1875 923
f 513 1897 1103
f 564 2275 1205
f 581 2311 1241
f 549 2167 1175
f 477 2146 1032
f 445 2002 966
f 503 2200 1080
f 525 1915 1127
f 474 2127 1025
f 438 1965 953
f 495 1987 1067
f 532 2221 1139
f 552 2294 1182
f 490 2164 1056
f 577 2149 1229
f 559 2005 1193
f 517 2203 1109
f 430 1912 936
f 590 1870 1325
f 584 1816 1277
f 585 1800 1265
f 592 1836 1301
f 595 1854 1319
f 598 1890 1343
f 636 2196 1566
f 621 2320 1464
f 642 2284 1590
f 601 1906 1349
f 623 2104 1523
f 611 2047 1422
f 609 1958 1397
f 625 2070 1499
f 628 2088 1517
f 632 2142 1559
f 613 1980 1427
f 616 1994 1433
f 638 2230 1572
f 606 2297 1374
f 407 2329 892
f 403 2323 885
f 404 2326 897
f 410 2333 903
f 413 2336 910
f 422 2345 939
f 486 2409 1048
f 573 2496 1222
f 561 2485 1198
f 512 2435 1113
f 452 2374 982
f 448 2368 975
f 449 2371 987
f 455 2378 993
f 458 2381 1000
f 470 2392 1017
f 437 2360 969
f 494 2416 1089
f 531 2456 1144
f 539 2460 1156
f 568 2488 1215
f 478 2398 1035
f 419 2340 916
f 509 2430 1096
f 554 2475 1186
f 482 2404 1042
f 576 2501 1234
f 558 2482 1210
f 516 2440 1120
f 425 2347 928
f 542 2464 1161
f 463 2384 1011
f 434 2355 946
f 497 2419 1072
f 528 2451 1132
f 546 2470 1168
f 464 2385 1006
f 440 2362 958
f 500 2423 1084
f 524 2446 1149
f 479 2401 1059
f 418 2339 921
f 508 2429 1101
f 553 2474 1203
f 569 2491 1239
f 538 2459 1173
f 471 2395 1030
f 443 2365 964
f 501 2424 1078
f 523 2443 1125
f 467 2390 1023
f 433 2354 951
f 493 2413 1065
f 527 2450 1137
f 543 2467 1180
f 485 2408 1054
f 572 2495 1227
f 557 2479 1191
f 515 2437 1107
f 428 2350 934
f 591 2511 1326
f 587 2505 1278
f 588 2507 1266
f 594 2513 1302
f 597 2516 1320
f 600 2519 1344
f 634 2556 1565
f 619 2540 1463
f 639 2561 1589
f 602 2521 1350
f 624 2544 1524
f 608 2529 1421
f 610 2530 1398
f 627 2546 1500
f 630 2549 1518
f 635 2553 1560
f 615 2534 1428
f 617 2536 1434
f 637 2557 1571
f 604 2525 1373
f 164 1609 889
f 163 1605 883
f 165 1611 895
f 166 1614 901
f 167 1617 907
f 172 1631 937
f 190 1688 1045
f 219 1775 1219
f 215 1763 1195
f 201 1719 1111
f 179 1654 979
f 178 1650 973
f 180 1656 985
f 181 1659 991
f 182 1662 997
f 185 1672 1015
f 177 1646 967
f 197 1706 1087
f 206 1735 1141
f 208 1741 1153
f 218 1770 1213
f 188 1680 1033
f 168 1621 913
f 198 1711 1093
f 213 1756 1183
f 189 1684 1039
f 221 1780 1231
f 217 1767 1207
f 202 1722 1117
f 170 1627 925
f 209 1744 1159
f 184 1668 1009
f 173 1636 943
f 194 1699 1069
f 204 1730 1129
f 210 1748 1165
f 183 1666 1003
f 175 1642 955
f 196 1705 1081
f 207 1736 1147
f 192 1691 1057
f 169 1623 919
f 199 1713 1099
f 216 1764 1201
f 222 1781 1237
f 211 1749 1171
f 187 1677 1027
f 176 1645 961
f 195 1703 1075
f 203 1725 1123
f 186 1674 1021
f 174 1638 949
f 193 1695 1063
f 205 1732 1135
f 212 1752 1177
f 191 1690 1051
f 220 1777 1225
f 214 1759 1189
f 200 1717 1105
f 171 1630 931
f 358 2191 1322
f 256 1885 1274
f 261 1901 1262
f 387 2279 1298
f 399 2315 1316
f 351 2171 1340
f 348 2160 1561
f 300 2016 1459
f 366 2214 1585
f 267 1919 1346
f 340 2137 1520
f 287 1978 1417
f 291 1991 1394
f 369 2225 1496
f 395 2302 1514
f 354 2178 1556
f 345 2153 1424
f 297 2009 1430
f 363 2207 1567
f 270 1926 1369
f 247 1857 908
f 229 1803 890
f 223 1786 884
f 235 1822 896
f 241 1840 902
f 253 1876 920
f 355 2182 1058
f 398 2312 1238
f 386 2276 1202
f 260 1898 1100
f 325 2091 998
f 307 2037 980
f 278 1952 974
f 313 2056 986
f 319 2074 992
f 337 2128 1022
f 283 1966 950
f 290 1988 1064
f 368 2222 1136
f 392 2293 1178
f 356 2185 1232
f 254 1879 1040
f 259 1893 926
f 385 2271 1118
f 397 2307 1208
f 349 2163 1052
f 344 2150 1226
f 296 2006 1190
f 362 2204 1106
f 265 1911 932
f 338 2131 1166
f 284 1969 1004
f 289 1983 956
f 367 2217 1082
f 391 2290 1148
f 350 2168 1172
f 343 2145 1028
f 295 2001 962
f 361 2199 1076
f 266 1916 1124
f 230 1808 1034
f 224 1789 914
f 236 1825 1094
f 242 1843 1184
f 248 1862 1214
f 272 1933 1154
f 331 2110 1016
f 301 2020 968
f 373 2236 1088
f 380 2257 1142
f 308 2042 1010
f 277 1947 944
f 314 2059 1070
f 320 2077 1130
f 326 2096 1160
f 332 2113 1046
f 302 2023 1220
f 374 2239 1196
f 379 2254 1112
f 271 1930 938
f 234 1818 1279
f 227 1798 1255
f 239 1834 1291
f 245 1852 1309
f 252 1872 1327
f 275 1942 1375
f 334 2120 1537
f 304 2030 1448
f 377 2248 1574
f 382 2263 1364
f 312 2052 1483
f 279 1955 1387
f 316 2065 1436
f 323 2086 1507
f 330 2106 1525
f 335 2122 1543
f 305 2032 1465
f 376 2245 1454
f 383 2266 1580
f 274 1940 1358
f 232 1813 1267
f 225 1792 1243
f 237 1828 1250
f 243 1846 1286
f 250 1867 1304
f 273 1936 1334
f 336 2123 1549
f 306 2033 1471
f 378 2249 1597
f 381 2260 1352
f 311 2049 1477
f 281 1959 1399
f 315 2062 1406
f 321 2080 1490
f 328 2101 1502
f 333 2116 1531
f 303 2026 1412
f 375 2242 1442
f 384 2267 1592
f 276 1943 1381
f 251 1869 1321
f 233 1815 1273
f 228 1799 1261
f 240 1835 1297
f 246 1853 1315
f 258 1889 1339
f 360 2195 1562
f 401 2319 1460
f 389 2283 1586
f 263 1905 1345
f 329 2103 1519
f 310 2046 1418
f 280 1957 1393
f 318 2069 1495
f 324 2087 1513
f 342 2141 1555
f 288 1979 1423
f 292 1993 1429
f 371 2229 1568
f 393 2296 1370
f 357 2188 1280
f 255 1882 1256
f 262 1902 1292
f 388 2280 1310
f 400 2316 1328
f 352 2172 1376
f 347 2157 1538
f 298 2011 1447
f 364 2209 1573
f 269 1923 1363
f 339 2134 1484
f 285 1972 1388
f 293 1995 1435
f 370 2226 1508
f 396 2303 1526
f 353 2175 1544
f 346 2154 1466
f 299 2013 1453
f 365 2211 1579
f 268 1921 1357
f 249 1865 1268
f 231 1811 1244
f 226 1796 1249
f 238 1832 1285
f 244 1850 1303
f 257 1888 1333
f 359 2194 1550
f 402 2322 1472
f 390 2286 1598
f 264 1908 1351
f 327 2099 1478
f 309 2045 1400
f 282 1962 1405
f 317 2068 1489
f 322 2084 1501
f 341 2140 1532
f 286 1976 1411
f 294 1998 1441
f 372 2232 1591
f 394 2299 1382
f 416 2330 911
f 408 2324 893
f 406 2325 888
f 412 2332 900
f 415 2335 906
f 424 2344 924
f 492 2410 1062
f 582 2497 1242
f 565 2486 1206
f 514 2434 1104
f 461 2375 1001
f 453 2369 983
f 451 2370 978
f 457 2377 990
f 460 2380 996
f 475 2393 1026
f 439 2359 954
f 496 2415 1068
f 533 2455 1140
f 551 2461 1181
f 579 2489 1235
f 483 2399 1043
f 426 2341 929
f 521 2431 1121
f 566 2476 1211
f 489 2405 1055
f 578 2500 1230
f 560 2481 1194
f 518 2439 1110
f 429 2348 935
f 547 2465 1169
f 465 2383 1007
f 441 2356 959
f 504 2420 1085
f 537 2452 1152
f 550 2471 1176
f 476 2386 1031
f 444 2363 965
f 502 2422 1079
f 526 2445 1128
f 481 2400 1038
f 420 2338 917
f 510 2428 1097
f 555 2473 1187
f 571 2490 1218
f 540 2458 1157
f 473 2394 1020
f 447 2366 972
f 507 2425 1092
f 534 2444 1145
f 469 2389 1014
f 435 2353 947
f 498 2414 1073
f 529 2449 1133
f 545 2466 1164
f 487 2407 1049
f 574 2494 1223
f 562 2480 1199
f 520 2438 1116
f 432 2351 942
f 589 2510 1283
f 583 2504 1259
f 586 2508 1295
f 593 2514 1313
f 596 2517 1331
f 599 2520 1379
f 633 2554 1541
f 620 2539 1452
f 640 2560 1578
f 603 2523 1368
f 622 2543 1487
f 607 2527 1391
f 612 2532 1440
f 626 2547 1511
f 629 2550 1529
f 631 2552 1547
f 614 2535 1469
f 618 2538 1458
f 641 2558 1584
f 605 2524 1362
f 164 1607 1609
f 163 1603 1605
f 165 1604 1611
f 166 1610 1614
f 167 1613 1617
f 172 1622 1631
f 190 1686 1688
f 219 1773 1775
f 215 1761 1763
f 201 1712 1719
f 179 1652 1654
f 178 1648 1650
f 180 1649 1656
f 181 1655 1659
f 182 1658 1662
f 185 1670 1672
f 177 1637 1646
f 197 1694 1706
f 206 1731 1735
f 208 1739 1741
f 218 1768 1770
f 188 1678 1680
f 168 1619 1621
f 198 1709 1711
f 213 1754 1756
f 189 1682 1684
f 221 1776 1780
f 217 1758 1767
f 202 1716 1722
f 170 1625 1627
f 209 1742 1744
f 184 1663 1668
f 173 1634 1636
f 194 1697 1699
f 204 1728 1730
f 210 1746 1748
f 183 1664 1666
f 175 1640 1642
f 196 1700 1705
f 207 1724 1736
f 192 1679 1691
f 169 1618 1623
f 199 1708 1713
f 216 1753 1764
f 222 1769 1781
f 211 1738 1749
f 187 1671 1677
f 176 1643 1645
f 195 1701 1703
f 203 1723 1725
f 186 1667 1674
f 174 1633 1638
f 193 1693 1695
f 205 1727 1732
f 212 1743 1752
f 191 1685 1690
f 220 1772 1777
f 214 1757 1759
f 200 1715 1717
f 171 1628 1630
f 358 2187 2191
f 256 1881 1885
f 261 1899 1901
f 387 2277 2279
f 399 2313 2315
f 351 2169 2171
f 348 2156 2160
f 300 2010 2016
f 366 2208 2214
f 267 1917 1919
f 340 2133 2137
f 287 1971 1978
f 291 1989 1991
f 369 2223 2225
f 395 2300 2302
f 354 2174 2178
f 345 2151 2153
f 297 2007 2009
f 363 2205 2207
f 270 1920 1926
f 247 1855 1857
f 229 1801 1803
f 223 1784 1786
f 235 1820 1822
f 241 1838 1840
f 253 1874 1876
f 355 2180 2182
f 398 2310 2312
f 386 2274 2276
f 260 1896 1898
f 325 2089 2091
f 307 2035 2037
f 278 1950 1952
f 313 2054 2056
f 319 2072 2074
f 337 2126 2128
f 283 1964 1966
f 290 1986 1988
f 368 2220 2222
f 392 2291 2293
f 356 2183 2185
f 254 1877 1879
f 259 1891 1893
f 385 2269 2271
f 397 2305 2307
f 349 2161 2163
f 344 2148 2150
f 296 2004 2006
f 362 2202 2204
f 265 1909 1911
f 338 2129 2131
f 284 1967 1969
f 289 1981 1983
f 367 2215 2217
f 391 2288 2290
f 350 2166 2168
f 343 2143 2145
f 295 1999 2001
f 361 2197 2199
f 266 1914 1916
f 230 1806 1808
f 224 1787 1789
f 236 1823 1825
f 242 1841 1843
f 248 1860 1862
f 272 1931 1933
f 331 2108 2110
f 301 2018 2020
f 373 2234 2236
f 380 2255 2257
f 308 2040 2042
f 277 1945 1947
f 314 2057 2059
f 320 2075 2077
f 326 2094 2096
f 332 2111 2113
f 302 2021 2023
f 374 2237 2239
f 379 2252 2254
f 271 1928 1930
f 234 1812 1818
f 227 1791 1798
f 239 1827 1834
f 245 1845 1852
f 252 1866 1872
f 275 1935 1942
f 334 2118 2120
f 304 2028 2030
f 377 2246 2248
f 382 2259 2263
f 312 2048 2052
f 279 1953 1955
f 316 2061 2065
f 323 2079 2086
f 330 2100 2106
f 335 2115 2122
f 305 2025 2032
f 376 2241 2245
f 383 2264 2266
f 274 1938 1940
f 232 1802 1813
f 225 1783 1792
f 237 1819 1828
f 243 1837 1846
f 250 1856 1867
f 273 1927 1936
f 336 2112 2123
f 306 2022 2033
f 378 2238 2249
f 381 2251 2260
f 311 2036 2049
f 281 1949 1959
f 315 2053 2062
f 321 2071 2080
f 328 2090 2101
f 333 2107 2116
f 303 2017 2026
f 375 2233 2242
f 384 2256 2267
f 276 1932 1943
f 251 1859 1869
f 233 1805 1815
f 228 1788 1799
f 240 1824 1835
f 246 1842 1853
f 258 1878 1889
f 360 2184 2195
f 401 2306 2319
f 389 2270 2283
f 263 1892 1905
f 329 2093 2103
f 310 2039 2046
f 280 1946 1957
f 318 2058 2069
f 324 2076 2087
f 342 2130 2141
f 288 1968 1979
f 292 1982 1993
f 371 2216 2229
f 393 2287 2296
f 357 2179 2188
f 255 1873 1882
f 262 1895 1902
f 388 2273 2280
f 400 2309 2316
f 352 2165 2172
f 347 2144 2157
f 298 2000 2011
f 364 2198 2209
f 269 1913 1923
f 339 2125 2134
f 285 1963 1972
f 293 1985 1995
f 370 2219 2226
f 396 2292 2303
f 353 2162 2175
f 346 2147 2154
f 299 2003 2013
f 365 2201 2211
f 268 1910 1921
f 249 1863 1865
f 231 1809 1811
f 226 1794 1796
f 238 1830 1832
f 244 1848 1850
f 257 1886 1888
f 359 2192 2194
f 402 2318 2322
f 390 2282 2286
f 264 1904 1908
f 327 2097 2099
f 309 2043 2045
f 282 1956 1962
f 317 2066 2068
f 322 2082 2084
f 341 2138 2140
f 286 1974 1976
f 294 1992 1998
f 372 2228 2232
f 394 2295 2299
f 416 2331 2330
f 408 2327 2324
f 406 2328 2325
f 412 2334 2332
f 415 2337 2335
f 424 2346 2344
f 492 2412 2410
f 582 2499 2497
f 565 2487 2486
f 514 2436 2434
f 461 2376 2375
f 453 2372 2369
f 451 2373 2370
f 457 2379 2377
f 460 2382 2380
f 475 2396 2393
f 439 2361 2359
f 496 2418 2415
f 533 2457 2455
f 551 2463 2461
f 579 2492 2489
f 483 2402 2399
f 426 2343 2341
f 521 2433 2431
f 566 2478 2476
f 489 2406 2405
f 578 2502 2500
f 560 2484 2481
f 518 2442 2439
f 429 2349 2348
f 547 2468 2465
f 465 2387 2383
f 441 2358 2356
f 504 2421 2420
f 537 2454 2452
f 550 2472 2471
f 476 2388 2386
f 444 2364 2363
f 502 2426 2422
f 526 2448 2445
f 481 2403 2400
f 420 2342 2338
f 510 2432 2428
f 555 2477 2473
f 571 2493 2490
f 540 2462 2458
f 473 2397 2394
f 447 2367 2366
f 507 2427 2425
f 534 2447 2444
f 469 2391 2389
f 435 2357 2353
f 498 2417 2414
f 529 2453 2449
f 545 2469 2466
f 487 2411 2407
f 574 2498 2494
f 562 2483 2480
f 520 2441 2438
f 432 2352 2351
f 589 2509 2510
f 583 2503 2504
f 586 2506 2508
f 593 2512 2514
f 596 2515 2517
f 599 2518 2520
f 633 2555 2554
f 620 2541 2539
f 640 2562 2560
f 603 2522 2523
f 622 2542 2543
f 607 2528 2527
f 612 2531 2532
f 626 2545 2547
f 629 2548 2550
f 631 2551 2552
f 614 2533 2535
f 618 2537 2538
f 641 2559 2558
f 605 2526 2524
f 164 644 1607
f 163 643 1603
f 165 645 1604
f 166 646 1610
f 167 647 1613
f 172 652 1622
f 190 670 1686
f 219 699 1773
f 215 695 1761
f 201 681 1712
f 179 659 1652
f 178 658 1648
f 180 660 1649
f 181 661 1655
f 182 662 1658
f 185 665 1670
f 177 657 1637
f 197 677 1694
f 206 686 1731
f 208 688 1739
f 218 698 1768
f 188 668 1678
f 168 648 1619
f 198 678 1709
f 213 693 1754
f 189 669 1682
f 221 701 1776
f 217 697 1758
f 202 682 1716
f 170 650 1625
f 209 689 1742
f 184 664 1663
f 173 653 1634
f 194 674 1697
f 204 684 1728
f 210 690 1746
f 183 663 1664
f 175 655 1640
f 196 676 1700
f 207 687 1724
f 192 672 1679
f 169 649 1618
f 199 679 1708
f 216 696 1753
f 222 702 1769
f 211 691 1738
f 187 667 1671
f 176 656 1643
f 195 675 1701
f 203 683 1723
f 186 666 1667
f 174 654 1633
f 193 673 1693
f 205 685 1727
f 212 692 1743
f 191 671 1685
f 220 700 1772
f 214 694 1757
f 200 680 1715
f 171 651 1628
f 358 838 2187
f 256 736 1881
f 261 741 1899
f 387 867 2277
f 399 879 2313
f 351 831 2169
f 348 828 2156
f 300 780 2010
f 366 846 2208
f 267 747 1917
f 340 820 2133
f 287 767 1971
f 291 771 1989
f 369 849 2223
f 395 875 2300
f 354 834 2174
f 345 825 2151
f 297 777 2007
f 363 843 2205
f 270 750 1920
f 247 727 1855
f 229 709 1801
f 223 703 1784
f 235 715 1820
f 241 721 1838
f 253 733 1874
f 355 835 2180
f 398 878 2310
f 386 866 2274
f 260 740 1896
f 325 805 2089
f 307 787 2035
f 278 758 1950
f 313 793 2054
f 319 799 2072
f 337 817 2126
f 283 763 1964
f 290 770 1986
f 368 848 2220
f 392 872 2291
f 356 836 2183
f 254 734 1877
f 259 739 1891
f 385 865 2269
f 397 877 2305
f 349 829 2161
f 344 824 2148
f 296 776 2004
f 362 842 2202
f 265 745 1909
f 338 818 2129
f 284 764 1967
f 289 769 1981
f 367 847 2215
f 391 871 2288
f 350 830 2166
f 343 823 2143
f 295 775 1999
f 361 841 2197
f 266 746 1914
f 230 710 1806
f 224 704 1787
f 236 716 1823
f 242 722 1841
f 248 728 1860
f 272 752 1931
f 331 811 2108
f 301 781 2018
f 373 853 2234
f 380 860 2255
f 308 788 2040
f 277 757 1945
f 314 794 2057
f 320 800 2075
f 326 806 2094
f 332 812 2111
f 302 782 2021
f 374 854 2237
f 379 859 2252
f 271 751 1928
f 234 714 1812
f 227 707 1791
f 239 719 1827
f 245 725 1845
f 252 732 1866
f 275 755 1935
f 334 814 2118
f 304 784 2028
f 377 857 2246
f 382 862 2259
f 312 792 2048
f 279 759 1953
f 316 796 2061
f 323 803 2079
f 330 810 2100
f 335 815 2115
f 305 785 2025
f 376 856 2241
f 383 863 2264
f 274 754 1938
f 232 712 1802
f 225 705 1783
f 237 717 1819
f 243 723 1837
f 250 730 1856
f 273 753 1927
f 336 816 2112
f 306 786 2022
f 378 858 2238
f 381 861 2251
f 311 791 2036
f 281 761 1949
f 315 795 2053
f 321 801 2071
f 328 808 2090
f 333 813 2107
f 303 783 2017
f 375 855 2233
f 384 864 2256
f 276 756 1932
f 251 731 1859
f 233 713 1805
f 228 708 1788
f 240 720 1824
f 246 726 1842
f 258 738 1878
f 360 840 2184
f 401 881 2306
f 389 869 2270
f 263 743 1892
f 329 809 2093
f 310 790 2039
f 280 760 1946
f 318 798 2058
f 324 804 2076
f 342 822 2130
f 288 768 1968
f 292 772 1982
f 371 851 2216
f 393 873 2287
f 357 837 2179
f 255 735 1873
f 262 742 1895
f 388 868 2273
f 400 880 2309
f 352 832 2165
f 347 827 2144
f 298 778 2000
f 364 844 2198
f 269 749 1913
f 339 819 2125
f 285 765 1963
f 293 773 1985
f 370 850 2219
f 396 876 2292
f 353 833 2162
f 346 826 2147
f 299 779 2003
f 365 845 2201
f 268 748 1910
f 249 729 1863
f 231 711 1809
f 226 706 1794
f 238 718 1830
f 244 724 1848
f 257 737 1886
f 359 839 2192
f 402 882 2318
f 390 870 2282
f 264 744 1904
f 327 807 2097
f 309 789 2043
f 282 762 1956
f 317 797 2066
f 322 802 2082
f 341 821 2138
f 286 766 1974
f 294 774 1992
f 372 852 2228
f 394 874 2295
f 416 1270 2331
f 408 1246 2327
f 406 1251 2328
f 412 1287 2334
f 415 1305 2337
f 424 1335 2346
f 492 1552 2412
f 582 1474 2499
f 565 1600 2487
f 514 1353 2436
f 461 1480 2376
f 453 1402 2372
f 451 1407 2373
f 457 1491 2379
f 460 1503 2382
f 475 1534 2396
f 439 1413 2361
f 496 1443 2418
f 533 1593 2457
f 551 1384 2463
f 579 1324 2492
f 483 1276 2402
f 426 1264 2343
f 521 1300 2433
f 566 1318 2478
f 489 1342 2406
f 578 1563 2502
f 560 1461 2484
f 518 1587 2442
f 429 1348 2349
f 547 1522 2468
f 465 1419 2387
f 441 1396 2358
f 504 1498 2421
f 537 1516 2454
f 550 1558 2472
f 476 1426 2388
f 444 1432 2364
f 502 1569 2426
f 526 1371 2448
f 481 1281 2403
f 420 1257 2342
f 510 1293 2432
f 555 1311 2477
f 571 1329 2493
f 540 1377 2462
f 473 1539 2397
f 447 1450 2367
f 507 1576 2427
f 534 1366 2447
f 469 1485 2391
f 435 1389 2357
f 498 1438 2417
f 529 1509 2453
f 545 1527 2469
f 487 1545 2411
f 574 1467 2498
f 562 1456 2483
f 520 1582 2441
f 432 1360 2352
f 589 1271 2509
f 583 1247 2503
f 586 1254 2506
f 593 1290 2512
f 596 1308 2515
f 599 1338 2518
f 633 1553 2555
f 620 1475 2541
f 640 1601 2562
f 603 1356 2522
f 622 1481 2542
f 607 1403 2528
f 612 1410 2531
f 626 1494 2545
f 629 1506 2548
f 631 1535 2551
f 614 1416 2533
f 618 1446 2537
f 641 1596 2559
f 605 1385 2526
f 167 907 1616
f 164 889 1608
f 163 883 1606
f 165 895 1612
f 166 901 1615
f 169 919 1624
f 192 1057 1692
f 222 1237 1782
f 216 1201 1765
f 199 1099 1714
f 182 997 1661
f 179 979 1653
f 178 973 1651
f 180 985 1657
f 181 991 1660
f 186 1021 1675
f 174 949 1639
f 193 1063 1696
f 205 1135 1733
f 212 1177 1751
f 221 1231 1779
f 189 1039 1683
f 170 925 1626
f 202 1117 1721
f 217 1207 1766
f 191 1051 1689
f 220 1225 1778
f 214 1189 1760
f 200 1105 1718
f 171 931 1629
f 210 1165 1747
f 183 1003 1665
f 175 955 1641
f 196 1081 1704
f 207 1147 1737
f 211 1171 1750
f 187 1027 1676
f 176 961 1644
f 195 1075 1702
f 203 1123 1726
f 188 1033 1681
f 168 913 1620
f 198 1093 1710
f 213 1183 1755
f 218 1213 1771
f 208 1153 1740
f 185 1015 1673
f 177 967 1647
f 197 1087 1707
f 206 1141 1734
f 184 1009 1669
f 173 943 1635
f 194 1069 1698
f 204 1129 1729
f 209 1159 1745
f 190 1045 1687
f 219 1219 1774
f 215 1195 1762
f 201 1111 1720
f 172 937 1632
f 357 1280 2189
f 255 1256 1883
f 262 1292 1903
f 388 1310 2281
f 400 1328 2317
f 352 1376 2173
f 347 1538 2158
f 298 1447 2012
f 364 1573 2210
f 269 1363 1924
f 339 1484 2135
f 285 1388 1973
f 293 1435 1996
f 370 1508 2227
f 396 1526 2304
f 353 1544 2176
f 346 1466 2155
f 299 1453 2014
f 365 1579 2212
f 268 1357 1922
f 249 1268 1864
f 231 1244 1810
f 226 1249 1795
f 238 1285 1831
f 244 1303 1849
f 257 1333 1887
f 359 1550 2193
f 402 1472 2321
f 390 1598 2285
f 264 1351 1907
f 327 1478 2098
f 309 1400 2044
f 282 1405 1961
f 317 1489 2067
f 322 1501 2083
f 341 1532 2139
f 286 1411 1975
f 294 1441 1997
f 372 1591 2231
f 394 1382 2298
f 358 1322 2190
f 256 1274 1884
f 261 1262 1900
f 387 1298 2278
f 399 1316 2314
f 351 1340 2170
f 348 1561 2159
f 300 1459 2015
f 366 1585 2213
f 267 1346 1918
f 340 1520 2136
f 287 1417 1977
f 291 1394 1990
f 369 1496 2224
f 395 1514 2301
f 354 1556 2177
f 345 1424 2152
f 297 1430 2008
f 363 1567 2206
f 270 1369 1925
f 234 1279 1817
f 227 1255 1797
f 239 1291 1833
f 245 1309 1851
f 252 1327 1871
f 275 1375 1941
f 334 1537 2119
f 304 1448 2029
f 377 1574 2247
f 382 1364 2262
f 312 1483 2051
f 279 1387 1954
f 316 1436 2064
f 323 1507 2085
f 330 1525 2105
f 335 1543 2121
f 305 1465 2031
f 376 1454 2244
f 383 1580 2265
f 274 1358 1939
f 232 1267 1814
f 225 1243 1793
f 237 1250 1829
f 243 1286 1847
f 250 1304 1868
f 273 1334 1937
f 336 1549 2124
f 306 1471 2034
f 378 1597 2250
f 381 1352 2261
f 311 1477 2050
f 281 1399 1960
f 315 1406 2063
f 321 1490 2081
f 328 1502 2102
f 333 1531 2117
f 303 1412 2027
f 375 1442 2243
f 384 1592 2268
f 276 1381 1944
f 229 890 1804
f 223 884 1785
f 235 896 1821
f 241 902 1839
f 247 908 1858
f 271 938 1929
f 332 1046 2114
f 302 1220 2024
f 374 1196 2240
f 379 1112 2253
f 307 980 2038
f 278 974 1951
f 313 986 2055
f 319 992 2073
f 325 998 2092
f 331 1016 2109
f 301 968 2019
f 373 1088 2235
f 380 1142 2258
f 272 1154 1934
f 248 1214 1861
f 230 1034 1807
f 224 914 1790
f 236 1094 1826
f 242 1184 1844
f 254 1040 1880
f 356 1232 2186
f 397 1208 2308
f 385 1118 2272
f 259 926 1894
f 326 1160 2095
f 308 1010 2041
f 277 944 1948
f 314 1070 2060
f 320 1130 2078
f 338 1166 2132
f 284 1004 1970
f 289 956 1984
f 367 1082 2218
f 391 1148 2289
f 355 1058 2181
f 253 920 1875
f 260 1100 1897
f 386 1202 2275
f 398 1238 2311
f 350 1172 2167
f 343 1028 2146
f 295 962 2002
f 361 1076 2200
f 266 1124 1915
f 337 1022 2127
f 283 950 1965
f 290 1064 1987
f 368 1136 2221
f 392 1178 2294
f 349 1052 2164
f 344 1226 2149
f 296 1190 2005
f 362 1106 2203
f 265 932 1912
f 251 1321 1870
f 233 1273 1816
f 228 1261 1800
f 240 1297 1836
f 246 1315 1854
f 258 1339 1890
f 360 1562 2196
f 401 1460 2320
f 389 1586 2284
f 263 1345 1906
f 329 1519 2104
f 310 1418 2047
f 280 1393 1958
f 318 1495 2070
f 324 1513 2088
f 342 1555 2142
f 288 1423 1980
f 292 1429 1994
f 371 1568 2230
f 393 1370 2297
f 409 894 2329
f 405 887 2323
f 411 899 2326
f 414 905 2333
f 417 912 2336
f 431 941 2345
f 488 1050 2409
f 575 1224 2496
f 563 1200 2485
f 519 1115 2435
f 454 984 2374
f 450 977 2368
f 456 989 2371
f 459 995 2378
f 462 1002 2381
f 472 1019 2392
f 446 971 2360
f 506 1091 2416
f 535 1146 2456
f 541 1158 2460
f 570 1217 2488
f 480 1037 2398
f 421 918 2340
f 511 1098 2430
f 556 1188 2475
f 484 1044 2404
f 580 1236 2501
f 567 1212 2482
f 522 1122 2440
f 427 930 2347
f 544 1163 2464
f 468 1013 2384
f 436 948 2355
f 499 1074 2419
f 530 1134 2451
f 548 1170 2470
f 466 1008 2385
f 442 960 2362
f 505 1086 2423
f 536 1151 2446
f 491 1061 2401
f 423 923 2339
f 513 1103 2429
f 564 1205 2474
f 581 1241 2491
f 549 1175 2459
f 477 1032 2395
f 445 966 2365
f 503 1080 2424
f 525 1127 2443
f 474 1025 2390
f 438 953 2354
f 495 1067 2413
f 532 1139 2450
f 552 1182 2467
f 490 1056 2408
f 577 1229 2495
f 559 1193 2479
f 517 1109 2437
f 430 936 2350
f 590 1325 2511
f 584 1277 2505
f 585 1265 2507
f 592 1301 2513
f 595 1319 2516
f 598 1343 2519
f 636 1566 2556
f 621 1464 2540
f 642 1590 2561
f 601 1349 2521
f 623 1523 2544
f 611 1422 2529
f 609 1397 2530
f 625 1499 2546
f 628 1517 2549
f 632 1559 2553
f 613 1427 2534
f 616 1433 2536
f 638 1572 2557
f 606 1374 2525
f 407 892 1609
f 403 885 1605
f 404 897 1611
f 410 903 1614
f 413 910 1617
f 422 939 1631
f 486 1048 1688
f 573 1222 1775
f 561 1198 1763
f 512 1113 1719
f 452 982 1654
f 448 975 1650
f 449 987 1656
f 455 993 1659
f 458 1000 1662
f 470 1017 1672
f 437 969 1646
f 494 1089 1706
f 531 1144 1735
f 539 1156 1741
f 568 1215 1770
f 478 1035 1680
f 419 916 1621
f 509 1096 1711
f 554 1186 1756
f 482 1042 1684
f 576 1234 1780
f 558 1210 1767
f 516 1120 1722
f 425 928 1627
f 542 1161 1744
f 463 1011 1668
f 434 946 1636
f 497 1072 1699
f 528 1132 1730
f 546 1168 1748
f 464 1006 1666
f 440 958 1642
f 500 1084 1705
f 524 1149 1736
f 479 1059 1691
f 418 921 1623
f 508 1101 1713
f 553 1203 1764
f 569 1239 1781
f 538 1173 1749
f 471 1030 1677
f 443 964 1645
f 501 1078 1703
f 523 1125 1725
f 467 1023 1674
f 433 951 1638
f 493 1065 1695
f 527 1137 1732
f 543 1180 1752
f 485 1054 1690
f 572 1227 1777
f 557 1191 1759
f 515 1107 1717
f 428 934 1630
f 591 1326 2191
f 587 1278 1885
f 588 1266 1901
f 594 1302 2279
f 597 1320 2315
f 600 1344 2171
f 634 1565 2160
f 619 1463 2016
f 639 1589 2214
f 602 1350 1919
f 624 1524 2137
f 608 1421 1978
f 610 1398 1991
f 627 1500 2225
f 630 1518 2302
f 635 1560 2178
f 615 1428 2153
f 617 1434 2009
f 637 1571 2207
f 604 1373 1926
f 416 911 1857
f 408 893 1803
f 406 888 1786
f 412 900 1822
f 415 906 1840
f 424 924 1876
f 492 1062 2182
f 582 1242 2312
f 565 1206 2276
f 514 1104 1898
f 461 1001 2091
f 453 983 2037
f 451 978 1952
f 457 990 2056
f 460 996 2074
f 475 1026 2128
f 439 954 1966
f 496 1068 1988
f 533 1140 2222
f 551 1181 2293
f 579 1235 2185
f 483 1043 1879
f 426 929 1893
f 521 1121 2271
f 566 1211 2307
f 489 1055 2163
f 578 1230 2150
f 560 1194 2006
f 518 1110 2204
f 429 935 1911
f 547 1169 2131
f 465 1007 1969
f 441 959 1983
f 504 1085 2217
f 537 1152 2290
f 550 1176 2168
f 476 1031 2145
f 444 965 2001
f 502 1079 2199
f 526 1128 1916
f 481 1038 1808
f 420 917 1789
f 510 1097 1825
f 555 1187 1843
f 571 1218 1862
f 540 1157 1933
f 473 1020 2110
f 447 972 2020
f 507 1092 2236
f 534 1145 2257
f 469 1014 2042
f 435 947 1947
f 498 1073 2059
f 529 1133 2077
f 545 1164 2096
f 487 1049 2113
f 574 1223 2023
f 562 1199 2239
f 520 1116 2254
f 432 942 1930
f 589 1283 1818
f 583 1259 1798
f 586 1295 1834
f 593 1313 1852
f 596 1331 1872
f 599 1379 1942
f 633 1541 2120
f 620 1452 2030
f 640 1578 2248
f 603 1368 2263
f 622 1487 2052
f 607 1391 1955
f 612 1440 2065
f 626 1511 2086
f 629 1529 2106
f 631 1547 2122
f 614 1469 2032
f 618 1458 2245
f 641 1584 2266
f 605 1362 1940
f 409 1269 1813
f 405 1245 1792
f 411 1252 1828
f 414 1288 1846
f 417 1306 1867
f 431 1336 1936
f 488 1551 2123
f 575 1473 2033
f 563 1599 2249
f 519 1354 2260
f 454 1479 2049
f 450 1401 1959
f 456 1408 2062
f 459 1492 2080
f 462 1504 2101
f 472 1533 2116
f 446 1414 2026
f 506 1444 2242
f 535 1594 2267
f 541 1383 1943
f 570 1323 1869
f 480 1275 1815
f 421 1263 1799
f 511 1299 1835
f 556 1317 1853
f 484 1341 1889
f 580 1564 2195
f 567 1462 2319
f 522 1588 2283
f 427 1347 1905
f 544 1521 2103
f 468 1420 2046
f 436 1395 1957
f 499 1497 2069
f 530 1515 2087
f 548 1557 2141
f 466 1425 1979
f 442 1431 1993
f 505 1570 2229
f 536 1372 2296
f 491 1282 2188
f 423 1258 1882
f 513 1294 1902
f 564 1312 2280
f 581 1330 2316
f 549 1378 2172
f 477 1540 2157
f 445 1449 2011
f 503 1575 2209
f 525 1365 1923
f 474 1486 2134
f 438 1390 1972
f 495 1437 1995
f 532 1510 2226
f 552 1528 2303
f 490 1546 2175
f 577 1468 2154
f 559 1455 2013
f 517 1581 2211
f 430 1359 1921
f 590 1272 1865
f 584 1248 1811
f 585 1253 1796
f 592 1289 1832
f 595 1307 1850
f 598 1337 1888
f 636 1554 2194
f 621 1476 2322
f 642 1602 2286
f 601 1355 1908
f 623 1482 2099
f 611 1404 2045
f 609 1409 1962
f 625 1493 2068
f 628 1505 2084
f 632 1536 2140
f 613 1415 1976
f 616 1445 1998
f 638 1595 2232
f 606 1386 2299
f 407 909 2330
f 403 891 2324
f 404 886 2325
f 410 898 2332
f 413 904 2335
f 422 922 2344
f 486 1060 2410
f 573 1240 2497
f 561 1204 2486
f 512 1102 2434
f 452 999 2375
f 448 981 2369
f 449 976 2370
f 455 988 2377
f 458 994 2380
f 470 1024 2393
f 437 952 2359
f 494 1066 2415
f 531 1138 2455
f 539 1179 2461
f 568 1233 2489
f 478 1041 2399
f 419 927 2341
f 509 1119 2431
f 554 1209 2476
f 482 1053 2405
f 576 1228 2500
f 558 1192 2481
f 516 1108 2439
f 425 933 2348
f 542 1167 2465
f 463 1005 2383
f 434 957 2356
f 497 1083 2420
f 528 1150 2452
f 546 1174 2471
f 464 1029 2386
f 440 963 2363
f 500 1077 2422
f 524 1126 2445
f 479 1036 2400
f 418 915 2338
f 508 1095 2428
f 553 1185 2473
f 569 1216 2490
f 538 1155 2458
f 471 1018 2394
f 443 970 2366
f 501 1090 2425
f 523 1143 2444
f 467 1012 2389
f 433 945 2353
f 493 1071 2414
f 527 1131 2449
f 543 1162 2466
f 485 1047 2407
f 572 1221 2494
f 557 1197 2480
f 515 1114 2438
f 428 940 2351
f 591 1284 2510
f 587 1260 2504
f 588 1296 2508
f 594 1314 2514
f 597 1332 2517
f 600 1380 2520
f 634 1542 2554
f 619 1451 2539
f 639 1577 2560
f 602 1367 2523
f 624 1488 2543
f 608 1392 2527
f 610 1439 2532
f 627 1512 2547
f 630 1530 2550
f 635 1548 2552
f 615 1470 2535
f 617 1457 2538
f 637 1583 2558
f 604 1361 2524
f 167 1616 1607
f 164 1608 1603
f 163 1606 1604
f 165 1612 1610
f 166 1615 1613
f 169 1624 1622
f 192 1692 1686
f 222 1782 1773
f 216 1765 1761
f 199 1714 1712
f 182 1661 1652
f 179 1653 1648
f 178 1651 1649
f 180 1657 1655
f 181 1660 1658
f 186 1675 1670
f 174 1639 1637
f 193 1696 1694
f 205 1733 1731
f 212 1751 1739
f 221 1779 1768
f 189 1683 1678
f 170 1626 1619
f 202 1721 1709
f 217 1766 1754
f 191 1689 1682
f 220 1778 1776
f 214 1760 1758
f 200 1718 1716
f 171 1629 1625
f 210 1747 1742
f 183 1665 1663
f 175 1641 1634
f 196 1704 1697
f 207 1737 1728
f 211 1750 1746
f 187 1676 1664
f 176 1644 1640
f 195 1702 1700
f 203 1726 1724
f 188 1681 1679
f 168 1620 1618
f 198 1710 1708
f 213 1755 1753
f 218 1771 1769
f 208 1740 1738
f 185 1673 1671
f 177 1647 1643
f 197 1707 1701
f 206 1734 1723
f 184 1669 1667
f 173 1635 1633
f 194 1698 1693
f 204 1729 1727
f 209 1745 1743
f 190 1687 1685
f 219 1774 1772
f 215 1762 1757
f 201 1720 1715
f 172 1632 1628
f 357 2189 2187
f 255 1883 1881
f 262 1903 1899
f 388 2281 2277
f 400 2317 2313
f 352 2173 2169
f 347 2158 2156
f 298 2012 2010
f 364 2210 2208
f 269 1924 1917
f 339 2135 2133
f 285 1973 1971
f 293 1996 1989
f 370 2227 2223
f 396 2304 2300
f 353 2176 2174
f 346 2155 2151
f 299 2014 2007
f 365 2212 2205
f 268 1922 1920
f 249 1864 1855
f 231 1810 1801
f 226 1795 1784
f 238 1831 1820
f 244 1849 1838
f 257 1887 1874
f 359 2193 2180
f 402 2321 2310
f 390 2285 2274
f 264 1907 1896
f 327 2098 2089
f 309 2044 2035
f 282 1961 1950
f 317 2067 2054
f 322 2083 2072
f 341 2139 2126
f 286 1975 1964
f 294 1997 1986
f 372 2231 2220
f 394 2298 2291
f 358 2190 2183
f 256 1884 1877
f 261 1900 1891
f 387 2278 2269
f 399 2314 2305
f 351 2170 2161
f 348 2159 2148
f 300 2015 2004
f 366 2213 2202
f 267 1918 1909
f 340 2136 2129
f 287 1977 1967
f 291 1990 1981
f 369 2224 2215
f 395 2301 2288
f 354 2177 2166
f 345 2152 2143
f 297 2008 1999
f 363 2206 2197
f 270 1925 1914
f 234 1817 1806
f 227 1797 1787
f 239 1833 1823
f 245 1851 1841
f 252 1871 1860
f 275 1941 1931
f 334 2119 2108
f 304 2029 2018
f 377 2247 2234
f 382 2262 2255
f 312 2051 2040
f 279 1954 1945
f 316 2064 2057
f 323 2085 2075
f 330 2105 2094
f 335 2121 2111
f 305 2031 2021
f 376 2244 2237
f 383 2265 2252
f 274 1939 1928
f 232 1814 1812
f 225 1793 1791
f 237 1829 1827
f 243 1847 1845
f 250 1868 1866
f 273 1937 1935
f 336 2124 2118
f 306 2034 2028
f 378 2250 2246
f 381 2261 2259
f 311 2050 2048
f 281 1960 1953
f 315 2063 2061
f 321 2081 2079
f 328 2102 2100
f 333 2117 2115
f 303 2027 2025
f 375 2243 2241
f 384 2268 2264
f 276 1944 1938
f 229 1804 1802
f 223 1785 1783
f 235 1821 1819
f 241 1839 1837
f 247 1858 1856
f 271 1929 1927
f 332 2114 2112
f 302 2024 2022
f 374 2240 2238
f 379 2253 2251
f 307 2038 2036
f 278 1951 1949
f 313 2055 2053
f 319 2073 2071
f 325 2092 2090
f 331 2109 2107
f 301 2019 2017
f 373 2235 2233
f 380 2258 2256
f 272 1934 1932
f 248 1861 1859
f 230 1807 1805
f 224 1790 1788
f 236 1826 1824
f 242 1844 1842
f 254 1880 1878
f 356 2186 2184
f 397 2308 2306
f 385 2272 2270
f 259 1894 1892
f 326 2095 2093
f 308 2041 2039
f 277 1948 1946
f 314 2060 2058
f 320 2078 2076
f 338 2132 2130
f 284 1970 1968
f 289 1984 1982
f 367 2218 2216
f 391 2289 2287
f 355 2181 2179
f 253 1875 1873
f 260 1897 1895
f 386 2275 2273
f 398 2311 2309
f 350 2167 2165
f 343 2146 2144
f 295 2002 2000
f 361 2200 2198
f 266 1915 1913
f 337 2127 2125
f 283 1965 1963
f 290 1987 1985
f 368 2221 2219
f 392 2294 2292
f 349 2164 2162
f 344 2149 2147
f 296 2005 2003
f 362 2203 2201
f 265 1912 1910
f 251 1870 1863
f 233 1816 1809
f 228 1800 1794
f 240 1836 1830
f 246 1854 1848
f 258 1890 1886
f 360 2196 2192
f 401 2320 2318
f 389 2284 2282
f 263 1906 1904
f 329 2104 2097
f 310 2047 2043
f 280 1958 1956
f 318 2070 2066
f 324 2088 2082
f 342 2142 2138
f 288 1980 1974
f 292 1994 1992
f 371 2230 2228
f 393 2297 2295
f 409 2329 2331
f 405 2323 2327
f 411 2326 2328
f 414 2333 2334
f 417 2336 2337
f 431 2345 2346
f 488 2409 2412
f 575 2496 2499
f 563 2485 2487
f 519 2435 2436
f 454 2374 2376
f 450 2368 2372
f 456 2371 2373
f 459 2378 2379
f 462 2381 2382
f 472 2392 2396
f 446 2360 2361
f 506 2416 2418
f 535 2456 2457
f 541 2460 2463
f 570 2488 2492
f 480 2398 2402
f 421 2340 2343
f 511 2430 2433
f 556 2475 2478
f 484 2404 2406
f 580 2501 2502
f 567 2482 2484
f 522 2440 2442
f 427 2347 2349
f 544 2464 2468
f 468 2384 2387
f 436 2355 2358
f 499 2419 2421
f 530 2451 2454
f 548 2470 2472
f 466 2385 2388
f 442 2362 2364
f 505 2423 2426
f 536 2446 2448
f 491 2401 2403
f 423 2339 2342
f 513 2429 2432
f 564 2474 2477
f 581 2491 2493
f 549 2459 2462
f 477 2395 2397
f 445 2365 2367
f 503 2424 2427
f 525 2443 2447
f 474 2390 2391
f 438 2354 2357
f 495 2413 2417
f 532 2450 2453
f 552 2467 2469
f 490 2408 2411
f 577 2495 2498
f 559 2479 2483
f 517 2437 2441
f 430 2350 2352
f 590 2511 2509
f 584 2505 2503
f 585 2507 2506
f 592 2513 2512
f 595 2516 2515
f 598 2519 2518
f 636 2556 2555
f 621 2540 2541
f 642 2561 2562
f 601 2521 2522
f 623 2544 2542
f 611 2529 2528
f 609 2530 2531
f 625 2546 2545
f 628 2549 2548
f 632 2553 2551
f 613 2534 2533
f 616 2536 2537
f 638 2557 2559
f 606 2525 2526
f 1607 644 647
f 1603 643 644
f 1604 645 643
f 1610 646 645
f 1613 647 646
f 1622 652 649
f 1686 670 672
f 1773 699 702
f 1761 695 696
f 1712 681 679
f 1652 659 662
f 1648 658 659
f 1649 660 658
f 1655 661 660
f 1658 662 661
f 1670 665 666
f 1637 657 654
f 1694 677 673
f 1731 686 685
f 1739 688 692
f 1768 698 701
f 1678 668 669
f 1619 648 650
f 1709 678 682
f 1754 693 697
f 1682 669 671
f 1776 701 700
f 1758 697 694
f 1716 682 680
f 1625 650 651
f 1742 689 690
f 1663 664 663
f 1634 653 655
f 1697 674 676
f 1728 684 687
f 1746 690 691
f 1664 663 667
f 1640 655 656
f 1700 676 675
f 1724 687 683
f 1679 672 668
f 1618 649 648
f 1708 679 678
f 1753 696 693
f 1769 702 698
f 1738 691 688
f 1671 667 665
f 1643 656 657
f 1701 675 677
f 1723 683 686
f 1667 666 664
f 1633 654 653
f 1693 673 674
f 1727 685 684
f 1743 692 689
f 1685 671 670
f 1772 700 699
f 1757 694 695
f 1715 680 681
f 1628 651 652
f 2187 838 837
f 1881 736 735
f 1899 741 742
f 2277 867 868
f 2313 879 880
f 2169 831 832
f 2156 828 827
f 2010 780 778
f 2208 846 844
f 1917 747 749
f 2133 820 819
f 1971 767 765
f 1989 771 773
f 2223 849 850
f 2300 875 876
f 2174 834 833
f 2151 825 826
f 2007 777 779
f 2205 843 845
f 1920 750 748
f 1855 727 729
f 1801 709 711
f 1784 703 706
f 1820 715 718
f 1838 721 724
f 1874 733 737
f 2180 835 839
f 2310 878 882
f 2274 866 870
f 1896 740 744
f 2089 805 807
f 2035 787 789
f 1950 758 762
f 2054 793 797
f 2072 799 802
f 2126 817 821
f 1964 763 766
f 1986 770 774
f 2220 848 852
f 2291 872 874
f 2183 836 838
f 1877 734 736
f 1891 739 741
f 2269 865 867
f 2305 877 879
f 2161 829 831
f 2148 824 828
f 2004 776 780
f 2202 842 846
f 1909 745 747
f 2129 818 820
f 1967 764 767
f 1981 769 771
f 2215 847 849
f 2288 871 875
f 2166 830 834
f 2143 823 825
f 1999 775 777
f 2197 841 843
f 1914 746 750
f 1806 710 714
f 1787 704 707
f 1823 716 719
f 1841 722 725
f 1860 728 732
f 1931 752 755
f 2108 811 814
f 2018 781 784
f 2234 853 857
f 2255 860 862
f 2040 788 792
f 1945 757 759
f 2057 794 796
f 2075 800 803
f 2094 806 810
f 2111 812 815
f 2021 782 785
f 2237 854 856
f 2252 859 863
f 1928 751 754
f 1812 714 712
f 1791 707 705
f 1827 719 717
f 1845 725 723
f 1866 732 730
f 1935 755 753
f 2118 814 816
f 2028 784 786
f 2246 857 858
f 2259 862 861
f 2048 792 791
f 1953 759 761
f 2061 796 795
f 2079 803 801
f 2100 810 808
f 2115 815 813
f 2025 785 783
f 2241 856 855
f 2264 863 864
f 1938 754 756
f 1802 712 709
f 1783 705 703
f 1819 717 715
f 1837 723 721
f 1856 730 727
f 1927 753 751
f 2112 816 812
f 2022 786 782
f 2238 858 854
f 2251 861 859
f 2036 791 787
f 1949 761 758
f 2053 795 793
f 2071 801 799
f 2090 808 805
f 2107 813 811
f 2017 783 781
f 2233 855 853
f 2256 864 860
f 1932 756 752
f 1859 731 728
f 1805 713 710
f 1788 708 704
f 1824 720 716
f 1842 726 722
f 1878 738 734
f 2184 840 836
f 2306 881 877
f 2270 869 865
f 1892 743 739
f 2093 809 806
f 2039 790 788
f 1946 760 757
f 2058 798 794
f 2076 804 800
f 2130 822 818
f 1968 768 764
f 1982 772 769
f 2216 851 847
f 2287 873 871
f 2179 837 835
f 1873 735 733
f 1895 742 740
f 2273 868 866
f 2309 880 878
f 2165 832 830
f 2144 827 823
f 2000 778 775
f 2198 844 841
f 1913 749 746
f 2125 819 817
f 1963 765 763
f 1985 773 770
f 2219 850 848
f 2292 876 872
f 2162 833 829
f 2147 826 824
f 2003 779 776
f 2201 845 842
f 1910 748 745
f 1863 729 731
f 1809 711 713
f 1794 706 708
f 1830 718 720
f 1848 724 726
f 1886 737 738
f 2192 839 840
f 2318 882 881
f 2282 870 869
f 1904 744 743
f 2097 807 809
f 2043 789 790
f 1956 762 760
f 2066 797 798
f 2082 802 804
f 2138 821 822
f 1974 766 768
f 1992 774 772
f 2228 852 851
f 2295 874 873
f 2331 1270 1269
f 2327 1246 1245
f 2328 1251 1252
f 2334 1287 1288
f 2337 1305 1306
f 2346 1335 1336
f 2412 1552 1551
f 2499 1474 1473
f 2487 1600 1599
f 2436 1353 1354
f 2376 1480 1479
f 2372 1402 1401
f 2373 1407 1408
f 2379 1491 1492
f 2382 1503 1504
f 2396 1534 1533
f 2361 1413 1414
f 2418 1443 1444
f 2457 1593 1594
f 2463 1384 1383
f 2492 1324 1323
f 2402 1276 1275
f 2343 1264 1263
f 2433 1300 1299
f 2478 1318 1317
f 2406 1342 1341
f 2502 1563 1564
f 2484 1461 1462
f 2442 1587 1588
f 2349 1348 1347
f 2468 1522 1521
f 2387 1419 1420
f 2358 1396 1395
f 2421 1498 1497
f 2454 1516 1515
f 2472 1558 1557
f 2388 1426 1425
f 2364 1432 1431
f 2426 1569 1570
f 2448 1371 1372
f 2403 1281 1282
f 2342 1257 1258
f 2432 1293 1294
f 2477 1311 1312
f 2493 1329 1330
f 2462 1377 1378
f 2397 1539 1540
f 2367 1450 1449
f 2427 1576 1575
f 2447 1366 1365
f 2391 1485 1486
f 2357 1389 1390
f 2417 1438 1437
f 2453 1509 1510
f 2469 1527 1528
f 2411 1545 1546
f 2498 1467 1468
f 2483 1456 1455
f 2441 1582 1581
f 2352 1360 1359
f 2509 1271 1272
f 2503 1247 1248
f 2506 1254 1253
f 2512 1290 1289
f 2515 1308 1307
f 2518 1338 1337
f 2555 1553 1554
f 2541 1475 1476
f 2562 1601 1602
f 2522 1356 1355
f 2542 1481 1482
f 2528 1403 1404
f 2531 1410 1409
f 2545 1494 1493
f 2548 1506 1505
f 2551 1535 1536
f 2533 1416 1415
f 2537 1446 1445
f 2559 1596 1595
f 2526 1385 1386
f 1616 907 909
f 1608 889 891
f 1606 883 886
f 1612 895 898
f 1615 901 904
f 1624 919 922
f 1692 1057 1060
f 1782 1237 1240
f 1765 1201 1204
f 1714 1099 1102
f 1661 997 999
f 1653 979 981
f 1651 973 976
f 1657 985 988
f 1660 991 994
f 1675 1021 1024
f 1639 949 952
f 1696 1063 1066
f 1733 1135 1138
f 1751 1177 1179
f 1779 1231 1233
f 1683 1039 1041
f 1626 925 927
f 1721 1117 1119
f 1766 1207 1209
f 1689 1051 1053
f 1778 1225 1228
f 1760 1189 1192
f 1718 1105 1108
f 1629 931 933
f 1747 1165 1167
f 1665 1003 1005
f 1641 955 957
f 1704 1081 1083
f 1737 1147 1150
f 1750 1171 1174
f 1676 1027 1029
f 1644 961 963
f 1702 1075 1077
f 1726 1123 1126
f 1681 1033 1036
f 1620 913 915
f 1710 1093 1095
f 1755 1183 1185
f 1771 1213 1216
f 1740 1153 1155
f 1673 1015 1018
f 1647 967 970
f 1707 1087 1090
f 1734 1141 1143
f 1669 1009 1012
f 1635 943 945
f 1698 1069 1071
f 1729 1129 1131
f 1745 1159 1162
f 1687 1045 1047
f 1774 1219 1221
f 1762 1195 1197
f 1720 1111 1114
f 1632 937 940
f 2189 1280 1284
f 1883 1256 1260
f 1903 1292 1296
f 2281 1310 1314
f 2317 1328 1332
f 2173 1376 1380
f 2158 1538 1542
f 2012 1447 1451
f 2210 1573 1577
f 1924 1363 1367
f 2135 1484 1488
f 1973 1388 1392
f 1996 1435 1439
f 2227 1508 1512
f 2304 1526 1530
f 2176 1544 1548
f 2155 1466 1470
f 2014 1453 1457
f 2212 1579 1583
f 1922 1357 1361
f 1864 1268 1270
f 1810 1244 1246
f 1795 1249 1251
f 1831 1285 1287
f 1849 1303 1305
f 1887 1333 1335
f 2193 1550 1552
f 2321 1472 1474
f 2285 1598 1600
f 1907 1351 1353
f 2098 1478 1480
f 2044 1400 1402
f 1961 1405 1407
f 2067 1489 1491
f 2083 1501 1503
f 2139 1532 1534
f 1975 1411 1413
f 1997 1441 1443
f 2231 1591 1593
f 2298 1382 1384
f 2190 1322 1324
f 1884 1274 1276
f 1900 1262 1264
f 2278 1298 1300
f 2314 1316 1318
f 2170 1340 1342
f 2159 1561 1563
f 2015 1459 1461
f 2213 1585 1587
f 1918 1346 1348
f 2136 1520 1522
f 1977 1417 1419
f 1990 1394 1396
f 2224 1496 1498
f 2301 1514 1516
f 2177 1556 1558
f 2152 1424 1426
f 2008 1430 1432
f 2206 1567 1569
f 1925 1369 1371
f 1817 1279 1281
f 1797 1255 1257
f 1833 1291 1293
f 1851 1309 1311
f 1871 1327 1329
f 1941 1375 1377
f 2119 1537 1539
f 2029 1448 1450
f 2247 1574 1576
f 2262 1364 1366
f 2051 1483 1485
f 1954 1387 1389
f 2064 1436 1438
f 2085 1507 1509
f 2105 1525 1527
f 2121 1543 1545
f 2031 1465 1467
f 2244 1454 1456
f 2265 1580 1582
f 1939 1358 1360
f 1814 1267 1271
f 1793 1243 1247
f 1829 1250 1254
f 1847 1286 1290
f 1868 1304 1308
f 1937 1334 1338
f 2124 1549 1553
f 2034 1471 1475
f 2250 1597 1601
f 2261 1352 1356
f 2050 1477 1481
f 1960 1399 1403
f 2063 1406 1410
f 2081 1490 1494
f 2102 1502 1506
f 2117 1531 1535
f 2027 1412 1416
f 2243 1442 1446
f 2268 1592 1596
f 1944 1381 1385
f 1804 890 894
f 1785 884 887
f 1821 896 899
f 1839 902 905
f 1858 908 912
f 1929 938 941
f 2114 1046 1050
f 2024 1220 1224
f 2240 1196 1200
f 2253 1112 1115
f 2038 980 984
f 1951 974 977
f 2055 986 989
f 2073 992 995
f 2092 998 1002
f 2109 1016 1019
f 2019 968 971
f 2235 1088 1091
f 2258 1142 1146
f 1934 1154 1158
f 1861 1214 1217
f 1807 1034 1037
f 1790 914 918
f 1826 1094 1098
f 1844 1184 1188
f 1880 1040 1044
f 2186 1232 1236
f 2308 1208 1212
f 2272 1118 1122
f 1894 926 930
f 2095 1160 1163
f 2041 1010 1013
f 1948 944 948
f 2060 1070 1074
f 2078 1130 1134
f 2132 1166 1170
f 1970 1004 1008
f 1984 956 960
f 2218 1082 1086
f 2289 1148 1151
f 2181 1058 1061
f 1875 920 923
f 1897 1100 1103
f 2275 1202 1205
f 2311 1238 1241
f 2167 1172 1175
f 2146 1028 1032
f 2002 962 966
f 2200 1076 1080
f 1915 1124 1127
f 2127 1022 1025
f 1965 950 953
f 1987 1064 1067
f 2221 1136 1139
f 2294 1178 1182
f 2164 1052 1056
f 2149 1226 1229
f 2005 1190 1193
f 2203 1106 1109
f 1912 932 936
f 1870 1321 1325
f 1816 1273 1277
f 1800 1261 1265
f 1836 1297 1301
f 1854 1315 1319
f 1890 1339 1343
f 2196 1562 1566
f 2320 1460 1464
f 2284 1586 1590
f 1906 1345 1349
f 2104 1519 1523
f 2047 1418 1422
f 1958 1393 1397
f 2070 1495 1499
f 2088 1513 1517
f 2142 1555 1559
f 1980 1423 1427
f 1994 1429 1433
f 2230 1568 1572
f 2297 1370 1374
f 2329 894 892
f 2323 887 885
f 2326 899 897
f 2333 905 903
f 2336 912 910
f 2345 941 939
f 2409 1050 1048
f 2496 1224 1222
f 2485 1200 1198
f 2435 1115 1113
f 2374 984 982
f 2368 977 975
f 2371 989 987
f 2378 995 993
f 2381 1002 1000
f 2392 1019 1017
f 2360 971 969
f 2416 1091 1089
f 2456 1146 1144
f 2460 1158 1156
f 2488 1217 1215
f 2398 1037 1035
f 2340 918 916
f 2430 1098 1096
f 2475 1188 1186
f 2404 1044 1042
f 2501 1236 1234
f 2482 1212 1210
f 2440 1122 1120
f 2347 930 928
f 2464 1163 1161
f 2384 1013 1011
f 2355 948 946
f 2419 1074 1072
f 2451 1134 1132
f 2470 1170 1168
f 2385 1008 1006
f 2362 960 958
f 2423 1086 1084
f 2446 1151 1149
f 2401 1061 1059
f 2339 923 921
f 2429 1103 1101
f 2474 1205 1203
f 2491 1241 1239
f 2459 1175 1173
f 2395 1032 1030
f 2365 966 964
f 2424 1080 1078
f 2443 1127 1125
f 2390 1025 1023
f 2354 953 951
f 2413 1067 1065
f 2450 1139 1137
f 2467 1182 1180
f 2408 1056 1054
f 2495 1229 1227
f 2479 1193 1191
f 2437 1109 1107
f 2350 936 934
f 2511 1325 1326
f 2505 1277 1278
f 2507 1265 1266
f 2513 1301 1302
f 2516 1319 1320
f 2519 1343 1344
f 2556 1566 1565
f 2540 1464 1463
f 2561 1590 1589
f 2521 1349 1350
f 2544 1523 1524
f 2529 1422 1421
f 2530 1397 1398
f 2546 1499 1500
f 2549 1517 1518
f 2553 1559 1560
f 2534 1427 1428
f 2536 1433 1434
f 2557 1572 1571
f 2525 1374 1373
f 1609 892 889
f 1605 885 883
f 1611 897 895
f 1614 903 901
f 1617 910 907
f 1631 939 937
f 1688 1048 1045
f 1775 1222 1219
f 1763 1198 1195
f 1719 1113 1111
f 1654 982 979
f 1650 975 973
f 1656 987 985
f 1659 993 991
f 1662 1000 997
f 1672 1017 1015
f 1646 969 967
f 1706 1089 1087
f 1735 1144 1141
f 1741 1156 1153
f 1770 1215 1213
f 1680 1035 1033
f 1621 916 913
f 1711 1096 1093
f 1756 1186 1183
f 1684 1042 1039
f 1780 1234 1231
f 1767 1210 1207
f 1722 1120 1117
f 1627 928 925
f 1744 1161 1159
f 1668 1011 1009
f 1636 946 943
f 1699 1072 1069
f 1730 1132 1129
f 1748 1168 1165
f 1666 1006 1003
f 1642 958 955
f 1705 1084 1081
f 1736 1149 1147
f 1691 1059 1057
f 1623 921 919
f 1713 1101 1099
f 1764 1203 1201
f 1781 1239 1237
f 1749 1173 1171
f 1677 1030 1027
f 1645 964 961
f 1703 1078 1075
f 1725 1125 1123
f 1674 1023 1021
f 1638 951 949
f 1695 1065 1063
f 1732 1137 1135
f 1752 1180 1177
f 1690 1054 1051
f 1777 1227 1225
f 1759 1191 1189
f 1717 1107 1105
f 1630 934 931
f 2191 1326 1322
f 1885 1278 1274
f 1901 1266 1262
f 2279 1302 1298
f 2315 1320 1316
f 2171 1344 1340
f 2160 1565 1561
f 2016 1463 1459
f 2214 1589 1585
f 1919 1350 1346
f 2137 1524 1520
f 1978 1421 1417
f 1991 1398 1394
f 2225 1500 1496
f 2302 1518 1514
f 2178 1560 1556
f 2153 1428 1424
f 2009 1434 1430
f 2207 1571 1567
f 1926 1373 1369
f 1857 911 908
f 1803 893 890
f 1786 888 884
f 1822 900 896
f 1840 906 902
f 1876 924 920
f 2182 1062 1058
f 2312 1242 1238
f 2276 1206 1202
f 1898 1104 1100
f 2091 1001 998
f 2037 983 980
f 1952 978 974
f 2056 990 986
f 2074 996 992
f 2128 1026 1022
f 1966 954 950
f 1988 1068 1064
f 2222 1140 1136
f 2293 1181 1178
f 2185 1235 1232
f 1879 1043 1040
f 1893 929 926
f 2271 1121 1118
f 2307 1211 1208
f 2163 1055 1052
f 2150 1230 1226
f 2006 1194 1190
f 2204 1110 1106
f 1911 935 932
f 2131 1169 1166
f 1969 1007 1004
f 1983 959 956
f 2217 1085 1082
f 2290 1152 1148
f 2168 1176 1172
f 2145 1031 1028
f 2001 965 962
f 2199 1079 1076
f 1916 1128 1124
f 1808 1038 1034
f 1789 917 914
f 1825 1097 1094
f 1843 1187 1184
f 1862 1218 1214
f 1933 1157 1154
f 2110 1020 1016
f 2020 972 968
f 2236 1092 1088
f 2257 1145 1142
f 2042 1014 1010
f 1947 947 944
f 2059 1073 1070
f 2077 1133 1130
f 2096 1164 1160
f 2113 1049 1046
f 2023 1223 1220
f 2239 1199 1196
f 2254 1116 1112
f 1930 942 938
f 1818 1283 1279
f 1798 1259 1255
f 1834 1295 1291
f 1852 1313 1309
f 1872 1331 1327
f 1942 1379 1375
f 2120 1541 1537
f 2030 1452 1448
f 2248 1578 1574
f 2263 1368 1364
f 2052 1487 1483
f 1955 1391 1387
f 2065 1440 1436
f 2086 1511 1507
f 2106 1529 1525
f 2122 1547 1543
f 2032 1469 1465
f 2245 1458 1454
f 2266 1584 1580
f 1940 1362 1358
f 1813 1269 1267
f 1792 1245 1243
f 1828 1252 1250
f 1846 1288 1286
f 1867 1306 1304
f 1936 1336 1334
f 2123 1551 1549
f 2033 1473 1471
f 2249 1599 1597
f 2260 1354 1352
f 2049 1479 1477
f 1959 1401 1399
f 2062 1408 1406
f 2080 1492 1490
f 2101 1504 1502
f 2116 1533 1531
f 2026 1414 1412
f 2242 1444 1442
f 2267 1594 1592
f 1943 1383 1381
f 1869 1323 1321
f 1815 1275 1273
f 1799 1263 1261
f 1835 1299 1297
f 1853 1317 1315
f 1889 1341 1339
f 2195 1564 1562
f 2319 1462 1460
f 2283 1588 1586
f 1905 1347 1345
f 2103 1521 1519
f 2046 1420 1418
f 1957 1395 1393
f 2069 1497 1495
f 2087 1515 1513
f 2141 1557 1555
f 1979 1425 1423
f 1993 1431 1429
f 2229 1570 1568
f 2296 1372 1370
f 2188 1282 1280
f 1882 1258 1256
f 1902 1294 1292
f 2280 1312 1310
f 2316 1330 1328
f 2172 1378 1376
f 2157 1540 1538
f 2011 1449 1447
f 2209 1575 1573
f 1923 1365 1363
f 2134 1486 1484
f 1972 1390 1388
f 1995 1437 1435
f 2226 1510 1508
f 2303 1528 1526
f 2175 1546 1544
f 2154 1468 1466
f 2013 1455 1453
f 2211 1581 1579
f 1921 1359 1357
f 1865 1272 1268
f 1811 1248 1244
f 1796 1253 1249
f 1832 1289 1285
f 1850 1307 1303
f 1888 1337 1333
f 2194 1554 1550
f 2322 1476 1472
f 2286 1602 1598
f 1908 1355 1351
f 2099 1482 1478
f 2045 1404 1400
f 1962 1409 1405
f 2068 1493 1489
f 2084 1505 1501
f 2140 1536 1532
f 1976 1415 1411
f 1998 1445 1441
f 2232 1595 1591
f 2299 1386 1382
f 2330 909 911
f 2324 891 893
f 2325 886 888
f 2332 898 900
f 2335 904 906
f 2344 922 924
f 2410 1060 1062
f 2497 1240 1242
f 2486 1204 1206
f 2434 1102 1104
f 2375 999 1001
f 2369 981 983
f 2370 976 978
f 2377 988 990
f 2380 994 996
f 2393 1024 1026
f 2359 952 954
f 2415 1066 1068
f 2455 1138 1140
f 2461 1179 1181
f 2489 1233 1235
f 2399 1041 1043
f 2341 927 929
f 2431 1119 1121
f 2476 1209 1211
f 2405 1053 1055
f 2500 1228 1230
f 2481 1192 1194
f 2439 1108 1110
f 2348 933 935
f 2465 1167 1169
f 2383 1005 1007
f 2356 957 959
f 2420 1083 1085
f 2452 1150 1152
f 2471 1174 1176
f 2386 1029 1031
f 2363 963 965
f 2422 1077 1079
f 2445 1126 1128
f 2400 1036 1038
f 2338 915 917
f 2428 1095 1097
f 2473 1185 1187
f 2490 1216 1218
f 2458 1155 1157
f 2394 1018 1020
f 2366 970 972
f 2425 1090 1092
f 2444 1143 1145
f 2389 1012 1014
f 2353 945 947
f 2414 1071 1073
f 2449 1131 1133
f 2466 1162 1164
f 2407 1047 1049
f 2494 1221 1223
f 2480 1197 1199
f 2438 1114 1116
f 2351 940 942
f 2510 1284 1283
f 2504 1260 1259
f 2508 1296 1295
f 2514 1314 1313
f 2517 1332 1331
f 2520 1380 1379
f 2554 1542 1541
f 2539 1451 1452
f 2560 1577 1578
f 2523 1367 1368
f 2543 1488 1487
f 2527 1392 1391
f 2532 1439 1440
f 2547 1512 1511
f 2550 1530 1529
f 2552 1548 1547
f 2535 1470 1469
f 2538 1457 1458
f 2558 1583 1584
f 2524 1361 1362
f 1607 1616 1609
f 1603 1608 1605
f 1604 1606 1611
f 1610 1612 1614
f 1613 1615 1617
f 1622 1624 1631
f 1686 1692 1688
f 1773 1782 1775
f 1761 1765 1763
f 1712 1714 1719
f 1652 1661 1654
f 1648 1653 1650
f 1649 1651 1656
f 1655 1657 1659
f 1658 1660 1662
f 1670 1675 1672
f 1637 1639 1646
f 1694 1696 1706
f 1731 1733 1735
f 1739 1751 1741
f 1768 1779 1770
f 1678 1683 1680
f 1619 1626 1621
f 1709 1721 1711
f 1754 1766 1756
f 1682 1689 1684
f 1776 1778 1780
f 1758 1760 1767
f 1716 1718 1722
f 1625 1629 1627
f 1742 1747 1744
f 1663 1665 1668
f 1634 1641 1636
f 1697 1704 1699
f 1728 1737 1730
f 1746 1750 1748
f 1664 1676 1666
f 1640 1644 1642
f 1700 1702 1705
f 1724 1726 1736
f 1679 1681 1691
f 1618 1620 1623
f 1708 1710 1713
f 1753 1755 1764
f 1769 1771 1781
f 1738 1740 1749
f 1671 1673 1677
f 1643 1647 1645
f 1701 1707 1703
f 1723 1734 1725
f 1667 1669 1674
f 1633 1635 1638
f 1693 1698 1695
f 1727 1729 1732
f 1743 1745 1752
f 1685 1687 1690
f 1772 1774 1777
f 1757 1762 1759
f 1715 1720 1717
f 1628 1632 1630
f 2187 2189 2191
f 1881 1883 1885
f 1899 1903 1901
f 2277 2281 2279
f 2313 2317 2315
f 2169 2173 2171
f 2156 2158 2160
f 2010 2012 2016
f 2208 2210 2214
f 1917 1924 1919
f 2133 2135 2137
f 1971 1973 1978
f 1989 1996 1991
f 2223 2227 2225
f 2300 2304 2302
f 2174 2176 2178
f 2151 2155 2153
f 2007 2014 2009
f 2205 2212 2207
f 1920 1922 1926
f 1855 1864 1857
f 1801 1810 1803
f 1784 1795 1786
f 1820 1831 1822
f 1838 1849 1840
f 1874 1887 1876
f 2180 2193 2182
f 2310 2321 2312
f 2274 2285 2276
f 1896 1907 1898
f 2089 2098 2091
f 2035 2044 2037
f 1950 1961 1952
f 2054 2067 2056
f 2072 2083 2074
f 2126 2139 2128
f 1964 1975 1966
f 1986 1997 1988
f 2220 2231 2222
f 2291 2298 2293
f 2183 2190 2185
f 1877 1884 1879
f 1891 1900 1893
f 2269 2278 2271
f 2305 2314 2307
f 2161 2170 2163
f 2148 2159 2150
f 2004 2015 2006
f 2202 2213 2204
f 1909 1918 1911
f 2129 2136 2131
f 1967 1977 1969
f 1981 1990 1983
f 2215 2224 2217
f 2288 2301 2290
f 2166 2177 2168
f 2143 2152 2145
f 1999 2008 2001
f 2197 2206 2199
f 1914 1925 1916
f 1806 1817 1808
f 1787 1797 1789
f 1823 1833 1825
f 1841 1851 1843
f 1860 1871 1862
f 1931 1941 1933
f 2108 2119 2110
f 2018 2029 2020
f 2234 2247 2236
f 2255 2262 2257
f 2040 2051 2042
f 1945 1954 1947
f 2057 2064 2059
f 2075 2085 2077
f 2094 2105 2096
f 2111 2121 2113
f 2021 2031 2023
f 2237 2244 2239
f 2252 2265 2254
f 1928 1939 1930
f 1812 1814 1818
f 1791 1793 1798
f 1827 1829 1834
f 1845 1847 1852
f 1866 1868 1872
f 1935 1937 1942
f 2118 2124 2120
f 2028 2034 2030
f 2246 2250 2248
f 2259 2261 2263
f 2048 2050 2052
f 1953 1960 1955
f 2061 2063 2065
f 2079 2081 2086
f 2100 2102 2106
f 2115 2117 2122
f 2025 2027 2032
f 2241 2243 2245
f 2264 2268 2266
f 1938 1944 1940
f 1802 1804 1813
f 1783 1785 1792
f 1819 1821 1828
f 1837 1839 1846
f 1856 1858 1867
f 1927 1929 1936
f 2112 2114 2123
f 2022 2024 2033
f 2238 2240 2249
f 2251 2253 2260
f 2036 2038 2049
f 1949 1951 1959
f 2053 2055 2062
f 2071 2073 2080
f 2090 2092 2101
f 2107 2109 2116
f 2017 2019 2026
f 2233 2235 2242
f 2256 2258 2267
f 1932 1934 1943
f 1859 1861 1869
f 1805 1807 1815
f 1788 1790 1799
f 1824 1826 1835
f 1842 1844 1853
f 1878 1880 1889
f 2184 2186 2195
f 2306 2308 2319
f 2270 2272 2283
f 1892 1894 1905
f 2093 2095 2103
f 2039 2041 2046
f 1946 1948 1957
f 2058 2060 2069
f 2076 2078 2087
f 2130 2132 2141
f 1968 1970 1979
f 1982 1984 1993
f 2216 2218 2229
f 2287 2289 2296
f 2179 2181 2188
f 1873 1875 1882
f 1895 1897 1902
f 2273 2275 2280
f 2309 2311 2316
f 2165 2167 2172
f 2144 2146 2157
f 2000 2002 2011
f 2198 2200 2209
f 1913 1915 1923
f 2125 2127 2134
f 1963 1965 1972
f 1985 1987 1995
f 2219 2221 2226
f 2292 2294 2303
f 2162 2164 2175
f 2147 2149 2154
f 2003 2005 2013
f 2201 2203 2211
f 1910 1912 1921
f 1863 1870 1865
f 1809 1816 1811
f 1794 1800 1796
f 1830 1836 1832
f 1848 1854 1850
f 1886 1890 1888
f 2192 2196 2194
f 2318 2320 2322
f 2282 2284 2286
f 1904 1906 1908
f 2097 2104 2099
f 2043 2047 2045
f 1956 1958 1962
f 2066 2070 2068
f 2082 2088 2084
f 2138 2142 2140
f 1974 1980 1976
f 1992 1994 1998
f 2228 2230 2232
f 2295 2297 2299
f 2331 2329 2330
f 2327 2323 2324
f 2328 2326 2325
f 2334 2333 2332
f 2337 2336 2335
f 2346 2345 2344
f 2412 2409 2410
f 2499 2496 2497
f 2487 2485 2486
f 2436 2435 2434
f 2376 2374 2375
f 2372 2368 2369
f 2373 2371 2370
f 2379 2378 2377
f 2382 2381 2380
f 2396 2392 2393
f 2361 2360 2359
f 2418 2416 2415
f 2457 2456 2455
f 2463 2460 2461
f 2492 2488 2489
f 2402 2398 2399
f 2343 2340 2341
f 2433 2430 2431
f 2478 2475 2476
f 2406 2404 2405
f 2502 2501 2500
f 2484 2482 2481
f 2442 2440 2439
f 2349 2347 2348
f 2468 2464 2465
f 2387 2384 2383
f 2358 2355 2356
f 2421 2419 2420
f 2454 2451 2452
f 2472 2470 2471
f 2388 2385 2386
f 2364 2362 2363
f 2426 2423 2422
f 2448 2446 2445
f 2403 2401 2400
f 2342 2339 2338
f 2432 2429 2428
f 2477 2474 2473
f 2493 2491 2490
f 2462 2459 2458
f 2397 2395 2394
f 2367 2365 2366
f 2427 2424 2425
f 2447 2443 2444
f 2391 2390 2389
f 2357 2354 2353
f 2417 2413 2414
f 2453 2450 2449
f 2469 2467 2466
f 2411 2408 2407
f 2498 2495 2494
f 2483 2479 2480
f 2441 2437 2438
f 2352 2350 2351
f 2509 2511 2510
f 2503 2505 2504
f 2506 2507 2508
f 2512 2513 2514
f 2515 2516 2517
f 2518 2519 2520
f 2555 2556 2554
f 2541 2540 2539
f 2562 2561 2560
f 2522 2521 2523
f 2542 2544 2543
f 2528 2529 2527
f 2531 2530 2532
f 2545 2546 2547
f 2548 2549 2550
f 2551 2553 2552
f 2533 2534 2535
f 2537 2536 2538
f 2559 2557 2558
f 2526 2525 2524