v -0.276886 0.631373 0.206726
v 0.263326 0.645501 0.223292
v -0.321000 -0.505250 0.199073
v 0.316441 -0.515067 0.193818
v 0.010891 -0.383364 0.917206
v -0.005093 0.420934 0.740032
v -0.001422 -0.224327 -0.305453
v 0.000543 0.566399 -0.549911
v 0.424056 0.115853 -0.077513
v 0.408426 0.109722 0.514282
v -0.419219 0.125807 -0.069647
v -0.411000 0.108793 0.518134
v -0.008857 0.780203 0.169999
v -0.184686 0.579684 0.487590
v -0.262377 0.760841 -0.259903
v -0.369012 0.394611 0.026652
v -0.386502 0.407899 0.394124
v 0.192151 0.607468 0.490363
v 0.228256 0.816615 -0.258318
v 0.361359 0.391913 0.014516
v 0.377859 0.414941 0.402963
v 0.001205 -0.608432 0.200268
v -0.232540 -0.579494 0.645800
v -0.192993 -0.472578 -0.115004
v -0.381770 -0.162345 0.063340
v -0.390914 -0.200403 0.400322
v 0.229331 -0.592642 0.635102
v 0.194445 -0.489932 -0.112150
v 0.375682 -0.168143 0.052141
v 0.399963 -0.205505 0.393441
v -0.001409 0.070311 0.964338
v 0.320399 -0.133213 0.808806
v -0.320841 -0.130756 0.803108
v 0.274090 0.278646 0.699058
v -0.275703 0.284021 0.706680
v 0.000136 0.129519 -0.558567
v 0.220193 -0.042203 -0.240469
v -0.222811 -0.043653 -0.237395
v 0.321808 0.345213 -0.409819
v -0.323053 0.342465 -0.399749
v 0.459314 0.102703 0.199250
v -0.434978 0.108975 0.209464
v -0.166538 0.726834 0.180181
v -0.275242 0.647495 0.344862
v -0.227774 0.661127 -0.023942
v -0.319323 0.539321 0.114255
v -0.351978 0.542933 0.314070
v 0.171008 0.726399 0.185529
v 0.251734 0.647821 0.346251
v 0.217059 0.661541 -0.005974
v 0.308660 0.544352 0.116811
v 0.328168 0.555736 0.321999
v -0.210142 -0.624501 0.183702
v -0.255909 -0.482426 0.368108
v -0.367344 -0.613008 -0.009671
v -0.373670 -0.365847 0.125335
v -0.353223 -0.356616 0.312132
v 0.214173 -0.628382 0.183070
v 0.242881 -0.498015 0.375223
v 0.363065 -0.618033 -0.012519
v 0.370158 -0.380855 0.116823
v 0.342180 -0.366790 0.301960
v -0.146354 -0.562621 0.900405
v 0.192187 -0.665955 0.832830
v -0.006055 -0.153488 1.003930
v 0.218678 -0.297071 0.942347
v -0.206877 -0.271418 0.939720
v -0.084883 0.505587 0.642660
v 0.082564 0.509875 0.631471
v -0.000183 0.276796 0.840064
v 0.128122 0.364929 0.746321
v -0.139187 0.367846 0.748780
v -0.063876 -0.334678 -0.210448
v 0.065132 -0.334587 -0.205836
v 0.000918 -0.058996 -0.395245
v 0.098483 -0.153853 -0.303403
v -0.096796 -0.157573 -0.300374
v -0.133715 0.721245 -0.426539
v 0.126953 0.710319 -0.431640
v -0.002438 0.361256 -0.661243
v 0.197895 0.473602 -0.547407
v -0.203771 0.478990 -0.548108
v 0.408522 0.224892 -0.048995
v 0.409121 0.019772 -0.028069
v 0.349338 0.060685 -0.146112
v 0.352466 0.216410 -0.179833
v 0.449086 0.109009 0.030176
v 0.400951 0.250731 0.464252
v 0.419097 -0.034732 0.464790
v 0.364375 0.010566 0.627149
v 0.360948 0.194670 0.615106
v 0.439976 0.107411 0.375294
v -0.412168 0.232839 -0.038323
v -0.403492 0.010698 -0.009518
v -0.354106 0.061047 -0.151582
v -0.366140 0.214203 -0.195053
v -0.431819 0.114111 0.054825
v -0.406121 0.252083 0.464949
v -0.408583 -0.035615 0.466024
v -0.369854 0.010030 0.632509
v -0.362046 0.194893 0.617075
v -0.431561 0.107945 0.376159
v -0.091819 0.696203 0.343508
v -0.111495 0.768202 -0.171234
v 0.101860 0.698551 0.348772
v 0.088825 0.767216 -0.096938
v -0.327259 0.516573 0.452276
v 0.009606 0.616970 0.503405
v -0.243540 0.446348 0.606206
v -0.351507 0.609261 -0.144840
v 0.015750 0.823611 -0.266113
v -0.295182 0.576560 -0.357227
v -0.389998 0.398209 0.234224
v -0.344405 0.392942 -0.184014
v -0.423951 0.238783 0.134100
v -0.352116 0.365759 0.545282
v -0.431539 0.260703 0.302253
v 0.316084 0.532203 0.454007
v 0.250458 0.466996 0.601519
v 0.350254 0.588209 -0.152939
v 0.288397 0.597167 -0.359202
v 0.382545 0.404384 0.227100
v 0.354042 0.397809 -0.188113
v 0.431122 0.235898 0.118255
v 0.356267 0.374828 0.545669
v 0.427567 0.256016 0.303972
v -0.095376 -0.606799 0.414920
v -0.114617 -0.620454 -0.010267
v 0.094382 -0.610524 0.423992
v 0.125066 -0.644340 -0.011324
v -0.335980 -0.359842 0.512011
v 0.008411 -0.641832 0.667213
v -0.340612 -0.374141 0.778488
v -0.357523 -0.343367 -0.077994
v 0.004699 -0.473424 -0.096874
v -0.190646 -0.247703 -0.150019
v -0.393625 -0.185526 0.238154
v -0.321242 -0.119927 -0.092537
v -0.419018 -0.017744 0.144374
v -0.366959 -0.185060 0.592523
v -0.415325 -0.040316 0.300888
v 0.324667 -0.377778 0.515558
v 0.342266 -0.409868 0.765136
v 0.354154 -0.359098 -0.077155
v 0.206052 -0.257978 -0.169327
v 0.394254 -0.198068 0.224775
v 0.322322 -0.121109 -0.099191
v 0.433522 -0.021147 0.128905
v 0.372492 -0.191070 0.594861
v 0.438143 -0.044685 0.296640
v 0.181209 -0.037879 0.941584
v -0.181353 -0.043017 0.936605
v 0.158484 0.172562 0.852532
v -0.163446 0.179881 0.856536
v 0.285470 0.082982 0.775623
v -0.292115 0.085023 0.778530
v 0.134891 0.040895 -0.423082
v -0.135777 0.038120 -0.415576
v 0.227221 0.229602 -0.633316
v -0.221406 0.222357 -0.609753
v 0.251863 0.150751 -0.335119
v -0.256749 0.152603 -0.332101
v -0.234520 0.675120 0.195363
v -0.278651 0.645582 0.276349
v -0.249234 0.641645 0.115234
v -0.294030 0.591978 0.166065
v -0.312383 0.593415 0.261189
v 0.228902 0.683267 0.208344
v 0.264503 0.654799 0.286383
v 0.239129 0.649513 0.129238
v 0.282066 0.606282 0.181681
v 0.296388 0.613237 0.273160
v -0.288314 -0.579895 0.192312
v -0.287035 -0.492123 0.268320
v -0.349418 -0.565905 0.117308
v -0.354070 -0.453969 0.164936
v -0.329016 -0.434542 0.254320
v 0.286212 -0.580441 0.188219
v 0.281883 -0.504869 0.269226
v 0.353137 -0.574157 0.116095
v 0.347429 -0.465391 0.156435
v 0.321851 -0.445008 0.244607
v -0.054968 -0.454901 0.878864
v 0.084727 -0.538925 0.874994
v 0.000764 -0.273369 0.966147
v 0.115279 -0.366256 0.933066
v -0.094110 -0.330586 0.934666
v -0.041781 0.466430 0.704802
v 0.031167 0.459810 0.693733
v -0.002254 0.360362 0.783684
v 0.053425 0.397826 0.746223
v -0.062868 0.399813 0.747917
v -0.024778 -0.283722 -0.276889
v 0.019235 -0.271092 -0.259540
v 0.001574 -0.154620 -0.346611
v 0.039523 -0.194349 -0.307337
v -0.039124 -0.205170 -0.317918
v -0.057533 0.628286 -0.494335
v 0.058962 0.627444 -0.498182
v -0.000029 0.474458 -0.596933
v 0.094560 0.533275 -0.563363
v -0.093819 0.529361 -0.552983
v 0.415010 0.156959 -0.064503
v 0.429036 0.078700 -0.060866
v 0.416160 0.093284 -0.108586
v 0.396624 0.151554 -0.112265
v 0.438776 0.110908 -0.036172
v 0.405831 0.171289 0.492276
v 0.418041 0.046349 0.494718
v 0.394156 0.069130 0.563482
v 0.387390 0.147442 0.560456
v 0.424017 0.109396 0.453009
v -0.417856 0.169187 -0.058813
v -0.416736 0.076869 -0.044275
v -0.402996 0.100401 -0.107619
v -0.401220 0.161526 -0.121874
v -0.427406 0.120022 -0.016324
v -0.410934 0.173989 0.495779
v -0.415249 0.043740 0.496555
v -0.396158 0.067736 0.568128
v -0.391102 0.147955 0.563757
v -0.421938 0.108861 0.455521
v -0.092381 0.786462 0.178298
v 0.088831 0.762848 0.170282
v -0.047400 0.748678 0.264267
v -0.058842 0.806639 0.062265
v 0.046763 0.738291 0.262959
v 0.035160 0.803693 0.054365
v -0.235813 0.616472 0.410326
v -0.132865 0.542597 0.567642
v -0.138974 0.637534 0.416620
v -0.270622 0.552437 0.469354
v -0.087351 0.600077 0.496637
v -0.220490 0.518191 0.551987
v -0.262523 0.727768 -0.165594
v -0.195660 0.777452 -0.337516
v -0.211891 0.835538 -0.248531
v -0.462157 0.756178 -0.245771
v -0.151400 0.814648 -0.261449
v -0.289850 0.697959 -0.351578
v -0.343924 0.474473 0.067406
v -0.392845 0.309399 -0.008752
v -0.325693 0.491593 -0.052314
v -0.379966 0.391009 0.136633
v -0.352852 0.398037 -0.081137
v -0.402824 0.309848 0.089868
v -0.369814 0.478076 0.354836
v -0.398679 0.333394 0.431454
v -0.359918 0.467208 0.427687
v -0.394691 0.408636 0.315879
v -0.369154 0.393766 0.469849
v -0.411045 0.338439 0.350479
v 0.228403 0.631980 0.415351
v 0.140586 0.565643 0.564148
v 0.154494 0.658474 0.426301
v 0.107567 0.628568 0.506695
v 0.262819 0.574577 0.472624
v 0.227332 0.546593 0.549089
v 0.235368 0.722200 -0.147818
v 0.191612 0.813773 -0.356410
v 0.163132 0.797905 -0.187422
v 0.203519 0.959523 -0.236157
v 0.425519 0.802170 -0.220782
v 0.283676 0.732762 -0.331676
v 0.336053 0.473542 0.059891
v 0.386780 0.304534 -0.021498
v 0.325985 0.482377 -0.062711
v 0.374708 0.394648 0.123124
v 0.355433 0.396010 -0.090948
v 0.398137 0.310026 0.074325
v 0.357636 0.489018 0.365998
v 0.392160 0.334060 0.433895
v 0.353053 0.480211 0.433824
v 0.383228 0.413576 0.323235
v 0.368433 0.402002 0.472474
v 0.403475 0.337185 0.356946
v -0.107889 -0.619821 0.192319
v 0.112820 -0.616696 0.188616
v -0.049733 -0.614039 0.304782
v -0.063107 -0.594998 0.104136
v 0.049301 -0.612706 0.305510
v 0.072598 -0.598602 0.101114
v -0.222517 -0.492183 0.498522
v -0.264370 -0.744139 0.873681
v -0.148460 -0.583427 0.530212
v -0.275379 -0.443035 0.586699
v -0.126499 -0.645386 0.672158
v -0.328039 -0.527704 0.738803
v -0.292792 -0.571794 -0.117247
v -0.118042 -0.394004 -0.145277
v -0.170932 -0.574613 -0.086671
v -0.283848 -0.424439 -0.112087
v -0.096629 -0.475787 -0.099907
v -0.192900 -0.357820 -0.125585
v -0.382272 -0.265122 0.092457
v -0.388336 -0.067710 0.028289
v -0.372483 -0.252453 -0.002506
v -0.392899 -0.174128 0.153954
v -0.359899 -0.145987 -0.021340
v -0.401761 -0.082977 0.110954
v -0.374048 -0.279125 0.362202
v -0.402073 -0.118302 0.433721
v -0.372713 -0.283464 0.451419
v -0.390884 -0.194515 0.317500
v -0.385022 -0.198375 0.488128
v -0.405003 -0.117866 0.350942
v 0.211495 -0.515974 0.509435
v 0.234278 -0.626753 0.739400
v 0.157513 -0.628249 0.551092
v 0.142828 -0.664091 0.668272
v 0.276620 -0.477915 0.584718
v 0.296719 -0.580200 0.733367
v 0.287985 -0.590874 -0.106649
v 0.120528 -0.403278 -0.142211
v 0.179174 -0.600311 -0.102683
v 0.103395 -0.486663 -0.102961
v 0.284999 -0.444133 -0.107621
v 0.199790 -0.376078 -0.135425
v 0.379610 -0.278200 0.082888
v 0.380468 -0.065174 0.014685
v 0.370996 -0.263124 -0.008521
v 0.388152 -0.185374 0.139577
v 0.353363 -0.146914 -0.028959
v 0.400798 -0.088552 0.095862
v 0.372559 -0.287116 0.353033
v 0.415819 -0.120997 0.430542
v 0.366095 -0.287732 0.450895
v 0.398758 -0.204028 0.308248
v 0.387871 -0.201203 0.490655
v 0.420870 -0.124624 0.344543
v -0.003890 -0.036098 1.026756
v -0.000183 0.176503 0.901769
v 0.092704 0.016380 0.974068
v -0.093790 0.012964 0.971647
v 0.084947 0.122648 0.916493
v -0.087042 0.121316 0.915563
v 0.274912 -0.216982 0.883009
v 0.338176 -0.058786 0.709747
v 0.330163 -0.261283 0.791577
v 0.347586 -0.169773 0.699895
v 0.257725 -0.089567 0.887559
v 0.298540 -0.021384 0.799727
v -0.275978 -0.205863 0.883090
v -0.343208 -0.057476 0.710879
v -0.328155 -0.245519 0.790727
v -0.349351 -0.163413 0.699121
v -0.258756 -0.092262 0.880738
v -0.301647 -0.022051 0.793627
v 0.203832 0.321250 0.725493
v 0.326640 0.238552 0.664035
v 0.263703 0.374270 0.650266
v 0.327551 0.332569 0.623764
v 0.218670 0.223673 0.775849
v 0.282973 0.182121 0.744025
v -0.218119 0.329317 0.739277
v -0.320920 0.238526 0.663942
v -0.263736 0.369880 0.659886
v -0.315723 0.326325 0.624046
v -0.227347 0.235701 0.785676
v -0.282767 0.188994 0.747623
v 0.000231 0.039400 -0.464343
v -0.000581 0.235183 -0.644458
v 0.079389 0.086029 -0.499097
v -0.079570 0.081896 -0.495817
v 0.103333 0.180118 -0.598335
v -0.103134 0.170117 -0.605370
v 0.159483 -0.099493 -0.277288
v 0.282759 0.012518 -0.196716
v 0.212399 -0.146663 -0.202271
v 0.274845 -0.085966 -0.166492
v 0.172713 0.001616 -0.329818
v 0.230077 0.057286 -0.285056
v -0.159602 -0.101170 -0.272391
v -0.287804 0.011326 -0.196322
v -0.207430 -0.143463 -0.194633
v -0.272553 -0.084543 -0.161238
v -0.176313 -0.001887 -0.323263
v -0.237956 0.054285 -0.281763
v 0.293516 0.414201 -0.521117
v 0.317073 0.286077 -0.275306
v 0.304232 0.464165 -0.388052
v 0.331926 0.383326 -0.287696
v 0.321811 0.289798 -0.552821
v 0.308787 0.232368 -0.391397
v -0.289180 0.413784 -0.504456
v -0.327224 0.276769 -0.284531
v -0.303204 0.458555 -0.381720
v -0.327342 0.375967 -0.284929
v -0.324330 0.279646 -0.539375
v -0.304664 0.235922 -0.382586
v 0.451117 0.105549 0.112201
v 0.450042 0.104141 0.290524
v 0.447475 0.169105 0.158051
v 0.445716 0.175178 0.249395
v 0.454041 0.041829 0.161684
v 0.452147 0.032751 0.249103
v -0.431326 0.110403 0.131361
v -0.435342 0.107879 0.292610
v -0.433286 0.176254 0.171282
v -0.442977 0.182953 0.253171
v -0.425325 0.043435 0.173169
v -0.427938 0.035922 0.252793
v -0.221162 0.693768 0.273109
v -0.191306 0.686892 0.074248
v -0.139865 0.735169 0.264921
v -0.123240 0.741714 0.046154
v -0.320157 0.599277 0.340334
v -0.187638 0.674540 0.342062
v -0.308020 0.585571 0.401616
v -0.270096 0.602555 0.040673
v -0.151569 0.676404 -0.108704
v -0.282160 0.647929 -0.106897
v -0.339895 0.537979 0.226786
v -0.299325 0.558734 -0.017387
v -0.359447 0.467508 0.185944
v -0.348594 0.539012 0.385395
v -0.374455 0.476284 0.279094
v 0.217959 0.690679 0.278688
v 0.188236 0.698674 0.089909
v 0.139921 0.718639 0.268420
v 0.124944 0.756057 0.061709
v 0.298098 0.610835 0.341665
v 0.192324 0.677237 0.347979
v 0.284830 0.594730 0.403376
v 0.264418 0.604670 0.052156
v 0.156498 0.718208 -0.056509
v 0.274007 0.628913 -0.093668
v 0.323247 0.551386 0.232389
v 0.294503 0.550647 -0.018502
v 0.351364 0.477278 0.177439
v 0.328668 0.551736 0.391301
v 0.356699 0.485455 0.280570
v -0.222332 -0.533357 0.267412
v -0.310229 -0.710988 0.105108
v -0.145044 -0.587565 0.290090
v -0.172435 -0.729248 0.076181
v -0.315362 -0.426099 0.342921
v -0.180554 -0.545218 0.394103
v -0.296583 -0.424404 0.450303
v -0.377969 -0.477316 0.055935
v -0.252631 -0.708487 -0.063070
v -0.375385 -0.475960 -0.063161
v -0.361390 -0.360236 0.223032
v -0.383565 -0.366596 0.018855
v -0.380097 -0.270802 0.188948
v -0.355574 -0.359868 0.406021
v -0.375663 -0.274763 0.276867
v 0.219208 -0.552118 0.281665
v 0.311966 -0.688470 0.086368
v 0.137707 -0.583262 0.288482
v 0.188276 -0.710108 0.081962
v 0.301256 -0.436585 0.339602
v 0.163047 -0.548890 0.404691
v 0.282246 -0.442666 0.453942
v 0.378960 -0.495389 0.054256
v 0.263933 -0.703753 -0.048392
v 0.370644 -0.500948 -0.061613
v 0.345960 -0.375151 0.212759
v 0.383928 -0.383683 0.015461
v 0.373798 -0.285318 0.177896
v 0.334347 -0.366450 0.401313
v 0.370953 -0.287683 0.266181
v 0.007532 -0.578975 0.803823
v -0.183617 -0.406785 0.903413
v -0.061041 -0.627556 0.794007
v -0.291020 -0.498713 0.883158
v 0.238048 -0.521175 0.902389
v 0.089249 -0.628039 0.751782
v 0.347361 -0.567436 0.821624
v 0.106768 -0.218662 0.980074
v -0.115827 -0.212528 0.990050
v 0.097472 -0.096171 0.992412
v -0.105639 -0.099436 0.995763
v 0.317001 -0.371528 0.877900
v 0.193237 -0.157449 0.952042
v -0.292667 -0.330224 0.876987
v -0.200796 -0.158179 0.954941
v -0.000937 0.516611 0.641919
v -0.117975 0.446081 0.702837
v -0.040438 0.561157 0.573533
v -0.169188 0.482157 0.633320
v 0.108300 0.440322 0.685428
v 0.050503 0.574176 0.576021
v 0.168896 0.494718 0.619943
v 0.069426 0.324395 0.808345
v -0.072570 0.318907 0.795573
v 0.079515 0.229138 0.864819
v -0.080120 0.225612 0.852824
v 0.188215 0.412484 0.673672
v 0.143539 0.273362 0.798020
v -0.195152 0.410151 0.685093
v -0.152791 0.278623 0.800430
v 0.000756 -0.354396 -0.224832
v -0.081045 -0.255007 -0.261974
v -0.038046 -0.408516 -0.156541
v -0.128205 -0.299186 -0.184025
v 0.080964 -0.245151 -0.252060
v 0.043004 -0.413847 -0.155887
v 0.136167 -0.306436 -0.191128
v 0.054053 -0.107256 -0.361158
v -0.051686 -0.110339 -0.357214
v 0.064452 -0.007830 -0.417961
v -0.064658 -0.011387 -0.415493
v 0.147920 -0.202422 -0.233983
v 0.113917 -0.054611 -0.354145
v -0.142765 -0.200875 -0.227663
v -0.114824 -0.058947 -0.349284
v 0.001702 0.721897 -0.432663
v -0.174701 0.592954 -0.489578
v -0.079455 0.838247 -0.348981
v -0.255920 0.675256 -0.429389
v 0.171903 0.602062 -0.500278
v 0.083770 0.825165 -0.370843
v 0.242722 0.686236 -0.429697
v 0.112608 0.417187 -0.615788
v -0.113163 0.420630 -0.619580
v 0.126554 0.293168 -0.661296
v -0.122953 0.299365 -0.662047
v 0.263214 0.547925 -0.470583
v 0.223004 0.348728 -0.624469
v -0.262828 0.535322 -0.464114
v -0.237660 0.367958 -0.632337
v 0.386924 0.221743 -0.116806
v 0.435955 0.160822 -0.007821
v 0.379434 0.303339 -0.109773
v 0.422583 0.228900 0.030291
v 0.400345 0.038178 -0.090244
v 0.443778 0.066619 -0.002430
v 0.364284 -0.045760 -0.058825
v 0.420605 -0.002061 0.046630
v 0.356178 0.139370 -0.158975
v 0.335753 -0.023658 -0.125957
v 0.290089 0.104817 -0.223046
v 0.362935 0.299667 -0.192357
v 0.300219 0.195228 -0.249676
v 0.444343 0.163908 0.070278
v 0.451040 0.053613 0.075312
v 0.384673 0.228356 0.538789
v 0.423098 0.181495 0.418749
v 0.377960 0.315196 0.507519
v 0.415875 0.258711 0.387695
v 0.402550 -0.015550 0.548176
v 0.434131 0.036166 0.417171
v 0.396470 -0.108445 0.523880
v 0.435120 -0.044109 0.380131
v 0.360207 0.104744 0.629049
v 0.370507 -0.088265 0.616170
v 0.326283 0.044467 0.705286
v 0.359533 0.284298 0.585289
v 0.324548 0.142883 0.690811
v 0.439195 0.181135 0.338592
v 0.447163 0.031049 0.334438
v -0.402844 0.227304 -0.120230
v -0.427805 0.170255 0.011623
v -0.381461 0.303369 -0.105195
v -0.419954 0.235916 0.047031
v -0.387090 0.030033 -0.081877
v -0.424909 0.063764 0.024982
v -0.368869 -0.051223 -0.050464
v -0.413862 -0.003020 0.067905
v -0.362626 0.138047 -0.178160
v -0.334056 -0.024616 -0.122062
v -0.301511 0.102667 -0.230072
v -0.372889 0.297047 -0.197360
v -0.314792 0.189246 -0.264324
v -0.431367 0.172697 0.089544
v -0.426155 0.051774 0.098722
v -0.387892 0.230280 0.541148
v -0.422588 0.182820 0.419949
v -0.383897 0.317367 0.511044
v -0.419841 0.260982 0.384893
v -0.395541 -0.018043 0.550896
v -0.422510 0.034644 0.417896
v -0.390506 -0.107715 0.523281
v -0.414914 -0.041590 0.383452
v -0.365417 0.103105 0.632938
v -0.369874 -0.086672 0.617249
v -0.335383 0.044955 0.709478
v -0.356297 0.281484 0.585413
v -0.329800 0.144889 0.695051
v -0.435623 0.185483 0.337533
v -0.424902 0.032616 0.335979
v 0.005530 0.712913 0.351138
v -0.039925 0.656764 0.424728
v -0.004470 0.797728 -0.102242
v -0.100487 0.812502 -0.231820
v 0.058876 0.667332 0.430661
v 0.076851 0.806773 -0.214585
v -0.291187 0.482738 0.525044
v -0.345809 0.444330 0.499844
v -0.307518 0.407975 0.577673
v -0.366992 0.607333 -0.252549
v -0.307656 0.504347 -0.165242
v -0.316897 0.487428 -0.268619
v -0.408884 0.316716 0.183858
v -0.415462 0.330935 0.268866
v -0.427999 0.250870 0.219216
v 0.291485 0.505113 0.525050
v 0.336744 0.455751 0.501620
v 0.313600 0.423017 0.574795
v 0.357283 0.637555 -0.267585
v 0.333383 0.502356 -0.177246
v 0.322202 0.498350 -0.277054
v 0.407693 0.319176 0.172892
v 0.406833 0.330134 0.267215
v 0.431218 0.247161 0.211370
v 0.003295 -0.632095 0.426407
v -0.049467 -0.632192 0.545013
v 0.007761 -0.553795 0.026632
v -0.051569 -0.533388 -0.048714
v 0.062784 -0.651216 0.555959
v 0.067618 -0.540588 -0.046780
v -0.328966 -0.373943 0.641447
v -0.358666 -0.280951 0.558257
v -0.345555 -0.271199 0.675619
v -0.271075 -0.300072 -0.115039
v -0.327953 -0.225695 -0.075042
v -0.264854 -0.187077 -0.129163
v -0.407066 -0.098173 0.191757
v -0.406161 -0.110940 0.270643
v -0.418514 -0.030746 0.221379
v 0.326228 -0.401820 0.640483
v 0.357542 -0.290298 0.560397
v 0.349673 -0.287003 0.677112
v 0.273560 -0.311970 -0.116703
v 0.327931 -0.233425 -0.078800
v 0.269030 -0.193269 -0.136403
v 0.413771 -0.106615 0.179480
v 0.420018 -0.118916 0.262359
v 0.438793 -0.036420 0.213660
v 0.169145 0.068935 0.902624
v 0.240759 0.021318 0.862322
v -0.168554 0.070607 0.899720
v -0.242706 0.019518 0.860582
v 0.229731 0.123917 0.823189
v -0.233256 0.130961 0.826785
v 0.173350 0.128128 -0.518414
v 0.200652 0.092971 -0.400694
v -0.172115 0.124651 -0.509576
v -0.200693 0.095350 -0.389833
v 0.268196 0.171475 -0.497695
v -0.270121 0.166080 -0.477795
v -0.259036 0.650936 0.200841
v -0.277377 0.637484 0.238152
v -0.265013 0.636484 0.170828
v -0.285064 0.614442 0.189227
v -0.293837 0.615439 0.231515
v 0.248360 0.662089 0.218162
v 0.267268 0.655004 0.256725
v 0.251421 0.646497 0.184538
v 0.270985 0.629085 0.206422
v 0.279747 0.634860 0.248958
v -0.308201 -0.538618 0.194785
v -0.304975 -0.500233 0.229562
v -0.331194 -0.530698 0.164370
v -0.337266 -0.485121 0.183983
v -0.324038 -0.472040 0.223503
v 0.305323 -0.545419 0.190894
v 0.300781 -0.510652 0.226150
v 0.329570 -0.539495 0.160118
v 0.330817 -0.495901 0.176474
v 0.317465 -0.482806 0.216467
v -0.017844 -0.417241 0.898617
v 0.043819 -0.435539 0.897191
v 0.006559 -0.331151 0.939517
v 0.058851 -0.376078 0.924008
v -0.037078 -0.357245 0.925677
v -0.021312 0.441937 0.725053
v 0.010320 0.438431 0.720239
v -0.003948 0.396553 0.761123
v 0.020686 0.410496 0.742774
v -0.029903 0.413653 0.746055
v -0.013332 -0.250079 -0.292164
v 0.004892 -0.244097 -0.284486
v 0.000672 -0.194559 -0.324136
v 0.015929 -0.210420 -0.305183
v -0.014389 -0.222022 -0.319155
v -0.025993 0.594658 -0.526862
v 0.027384 0.598782 -0.533494
v 0.000873 0.525921 -0.570849
v 0.043886 0.560431 -0.565162
v -0.041878 0.551505 -0.551723
v 0.422395 0.133580 -0.072867
v 0.429230 0.099381 -0.070859
v 0.418286 0.106546 -0.090359
v 0.413138 0.128658 -0.091934
v 0.432335 0.113489 -0.059271
v 0.406544 0.136987 0.504407
v 0.415020 0.082423 0.506365
v 0.403240 0.092102 0.536503
v 0.399532 0.126870 0.535198
v 0.418063 0.109965 0.488364
v -0.421015 0.144070 -0.065694
v -0.418388 0.104396 -0.058503
v -0.413338 0.115824 -0.085587
v -0.414150 0.140440 -0.091524
v -0.424175 0.123556 -0.046045
v -0.410177 0.137492 0.508243
v -0.414320 0.080346 0.509461
v -0.405385 0.091108 0.540260
v -0.402476 0.126486 0.538732
v -0.416977 0.108532 0.490788
v -0.053802 0.786410 0.174582
v 0.039530 0.772334 0.167744
v -0.028103 0.766306 0.219806
v -0.035160 0.805638 0.121299
v 0.019560 0.758969 0.217203
v 0.009763 0.793652 0.116104
v -0.210273 0.597648 0.447678
v -0.159125 0.561503 0.528650
v -0.162086 0.608636 0.452707
v -0.233119 0.569030 0.481216
v -0.136132 0.589938 0.492664
v -0.205521 0.550612 0.522199
v -0.275426 0.756254 -0.219390
v -0.230280 0.758454 -0.294516
v -0.228345 0.788096 -0.242093
v -0.332689 0.754879 -0.254008
v -0.208781 0.790413 -0.266332
v -0.287844 0.744942 -0.297497
v -0.356394 0.435998 0.046108
v -0.381198 0.351394 0.008579
v -0.347825 0.440987 -0.010608
v -0.377143 0.392455 0.081825
v -0.360823 0.396854 -0.027611
v -0.390523 0.350595 0.061188
v -0.379200 0.443372 0.374492
v -0.393355 0.372348 0.413763
v -0.373189 0.440612 0.413235
v -0.391400 0.409165 0.354958
v -0.379184 0.403457 0.432975
v -0.399169 0.374398 0.373350
v 0.213606 0.622244 0.452552
v 0.170340 0.593329 0.529095
v 0.175973 0.634971 0.459896
v 0.152511 0.621050 0.499439
v 0.230115 0.592711 0.481348
v 0.209361 0.577030 0.519185
v 0.240635 0.768986 -0.203730
v 0.217560 0.837301 -0.309556
v 0.205435 0.825465 -0.222478
v 0.206361 0.913083 -0.287360
v 0.289847 0.762111 -0.241914
v 0.259178 0.773190 -0.293289
v 0.349352 0.434007 0.035785
v 0.373242 0.347988 -0.004308
v 0.343323 0.436145 -0.021610
v 0.368079 0.391844 0.069484
v 0.356214 0.393296 -0.039000
v 0.379475 0.349152 0.046951
v 0.369505 0.452445 0.384441
v 0.386181 0.375096 0.418105
v 0.367176 0.449192 0.419782
v 0.381541 0.415054 0.364190
v 0.374343 0.410968 0.437559
v 0.390682 0.377089 0.381776
v -0.054808 -0.611925 0.198300
v 0.057329 -0.611282 0.196952
v -0.026004 -0.612484 0.251720
v -0.028739 -0.599738 0.151672
v 0.026339 -0.611852 0.251258
v 0.033346 -0.602208 0.150929
v -0.218932 -0.526220 0.572404
v -0.246720 -0.646987 0.725741
v -0.184788 -0.580313 0.588755
v -0.256493 -0.508279 0.625466
v -0.184771 -0.633836 0.665573
v -0.303866 -0.582602 0.699023
v -0.240984 -0.525445 -0.120960
v -0.152663 -0.430115 -0.122992
v -0.185419 -0.529324 -0.108366
v -0.239978 -0.454963 -0.116709
v -0.144600 -0.478230 -0.110291
v -0.194240 -0.417202 -0.111116
v -0.382849 -0.212992 0.078470
v -0.381480 -0.113788 0.046524
v -0.375549 -0.206774 0.032174
v -0.388982 -0.166407 0.111206
v -0.371902 -0.154928 0.019516
v -0.388491 -0.120337 0.089888
v -0.382926 -0.240159 0.381938
v -0.398380 -0.160310 0.416098
v -0.381647 -0.241756 0.425158
v -0.390485 -0.197392 0.358867
v -0.388631 -0.200474 0.443117
v -0.397980 -0.158496 0.375393
v 0.220087 -0.554478 0.572677
v 0.235114 -0.616484 0.690850
v 0.195047 -0.620334 0.598767
v 0.195604 -0.643998 0.657424
v 0.254830 -0.536561 0.612715
v 0.274466 -0.584331 0.676536
v 0.239072 -0.546762 -0.115095
v 0.150947 -0.445889 -0.112108
v 0.189117 -0.546334 -0.109175
v 0.148341 -0.491678 -0.106957
v 0.240653 -0.474604 -0.112519
v 0.196902 -0.432072 -0.120292
v 0.378806 -0.223315 0.067883
v 0.372305 -0.113167 0.034382
v 0.372467 -0.214887 0.023262
v 0.383075 -0.176056 0.097911
v 0.365652 -0.157576 0.009904
v 0.383609 -0.124289 0.077411
v 0.387001 -0.246574 0.374465
v 0.409743 -0.163926 0.412724
v 0.384684 -0.245980 0.420344
v 0.399177 -0.204954 0.350420
v 0.395879 -0.203908 0.439599
v 0.412518 -0.165420 0.368958
v -0.001759 0.019093 1.010530
v -0.001098 0.123185 0.932740
v 0.045223 0.044873 0.978489
v -0.047994 0.041984 0.977697
v 0.042981 0.097202 0.943302
v -0.045771 0.094970 0.943255
v 0.297784 -0.174935 0.846701
v 0.328178 -0.095576 0.757452
v 0.321921 -0.196225 0.797696
v 0.333265 -0.153647 0.752490
v 0.290970 -0.112488 0.853496
v 0.310480 -0.075695 0.808740
v -0.299361 -0.169135 0.844082
v -0.331375 -0.093543 0.755259
v -0.321957 -0.187425 0.795817
v -0.336511 -0.147847 0.751290
v -0.292237 -0.113465 0.844471
v -0.311661 -0.076531 0.800616
v 0.239847 0.299618 0.712506
v 0.305497 0.258479 0.684205
v 0.268750 0.326575 0.674662
v 0.301383 0.305928 0.661127
v 0.247692 0.250618 0.738180
v 0.278495 0.230508 0.722161
v -0.250951 0.307673 0.726182
v -0.298641 0.260529 0.685363
v -0.270777 0.327719 0.683970
v -0.296504 0.306069 0.665524
v -0.253841 0.261418 0.747280
v -0.278877 0.237739 0.727551
v 0.000342 0.085117 -0.508001
v 0.000268 0.175282 -0.609420
v 0.042637 0.108436 -0.531077
v -0.042673 0.105871 -0.529348
v 0.048847 0.153086 -0.584539
v -0.047957 0.150191 -0.583200
v 0.190080 -0.071150 -0.260631
v 0.251978 -0.015016 -0.220438
v 0.216305 -0.094007 -0.221074
v 0.247532 -0.065035 -0.202450
v 0.195642 -0.020063 -0.284238
v 0.225760 0.007345 -0.262805
v -0.191157 -0.072438 -0.256127
v -0.255383 -0.016200 -0.217726
v -0.215064 -0.093662 -0.216199
v -0.247883 -0.065175 -0.198360
v -0.198793 -0.023084 -0.279652
v -0.230463 0.005197 -0.259521
v 0.318158 0.380652 -0.476527
v 0.319690 0.313976 -0.341737
v 0.313526 0.403040 -0.401355
v 0.322085 0.367979 -0.343960
v 0.330071 0.316306 -0.488460
v 0.322578 0.286642 -0.406959
v -0.324493 0.379777 -0.461220
v -0.319886 0.308936 -0.338724
v -0.314455 0.399872 -0.393278
v -0.320237 0.362212 -0.339065
v -0.338466 0.316683 -0.469398
v -0.321234 0.285739 -0.396932
v 0.454485 0.103708 0.154664
v 0.457336 0.103807 0.245694
v 0.453245 0.136813 0.178561
v 0.454452 0.138478 0.224626
v 0.457729 0.071923 0.179258
v 0.457669 0.069438 0.224485
v -0.432849 0.109840 0.169802
v -0.436174 0.108468 0.250549
v -0.435556 0.142961 0.190076
v -0.438389 0.144620 0.230918
v -0.428617 0.075703 0.188530
v -0.430745 0.073037 0.230035
v -0.201830 0.698780 0.186660
v -0.129984 0.756357 0.176149
v -0.194262 0.712830 0.230438
v -0.178264 0.706965 0.127107
v -0.155872 0.739474 0.226200
v -0.143797 0.736949 0.119240
v -0.277944 0.649522 0.311954
v -0.257659 0.632681 0.375306
v -0.251452 0.674778 0.314261
v -0.300485 0.625031 0.344132
v -0.232475 0.660768 0.343418
v -0.292725 0.616378 0.374316
v -0.235795 0.648998 0.049529
v -0.237209 0.687551 -0.100987
v -0.208705 0.671967 0.022343
v -0.249045 0.633832 0.007560
v -0.200633 0.684627 -0.058498
v -0.246896 0.653728 -0.066951
v -0.306286 0.567304 0.140214
v -0.331613 0.508404 0.089833
v -0.295550 0.571921 0.076776
v -0.329741 0.536946 0.173161
v -0.309059 0.546269 0.049750
v -0.340504 0.504442 0.150536
v -0.333282 0.569894 0.290946
v -0.360176 0.511352 0.335274
v -0.337337 0.571748 0.328177
v -0.347690 0.540782 0.273894
v -0.351789 0.542853 0.350255
v -0.363246 0.510339 0.296539
v 0.204078 0.705836 0.197500
v 0.133481 0.747802 0.177154
v 0.195091 0.709926 0.235730
v 0.179603 0.715311 0.138155
v 0.156608 0.725341 0.227828
v 0.147571 0.743981 0.127776
v 0.260549 0.653239 0.315846
v 0.240746 0.639631 0.379528
v 0.236655 0.670917 0.314071
v 0.275345 0.628790 0.344468
v 0.223809 0.663098 0.347405
v 0.267385 0.621565 0.375699
v 0.226397 0.653690 0.065939
v 0.213929 0.676848 -0.082249
v 0.199689 0.680056 0.042023
v 0.241263 0.632118 0.022300
v 0.184803 0.687262 -0.030854
v 0.238927 0.640858 -0.052811
v 0.295492 0.576845 0.148853
v 0.322517 0.510419 0.086451
v 0.286189 0.575643 0.084062
v 0.317289 0.548011 0.178690
v 0.300375 0.545258 0.051011
v 0.331198 0.512330 0.148858
v 0.312470 0.586871 0.298860
v 0.342660 0.523492 0.345386
v 0.314276 0.586902 0.335307
v 0.326792 0.554539 0.280231
v 0.328750 0.554678 0.357689
v 0.341925 0.521650 0.303037
v -0.254358 -0.609879 0.188175
v -0.160047 -0.626559 0.185614
v -0.218962 -0.578081 0.224176
v -0.252904 -0.666378 0.142370
v -0.176965 -0.597542 0.232325
v -0.197609 -0.670801 0.134467
v -0.271214 -0.484642 0.313785
v -0.239634 -0.484343 0.429437
v -0.237752 -0.508840 0.319700
v -0.288497 -0.455275 0.356291
v -0.219064 -0.513278 0.381342
v -0.276174 -0.453801 0.411800
v -0.367374 -0.599576 0.058393
v -0.344282 -0.608519 -0.078182
v -0.345950 -0.674948 0.037791
v -0.383886 -0.543872 0.021372
v -0.325613 -0.673011 -0.039382
v -0.371079 -0.546548 -0.042647
v -0.365517 -0.412914 0.144955
v -0.378933 -0.316326 0.108105
v -0.374137 -0.418870 0.091175
v -0.367707 -0.363349 0.176599
v -0.379118 -0.367709 0.072615
v -0.375899 -0.317125 0.158326
v -0.340559 -0.394796 0.283071
v -0.364515 -0.318175 0.338915
v -0.336267 -0.392806 0.328302
v -0.356181 -0.357366 0.267302
v -0.351979 -0.357039 0.358123
v -0.365228 -0.316682 0.294449
v 0.255502 -0.611129 0.184862
v 0.165157 -0.627725 0.183503
v 0.215213 -0.585819 0.232035
v 0.261612 -0.670105 0.137214
v 0.172247 -0.596095 0.232194
v 0.209180 -0.689806 0.142852
v 0.262141 -0.499390 0.318905
v 0.224995 -0.502873 0.438914
v 0.229156 -0.523729 0.329591
v 0.274695 -0.468746 0.357945
v 0.205163 -0.523121 0.390958
v 0.260865 -0.471117 0.416645
v 0.364198 -0.602246 0.056653
v 0.335004 -0.613603 -0.071880
v 0.350711 -0.668655 0.035157
v 0.378916 -0.557146 0.021992
v 0.330460 -0.671106 -0.034948
v 0.370028 -0.560777 -0.040141
v 0.360381 -0.426489 0.136258
v 0.376889 -0.331730 0.099181
v 0.373782 -0.435449 0.085774
v 0.358978 -0.377107 0.165142
v 0.379231 -0.384340 0.066627
v 0.370078 -0.331273 0.147351
v 0.330062 -0.406276 0.273839
v 0.358157 -0.327647 0.328390
v 0.324088 -0.402937 0.320846
v 0.344789 -0.369937 0.256301
v 0.340808 -0.365583 0.349109
v 0.358002 -0.328204 0.283587
v -0.097265 -0.501008 0.875121
v -0.198695 -0.592162 0.838647
v -0.064018 -0.563611 0.848047
v -0.169107 -0.483029 0.898184
v -0.119166 -0.636653 0.884054
v -0.223262 -0.545702 0.919585
v 0.145120 -0.695565 0.876898
v 0.224033 -0.639982 0.783851
v 0.091757 -0.633972 0.819515
v 0.238444 -0.690727 0.881819
v 0.135609 -0.635262 0.787537
v 0.318463 -0.662162 0.820717
v -0.003667 -0.213712 0.987990
v -0.005340 -0.095346 1.012664
v 0.049959 -0.185121 0.991803
v -0.060783 -0.183104 0.999329
v 0.047130 -0.124253 1.003778
v -0.059322 -0.125282 1.008515
v 0.173267 -0.336829 0.943568
v 0.249207 -0.258746 0.915970
v 0.233446 -0.392989 0.921932
v 0.163942 -0.255520 0.966772
v 0.269185 -0.340517 0.909307
v 0.204534 -0.221976 0.955252
v -0.152750 -0.301445 0.941554
v -0.248234 -0.240843 0.919051
v -0.195614 -0.336258 0.917145
v -0.165902 -0.242319 0.971971
v -0.246189 -0.302667 0.905698
v -0.208263 -0.214850 0.954067
v -0.063317 0.487841 0.677817
v -0.108077 0.524860 0.607334
v -0.042703 0.513311 0.643509
v -0.103275 0.478824 0.676805
v -0.063793 0.533134 0.608437
v -0.127735 0.496704 0.640452
v 0.055784 0.483664 0.663849
v 0.111182 0.537319 0.598195
v 0.040653 0.514780 0.637124
v 0.096610 0.475977 0.658405
v 0.067110 0.542378 0.604124
v 0.124924 0.503552 0.625572
v -0.000570 0.320598 0.811071
v -0.000141 0.227606 0.868931
v 0.037276 0.303405 0.830487
v -0.037441 0.296887 0.818814
v 0.039957 0.256099 0.859132
v -0.039537 0.251240 0.848561
v 0.089322 0.383195 0.748534
v 0.166080 0.343248 0.736333
v 0.118480 0.404074 0.715548
v 0.098644 0.343082 0.777151
v 0.157904 0.387485 0.710082
v 0.135893 0.320729 0.771766
v -0.099435 0.384467 0.749056
v -0.178430 0.349023 0.745764
v -0.130137 0.408339 0.724791
v -0.106519 0.343167 0.773381
v -0.168794 0.389841 0.718877
v -0.146357 0.324531 0.774140
v -0.043027 -0.309094 -0.244913
v -0.088372 -0.361834 -0.174970
v -0.031112 -0.346561 -0.219571
v -0.073532 -0.294854 -0.235357
v -0.052534 -0.372858 -0.184005
v -0.096402 -0.318912 -0.198388
v 0.040596 -0.302045 -0.233936
v 0.092155 -0.367468 -0.174557
v 0.032252 -0.345141 -0.214394
v 0.072794 -0.291029 -0.229227
v 0.055783 -0.377783 -0.183348
v 0.100251 -0.322288 -0.198499
v 0.002290 -0.108899 -0.370142
v 0.000624 -0.009295 -0.426880
v 0.029164 -0.082604 -0.379803
v -0.026478 -0.084731 -0.378997
v 0.031563 -0.033035 -0.408727
v -0.030477 -0.035202 -0.407287
v 0.066039 -0.177420 -0.310828
v 0.129287 -0.127523 -0.291479
v 0.090214 -0.199955 -0.277264
v 0.076657 -0.133882 -0.340584
v 0.122121 -0.177364 -0.268211
v 0.106260 -0.104841 -0.327691
v -0.066380 -0.183529 -0.310869
v -0.127957 -0.130081 -0.287087
v -0.085950 -0.208602 -0.281617
v -0.074406 -0.134419 -0.330730
v -0.118811 -0.180693 -0.266432
v -0.105643 -0.108812 -0.322904
v -0.093532 0.670643 -0.461310
v -0.172324 0.767471 -0.381256
v -0.068933 0.733169 -0.431828
v -0.156826 0.658626 -0.464711
v -0.118973 0.803444 -0.391978
v -0.191455 0.699026 -0.430565
v 0.092563 0.664050 -0.463817
v 0.159055 0.760679 -0.393844
v 0.068210 0.713551 -0.433770
v 0.149395 0.656478 -0.465516
v 0.104260 0.765549 -0.400438
v 0.184824 0.701032 -0.430798
v -0.001053 0.418967 -0.627705
v -0.003782 0.293415 -0.659142
v 0.060398 0.390256 -0.639833
v -0.063245 0.391542 -0.645971
v 0.066552 0.333049 -0.670646
v -0.066397 0.330453 -0.669571
v 0.145534 0.505162 -0.556011
v 0.251794 0.447389 -0.540384
v 0.188112 0.540883 -0.525742
v 0.156240 0.443168 -0.584699
v 0.241887 0.512078 -0.515411
v 0.211051 0.409313 -0.581889
v -0.147146 0.505072 -0.551280
v -0.260430 0.451412 -0.536467
v -0.190346 0.535782 -0.519313
v -0.159449 0.448611 -0.585151
v -0.245323 0.509658 -0.513076
v -0.219517 0.422243 -0.584348
v 0.412339 0.190311 -0.058245
v 0.400687 0.263560 -0.036857
v 0.398664 0.224120 -0.083752
v 0.422872 0.192870 -0.026199
v 0.393415 0.263370 -0.077123
v 0.416697 0.226940 -0.011170
v 0.420446 0.054685 -0.046946
v 0.394165 -0.021909 -0.006735
v 0.405194 0.029996 -0.061029
v 0.425999 0.043746 -0.013649
v 0.387851 -0.011486 -0.042213
v 0.414914 0.009830 0.007274
v 0.385361 0.079371 -0.126452
v 0.314302 0.037729 -0.169585
v 0.379399 0.045162 -0.118112
v 0.354681 0.100314 -0.150564
v 0.343934 0.019718 -0.137828
v 0.319125 0.081574 -0.180205
v 0.374398 0.183275 -0.143675
v 0.333852 0.250614 -0.225772
v 0.372493 0.220704 -0.149431
v 0.351715 0.177200 -0.168763
v 0.356298 0.256928 -0.188816
v 0.327816 0.207676 -0.214680
v 0.444775 0.108983 -0.006520
v 0.451184 0.107735 0.070164
v 0.444886 0.135509 0.011502
v 0.450930 0.086431 0.011773
v 0.447255 0.135637 0.050251
v 0.453206 0.082508 0.051669
v 0.404738 0.210283 0.478769
v 0.396823 0.291946 0.449081
v 0.393123 0.240992 0.501502
v 0.411776 0.216440 0.441814
v 0.389565 0.283027 0.486073
v 0.408614 0.256339 0.426122
v 0.419136 0.007159 0.480549
v 0.418229 -0.077554 0.447596
v 0.410788 -0.026473 0.507251
v 0.427483 0.000668 0.440205
v 0.408449 -0.070784 0.492924
v 0.429605 -0.041134 0.421360
v 0.380363 0.041484 0.593352
v 0.349620 -0.023334 0.666205
v 0.382607 -0.003487 0.586926
v 0.361752 0.057855 0.629575
v 0.367429 -0.037810 0.622251
v 0.345597 0.026637 0.666573
v 0.374966 0.170743 0.588070
v 0.344859 0.217286 0.640809
v 0.375303 0.212939 0.576710
v 0.360092 0.150790 0.624257
v 0.361680 0.239472 0.602723
v 0.343529 0.170091 0.652395
v 0.432956 0.109011 0.415185
v 0.448131 0.105752 0.333756
v 0.431314 0.144907 0.396852
v 0.438828 0.071389 0.395782
v 0.440915 0.144304 0.355789
v 0.445828 0.069276 0.354303
v -0.416626 0.199735 -0.050314
v -0.404205 0.269040 -0.024425
v -0.406212 0.230182 -0.079556
v -0.420413 0.200941 -0.011743
v -0.397891 0.267455 -0.069681
v -0.414310 0.234265 0.004032
v -0.412061 0.046336 -0.027773
v -0.394924 -0.026690 0.009330
v -0.396045 0.018728 -0.046425
v -0.416027 0.037817 0.008241
v -0.386977 -0.018503 -0.029011
v -0.408791 0.003231 0.028471
v -0.384674 0.081529 -0.130038
v -0.320157 0.036986 -0.174063
v -0.374606 0.043833 -0.117113
v -0.358260 0.100218 -0.165389
v -0.344087 0.018742 -0.137480
v -0.327277 0.079990 -0.189375
v -0.384555 0.186289 -0.156218
v -0.345926 0.244646 -0.237793
v -0.386852 0.222447 -0.158511
v -0.364528 0.174969 -0.188390
v -0.369548 0.254428 -0.198332
v -0.341483 0.202931 -0.229662
v -0.430405 0.117016 0.018439
v -0.431822 0.111868 0.092492
v -0.430746 0.142858 0.033785
v -0.430806 0.088295 0.039897
v -0.431899 0.142140 0.071503
v -0.430308 0.083995 0.076669
v -0.408544 0.212129 0.480708
v -0.402316 0.292175 0.448456
v -0.398195 0.243702 0.503647
v -0.415377 0.217696 0.442066
v -0.396122 0.285785 0.488438
v -0.413128 0.257801 0.425472
v -0.411894 0.004783 0.481856
v -0.405309 -0.076998 0.450002
v -0.403650 -0.028560 0.508425
v -0.415448 -0.000508 0.440483
v -0.400848 -0.071398 0.493583
v -0.412465 -0.040680 0.423551
v -0.383750 0.040076 0.598680
v -0.357005 -0.022052 0.670566
v -0.384856 -0.004966 0.592270
v -0.367970 0.057580 0.635136
v -0.371106 -0.038097 0.626611
v -0.354131 0.027080 0.672145
v -0.377549 0.170380 0.589936
v -0.343260 0.217538 0.642194
v -0.375290 0.213566 0.578235
v -0.363591 0.148655 0.626766
v -0.359517 0.238878 0.602813
v -0.346051 0.171070 0.655379
v -0.426765 0.108648 0.416678
v -0.432851 0.107963 0.334555
v -0.429044 0.146277 0.397746
v -0.427616 0.070409 0.396244
v -0.434154 0.146518 0.356628
v -0.428481 0.069960 0.355392
v -0.068737 0.724399 0.305164
v -0.115423 0.667039 0.381079
v -0.116600 0.715729 0.303670
v -0.140269 0.685705 0.341294
v -0.042911 0.705438 0.346929
v -0.065834 0.676406 0.383961
v -0.076214 0.779472 -0.045723
v -0.232522 0.905735 -0.327902
v -0.110084 0.748032 -0.048572
v -0.145078 0.735064 -0.156620
v -0.051663 0.787588 -0.131623
v -0.104635 0.847632 -0.216392
v 0.074859 0.718995 0.306851
v 0.129152 0.678882 0.388609
v 0.121384 0.709321 0.308174
v 0.147958 0.689172 0.348236
v 0.053534 0.707171 0.350111
v 0.081396 0.686094 0.391075
v 0.061960 0.785364 -0.019502
v 0.119211 0.766469 -0.158111
v 0.105140 0.761882 -0.013868
v 0.126884 0.747068 -0.079162
v 0.045174 0.788816 -0.095259
v 0.080776 0.774881 -0.171171
v -0.301047 0.535310 0.461042
v -0.344902 0.494050 0.440496
v -0.318340 0.551289 0.425703
v -0.338963 0.529057 0.418340
v -0.316294 0.502592 0.487551
v -0.336700 0.480710 0.475868
v -0.038807 0.608939 0.500419
v 0.058934 0.625309 0.506410
v -0.015239 0.589316 0.538734
v 0.031815 0.598233 0.541618
v -0.014603 0.636682 0.464758
v 0.035061 0.643852 0.468003
v -0.231464 0.482193 0.578818
v -0.254648 0.409153 0.633795
v -0.207734 0.465237 0.620121
v -0.219062 0.428171 0.646347
v -0.267878 0.464378 0.564636
v -0.277092 0.427498 0.592424
v -0.477304 0.681249 -0.171927
v -0.304609 0.552186 -0.100662
v -0.329330 0.640650 -0.128791
v -0.298329 0.584076 -0.088740
v -0.408904 0.622844 -0.195054
v -0.321113 0.568329 -0.156960
v -0.072219 0.817928 -0.259635
v 0.097184 0.856935 -0.271115
v -0.030349 0.839414 -0.311513
v 0.052611 0.839560 -0.316202
v -0.028834 0.783680 -0.207397
v 0.055028 0.815908 -0.239918
v -0.295377 0.636143 -0.346083
v -0.296474 0.517542 -0.369459
v -0.274744 0.621249 -0.397301
v -0.279698 0.559138 -0.412112
v -0.322362 0.593458 -0.304794
v -0.306310 0.533604 -0.312348
v -0.385550 0.393521 0.187369
v -0.395227 0.404914 0.275630
v -0.375242 0.432107 0.211263
v -0.383307 0.438409 0.255976
v -0.399575 0.358182 0.208637
v -0.404385 0.364683 0.251813
v -0.347233 0.397215 -0.133268
v -0.337566 0.385955 -0.234266
v -0.365568 0.348265 -0.143643
v -0.361509 0.342067 -0.192732
v -0.326546 0.445422 -0.174772
v -0.327057 0.440022 -0.226106
v -0.413219 0.273009 0.113534
v -0.429465 0.208704 0.152814
v -0.423978 0.235431 0.090946
v -0.428420 0.205588 0.111010
v -0.417629 0.277230 0.158862
v -0.425946 0.245152 0.176771
v -0.365389 0.382688 0.508184
v -0.334404 0.346146 0.583602
v -0.368072 0.341942 0.528133
v -0.355617 0.325048 0.566343
v -0.348706 0.405413 0.522421
v -0.332660 0.386889 0.561044
v -0.421329 0.299088 0.326723
v -0.440937 0.222418 0.277111
v -0.425803 0.261693 0.343869
v -0.434596 0.223430 0.319819
v -0.424349 0.296057 0.285326
v -0.433706 0.256937 0.260172
v 0.293069 0.554702 0.462444
v 0.335847 0.507746 0.445218
v 0.301883 0.565332 0.429237
v 0.322375 0.541581 0.421693
v 0.304398 0.518707 0.488939
v 0.326126 0.494742 0.478487
v 0.242500 0.510045 0.576392
v 0.256703 0.420666 0.625412
v 0.212810 0.484805 0.613302
v 0.220005 0.439768 0.637973
v 0.277953 0.491869 0.563234
v 0.284071 0.446390 0.588034
v 0.473295 0.676910 -0.166260
v 0.313562 0.531437 -0.110060
v 0.326978 0.620300 -0.128379
v 0.298001 0.563110 -0.091055
v 0.405378 0.612349 -0.212480
v 0.336354 0.552079 -0.170576
v 0.281226 0.668064 -0.342307
v 0.294613 0.527887 -0.374047
v 0.267036 0.644620 -0.398537
v 0.275950 0.574011 -0.414122
v 0.307238 0.620936 -0.310368
v 0.308046 0.548779 -0.320343
v 0.380028 0.399229 0.176497
v 0.383799 0.409940 0.276887
v 0.368410 0.441458 0.204428
v 0.371029 0.446841 0.255363
v 0.394980 0.361659 0.199258
v 0.395807 0.367621 0.248549
v 0.355768 0.398120 -0.140628
v 0.345450 0.393229 -0.235437
v 0.366855 0.348238 -0.148006
v 0.366974 0.346330 -0.191917
v 0.342420 0.450054 -0.183053
v 0.337079 0.448072 -0.232344
v 0.415204 0.272587 0.097786
v 0.440507 0.201396 0.137409
v 0.427401 0.231039 0.073792
v 0.439376 0.197976 0.092745
v 0.418572 0.277624 0.145194
v 0.431368 0.241275 0.164563
v 0.362810 0.390273 0.508636
v 0.344023 0.355481 0.584609
v 0.366364 0.345152 0.527537
v 0.358090 0.328580 0.566152
v 0.346379 0.415383 0.523993
v 0.336489 0.398537 0.561998
v 0.415650 0.296431 0.330678
v 0.435773 0.215311 0.276080
v 0.423932 0.258833 0.347091
v 0.433144 0.218559 0.320955
v 0.417636 0.293445 0.285452
v 0.429445 0.251917 0.257954
v -0.072630 -0.613286 0.359322
v -0.120060 -0.594028 0.471830
v -0.118352 -0.591739 0.351985
v -0.140136 -0.577927 0.405964
v -0.047663 -0.627939 0.421916
v -0.072452 -0.621319 0.479961
v -0.099962 -0.601547 0.050309
v -0.143616 -0.606700 -0.055644
v -0.129419 -0.686781 0.015602
v -0.166683 -0.691141 -0.057581
v -0.060441 -0.568851 0.017450
v -0.084593 -0.569836 -0.027999
v 0.071291 -0.611022 0.363033
v 0.121356 -0.614886 0.487701
v 0.112417 -0.591887 0.355927
v 0.130947 -0.583628 0.416222
v 0.050669 -0.627308 0.428108
v 0.079553 -0.634249 0.491758
v 0.099748 -0.625717 0.045689
v 0.156787 -0.631964 -0.060680
v 0.152506 -0.712780 0.018331
v 0.187126 -0.709498 -0.043009
v 0.074638 -0.580034 0.016277
v 0.099376 -0.585724 -0.030917
v -0.305631 -0.398840 0.547772
v -0.358667 -0.322509 0.479212
v -0.314696 -0.392284 0.483144
v -0.346665 -0.358222 0.454034
v -0.327621 -0.365550 0.574794
v -0.351140 -0.323485 0.535517
v -0.058923 -0.639885 0.670836
v 0.075460 -0.651470 0.668447
v -0.024620 -0.632600 0.725890
v 0.046664 -0.634277 0.715608
v -0.023149 -0.639969 0.608847
v 0.038870 -0.650952 0.612677
v -0.347120 -0.449424 0.767445
v -0.334924 -0.306755 0.785488
v -0.340779 -0.436424 0.842190
v -0.333581 -0.354146 0.840522
v -0.337715 -0.380109 0.710423
v -0.340534 -0.319680 0.723685
v -0.323306 -0.385602 -0.099540
v -0.371352 -0.298510 -0.041815
v -0.372470 -0.407071 -0.073213
v -0.375230 -0.359417 -0.032331
v -0.313773 -0.322934 -0.100249
v -0.338730 -0.282652 -0.073902
v -0.047391 -0.471350 -0.095469
v 0.055713 -0.479040 -0.097652
v -0.019300 -0.441868 -0.126419
v 0.026738 -0.444697 -0.127045
v -0.022891 -0.500827 -0.068939
v 0.034865 -0.505147 -0.069352
v -0.192299 -0.302578 -0.139149
v -0.197543 -0.193455 -0.171042
v -0.157167 -0.274928 -0.166192
v -0.165173 -0.222581 -0.187828
v -0.228959 -0.276071 -0.129715
v -0.228191 -0.218129 -0.138319
v -0.394429 -0.180048 0.198105
v -0.391505 -0.190566 0.277185
v -0.386804 -0.227035 0.216239
v -0.385770 -0.230883 0.258465
v -0.400685 -0.140970 0.215774
v -0.399584 -0.147545 0.254723
v -0.343386 -0.134360 -0.058869
v -0.297047 -0.102570 -0.125961
v -0.345327 -0.085753 -0.071503
v -0.325854 -0.071006 -0.106910
v -0.321820 -0.171169 -0.081385
v -0.294584 -0.153908 -0.112071
v -0.411274 -0.048790 0.129361
v -0.424234 0.012154 0.158411
v -0.417584 -0.010478 0.106163
v -0.424463 0.018721 0.121177
v -0.413775 -0.055946 0.168758
v -0.419669 -0.024440 0.182828
v -0.377887 -0.192932 0.539481
v -0.357735 -0.175297 0.645646
v -0.379325 -0.145549 0.555732
v -0.370198 -0.135602 0.605752
v -0.363672 -0.233931 0.576424
v -0.354737 -0.227086 0.631963
v -0.411094 -0.079004 0.326076
v -0.421850 -0.001569 0.276946
v -0.414451 -0.041737 0.342369
v -0.419590 -0.004091 0.317443
v -0.411651 -0.075239 0.286004
v -0.417866 -0.035971 0.261173
v 0.302016 -0.426069 0.550186
v 0.346375 -0.331413 0.482731
v 0.303726 -0.412515 0.487256
v 0.328713 -0.370237 0.456945
v 0.323248 -0.388407 0.576934
v 0.343040 -0.336066 0.539696
v 0.347491 -0.494034 0.749183
v 0.339303 -0.331954 0.781459
v 0.345500 -0.485870 0.803304
v 0.337263 -0.396823 0.823736
v 0.336045 -0.412239 0.704038
v 0.342713 -0.343802 0.721069
v 0.324302 -0.405388 -0.096356
v 0.370202 -0.310872 -0.045287
v 0.369988 -0.430917 -0.073941
v 0.379918 -0.375422 -0.036258
v 0.312308 -0.337187 -0.096697
v 0.339717 -0.293967 -0.076456
v 0.203336 -0.315859 -0.153785
v 0.208908 -0.201471 -0.185331
v 0.171319 -0.287037 -0.183259
v 0.176195 -0.230001 -0.200861
v 0.238250 -0.285114 -0.140027
v 0.238354 -0.226943 -0.152731
v 0.391570 -0.192866 0.182224
v 0.396644 -0.201826 0.266423
v 0.382737 -0.240945 0.203101
v 0.382750 -0.243444 0.246066
v 0.403670 -0.151912 0.202626
v 0.406662 -0.157704 0.244058
v 0.339452 -0.134575 -0.065042
v 0.300609 -0.104892 -0.131934
v 0.342997 -0.082877 -0.078439
v 0.326641 -0.070087 -0.112838
v 0.320983 -0.175287 -0.086564
v 0.296741 -0.157952 -0.118510
v 0.417768 -0.053699 0.113124
v 0.445353 0.010359 0.145204
v 0.428197 -0.011935 0.086923
v 0.443321 0.017482 0.102083
v 0.423740 -0.062193 0.155201
v 0.437425 -0.029241 0.171548
v 0.380167 -0.196833 0.542331
v 0.360881 -0.181907 0.647165
v 0.383745 -0.148881 0.558372
v 0.373047 -0.139562 0.607519
v 0.367384 -0.241419 0.578632
v 0.360206 -0.236361 0.634328
v 0.429880 -0.084040 0.320504
v 0.446307 -0.005227 0.273443
v 0.436642 -0.045413 0.338664
v 0.444989 -0.006821 0.314876
v 0.429537 -0.081630 0.279196
v 0.438496 -0.041056 0.255502
v 0.137296 -0.011358 0.957779
v 0.221090 -0.064880 0.917024
v 0.144611 -0.066376 0.975634
v 0.186361 -0.095823 0.948760
v 0.173934 0.016291 0.922799
v 0.212504 -0.008748 0.902433
v -0.137958 -0.015050 0.954287
v -0.221799 -0.069203 0.912311
v -0.145884 -0.072152 0.969686
v -0.190985 -0.100827 0.948951
v -0.174191 0.014403 0.921157
v -0.213034 -0.011973 0.899121
v 0.123655 0.147865 0.886591
v 0.189178 0.197789 0.815037
v 0.118405 0.200238 0.859886
v 0.150576 0.223887 0.824461
v 0.164540 0.121154 0.879279
v 0.196222 0.146344 0.841183
v -0.125922 0.150723 0.886319
v -0.196012 0.208071 0.821080
v -0.122128 0.202660 0.857345
v -0.158126 0.230709 0.828215
v -0.165077 0.125568 0.877326
v -0.198167 0.154973 0.841890
v 0.290231 0.031394 0.789701
v 0.283862 0.133288 0.761418
v 0.307588 0.063213 0.742130
v 0.305619 0.113412 0.732081
v 0.264896 0.051841 0.820759
v 0.259797 0.102823 0.802423
v -0.295821 0.031768 0.787283
v -0.288589 0.138170 0.765705
v -0.314902 0.064294 0.745176
v -0.311742 0.116015 0.735860
v -0.269405 0.052652 0.820225
v -0.264581 0.107400 0.805146
v 0.109862 0.063449 -0.463131
v 0.154301 0.020757 -0.376931
v 0.099648 0.017297 -0.423507
v 0.123220 -0.005945 -0.386001
v 0.150630 0.085252 -0.465538
v 0.169109 0.065962 -0.415868
v -0.110681 0.059499 -0.457941
v -0.156712 0.018221 -0.369690
v -0.100759 0.013141 -0.418945
v -0.124272 -0.009272 -0.379687
v -0.151466 0.082864 -0.458757
v -0.170598 0.065030 -0.406658
v 0.162462 0.205700 -0.609381
v 0.296032 0.266898 -0.620896
v 0.177095 0.262488 -0.643881
v 0.242337 0.297516 -0.656332
v 0.199180 0.175418 -0.572086
v 0.255620 0.199214 -0.567002
v -0.160362 0.196792 -0.618423
v -0.292279 0.248180 -0.604510
v -0.178313 0.257078 -0.660576
v -0.236450 0.294674 -0.644824
v -0.198663 0.166030 -0.572236
v -0.269564 0.170894 -0.561474
v 0.234331 0.107546 -0.306474
v 0.283062 0.188928 -0.366949
v 0.263275 0.130942 -0.271422
v 0.273162 0.176344 -0.290489
v 0.230625 0.120920 -0.373311
v 0.261638 0.160386 -0.412873
v -0.245588 0.103136 -0.304805
v -0.272215 0.198883 -0.357897
v -0.277024 0.126943 -0.277286
v -0.286290 0.172540 -0.299145
v -0.231479 0.123279 -0.365025
v -0.257291 0.163409 -0.399875
v -0.255802 0.661915 0.238812
v -0.240739 0.658635 0.154338
v -0.227842 0.687711 0.237595
v -0.211954 0.682883 0.139135
v -0.296663 0.618954 0.270021
v -0.254173 0.672030 0.278777
v -0.299231 0.623197 0.307979
v -0.272041 0.617229 0.138465
v -0.222747 0.665066 0.092938
v -0.259438 0.623376 0.077047
v -0.305349 0.591921 0.216741
v -0.282393 0.595504 0.106496
v -0.317755 0.566418 0.196131
v -0.317275 0.596556 0.301641
v -0.327060 0.567843 0.245975
v 0.249553 0.673032 0.253426
v 0.230985 0.666963 0.167935
v 0.225390 0.691136 0.243851
v 0.207726 0.690718 0.152547
v 0.282996 0.638152 0.285344
v 0.246290 0.674618 0.283214
v 0.281642 0.635463 0.315242
v 0.260762 0.627708 0.154168
v 0.215246 0.673287 0.108364
v 0.250727 0.628530 0.091540
v 0.291683 0.611131 0.232163
v 0.273200 0.603396 0.119187
v 0.304733 0.582404 0.209286
v 0.298938 0.615900 0.311600
v 0.309374 0.584537 0.256145
v -0.282916 -0.529959 0.229774
v -0.321203 -0.585957 0.156164
v -0.251783 -0.554765 0.225703
v -0.302650 -0.655074 0.159214
v -0.310571 -0.464461 0.263234
v -0.257757 -0.515798 0.269547
v -0.298625 -0.458302 0.306434
v -0.352380 -0.505737 0.138153
v -0.346391 -0.640559 0.106030
v -0.369437 -0.528813 0.084469
v -0.341090 -0.442197 0.210695
v -0.365835 -0.466439 0.113437
v -0.357402 -0.406535 0.194763
v -0.320985 -0.428655 0.296670
v -0.347744 -0.399079 0.239005
v 0.280197 -0.540015 0.230386
v 0.321436 -0.586570 0.149486
v 0.251726 -0.567062 0.232103
v 0.300564 -0.632613 0.141262
v 0.303690 -0.475968 0.258616
v 0.254200 -0.531013 0.277045
v 0.289489 -0.471270 0.305717
v 0.349797 -0.516851 0.133682
v 0.342115 -0.633501 0.098538
v 0.370350 -0.542798 0.083629
v 0.332081 -0.453372 0.200551
v 0.365052 -0.481522 0.108541
v 0.346139 -0.417903 0.183215
v 0.311345 -0.440032 0.290286
v 0.335837 -0.411320 0.228178
v 0.008493 -0.492013 0.864912
v -0.077176 -0.392064 0.908473
v -0.027881 -0.523281 0.841663
v -0.120491 -0.431383 0.895665
v 0.109176 -0.451423 0.906460
v 0.033584 -0.588078 0.808680
v 0.171082 -0.562434 0.897824
v 0.058085 -0.313543 0.948747
v -0.048144 -0.300715 0.951353
v 0.054067 -0.248493 0.972142
v -0.056638 -0.241741 0.977733
v 0.173674 -0.438559 0.917793
v 0.112524 -0.289755 0.958527
v -0.137608 -0.365916 0.916736
v -0.107332 -0.270530 0.963179
v -0.005768 0.465772 0.699606
v -0.053994 0.434311 0.726203
v -0.023523 0.492233 0.676355
v -0.078919 0.458865 0.705231
v 0.043814 0.429522 0.718610
v 0.016006 0.488991 0.668859
v 0.069348 0.451074 0.689511
v 0.027414 0.380045 0.769876
v -0.032889 0.379806 0.767730
v 0.032362 0.344095 0.799403
v -0.035673 0.339860 0.791205
v 0.080243 0.417382 0.717084
v 0.061560 0.363924 0.778121
v -0.090608 0.422148 0.726133
v -0.068352 0.360819 0.771039
v -0.004756 -0.279658 -0.266619
v -0.031741 -0.246615 -0.298513
v -0.015774 -0.316903 -0.249093
v -0.051939 -0.270743 -0.269497
v 0.027519 -0.230356 -0.278253
v 0.011545 -0.312564 -0.242228
v 0.048047 -0.258812 -0.254485
v 0.022762 -0.175005 -0.331710
v -0.017881 -0.181532 -0.336124
v 0.026313 -0.130841 -0.355352
v -0.022008 -0.134414 -0.355567
v 0.058753 -0.217638 -0.279895
v 0.049197 -0.155548 -0.338715
v -0.059711 -0.228754 -0.290897
v -0.044947 -0.158598 -0.335495
v 0.000813 0.632391 -0.496416
v -0.078785 0.580941 -0.523758
v -0.030498 0.676038 -0.463150
v -0.116052 0.615759 -0.492405
v 0.081138 0.584127 -0.533457
v 0.033019 0.670415 -0.463441
v 0.114287 0.616001 -0.498548
v 0.050011 0.503128 -0.582261
v -0.049169 0.500987 -0.578224
v 0.054240 0.447137 -0.608799
v -0.055113 0.447152 -0.609452
v 0.132744 0.564088 -0.530285
v 0.102235 0.475065 -0.585457
v -0.132961 0.559576 -0.520821
v -0.103932 0.476270 -0.585144
v 0.405345 0.155216 -0.089534
v 0.431479 0.133826 -0.049581
v 0.401672 0.184618 -0.086903
v 0.427254 0.159835 -0.038945
v 0.421106 0.084422 -0.084861
v 0.437113 0.097869 -0.049208
v 0.415764 0.061285 -0.075370
v 0.435235 0.073007 -0.033266
v 0.405026 0.121940 -0.109825
v 0.407549 0.068186 -0.101083
v 0.388518 0.113070 -0.129276
v 0.390243 0.185495 -0.116428
v 0.380356 0.147302 -0.134011
v 0.439904 0.135519 -0.022329
v 0.444207 0.091372 -0.021527
v 0.397842 0.161846 0.527332
v 0.416249 0.142061 0.472324
v 0.395636 0.199867 0.515252
v 0.414027 0.178101 0.456730
v 0.408007 0.055700 0.530242
v 0.423410 0.076761 0.472565
v 0.412741 0.016211 0.520495
v 0.426098 0.040225 0.456574
v 0.389414 0.108482 0.564526
v 0.401482 0.028105 0.557836
v 0.378374 0.086555 0.596853
v 0.386722 0.186915 0.551802
v 0.374504 0.128517 0.594132
v 0.423632 0.144633 0.435166
v 0.430594 0.073765 0.435184
v -0.411312 0.167438 -0.090949
v -0.427013 0.143309 -0.036657
v -0.409950 0.197568 -0.087317
v -0.423493 0.168773 -0.024834
v -0.410888 0.086940 -0.075504
v -0.423546 0.098096 -0.028783
v -0.404769 0.054619 -0.062131
v -0.422033 0.069826 -0.011312
v -0.401418 0.130909 -0.116515
v -0.397448 0.067036 -0.095551
v -0.383582 0.117121 -0.141542
v -0.401019 0.193620 -0.122925
v -0.383749 0.151219 -0.150340
v -0.428655 0.143521 -0.002725
v -0.427119 0.092865 0.004379
v -0.401160 0.163324 0.530186
v -0.417751 0.142393 0.474456
v -0.400596 0.203100 0.518208
v -0.417987 0.179448 0.458651
v -0.406376 0.053710 0.533471
v -0.419819 0.075241 0.474848
v -0.405349 0.013305 0.522054
v -0.418542 0.038390 0.458222
v -0.392729 0.107564 0.568462
v -0.396157 0.025232 0.561305
v -0.381113 0.083886 0.600588
v -0.389683 0.188709 0.554082
v -0.379010 0.127425 0.598105
v -0.423644 0.145227 0.437305
v -0.423492 0.072729 0.436781
v -0.071238 0.769127 0.221936
v -0.076349 0.802479 0.128894
v -0.113877 0.760302 0.223105
v -0.107607 0.774704 0.122086
v 0.067420 0.750546 0.217325
v 0.061993 0.783682 0.114610
v 0.114469 0.739786 0.221538
v 0.109901 0.769067 0.119290
v -0.000374 0.746523 0.263482
v -0.093237 0.743773 0.264434
v -0.020305 0.732221 0.307649
v -0.015520 0.811908 0.056715
v -0.090925 0.776842 0.046856
v -0.032228 0.799217 -0.029793
v 0.094245 0.729904 0.264642
v 0.026860 0.727799 0.307612
v 0.083797 0.778841 0.052995
v 0.013300 0.810077 -0.017883
v -0.187832 0.626640 0.413317
v -0.256722 0.586214 0.441907
v -0.212623 0.645056 0.376617
v -0.279744 0.603090 0.405149
v -0.110730 0.571260 0.532448
v -0.179226 0.532223 0.563316
v -0.086607 0.553360 0.571689
v -0.152693 0.513750 0.602480
v -0.112869 0.618200 0.456261
v -0.164392 0.655870 0.377518
v -0.089525 0.647544 0.420978
v -0.245822 0.535734 0.509997
v -0.289613 0.568360 0.433360
v -0.280219 0.518093 0.498584
v -0.062746 0.580734 0.535491
v -0.064161 0.628588 0.460701
v -0.195522 0.500250 0.593796
v -0.256210 0.499514 0.536844
v -0.230679 0.763639 -0.202711
v -0.333875 0.744265 -0.195708
v -0.212936 0.719211 -0.140076
v -0.285304 0.695075 -0.136368
v -0.188709 0.815724 -0.299527
v -0.245157 0.726711 -0.341194
v -0.155281 0.902228 -0.301567
v -0.219211 0.718397 -0.382538
v -0.187295 0.830797 -0.255583
v -0.200974 0.769161 -0.206009
v -0.219376 0.943197 -0.277563
v -0.384416 0.759368 -0.304137
v -0.362182 0.702336 -0.163837
v -0.401915 0.697436 -0.257664
v -0.119160 0.844705 -0.305667
v -0.120689 0.819429 -0.239603
v -0.259908 0.677413 -0.376107
v -0.341609 0.662001 -0.297007
v -0.335564 0.482213 0.007729
v -0.363774 0.432268 0.103514
v -0.323179 0.516957 0.028366
v -0.351372 0.469565 0.126351
v -0.375024 0.352306 -0.043164
v -0.399482 0.309187 0.041373
v -0.387613 0.309034 -0.057282
v -0.406681 0.271205 0.021195
v -0.338792 0.445876 -0.066858
v -0.312501 0.530390 -0.036057
v -0.317049 0.500383 -0.109439
v -0.391955 0.350895 0.112162
v -0.369241 0.429817 0.160819
v -0.395860 0.352479 0.163140
v -0.368509 0.351624 -0.093634
v -0.329578 0.447201 -0.121265
v -0.413629 0.272265 0.067543
v -0.404445 0.310503 0.139194
v -0.366994 0.474586 0.391404
v -0.380632 0.443281 0.336563
v -0.360005 0.509765 0.371222
v -0.372662 0.477944 0.318670
v -0.385213 0.364866 0.452349
v -0.405059 0.339793 0.391705
v -0.390856 0.325048 0.470583
v -0.409519 0.297517 0.408360
v -0.364824 0.430997 0.448964
v -0.354651 0.502984 0.406477
v -0.352410 0.457105 0.463213
v -0.402863 0.373038 0.333001
v -0.384563 0.442886 0.298163
v -0.405928 0.372009 0.293170
v -0.377942 0.355030 0.490715
v -0.356757 0.422176 0.485679
v -0.417483 0.301145 0.367835
v -0.414632 0.335472 0.309562
v 0.196123 0.647468 0.421026
v 0.245537 0.604513 0.444809
v 0.210731 0.655257 0.383198
v 0.257251 0.613222 0.409211
v 0.125076 0.598846 0.536258
v 0.185185 0.558649 0.557655
v 0.095799 0.571122 0.570497
v 0.155206 0.530797 0.592059
v 0.133329 0.645171 0.467118
v 0.175038 0.668763 0.386108
v 0.108278 0.666373 0.430366
v 0.080025 0.603458 0.541758
v 0.085007 0.649226 0.470419
v 0.249351 0.562421 0.508416
v 0.275054 0.584978 0.436655
v 0.279203 0.541791 0.498198
v 0.200173 0.522929 0.585666
v 0.265151 0.529315 0.537074
v 0.199031 0.763163 -0.167880
v 0.297355 0.732155 -0.183532
v 0.184160 0.711802 -0.108100
v 0.262350 0.674709 -0.123600
v 0.161754 0.934324 -0.308996
v 0.235585 0.765692 -0.344251
v 0.133188 0.837128 -0.357355
v 0.209779 0.736789 -0.387258
v 0.177944 0.872625 -0.230863
v 0.155752 0.748565 -0.129320
v 0.122714 0.808253 -0.206029
v 0.096241 0.910774 -0.323641
v 0.127112 0.847992 -0.239225
v 0.334817 0.761088 -0.282689
v 0.340531 0.684773 -0.151476
v 0.470445 0.737024 -0.258501
v 0.253967 0.707082 -0.373569
v 0.349202 0.722732 -0.334056
v 0.330020 0.476150 -0.001198
v 0.356063 0.433730 0.093715
v 0.315626 0.512525 0.022607
v 0.343467 0.473948 0.119847
v 0.370155 0.348717 -0.054061
v 0.391851 0.305694 0.026212
v 0.384305 0.305493 -0.066719
v 0.405464 0.265399 0.006388
v 0.340035 0.440875 -0.078112
v 0.312027 0.519761 -0.042909
v 0.324702 0.492146 -0.123235
v 0.386452 0.351775 0.098559
v 0.363675 0.436637 0.150226
v 0.393133 0.355498 0.150270
v 0.369681 0.349483 -0.101679
v 0.340924 0.446663 -0.132526
v 0.410607 0.267995 0.051852
v 0.403655 0.313814 0.123527
v 0.358394 0.488211 0.401897
v 0.371405 0.452966 0.347076
v 0.343604 0.522633 0.381158
v 0.357087 0.488282 0.326241
v 0.379693 0.369084 0.454037
v 0.397803 0.337704 0.396884
v 0.384855 0.325792 0.470239
v 0.404208 0.297532 0.411463
v 0.362586 0.441970 0.454099
v 0.341616 0.516680 0.412934
v 0.346463 0.469580 0.466908
v 0.393460 0.375114 0.340032
v 0.371991 0.451533 0.304836
v 0.395344 0.372144 0.295446
v 0.373640 0.358120 0.490378
v 0.354532 0.429736 0.488174
v 0.410618 0.298906 0.372488
v 0.405390 0.334263 0.312860
v -0.077516 -0.611681 0.247289
v -0.085960 -0.619950 0.145615
v -0.127203 -0.600585 0.237698
v -0.140315 -0.652402 0.137648
v 0.077782 -0.608816 0.246484
v 0.093500 -0.619777 0.144111
v 0.126155 -0.603079 0.238068
v 0.150728 -0.650822 0.136604
v 0.000263 -0.616911 0.307481
v -0.098251 -0.603083 0.298666
v -0.023028 -0.625400 0.363605
v 0.003921 -0.583568 0.107200
v -0.115285 -0.647503 0.088535
v -0.032979 -0.554578 0.067477
v 0.095733 -0.602053 0.299204
v 0.025240 -0.621250 0.366042
v 0.126695 -0.652788 0.087643
v 0.043221 -0.567757 0.064577
v -0.186291 -0.539473 0.517443
v -0.246365 -0.464327 0.547211
v -0.199685 -0.518580 0.446204
v -0.260949 -0.457639 0.475273
v -0.182065 -0.676830 0.753791
v -0.317089 -0.663253 0.783668
v -0.143695 -0.689734 0.842247
v -0.168869 -0.557077 0.826802
v -0.137463 -0.615308 0.600200
v -0.161879 -0.559166 0.460896
v -0.101723 -0.614015 0.538548
v -0.299740 -0.485434 0.658702
v -0.283035 -0.428731 0.514619
v -0.302690 -0.411947 0.616888
v -0.099151 -0.651467 0.743165
v -0.083008 -0.631555 0.606068
v -0.337910 -0.536333 0.837386
v -0.323899 -0.437613 0.689063
v -0.236277 -0.589628 -0.106617
v -0.291590 -0.496619 -0.128606
v -0.283214 -0.649570 -0.101284
v -0.341328 -0.531364 -0.097727
v -0.110179 -0.438497 -0.125490
v -0.155608 -0.380259 -0.133646
v -0.078980 -0.403368 -0.152509
v -0.123624 -0.347051 -0.163788
v -0.131329 -0.520457 -0.091117
v -0.210283 -0.637982 -0.079503
v -0.110573 -0.551861 -0.064122
v -0.236806 -0.391259 -0.114226
v -0.333912 -0.454775 -0.103408
v -0.276661 -0.360876 -0.113943
v -0.065754 -0.440575 -0.126350
v -0.078890 -0.506231 -0.073781
v -0.157683 -0.327007 -0.150924
v -0.233039 -0.331410 -0.122633
v -0.380189 -0.260098 0.044072
v -0.386242 -0.218167 0.125182
v -0.380768 -0.314191 0.057358
v -0.382060 -0.268500 0.141584
v -0.371371 -0.105043 0.005305
v -0.396277 -0.074540 0.069427
v -0.379669 -0.059303 -0.012217
v -0.402542 -0.029844 0.050193
v -0.364029 -0.198266 -0.010251
v -0.377898 -0.309313 0.006670
v -0.354037 -0.240344 -0.042388
v -0.395160 -0.127334 0.132908
v -0.387192 -0.222765 0.172537
v -0.399018 -0.134678 0.174542
v -0.361833 -0.096684 -0.034969
v -0.345500 -0.185969 -0.048255
v -0.407631 -0.040067 0.089385
v -0.404977 -0.089051 0.153289
v -0.374397 -0.282262 0.405759
v -0.383377 -0.237690 0.339595
v -0.365773 -0.321168 0.384552
v -0.374399 -0.276933 0.319388
v -0.394964 -0.158444 0.459747
v -0.404767 -0.119012 0.391805
v -0.398984 -0.115016 0.477215
v -0.409216 -0.079376 0.408134
v -0.379851 -0.241705 0.471130
v -0.364066 -0.322376 0.429781
v -0.367457 -0.282921 0.501927
v -0.398269 -0.155960 0.334504
v -0.383777 -0.233967 0.299539
v -0.398319 -0.152436 0.294046
v -0.387961 -0.153186 0.506776
v -0.373769 -0.239467 0.521544
v -0.411064 -0.079959 0.366796
v -0.405483 -0.115192 0.310584
v 0.184560 -0.569680 0.530725
v 0.243577 -0.495822 0.551872
v 0.183175 -0.532593 0.460311
v 0.249749 -0.479936 0.481531
v 0.182374 -0.638063 0.702644
v 0.294076 -0.612081 0.731798
v 0.164418 -0.633759 0.746763
v 0.303537 -0.619804 0.780003
v 0.182425 -0.736553 0.641452
v 0.151819 -0.577466 0.478495
v 0.116683 -0.659118 0.561911
v 0.117214 -0.641435 0.709411
v 0.103627 -0.674112 0.623646
v 0.285355 -0.516477 0.653095
v 0.276056 -0.455131 0.518926
v 0.304284 -0.447754 0.615946
v 0.342213 -0.575457 0.782959
v 0.314638 -0.476004 0.684462
v 0.233226 -0.612179 -0.122793
v 0.289629 -0.517503 -0.110469
v 0.284884 -0.658428 -0.094317
v 0.340640 -0.552954 -0.091509
v 0.112526 -0.447266 -0.122523
v 0.157539 -0.395428 -0.131167
v 0.082658 -0.410166 -0.150620
v 0.128271 -0.356071 -0.165350
v 0.138830 -0.535329 -0.092425
v 0.221572 -0.670899 -0.094976
v 0.122396 -0.567991 -0.067966
v 0.070727 -0.448150 -0.126098
v 0.091789 -0.516311 -0.073118
v 0.239932 -0.409618 -0.119066
v 0.333591 -0.480311 -0.096276
v 0.278609 -0.376005 -0.111006
v 0.165996 -0.339618 -0.160242
v 0.238775 -0.345932 -0.129252
v 0.380245 -0.272664 0.035824
v 0.381518 -0.230331 0.112556
v 0.381008 -0.329374 0.050522
v 0.377847 -0.282429 0.129900
v 0.361537 -0.101573 -0.005088
v 0.389992 -0.076060 0.054578
v 0.372803 -0.055610 -0.022941
v 0.401516 -0.032742 0.031346
v 0.360797 -0.203928 -0.018202
v 0.382189 -0.324228 0.001552
v 0.353405 -0.249449 -0.047802
v 0.392033 -0.134473 0.120682
v 0.382489 -0.236196 0.158388
v 0.399376 -0.144447 0.162056
v 0.351619 -0.091325 -0.041782
v 0.343870 -0.190601 -0.054502
v 0.410117 -0.043300 0.071390
v 0.408039 -0.097684 0.138046
v 0.370575 -0.287179 0.399913
v 0.386659 -0.246125 0.330569
v 0.355653 -0.327042 0.376536
v 0.372096 -0.287131 0.308195
v 0.402128 -0.160332 0.459847
v 0.420680 -0.124944 0.385188
v 0.406328 -0.115648 0.476961
v 0.425943 -0.082375 0.405187
v 0.378583 -0.245149 0.470928
v 0.351355 -0.328488 0.427956
v 0.362588 -0.289329 0.504743
v 0.410305 -0.164018 0.326867
v 0.384986 -0.245488 0.288665
v 0.410113 -0.162210 0.285874
v 0.393118 -0.155190 0.508588
v 0.372653 -0.244081 0.524111
v 0.427965 -0.084184 0.361988
v 0.420127 -0.122539 0.303228
v 0.050819 -0.008679 1.021661
v -0.051754 -0.014920 1.011974
v 0.047400 -0.066505 1.009176
v -0.055349 -0.068525 1.011791
v 0.041904 0.150260 0.913387
v -0.042943 0.148537 0.908961
v 0.041114 0.203938 0.886201
v -0.041049 0.201056 0.878036
v 0.087872 0.069861 0.944221
v 0.096303 -0.038715 0.991328
v 0.132244 0.042361 0.936797
v -0.089753 0.067827 0.945303
v -0.098877 -0.042670 0.987512
v -0.132627 0.041152 0.935497
v 0.082084 0.175752 0.889706
v 0.127595 0.095407 0.911758
v -0.083495 0.175131 0.883454
v -0.128549 0.096019 0.911691
v 0.307824 -0.241357 0.840855
v 0.265860 -0.151079 0.887715
v 0.291151 -0.288999 0.880186
v 0.236287 -0.188177 0.921221
v 0.343973 -0.112983 0.707045
v 0.319987 -0.041100 0.755978
v 0.354378 -0.074840 0.662522
v 0.332043 -0.006620 0.709005
v 0.337723 -0.213795 0.743725
v 0.326338 -0.311474 0.839253
v 0.341854 -0.277654 0.733778
v 0.358245 -0.127671 0.656954
v 0.350536 -0.227363 0.689450
v 0.285230 -0.054731 0.851868
v 0.228518 -0.124450 0.922158
v 0.249381 -0.032880 0.878140
v 0.312088 0.011945 0.750696
v 0.273168 -0.000385 0.837140
v -0.307613 -0.226803 0.841181
v -0.268819 -0.149436 0.886036
v -0.288134 -0.265337 0.882288
v -0.240425 -0.182950 0.921929
v -0.347151 -0.110144 0.706849
v -0.325554 -0.040264 0.754656
v -0.358049 -0.072914 0.664943
v -0.339859 -0.005840 0.711764
v -0.337754 -0.203897 0.743440
v -0.323864 -0.286881 0.842599
v -0.339946 -0.260326 0.734840
v -0.358783 -0.123981 0.656818
v -0.347799 -0.216832 0.688375
v -0.282244 -0.057361 0.838291
v -0.231462 -0.126257 0.920561
v -0.250365 -0.036278 0.872681
v -0.319132 0.012053 0.750470
v -0.274558 -0.002176 0.830414
v 0.232985 0.347235 0.687450
v 0.211225 0.273463 0.751060
v 0.196158 0.368153 0.699661
v 0.173732 0.296530 0.762788
v 0.327791 0.285832 0.645050
v 0.306986 0.211398 0.704857
v 0.345531 0.263913 0.625282
v 0.324604 0.192436 0.679755
v 0.297558 0.353498 0.637300
v 0.226499 0.394032 0.662539
v 0.292232 0.400853 0.612731
v 0.346836 0.310599 0.606362
v 0.320945 0.378091 0.600014
v 0.252322 0.201819 0.761070
v 0.181508 0.247891 0.788049
v 0.224785 0.174004 0.800793
v 0.305792 0.162999 0.719850
v 0.256028 0.152999 0.782580
v -0.243335 0.350007 0.701256
v -0.224188 0.284772 0.764142
v -0.207166 0.370642 0.711962
v -0.187398 0.306408 0.773257
v -0.317692 0.282831 0.644255
v -0.302063 0.214624 0.705140
v -0.339000 0.261274 0.624260
v -0.325096 0.192817 0.681401
v -0.291223 0.347890 0.642694
v -0.230836 0.390195 0.673160
v -0.286268 0.389076 0.618820
v -0.337555 0.304030 0.604319
v -0.312101 0.367539 0.601209
v -0.257196 0.212680 0.769362
v -0.193581 0.259165 0.798994
v -0.229404 0.184324 0.806384
v -0.307140 0.166352 0.722431
v -0.261527 0.161207 0.789360
v 0.038042 0.063094 -0.483752
v -0.037552 0.061056 -0.481689
v 0.034302 0.015933 -0.443221
v -0.033882 0.014013 -0.441618
v 0.054487 0.206392 -0.624775
v -0.054693 0.204105 -0.625721
v 0.059835 0.262638 -0.661773
v -0.060052 0.264439 -0.665637
v 0.090066 0.132182 -0.548383
v 0.070879 0.040098 -0.455562
v 0.124270 0.109075 -0.509309
v -0.090191 0.125722 -0.548270
v -0.071286 0.036364 -0.452777
v -0.124391 0.103854 -0.505756
v 0.118484 0.232397 -0.648563
v 0.142241 0.155557 -0.560205
v -0.112985 0.231548 -0.641679
v -0.141772 0.147311 -0.561119
v 0.184682 -0.122862 -0.238784
v 0.166130 -0.048730 -0.301963
v 0.153770 -0.150942 -0.254914
v 0.136115 -0.077011 -0.316353
v 0.279003 -0.036199 -0.182364
v 0.256337 0.034014 -0.237923
v 0.310858 -0.007962 -0.160078
v 0.286560 0.058735 -0.210129
v 0.243776 -0.116544 -0.184705
v 0.180528 -0.175736 -0.219311
v 0.240598 -0.170237 -0.168059
v 0.305618 -0.054799 -0.146742
v 0.271187 -0.138472 -0.150949
v 0.201825 0.029979 -0.310224
v 0.144255 -0.027483 -0.344530
v 0.181713 0.050274 -0.362295
v 0.259866 0.082118 -0.255458
v 0.208218 0.079500 -0.338032
v -0.183125 -0.122331 -0.233939
v -0.168827 -0.051975 -0.297214
v -0.151400 -0.151540 -0.250183
v -0.137233 -0.080236 -0.311508
v -0.280289 -0.036379 -0.178917
v -0.262222 0.032286 -0.237303
v -0.311762 -0.007781 -0.158239
v -0.294957 0.057562 -0.213174
v -0.240622 -0.114210 -0.178751
v -0.174919 -0.172598 -0.210910
v -0.234009 -0.164882 -0.158645
v -0.302890 -0.054208 -0.141799
v -0.267082 -0.134300 -0.144297
v -0.207729 0.026476 -0.304681
v -0.146335 -0.030497 -0.338634
v -0.187699 0.046951 -0.354209
v -0.270010 0.079483 -0.257331
v -0.216040 0.076366 -0.331398
v 0.298520 0.440696 -0.451299
v 0.306567 0.355577 -0.548989
v 0.279792 0.478255 -0.490827
v 0.279227 0.395576 -0.594571
v 0.329542 0.331513 -0.286662
v 0.304062 0.266920 -0.328454
v 0.340996 0.294422 -0.234599
v 0.307983 0.239727 -0.264386
v 0.318400 0.424160 -0.339239
v 0.286061 0.505425 -0.431641
v 0.312366 0.484921 -0.329495
v 0.346680 0.341223 -0.237959
v 0.327900 0.438942 -0.283384
v 0.326343 0.250889 -0.484446
v 0.267872 0.325556 -0.600061
v 0.310656 0.220891 -0.541165
v 0.288811 0.220258 -0.311410
v 0.306374 0.196966 -0.456802
v -0.301815 0.438808 -0.443163
v -0.300850 0.347107 -0.527156
v -0.262664 0.470674 -0.478445
v -0.286774 0.393198 -0.573989
v -0.328197 0.324934 -0.286499
v -0.311180 0.261047 -0.330955
v -0.348622 0.288782 -0.240837
v -0.321619 0.232501 -0.277174
v -0.314768 0.417602 -0.333298
v -0.289704 0.500468 -0.428771
v -0.304895 0.475644 -0.322790
v -0.346283 0.335542 -0.239480
v -0.321098 0.429649 -0.277890
v -0.332335 0.249320 -0.460907
v -0.291623 0.324979 -0.607911
v -0.313707 0.212107 -0.519071
v -0.296208 0.218361 -0.316412
v -0.291634 0.204518 -0.432670
v 0.450691 0.135139 0.133747
v 0.454636 0.076275 0.134490
v 0.449510 0.134292 0.090476
v 0.453751 0.078613 0.093240
v 0.448073 0.139862 0.269660
v 0.454169 0.068353 0.269132
v 0.443704 0.142266 0.313836
v 0.451545 0.067934 0.311948
v 0.448107 0.173150 0.204094
v 0.445735 0.166080 0.112731
v 0.440162 0.205556 0.183349
v 0.441090 0.178646 0.294821
v 0.439277 0.211327 0.230258
v 0.453949 0.036759 0.205602
v 0.452228 0.047484 0.118080
v 0.446795 0.003468 0.188082
v 0.450359 0.030817 0.292066
v 0.447342 -0.001824 0.231063
v -0.433371 0.142302 0.150493
v -0.426749 0.077924 0.151242
v -0.432929 0.141641 0.110765
v -0.428768 0.080687 0.113705
v -0.441259 0.145874 0.272444
v -0.431338 0.071225 0.271936
v -0.438280 0.146262 0.314846
v -0.429012 0.069794 0.312832
v -0.436374 0.179572 0.212180
v -0.431732 0.174450 0.130856
v -0.432699 0.213015 0.193925
v -0.441606 0.185153 0.295664
v -0.435397 0.217583 0.235936
v -0.427438 0.039110 0.212594
v -0.425072 0.047788 0.135863
v -0.425907 0.006298 0.196564
v -0.425241 0.033997 0.294400
v -0.423201 0.002101 0.236996
v -0.185636 0.720446 0.269839
v -0.208045 0.690070 0.308850
v -0.156316 0.709903 0.058983
v -0.171620 0.685836 -0.004005
v -0.163735 0.704446 0.305080
v -0.134505 0.705026 -0.029784
v -0.315440 0.593759 0.369496
v -0.338188 0.571335 0.363456
v -0.330274 0.563579 0.394817
v -0.261105 0.616050 -0.033056
v -0.284810 0.581401 0.007936
v -0.279346 0.598731 -0.071409
v -0.349566 0.503746 0.207645
v -0.357431 0.507038 0.254840
v -0.366858 0.470505 0.235034
v 0.182249 0.706288 0.274029
v 0.207096 0.685490 0.312814
v 0.158529 0.726555 0.073404
v 0.170175 0.706844 0.020348
v 0.166890 0.698222 0.311043
v 0.139787 0.736063 0.001299
v 0.292017 0.602883 0.371725
v 0.314636 0.583023 0.367253
v 0.309305 0.575303 0.398666
v 0.258944 0.610734 -0.020198
v 0.277872 0.578701 0.014078
v 0.268144 0.586458 -0.064527
v 0.338360 0.515963 0.205734
v 0.340867 0.519006 0.256481
v 0.355459 0.481589 0.231139
v -0.187824 -0.566504 0.280909
v -0.202281 -0.539124 0.330320
v -0.244748 -0.723494 0.080785
v -0.285861 -0.712135 0.016678
v -0.161795 -0.566735 0.341811
v -0.211870 -0.734631 -0.002050
v -0.310806 -0.425504 0.394169
v -0.332964 -0.392375 0.376005
v -0.328139 -0.392221 0.426509
v -0.384175 -0.483423 -0.007496
v -0.381624 -0.422893 0.034426
v -0.384615 -0.421638 -0.023136
v -0.371577 -0.317049 0.205764
v -0.367489 -0.316662 0.251555
v -0.377449 -0.272794 0.234969
v 0.176826 -0.562560 0.281958
v 0.189286 -0.542528 0.338238
v 0.258569 -0.729257 0.085136
v 0.300627 -0.718432 0.018935
v 0.145870 -0.561568 0.344785
v 0.231255 -0.735006 0.013621
v 0.291147 -0.437542 0.394541
v 0.317567 -0.402418 0.371771
v 0.309798 -0.405231 0.427262
v 0.386858 -0.505730 -0.006941
v 0.388063 -0.442980 0.031321
v 0.385064 -0.442345 -0.024696
v 0.362992 -0.331344 0.194973
v 0.358497 -0.329793 0.239778
v 0.369513 -0.288021 0.225217
v -0.026102 -0.594573 0.805603
v 0.054558 -0.608485 0.786082
v -0.235598 -0.452154 0.896512
v -0.242255 -0.372420 0.896260
v 0.015302 -0.617583 0.762793
v -0.294597 -0.406665 0.874692
v 0.286368 -0.563453 0.860801
v 0.288900 -0.444391 0.894885
v 0.332348 -0.474011 0.859651
v 0.100759 -0.154927 0.992020
v 0.153501 -0.187597 0.977157
v -0.113474 -0.156266 0.999810
v -0.163804 -0.186538 0.980606
v 0.147290 -0.126097 0.977381
v -0.155058 -0.130092 0.978597
v -0.019483 0.540464 0.610059
v 0.022950 0.545418 0.610216
v -0.143612 0.464674 0.670242
v -0.156867 0.428658 0.693982
v 0.005358 0.569136 0.576019
v -0.182485 0.447023 0.658888
v 0.137903 0.466450 0.653148
v 0.148523 0.427591 0.681078
v 0.179746 0.454548 0.646992
v 0.075011 0.279263 0.837686
v 0.106084 0.299200 0.805116
v -0.076569 0.273243 0.823634
v -0.112070 0.298580 0.799533
v 0.112272 0.251049 0.832377
v -0.118211 0.252241 0.828374
v -0.015807 -0.380179 -0.189481
v 0.020556 -0.387925 -0.194062
v -0.104186 -0.274561 -0.221397
v -0.111146 -0.228420 -0.244037
v 0.002939 -0.413114 -0.158514
v -0.134087 -0.250128 -0.205112
v 0.107528 -0.275220 -0.222294
v 0.115134 -0.226385 -0.245276
v 0.142730 -0.255368 -0.213598
v 0.059052 -0.057562 -0.386755
v 0.083614 -0.081758 -0.359995
v -0.058157 -0.060690 -0.384165
v -0.083424 -0.085138 -0.355668
v 0.090787 -0.031314 -0.388144
v -0.092472 -0.035921 -0.385799
v -0.035749 0.803816 -0.414458
v 0.040913 0.772762 -0.406105
v -0.231620 0.645873 -0.473281
v -0.237687 0.569342 -0.496849
v 0.003387 0.819041 -0.359201
v -0.257097 0.601972 -0.450824
v 0.207787 0.644933 -0.469830
v 0.240925 0.592019 -0.514419
v 0.264836 0.624933 -0.459215
v 0.133471 0.365100 -0.658823
v 0.171706 0.384828 -0.625793
v -0.125483 0.360955 -0.648953
v -0.171036 0.391971 -0.624268
v 0.185865 0.327517 -0.649406
v -0.177630 0.333560 -0.653963
v 0.383174 0.262080 -0.114860
v 0.373112 0.260187 -0.151733
v 0.429741 0.194509 0.010489
v 0.440924 0.162670 0.029284
v 0.367885 0.300895 -0.150775
v 0.434986 0.195569 0.050709
v 0.381385 -0.002365 -0.075691
v 0.370594 0.006462 -0.106102
v 0.432298 0.034835 0.022121
v 0.447667 0.058532 0.035743
v 0.352761 -0.035935 -0.093080
v 0.439030 0.026440 0.060774
v 0.322983 0.124488 -0.189718
v 0.325697 0.166907 -0.200642
v 0.294355 0.150576 -0.236327
v 0.382684 0.272434 0.524030
v 0.373212 0.256961 0.562718
v 0.420532 0.219777 0.403486
v 0.430032 0.181713 0.379408
v 0.370036 0.301338 0.545985
v 0.427364 0.220259 0.363228
v 0.400689 -0.061411 0.536688
v 0.384711 -0.050646 0.579442
v 0.436700 -0.003832 0.398495
v 0.441265 0.032902 0.376349
v 0.385454 -0.099214 0.570368
v 0.441645 -0.006320 0.356898
v 0.343091 0.075405 0.664767
v 0.342851 0.122836 0.660083
v 0.325093 0.093731 0.699354
v -0.395299 0.263616 -0.113994
v -0.391308 0.261194 -0.157317
v -0.424460 0.201860 0.028353
v -0.429823 0.171778 0.050222
v -0.385069 0.300671 -0.152157
v -0.428191 0.202804 0.068964
v -0.376083 -0.009484 -0.066287
v -0.362267 0.003355 -0.102127
v -0.419201 0.030797 0.045937
v -0.426394 0.057425 0.061626
v -0.352465 -0.040056 -0.086780
v -0.423500 0.024741 0.084014
v -0.332523 0.121503 -0.204642
v -0.337393 0.162129 -0.218960
v -0.308058 0.145986 -0.248377
v -0.386401 0.273548 0.526736
v -0.373864 0.257077 0.564150
v -0.421942 0.222149 0.402473
v -0.428546 0.184776 0.379500
v -0.371594 0.300505 0.547625
v -0.428323 0.223295 0.361395
v -0.393273 -0.062698 0.538080
v -0.382784 -0.051350 0.582228
v -0.420766 -0.003937 0.400248
v -0.425072 0.032935 0.377228
v -0.381409 -0.098192 0.569618
v -0.420050 -0.004273 0.359610
v -0.350824 0.075423 0.670039
v -0.348906 0.123606 0.665095
v -0.332367 0.094918 0.703997
v -0.017139 0.685403 0.388835
v 0.032354 0.691006 0.392626
v 0.009638 0.664221 0.428577
v -0.032557 0.806414 -0.174962
v 0.029026 0.796019 -0.161105
v 0.004129 0.803810 -0.205245
v -0.322787 0.464070 0.512556
v -0.302038 0.446653 0.551930
v -0.329313 0.426482 0.537802
v -0.327371 0.563984 -0.207768
v -0.323362 0.547083 -0.260119
v -0.316330 0.497678 -0.216659
v -0.409504 0.323438 0.227130
v -0.419218 0.284218 0.201632
v -0.422532 0.290452 0.244547
v 0.316146 0.481436 0.513470
v 0.302570 0.465783 0.550023
v 0.325975 0.440293 0.537803
v 0.334868 0.567442 -0.223788
v 0.324153 0.563559 -0.269770
v 0.330146 0.506259 -0.227330
v 0.407873 0.325277 0.220304
v 0.420128 0.283227 0.192219
v 0.419023 0.288553 0.239200
v -0.020719 -0.636774 0.486821
v 0.031608 -0.641133 0.492084
v 0.006658 -0.643411 0.551023
v -0.023893 -0.542370 -0.009367
v 0.040286 -0.549666 -0.010430
v 0.007552 -0.528004 -0.040834
v -0.342645 -0.324837 0.596506
v -0.340989 -0.324560 0.660916
v -0.350415 -0.277285 0.616471
v -0.304420 -0.263959 -0.100151
v -0.265920 -0.242089 -0.119143
v -0.297552 -0.207859 -0.102885
v -0.407882 -0.105233 0.230866
v -0.413040 -0.063874 0.207212
v -0.413010 -0.070130 0.246408
v 0.339760 -0.341771 0.599407
v 0.341971 -0.346018 0.660239
v 0.353256 -0.290192 0.618350
v 0.304112 -0.274232 -0.100200
v 0.270311 -0.251745 -0.125239
v 0.298060 -0.214467 -0.106893
v 0.417518 -0.113432 0.220931
v 0.427848 -0.070432 0.197310
v 0.429497 -0.077119 0.238242
v 0.205501 0.044580 0.883370
v 0.200877 0.096113 0.864013
v 0.234006 0.073457 0.843285
v -0.206453 0.044311 0.882446
v -0.201556 0.100308 0.862217
v -0.236918 0.075928 0.844177
v 0.193067 0.104676 -0.464101
v 0.232104 0.133916 -0.528457
v 0.230986 0.130689 -0.446174
v -0.191024 0.107228 -0.451048
v -0.223916 0.141659 -0.504007
v -0.229372 0.133089 -0.431271
f 1 647 644
f 1 644 643
f 1 643 645
f 1 645 646
f 1 646 647
f 2 649 652
f 6 672 670
f 12 702 699
f 11 696 695
f 8 679 681
f 4 662 659
f 4 659 658
f 4 658 660
f 4 660 661
f 4 661 662
f 5 666 665
f 3 654 657
f 7 673 677
f 9 685 686
f 10 692 688
f 12 701 698
f 6 669 668
f 2 650 648
f 8 682 678
f 11 697 693
f 6 671 669
f 12 700 701
f 11 694 697
f 8 680 682
f 2 651 650
f 10 690 689
f 5 663 664
f 3 655 653
f 7 676 674
f 9 687 684
f 10 691 690
f 5 667 663
f 3 656 655
f 7 675 676
f 9 683 687
f 6 668 672
f 2 648 649
f 8 678 679
f 11 693 696
f 12 698 702
f 10 688 691
f 5 665 667
f 3 657 656
f 7 677 675
f 9 686 683
f 5 664 666
f 3 653 654
f 7 674 673
f 9 684 685
f 10 689 692
f 6 670 671
f 12 699 700
f 11 695 694
f 8 681 680
f 2 652 651
f 35 837 838
f 18 735 736
f 19 742 741
f 40 868 867
f 42 880 879
f 34 832 831
f 33 827 828
f 25 778 780
f 36 844 846
f 20 749 747
f 32 819 820
f 23 765 767
f 24 773 771
f 37 850 849
f 41 876 875
f 34 833 834
f 33 826 825
f 25 779 777
f 36 845 843
f 20 748 750
f 17 729 727
f 14 711 709
f 13 706 703
f 15 718 715
f 16 724 721
f 18 737 733
f 35 839 835
f 42 882 878
f 40 870 866
f 19 744 740
f 30 807 805
f 27 789 787
f 22 762 758
f 28 797 793
f 29 802 799
f 32 821 817
f 23 766 763
f 24 774 770
f 37 852 848
f 41 874 872
f 35 838 836
f 18 736 734
f 19 741 739
f 40 867 865
f 42 879 877
f 34 831 829
f 33 828 824
f 25 780 776
f 36 846 842
f 20 747 745
f 32 820 818
f 23 767 764
f 24 771 769
f 37 849 847
f 41 875 871
f 34 834 830
f 33 825 823
f 25 777 775
f 36 843 841
f 20 750 746
f 14 714 710
f 13 707 704
f 15 719 716
f 16 725 722
f 17 732 728
f 21 755 752
f 31 814 811
f 26 784 781
f 38 857 853
f 39 862 860
f 27 792 788
f 22 759 757
f 28 796 794
f 29 803 800
f 30 810 806
f 31 815 812
f 26 785 782
f 38 856 854
f 39 863 859
f 21 754 751
f 14 712 714
f 13 705 707
f 15 717 719
f 16 723 725
f 17 730 732
f 21 753 755
f 31 816 814
f 26 786 784
f 38 858 857
f 39 861 862
f 27 791 792
f 22 761 759
f 28 795 796
f 29 801 803
f 30 808 810
f 31 813 815
f 26 783 785
f 38 855 856
f 39 864 863
f 21 756 754
f 14 709 712
f 13 703 705
f 15 715 717
f 16 721 723
f 17 727 730
f 21 751 753
f 31 812 816
f 26 782 786
f 38 854 858
f 39 859 861
f 27 787 791
f 22 758 761
f 28 793 795
f 29 799 801
f 30 805 808
f 31 811 813
f 26 781 783
f 38 853 855
f 39 860 864
f 21 752 756
f 17 728 731
f 14 710 713
f 13 704 708
f 15 716 720
f 16 722 726
f 18 734 738
f 35 836 840
f 42 877 881
f 40 865 869
f 19 739 743
f 30 806 809
f 27 788 790
f 22 757 760
f 28 794 798
f 29 800 804
f 32 818 822
f 23 764 768
f 24 769 772
f 37 847 851
f 41 871 873
f 35 835 837
f 18 733 735
f 19 740 742
f 40 866 868
f 42 878 880
f 34 830 832
f 33 823 827
f 25 775 778
f 36 841 844
f 20 746 749
f 32 817 819
f 23 763 765
f 24 770 773
f 37 848 850
f 41 872 876
f 34 829 833
f 33 824 826
f 25 776 779
f 36 842 845
f 20 745 748
f 17 731 729
f 14 713 711
f 13 708 706
f 15 720 718
f 16 726 724
f 18 738 737
f 35 840 839
f 42 881 882
f 40 869 870
f 19 743 744
f 30 809 807
f 27 790 789
f 22 760 762
f 28 798 797
f 29 804 802
f 32 822 821
f 23 768 766
f 24 772 774
f 37 851 852
f 41 873 874
f 107 1269 1270
f 103 1245 1246
f 104 1252 1251
f 110 1288 1287
f 113 1306 1305
f 118 1336 1335
f 154 1551 1552
f 141 1473 1474
f 162 1599 1600
f 121 1354 1353
f 142 1479 1480
f 129 1401 1402
f 130 1408 1407
f 144 1492 1491
f 146 1504 1503
f 151 1533 1534
f 131 1414 1413
f 136 1444 1443
f 161 1594 1593
f 126 1383 1384
f 116 1323 1324
f 108 1275 1276
f 106 1263 1264
f 112 1299 1300
f 115 1317 1318
f 119 1341 1342
f 156 1564 1563
f 139 1462 1461
f 160 1588 1587
f 120 1347 1348
f 149 1521 1522
f 132 1420 1419
f 128 1395 1396
f 145 1497 1498
f 148 1515 1516
f 155 1557 1558
f 133 1425 1426
f 134 1431 1432
f 157 1570 1569
f 124 1372 1371
f 109 1282 1281
f 105 1258 1257
f 111 1294 1293
f 114 1312 1311
f 117 1330 1329
f 125 1378 1377
f 152 1540 1539
f 137 1449 1450
f 158 1575 1576
f 123 1365 1366
f 143 1486 1485
f 127 1390 1389
f 135 1437 1438
f 147 1510 1509
f 150 1528 1527
f 153 1546 1545
f 140 1468 1467
f 138 1455 1456
f 159 1581 1582
f 122 1359 1360
f 107 1272 1271
f 103 1248 1247
f 104 1253 1254
f 110 1289 1290
f 113 1307 1308
f 118 1337 1338
f 154 1554 1553
f 141 1476 1475
f 162 1602 1601
f 121 1355 1356
f 142 1482 1481
f 129 1404 1403
f 130 1409 1410
f 144 1493 1494
f 146 1505 1506
f 151 1536 1535
f 131 1415 1416
f 136 1445 1446
f 161 1595 1596
f 126 1386 1385
f 47 909 907
f 44 891 889
f 43 886 883
f 45 898 895
f 46 904 901
f 49 922 919
f 72 1060 1057
f 102 1240 1237
f 96 1204 1201
f 79 1102 1099
f 62 999 997
f 59 981 979
f 58 976 973
f 60 988 985
f 61 994 991
f 66 1024 1021
f 54 952 949
f 73 1066 1063
f 85 1138 1135
f 92 1179 1177
f 101 1233 1231
f 69 1041 1039
f 50 927 925
f 82 1119 1117
f 97 1209 1207
f 71 1053 1051
f 100 1228 1225
f 94 1192 1189
f 80 1108 1105
f 51 933 931
f 90 1167 1165
f 63 1005 1003
f 55 957 955
f 76 1083 1081
f 87 1150 1147
f 91 1174 1171
f 67 1029 1027
f 56 963 961
f 75 1077 1075
f 83 1126 1123
f 68 1036 1033
f 48 915 913
f 78 1095 1093
f 93 1185 1183
f 98 1216 1213
f 88 1155 1153
f 65 1018 1015
f 57 970 967
f 77 1090 1087
f 86 1143 1141
f 64 1012 1009
f 53 945 943
f 74 1071 1069
f 84 1131 1129
f 89 1162 1159
f 70 1047 1045
f 99 1221 1219
f 95 1197 1195
f 81 1114 1111
f 52 940 937
f 109 1284 1280
f 105 1260 1256
f 111 1296 1292
f 114 1314 1310
f 117 1332 1328
f 125 1380 1376
f 152 1542 1538
f 137 1451 1447
f 158 1577 1573
f 123 1367 1363
f 143 1488 1484
f 127 1392 1388
f 135 1439 1435
f 147 1512 1508
f 150 1530 1526
f 153 1548 1544
f 140 1470 1466
f 138 1457 1453
f 159 1583 1579
f 122 1361 1357
f 107 1270 1268
f 103 1246 1244
f 104 1251 1249
f 110 1287 1285
f 113 1305 1303
f 118 1335 1333
f 154 1552 1550
f 141 1474 1472
f 162 1600 1598
f 121 1353 1351
f 142 1480 1478
f 129 1402 1400
f 130 1407 1405
f 144 1491 1489
f 146 1503 1501
f 151 1534 1532
f 131 1413 1411
f 136 1443 1441
f 161 1593 1591
f 126 1384 1382
f 116 1324 1322
f 108 1276 1274
f 106 1264 1262
f 112 1300 1298
f 115 1318 1316
f 119 1342 1340
f 156 1563 1561
f 139 1461 1459
f 160 1587 1585
f 120 1348 1346
f 149 1522 1520
f 132 1419 1417
f 128 1396 1394
f 145 1498 1496
f 148 1516 1514
f 155 1558 1556
f 133 1426 1424
f 134 1432 1430
f 157 1569 1567
f 124 1371 1369
f 109 1281 1279
f 105 1257 1255
f 111 1293 1291
f 114 1311 1309
f 117 1329 1327
f 125 1377 1375
f 152 1539 1537
f 137 1450 1448
f 158 1576 1574
f 123 1366 1364
f 143 1485 1483
f 127 1389 1387
f 135 1438 1436
f 147 1509 1507
f 150 1527 1525
f 153 1545 1543
f 140 1467 1465
f 138 1456 1454
f 159 1582 1580
f 122 1360 1358
f 107 1271 1267
f 103 1247 1243
f 104 1254 1250
f 110 1290 1286
f 113 1308 1304
f 118 1338 1334
f 154 1553 1549
f 141 1475 1471
f 162 1601 1597
f 121 1356 1352
f 142 1481 1477
f 129 1403 1399
f 130 1410 1406
f 144 1494 1490
f 146 1506 1502
f 151 1535 1531
f 131 1416 1412
f 136 1446 1442
f 161 1596 1592
f 126 1385 1381
f 44 894 890
f 43 887 884
f 45 899 896
f 46 905 902
f 47 912 908
f 52 941 938
f 70 1050 1046
f 99 1224 1220
f 95 1200 1196
f 81 1115 1112
f 59 984 980
f 58 977 974
f 60 989 986
f 61 995 992
f 62 1002 998
f 65 1019 1016
f 57 971 968
f 77 1091 1088
f 86 1146 1142
f 88 1158 1154
f 98 1217 1214
f 68 1037 1034
f 48 918 914
f 78 1098 1094
f 93 1188 1184
f 69 1044 1040
f 101 1236 1232
f 97 1212 1208
f 82 1122 1118
f 50 930 926
f 89 1163 1160
f 64 1013 1010
f 53 948 944
f 74 1074 1070
f 84 1134 1130
f 90 1170 1166
f 63 1008 1004
f 55 960 956
f 76 1086 1082
f 87 1151 1148
f 72 1061 1058
f 49 923 920
f 79 1103 1100
f 96 1205 1202
f 102 1241 1238
f 91 1175 1172
f 67 1032 1028
f 56 966 962
f 75 1080 1076
f 83 1127 1124
f 66 1025 1022
f 54 953 950
f 73 1067 1064
f 85 1139 1136
f 92 1182 1178
f 71 1056 1052
f 100 1229 1226
f 94 1193 1190
f 80 1109 1106
f 51 936 932
f 116 1325 1321
f 108 1277 1273
f 106 1265 1261
f 112 1301 1297
f 115 1319 1315
f 119 1343 1339
f 156 1566 1562
f 139 1464 1460
f 160 1590 1586
f 120 1349 1345
f 149 1523 1519
f 132 1422 1418
f 128 1397 1393
f 145 1499 1495
f 148 1517 1513
f 155 1559 1555
f 133 1427 1423
f 134 1433 1429
f 157 1572 1568
f 124 1374 1370
f 44 892 894
f 43 885 887
f 45 897 899
f 46 903 905
f 47 910 912
f 52 939 941
f 70 1048 1050
f 99 1222 1224
f 95 1198 1200
f 81 1113 1115
f 59 982 984
f 58 975 977
f 60 987 989
f 61 993 995
f 62 1000 1002
f 65 1017 1019
f 57 969 971
f 77 1089 1091
f 86 1144 1146
f 88 1156 1158
f 98 1215 1217
f 68 1035 1037
f 48 916 918
f 78 1096 1098
f 93 1186 1188
f 69 1042 1044
f 101 1234 1236
f 97 1210 1212
f 82 1120 1122
f 50 928 930
f 89 1161 1163
f 64 1011 1013
f 53 946 948
f 74 1072 1074
f 84 1132 1134
f 90 1168 1170
f 63 1006 1008
f 55 958 960
f 76 1084 1086
f 87 1149 1151
f 72 1059 1061
f 49 921 923
f 79 1101 1103
f 96 1203 1205
f 102 1239 1241
f 91 1173 1175
f 67 1030 1032
f 56 964 966
f 75 1078 1080
f 83 1125 1127
f 66 1023 1025
f 54 951 953
f 73 1065 1067
f 85 1137 1139
f 92 1180 1182
f 71 1054 1056
f 100 1227 1229
f 94 1191 1193
f 80 1107 1109
f 51 934 936
f 116 1326 1325
f 108 1278 1277
f 106 1266 1265
f 112 1302 1301
f 115 1320 1319
f 119 1344 1343
f 156 1565 1566
f 139 1463 1464
f 160 1589 1590
f 120 1350 1349
f 149 1524 1523
f 132 1421 1422
f 128 1398 1397
f 145 1500 1499
f 148 1518 1517
f 155 1560 1559
f 133 1428 1427
f 134 1434 1433
f 157 1571 1572
f 124 1373 1374
f 44 889 892
f 43 883 885
f 45 895 897
f 46 901 903
f 47 907 910
f 52 937 939
f 70 1045 1048
f 99 1219 1222
f 95 1195 1198
f 81 1111 1113
f 59 979 982
f 58 973 975
f 60 985 987
f 61 991 993
f 62 997 1000
f 65 1015 1017
f 57 967 969
f 77 1087 1089
f 86 1141 1144
f 88 1153 1156
f 98 1213 1215
f 68 1033 1035
f 48 913 916
f 78 1093 1096
f 93 1183 1186
f 69 1039 1042
f 101 1231 1234
f 97 1207 1210
f 82 1117 1120
f 50 925 928
f 89 1159 1161
f 64 1009 1011
f 53 943 946
f 74 1069 1072
f 84 1129 1132
f 90 1165 1168
f 63 1003 1006
f 55 955 958
f 76 1081 1084
f 87 1147 1149
f 72 1057 1059
f 49 919 921
f 79 1099 1101
f 96 1201 1203
f 102 1237 1239
f 91 1171 1173
f 67 1027 1030
f 56 961 964
f 75 1075 1078
f 83 1123 1125
f 66 1021 1023
f 54 949 951
f 73 1063 1065
f 85 1135 1137
f 92 1177 1180
f 71 1051 1054
f 100 1225 1227
f 94 1189 1191
f 80 1105 1107
f 51 931 934
f 116 1322 1326
f 108 1274 1278
f 106 1262 1266
f 112 1298 1302
f 115 1316 1320
f 119 1340 1344
f 156 1561 1565
f 139 1459 1463
f 160 1585 1589
f 120 1346 1350
f 149 1520 1524
f 132 1417 1421
f 128 1394 1398
f 145 1496 1500
f 148 1514 1518
f 155 1556 1560
f 133 1424 1428
f 134 1430 1434
f 157 1567 1571
f 124 1369 1373
f 47 908 911
f 44 890 893
f 43 884 888
f 45 896 900
f 46 902 906
f 49 920 924
f 72 1058 1062
f 102 1238 1242
f 96 1202 1206
f 79 1100 1104
f 62 998 1001
f 59 980 983
f 58 974 978
f 60 986 990
f 61 992 996
f 66 1022 1026
f 54 950 954
f 73 1064 1068
f 85 1136 1140
f 92 1178 1181
f 101 1232 1235
f 69 1040 1043
f 50 926 929
f 82 1118 1121
f 97 1208 1211
f 71 1052 1055
f 100 1226 1230
f 94 1190 1194
f 80 1106 1110
f 51 932 935
f 90 1166 1169
f 63 1004 1007
f 55 956 959
f 76 1082 1085
f 87 1148 1152
f 91 1172 1176
f 67 1028 1031
f 56 962 965
f 75 1076 1079
f 83 1124 1128
f 68 1034 1038
f 48 914 917
f 78 1094 1097
f 93 1184 1187
f 98 1214 1218
f 88 1154 1157
f 65 1016 1020
f 57 968 972
f 77 1088 1092
f 86 1142 1145
f 64 1010 1014
f 53 944 947
f 74 1070 1073
f 84 1130 1133
f 89 1160 1164
f 70 1046 1049
f 99 1220 1223
f 95 1196 1199
f 81 1112 1116
f 52 938 942
f 109 1279 1283
f 105 1255 1259
f 111 1291 1295
f 114 1309 1313
f 117 1327 1331
f 125 1375 1379
f 152 1537 1541
f 137 1448 1452
f 158 1574 1578
f 123 1364 1368
f 143 1483 1487
f 127 1387 1391
f 135 1436 1440
f 147 1507 1511
f 150 1525 1529
f 153 1543 1547
f 140 1465 1469
f 138 1454 1458
f 159 1580 1584
f 122 1358 1362
f 107 1267 1269
f 103 1243 1245
f 104 1250 1252
f 110 1286 1288
f 113 1304 1306
f 118 1334 1336
f 154 1549 1551
f 141 1471 1473
f 162 1597 1599
f 121 1352 1354
f 142 1477 1479
f 129 1399 1401
f 130 1406 1408
f 144 1490 1492
f 146 1502 1504
f 151 1531 1533
f 131 1412 1414
f 136 1442 1444
f 161 1592 1594
f 126 1381 1383
f 116 1321 1323
f 108 1273 1275
f 106 1261 1263
f 112 1297 1299
f 115 1315 1317
f 119 1339 1341
f 156 1562 1564
f 139 1460 1462
f 160 1586 1588
f 120 1345 1347
f 149 1519 1521
f 132 1418 1420
f 128 1393 1395
f 145 1495 1497
f 148 1513 1515
f 155 1555 1557
f 133 1423 1425
f 134 1429 1431
f 157 1568 1570
f 124 1370 1372
f 109 1280 1282
f 105 1256 1258
f 111 1292 1294
f 114 1310 1312
f 117 1328 1330
f 125 1376 1378
f 152 1538 1540
f 137 1447 1449
f 158 1573 1575
f 123 1363 1365
f 143 1484 1486
f 127 1388 1390
f 135 1435 1437
f 147 1508 1510
f 150 1526 1528
f 153 1544 1546
f 140 1466 1468
f 138 1453 1455
f 159 1579 1581
f 122 1357 1359
f 107 1268 1272
f 103 1244 1248
f 104 1249 1253
f 110 1285 1289
f 113 1303 1307
f 118 1333 1337
f 154 1550 1554
f 141 1472 1476
f 162 1598 1602
f 121 1351 1355
f 142 1478 1482
f 129 1400 1404
f 130 1405 1409
f 144 1489 1493
f 146 1501 1505
f 151 1532 1536
f 131 1411 1415
f 136 1441 1445
f 161 1591 1595
f 126 1382 1386
f 47 911 909
f 44 893 891
f 43 888 886
f 45 900 898
f 46 906 904
f 49 924 922
f 72 1062 1060
f 102 1242 1240
f 96 1206 1204
f 79 1104 1102
f 62 1001 999
f 59 983 981
f 58 978 976
f 60 990 988
f 61 996 994
f 66 1026 1024
f 54 954 952
f 73 1068 1066
f 85 1140 1138
f 92 1181 1179
f 101 1235 1233
f 69 1043 1041
f 50 929 927
f 82 1121 1119
f 97 1211 1209
f 71 1055 1053
f 100 1230 1228
f 94 1194 1192
f 80 1110 1108
f 51 935 933
f 90 1169 1167
f 63 1007 1005
f 55 959 957
f 76 1085 1083
f 87 1152 1150
f 91 1176 1174
f 67 1031 1029
f 56 965 963
f 75 1079 1077
f 83 1128 1126
f 68 1038 1036
f 48 917 915
f 78 1097 1095
f 93 1187 1185
f 98 1218 1216
f 88 1157 1155
f 65 1020 1018
f 57 972 970
f 77 1092 1090
f 86 1145 1143
f 64 1014 1012
f 53 947 945
f 74 1073 1071
f 84 1133 1131
f 89 1164 1162
f 70 1049 1047
f 99 1223 1221
f 95 1199 1197
f 81 1116 1114
f 52 942 940
f 109 1283 1284
f 105 1259 1260
f 111 1295 1296
f 114 1313 1314
f 117 1331 1332
f 125 1379 1380
f 152 1541 1542
f 137 1452 1451
f 158 1578 1577
f 123 1368 1367
f 143 1487 1488
f 127 1391 1392
f 135 1440 1439
f 147 1511 1512
f 150 1529 1530
f 153 1547 1548
f 140 1469 1470
f 138 1458 1457
f 159 1584 1583
f 122 1362 1361
f 407 1609 1616
f 403 1605 1608
f 404 1611 1606
f 410 1614 1612
f 413 1617 1615
f 422 1631 1624
f 486 1688 1692
f 573 1775 1782
f 561 1763 1765
f 512 1719 1714
f 452 1654 1661
f 448 1650 1653
f 449 1656 1651
f 455 1659 1657
f 458 1662 1660
f 470 1672 1675
f 437 1646 1639
f 494 1706 1696
f 531 1735 1733
f 539 1741 1751
f 568 1770 1779
f 478 1680 1683
f 419 1621 1626
f 509 1711 1721
f 554 1756 1766
f 482 1684 1689
f 576 1780 1778
f 558 1767 1760
f 516 1722 1718
f 425 1627 1629
f 542 1744 1747
f 463 1668 1665
f 434 1636 1641
f 497 1699 1704
f 528 1730 1737
f 546 1748 1750
f 464 1666 1676
f 440 1642 1644
f 500 1705 1702
f 524 1736 1726
f 479 1691 1681
f 418 1623 1620
f 508 1713 1710
f 553 1764 1755
f 569 1781 1771
f 538 1749 1740
f 471 1677 1673
f 443 1645 1647
f 501 1703 1707
f 523 1725 1734
f 467 1674 1669
f 433 1638 1635
f 493 1695 1698
f 527 1732 1729
f 543 1752 1745
f 485 1690 1687
f 572 1777 1774
f 557 1759 1762
f 515 1717 1720
f 428 1630 1632
f 591 2191 2189
f 587 1885 1883
f 588 1901 1903
f 594 2279 2281
f 597 2315 2317
f 600 2171 2173
f 634 2160 2158
f 619 2016 2012
f 639 2214 2210
f 602 1919 1924
f 624 2137 2135
f 608 1978 1973
f 610 1991 1996
f 627 2225 2227
f 630 2302 2304
f 635 2178 2176
f 615 2153 2155
f 617 2009 2014
f 637 2207 2212
f 604 1926 1922
f 416 1857 1864
f 408 1803 1810
f 406 1786 1795
f 412 1822 1831
f 415 1840 1849
f 424 1876 1887
f 492 2182 2193
f 582 2312 2321
f 565 2276 2285
f 514 1898 1907
f 461 2091 2098
f 453 2037 2044
f 451 1952 1961
f 457 2056 2067
f 460 2074 2083
f 475 2128 2139
f 439 1966 1975
f 496 1988 1997
f 533 2222 2231
f 551 2293 2298
f 579 2185 2190
f 483 1879 1884
f 426 1893 1900
f 521 2271 2278
f 566 2307 2314
f 489 2163 2170
f 578 2150 2159
f 560 2006 2015
f 518 2204 2213
f 429 1911 1918
f 547 2131 2136
f 465 1969 1977
f 441 1983 1990
f 504 2217 2224
f 537 2290 2301
f 550 2168 2177
f 476 2145 2152
f 444 2001 2008
f 502 2199 2206
f 526 1916 1925
f 481 1808 1817
f 420 1789 1797
f 510 1825 1833
f 555 1843 1851
f 571 1862 1871
f 540 1933 1941
f 473 2110 2119
f 447 2020 2029
f 507 2236 2247
f 534 2257 2262
f 469 2042 2051
f 435 1947 1954
f 498 2059 2064
f 529 2077 2085
f 545 2096 2105
f 487 2113 2121
f 574 2023 2031
f 562 2239 2244
f 520 2254 2265
f 432 1930 1939
f 589 1818 1814
f 583 1798 1793
f 586 1834 1829
f 593 1852 1847
f 596 1872 1868
f 599 1942 1937
f 633 2120 2124
f 620 2030 2034
f 640 2248 2250
f 603 2263 2261
f 622 2052 2050
f 607 1955 1960
f 612 2065 2063
f 626 2086 2081
f 629 2106 2102
f 631 2122 2117
f 614 2032 2027
f 618 2245 2243
f 641 2266 2268
f 605 1940 1944
f 409 1813 1804
f 405 1792 1785
f 411 1828 1821
f 414 1846 1839
f 417 1867 1858
f 431 1936 1929
f 488 2123 2114
f 575 2033 2024
f 563 2249 2240
f 519 2260 2253
f 454 2049 2038
f 450 1959 1951
f 456 2062 2055
f 459 2080 2073
f 462 2101 2092
f 472 2116 2109
f 446 2026 2019
f 506 2242 2235
f 535 2267 2258
f 541 1943 1934
f 570 1869 1861
f 480 1815 1807
f 421 1799 1790
f 511 1835 1826
f 556 1853 1844
f 484 1889 1880
f 580 2195 2186
f 567 2319 2308
f 522 2283 2272
f 427 1905 1894
f 544 2103 2095
f 468 2046 2041
f 436 1957 1948
f 499 2069 2060
f 530 2087 2078
f 548 2141 2132
f 466 1979 1970
f 442 1993 1984
f 505 2229 2218
f 536 2296 2289
f 491 2188 2181
f 423 1882 1875
f 513 1902 1897
f 564 2280 2275
f 581 2316 2311
f 549 2172 2167
f 477 2157 2146
f 445 2011 2002
f 503 2209 2200
f 525 1923 1915
f 474 2134 2127
f 438 1972 1965
f 495 1995 1987
f 532 2226 2221
f 552 2303 2294
f 490 2175 2164
f 577 2154 2149
f 559 2013 2005
f 517 2211 2203
f 430 1921 1912
f 590 1865 1870
f 584 1811 1816
f 585 1796 1800
f 592 1832 1836
f 595 1850 1854
f 598 1888 1890
f 636 2194 2196
f 621 2322 2320
f 642 2286 2284
f 601 1908 1906
f 623 2099 2104
f 611 2045 2047
f 609 1962 1958
f 625 2068 2070
f 628 2084 2088
f 632 2140 2142
f 613 1976 1980
f 616 1998 1994
f 638 2232 2230
f 606 2299 2297
f 407 2330 2329
f 403 2324 2323
f 404 2325 2326
f 410 2332 2333
f 413 2335 2336
f 422 2344 2345
f 486 2410 2409
f 573 2497 2496
f 561 2486 2485
f 512 2434 2435
f 452 2375 2374
f 448 2369 2368
f 449 2370 2371
f 455 2377 2378
f 458 2380 2381
f 470 2393 2392
f 437 2359 2360
f 494 2415 2416
f 531 2455 2456
f 539 2461 2460
f 568 2489 2488
f 478 2399 2398
f 419 2341 2340
f 509 2431 2430
f 554 2476 2475
f 482 2405 2404
f 576 2500 2501
f 558 2481 2482
f 516 2439 2440
f 425 2348 2347
f 542 2465 2464
f 463 2383 2384
f 434 2356 2355
f 497 2420 2419
f 528 2452 2451
f 546 2471 2470
f 464 2386 2385
f 440 2363 2362
f 500 2422 2423
f 524 2445 2446
f 479 2400 2401
f 418 2338 2339
f 508 2428 2429
f 553 2473 2474
f 569 2490 2491
f 538 2458 2459
f 471 2394 2395
f 443 2366 2365
f 501 2425 2424
f 523 2444 2443
f 467 2389 2390
f 433 2353 2354
f 493 2414 2413
f 527 2449 2450
f 543 2466 2467
f 485 2407 2408
f 572 2494 2495
f 557 2480 2479
f 515 2438 2437
f 428 2351 2350
f 591 2510 2511
f 587 2504 2505
f 588 2508 2507
f 594 2514 2513
f 597 2517 2516
f 600 2520 2519
f 634 2554 2556
f 619 2539 2540
f 639 2560 2561
f 602 2523 2521
f 624 2543 2544
f 608 2527 2529
f 610 2532 2530
f 627 2547 2546
f 630 2550 2549
f 635 2552 2553
f 615 2535 2534
f 617 2538 2536
f 637 2558 2557
f 604 2524 2525
f 167 1607 647
f 164 1603 644
f 163 1604 643
f 165 1610 645
f 166 1613 646
f 169 1622 649
f 192 1686 672
f 222 1773 702
f 216 1761 696
f 199 1712 679
f 182 1652 662
f 179 1648 659
f 178 1649 658
f 180 1655 660
f 181 1658 661
f 186 1670 666
f 174 1637 654
f 193 1694 673
f 205 1731 685
f 212 1739 692
f 221 1768 701
f 189 1678 669
f 170 1619 650
f 202 1709 682
f 217 1754 697
f 191 1682 671
f 220 1776 700
f 214 1758 694
f 200 1716 680
f 171 1625 651
f 210 1742 690
f 183 1663 663
f 175 1634 655
f 196 1697 676
f 207 1728 687
f 211 1746 691
f 187 1664 667
f 176 1640 656
f 195 1700 675
f 203 1724 683
f 188 1679 668
f 168 1618 648
f 198 1708 678
f 213 1753 693
f 218 1769 698
f 208 1738 688
f 185 1671 665
f 177 1643 657
f 197 1701 677
f 206 1723 686
f 184 1667 664
f 173 1633 653
f 194 1693 674
f 204 1727 684
f 209 1743 689
f 190 1685 670
f 219 1772 699
f 215 1757 695
f 201 1715 681
f 172 1628 652
f 357 2187 837
f 255 1881 735
f 262 1899 742
f 388 2277 868
f 400 2313 880
f 352 2169 832
f 347 2156 827
f 298 2010 778
f 364 2208 844
f 269 1917 749
f 339 2133 819
f 285 1971 765
f 293 1989 773
f 370 2223 850
f 396 2300 876
f 353 2174 833
f 346 2151 826
f 299 2007 779
f 365 2205 845
f 268 1920 748
f 249 1855 729
f 231 1801 711
f 226 1784 706
f 238 1820 718
f 244 1838 724
f 257 1874 737
f 359 2180 839
f 402 2310 882
f 390 2274 870
f 264 1896 744
f 327 2089 807
f 309 2035 789
f 282 1950 762
f 317 2054 797
f 322 2072 802
f 341 2126 821
f 286 1964 766
f 294 1986 774
f 372 2220 852
f 394 2291 874
f 358 2183 838
f 256 1877 736
f 261 1891 741
f 387 2269 867
f 399 2305 879
f 351 2161 831
f 348 2148 828
f 300 2004 780
f 366 2202 846
f 267 1909 747
f 340 2129 820
f 287 1967 767
f 291 1981 771
f 369 2215 849
f 395 2288 875
f 354 2166 834
f 345 2143 825
f 297 1999 777
f 363 2197 843
f 270 1914 750
f 234 1806 714
f 227 1787 707
f 239 1823 719
f 245 1841 725
f 252 1860 732
f 275 1931 755
f 334 2108 814
f 304 2018 784
f 377 2234 857
f 382 2255 862
f 312 2040 792
f 279 1945 759
f 316 2057 796
f 323 2075 803
f 330 2094 810
f 335 2111 815
f 305 2021 785
f 376 2237 856
f 383 2252 863
f 274 1928 754
f 232 1812 712
f 225 1791 705
f 237 1827 717
f 243 1845 723
f 250 1866 730
f 273 1935 753
f 336 2118 816
f 306 2028 786
f 378 2246 858
f 381 2259 861
f 311 2048 791
f 281 1953 761
f 315 2061 795
f 321 2079 801
f 328 2100 808
f 333 2115 813
f 303 2025 783
f 375 2241 855
f 384 2264 864
f 276 1938 756
f 229 1802 709
f 223 1783 703
f 235 1819 715
f 241 1837 721
f 247 1856 727
f 271 1927 751
f 332 2112 812
f 302 2022 782
f 374 2238 854
f 379 2251 859
f 307 2036 787
f 278 1949 758
f 313 2053 793
f 319 2071 799
f 325 2090 805
f 331 2107 811
f 301 2017 781
f 373 2233 853
f 380 2256 860
f 272 1932 752
f 248 1859 728
f 230 1805 710
f 224 1788 704
f 236 1824 716
f 242 1842 722
f 254 1878 734
f 356 2184 836
f 397 2306 877
f 385 2270 865
f 259 1892 739
f 326 2093 806
f 308 2039 788
f 277 1946 757
f 314 2058 794
f 320 2076 800
f 338 2130 818
f 284 1968 764
f 289 1982 769
f 367 2216 847
f 391 2287 871
f 355 2179 835
f 253 1873 733
f 260 1895 740
f 386 2273 866
f 398 2309 878
f 350 2165 830
f 343 2144 823
f 295 2000 775
f 361 2198 841
f 266 1913 746
f 337 2125 817
f 283 1963 763
f 290 1985 770
f 368 2219 848
f 392 2292 872
f 349 2162 829
f 344 2147 824
f 296 2003 776
f 362 2201 842
f 265 1910 745
f 251 1863 731
f 233 1809 713
f 228 1794 708
f 240 1830 720
f 246 1848 726
f 258 1886 738
f 360 2192 840
f 401 2318 881
f 389 2282 869
f 263 1904 743
f 329 2097 809
f 310 2043 790
f 280 1956 760
f 318 2066 798
f 324 2082 804
f 342 2138 822
f 288 1974 768
f 292 1992 772
f 371 2228 851
f 393 2295 873
f 409 2331 1269
f 405 2327 1245
f 411 2328 1252
f 414 2334 1288
f 417 2337 1306
f 431 2346 1336
f 488 2412 1551
f 575 2499 1473
f 563 2487 1599
f 519 2436 1354
f 454 2376 1479
f 450 2372 1401
f 456 2373 1408
f 459 2379 1492
f 462 2382 1504
f 472 2396 1533
f 446 2361 1414
f 506 2418 1444
f 535 2457 1594
f 541 2463 1383
f 570 2492 1323
f 480 2402 1275
f 421 2343 1263
f 511 2433 1299
f 556 2478 1317
f 484 2406 1341
f 580 2502 1564
f 567 2484 1462
f 522 2442 1588
f 427 2349 1347
f 544 2468 1521
f 468 2387 1420
f 436 2358 1395
f 499 2421 1497
f 530 2454 1515
f 548 2472 1557
f 466 2388 1425
f 442 2364 1431
f 505 2426 1570
f 536 2448 1372
f 491 2403 1282
f 423 2342 1258
f 513 2432 1294
f 564 2477 1312
f 581 2493 1330
f 549 2462 1378
f 477 2397 1540
f 445 2367 1449
f 503 2427 1575
f 525 2447 1365
f 474 2391 1486
f 438 2357 1390
f 495 2417 1437
f 532 2453 1510
f 552 2469 1528
f 490 2411 1546
f 577 2498 1468
f 559 2483 1455
f 517 2441 1581
f 430 2352 1359
f 590 2509 1272
f 584 2503 1248
f 585 2506 1253
f 592 2512 1289
f 595 2515 1307
f 598 2518 1337
f 636 2555 1554
f 621 2541 1476
f 642 2562 1602
f 601 2522 1355
f 623 2542 1482
f 611 2528 1404
f 609 2531 1409
f 625 2545 1493
f 628 2548 1505
f 632 2551 1536
f 613 2533 1415
f 616 2537 1445
f 638 2559 1595
f 606 2526 1386
f 407 1616 909
f 403 1608 891
f 404 1606 886
f 410 1612 898
f 413 1615 904
f 422 1624 922
f 486 1692 1060
f 573 1782 1240
f 561 1765 1204
f 512 1714 1102
f 452 1661 999
f 448 1653 981
f 449 1651 976
f 455 1657 988
f 458 1660 994
f 470 1675 1024
f 437 1639 952
f 494 1696 1066
f 531 1733 1138
f 539 1751 1179
f 568 1779 1233
f 478 1683 1041
f 419 1626 927
f 509 1721 1119
f 554 1766 1209
f 482 1689 1053
f 576 1778 1228
f 558 1760 1192
f 516 1718 1108
f 425 1629 933
f 542 1747 1167
f 463 1665 1005
f 434 1641 957
f 497 1704 1083
f 528 1737 1150
f 546 1750 1174
f 464 1676 1029
f 440 1644 963
f 500 1702 1077
f 524 1726 1126
f 479 1681 1036
f 418 1620 915
f 508 1710 1095
f 553 1755 1185
f 569 1771 1216
f 538 1740 1155
f 471 1673 1018
f 443 1647 970
f 501 1707 1090
f 523 1734 1143
f 467 1669 1012
f 433 1635 945
f 493 1698 1071
f 527 1729 1131
f 543 1745 1162
f 485 1687 1047
f 572 1774 1221
f 557 1762 1197
f 515 1720 1114
f 428 1632 940
f 591 2189 1284
f 587 1883 1260
f 588 1903 1296
f 594 2281 1314
f 597 2317 1332
f 600 2173 1380
f 634 2158 1542
f 619 2012 1451
f 639 2210 1577
f 602 1924 1367
f 624 2135 1488
f 608 1973 1392
f 610 1996 1439
f 627 2227 1512
f 630 2304 1530
f 635 2176 1548
f 615 2155 1470
f 617 2014 1457
f 637 2212 1583
f 604 1922 1361
f 416 1864 1270
f 408 1810 1246
f 406 1795 1251
f 412 1831 1287
f 415 1849 1305
f 424 1887 1335
f 492 2193 1552
f 582 2321 1474
f 565 2285 1600
f 514 1907 1353
f 461 2098 1480
f 453 2044 1402
f 451 1961 1407
f 457 2067 1491
f 460 2083 1503
f 475 2139 1534
f 439 1975 1413
f 496 1997 1443
f 533 2231 1593
f 551 2298 1384
f 579 2190 1324
f 483 1884 1276
f 426 1900 1264
f 521 2278 1300
f 566 2314 1318
f 489 2170 1342
f 578 2159 1563
f 560 2015 1461
f 518 2213 1587
f 429 1918 1348
f 547 2136 1522
f 465 1977 1419
f 441 1990 1396
f 504 2224 1498
f 537 2301 1516
f 550 2177 1558
f 476 2152 1426
f 444 2008 1432
f 502 2206 1569
f 526 1925 1371
f 481 1817 1281
f 420 1797 1257
f 510 1833 1293
f 555 1851 1311
f 571 1871 1329
f 540 1941 1377
f 473 2119 1539
f 447 2029 1450
f 507 2247 1576
f 534 2262 1366
f 469 2051 1485
f 435 1954 1389
f 498 2064 1438
f 529 2085 1509
f 545 2105 1527
f 487 2121 1545
f 574 2031 1467
f 562 2244 1456
f 520 2265 1582
f 432 1939 1360
f 589 1814 1271
f 583 1793 1247
f 586 1829 1254
f 593 1847 1290
f 596 1868 1308
f 599 1937 1338
f 633 2124 1553
f 620 2034 1475
f 640 2250 1601
f 603 2261 1356
f 622 2050 1481
f 607 1960 1403
f 612 2063 1410
f 626 2081 1494
f 629 2102 1506
f 631 2117 1535
f 614 2027 1416
f 618 2243 1446
f 641 2268 1596
f 605 1944 1385
f 409 1804 894
f 405 1785 887
f 411 1821 899
f 414 1839 905
f 417 1858 912
f 431 1929 941
f 488 2114 1050
f 575 2024 1224
f 563 2240 1200
f 519 2253 1115
f 454 2038 984
f 450 1951 977
f 456 2055 989
f 459 2073 995
f 462 2092 1002
f 472 2109 1019
f 446 2019 971
f 506 2235 1091
f 535 2258 1146
f 541 1934 1158
f 570 1861 1217
f 480 1807 1037
f 421 1790 918
f 511 1826 1098
f 556 1844 1188
f 484 1880 1044
f 580 2186 1236
f 567 2308 1212
f 522 2272 1122
f 427 1894 930
f 544 2095 1163
f 468 2041 1013
f 436 1948 948
f 499 2060 1074
f 530 2078 1134
f 548 2132 1170
f 466 1970 1008
f 442 1984 960
f 505 2218 1086
f 536 2289 1151
f 491 2181 1061
f 423 1875 923
f 513 1897 1103
f 564 2275 1205
f 581 2311 1241
f 549 2167 1175
f 477 2146 1032
f 445 2002 966
f 503 2200 1080
f 525 1915 1127
f 474 2127 1025
f 438 1965 953
f 495 1987 1067
f 532 2221 1139
f 552 2294 1182
f 490 2164 1056
f 577 2149 1229
f 559 2005 1193
f 517 2203 1109
f 430 1912 936
f 590 1870 1325
f 584 1816 1277
f 585 1800 1265
f 592 1836 1301
f 595 1854 1319
f 598 1890 1343
f 636 2196 1566
f 621 2320 1464
f 642 2284 1590
f 601 1906 1349
f 623 2104 1523
f 611 2047 1422
f 609 1958 1397
f 625 2070 1499
f 628 2088 1517
f 632 2142 1559
f 613 1980 1427
f 616 1994 1433
f 638 2230 1572
f 606 2297 1374
f 407 2329 892
f 403 2323 885
f 404 2326 897
f 410 2333 903
f 413 2336 910
f 422 2345 939
f 486 2409 1048
f 573 2496 1222
f 561 2485 1198
f 512 2435 1113
f 452 2374 982
f 448 2368 975
f 449 2371 987
f 455 2378 993
f 458 2381 1000
f 470 2392 1017
f 437 2360 969
f 494 2416 1089
f 531 2456 1144
f 539 2460 1156
f 568 2488 1215
f 478 2398 1035
f 419 2340 916
f 509 2430 1096
f 554 2475 1186
f 482 2404 1042
f 576 2501 1234
f 558 2482 1210
f 516 2440 1120
f 425 2347 928
f 542 2464 1161
f 463 2384 1011
f 434 2355 946
f 497 2419 1072
f 528 2451 1132
f 546 2470 1168
f 464 2385 1006
f 440 2362 958
f 500 2423 1084
f 524 2446 1149
f 479 2401 1059
f 418 2339 921
f 508 2429 1101
f 553 2474 1203
f 569 2491 1239
f 538 2459 1173
f 471 2395 1030
f 443 2365 964
f 501 2424 1078
f 523 2443 1125
f 467 2390 1023
f 433 2354 951
f 493 2413 1065
f 527 2450 1137
f 543 2467 1180
f 485 2408 1054
f 572 2495 1227
f 557 2479 1191
f 515 2437 1107
f 428 2350 934
f 591 2511 1326
f 587 2505 1278
f 588 2507 1266
f 594 2513 1302
f 597 2516 1320
f 600 2519 1344
f 634 2556 1565
f 619 2540 1463
f 639 2561 1589
f 602 2521 1350
f 624 2544 1524
f 608 2529 1421
f 610 2530 1398
f 627 2546 1500
f 630 2549 1518
f 635 2553 1560
f 615 2534 1428
f 617 2536 1434
f 637 2557 1571
f 604 2525 1373
f 164 1609 889
f 163 1605 883
f 165 1611 895
f 166 1614 901
f 167 1617 907
f 172 1631 937
f 190 1688 1045
f 219 1775 1219
f 215 1763 1195
f 201 1719 1111
f 179 1654 979
f 178 1650 973
f 180 1656 985
f 181 1659 991
f 182 1662 997
f 185 1672 1015
f 177 1646 967
f 197 1706 1087
f 206 1735 1141
f 208 1741 1153
f 218 1770 1213
f 188 1680 1033
f 168 1621 913
f 198 1711 1093
f 213 1756 1183
f 189 1684 1039
f 221 1780 1231
f 217 1767 1207
f 202 1722 1117
f 170 1627 925
f 209 1744 1159
f 184 1668 1009
f 173 1636 943
f 194 1699 1069
f 204 1730 1129
f 210 1748 1165
f 183 1666 1003
f 175 1642 955
f 196 1705 1081
f 207 1736 1147
f 192 1691 1057
f 169 1623 919
f 199 1713 1099
f 216 1764 1201
f 222 1781 1237
f 211 1749 1171
f 187 1677 1027
f 176 1645 961
f 195 1703 1075
f 203 1725 1123
f 186 1674 1021
f 174 1638 949
f 193 1695 1063
f 205 1732 1135
f 212 1752 1177
f 191 1690 1051
f 220 1777 1225
f 214 1759 1189
f 200 1717 1105
f 171 1630 931
f 358 2191 1322
f 256 1885 1274
f 261 1901 1262
f 387 2279 1298
f 399 2315 1316
f 351 2171 1340
f 348 2160 1561
f 300 2016 1459
f 366 2214 1585
f 267 1919 1346
f 340 2137 1520
f 287 1978 1417
f 291 1991 1394
f 369 2225 1496
f 395 2302 1514
f 354 2178 1556
f 345 2153 1424
f 297 2009 1430
f 363 2207 1567
f 270 1926 1369
f 247 1857 908
f 229 1803 890
f 223 1786 884
f 235 1822 896
f 241 1840 902
f 253 1876 920
f 355 2182 1058
f 398 2312 1238
f 386 2276 1202
f 260 1898 1100
f 325 2091 998
f 307 2037 980
f 278 1952 974
f 313 2056 986
f 319 2074 992
f 337 2128 1022
f 283 1966 950
f 290 1988 1064
f 368 2222 1136
f 392 2293 1178
f 356 2185 1232
f 254 1879 1040
f 259 1893 926
f 385 2271 1118
f 397 2307 1208
f 349 2163 1052
f 344 2150 1226
f 296 2006 1190
f 362 2204 1106
f 265 1911 932
f 338 2131 1166
f 284 1969 1004
f 289 1983 956
f 367 2217 1082
f 391 2290 1148
f 350 2168 1172
f 343 2145 1028
f 295 2001 962
f 361 2199 1076
f 266 1916 1124
f 230 1808 1034
f 224 1789 914
f 236 1825 1094
f 242 1843 1184
f 248 1862 1214
f 272 1933 1154
f 331 2110 1016
f 301 2020 968
f 373 2236 1088
f 380 2257 1142
f 308 2042 1010
f 277 1947 944
f 314 2059 1070
f 320 2077 1130
f 326 2096 1160
f 332 2113 1046
f 302 2023 1220
f 374 2239 1196
f 379 2254 1112
f 271 1930 938
f 234 1818 1279
f 227 1798 1255
f 239 1834 1291
f 245 1852 1309
f 252 1872 1327
f 275 1942 1375
f 334 2120 1537
f 304 2030 1448
f 377 2248 1574
f 382 2263 1364
f 312 2052 1483
f 279 1955 1387
f 316 2065 1436
f 323 2086 1507
f 330 2106 1525
f 335 2122 1543
f 305 2032 1465
f 376 2245 1454
f 383 2266 1580
f 274 1940 1358
f 232 1813 1267
f 225 1792 1243
f 237 1828 1250
f 243 1846 1286
f 250 1867 1304
f 273 1936 1334
f 336 2123 1549
f 306 2033 1471
f 378 2249 1597
f 381 2260 1352
f 311 2049 1477
f 281 1959 1399
f 315 2062 1406
f 321 2080 1490
f 328 2101 1502
f 333 2116 1531
f 303 2026 1412
f 375 2242 1442
f 384 2267 1592
f 276 1943 1381
f 251 1869 1321
f 233 1815 1273
f 228 1799 1261
f 240 1835 1297
f 246 1853 1315
f 258 1889 1339
f 360 2195 1562
f 401 2319 1460
f 389 2283 1586
f 263 1905 1345
f 329 2103 1519
f 310 2046 1418
f 280 1957 1393
f 318 2069 1495
f 324 2087 1513
f 342 2141 1555
f 288 1979 1423
f 292 1993 1429
f 371 2229 1568
f 393 2296 1370
f 357 2188 1280
f 255 1882 1256
f 262 1902 1292
f 388 2280 1310
f 400 2316 1328
f 352 2172 1376
f 347 2157 1538
f 298 2011 1447
f 364 2209 1573
f 269 1923 1363
f 339 2134 1484
f 285 1972 1388
f 293 1995 1435
f 370 2226 1508
f 396 2303 1526
f 353 2175 1544
f 346 2154 1466
f 299 2013 1453
f 365 2211 1579
f 268 1921 1357
f 249 1865 1268
f 231 1811 1244
f 226 1796 1249
f 238 1832 1285
f 244 1850 1303
f 257 1888 1333
f 359 2194 1550
f 402 2322 1472
f 390 2286 1598
f 264 1908 1351
f 327 2099 1478
f 309 2045 1400
f 282 1962 1405
f 317 2068 1489
f 322 2084 1501
f 341 2140 1532
f 286 1976 1411
f 294 1998 1441
f 372 2232 1591
f 394 2299 1382
f 416 2330 911
f 408 2324 893
f 406 2325 888
f 412 2332 900
f 415 2335 906
f 424 2344 924
f 492 2410 1062
f 582 2497 1242
f 565 2486 1206
f 514 2434 1104
f 461 2375 1001
f 453 2369 983
f 451 2370 978
f 457 2377 990
f 460 2380 996
f 475 2393 1026
f 439 2359 954
f 496 2415 1068
f 533 2455 1140
f 551 2461 1181
f 579 2489 1235
f 483 2399 1043
f 426 2341 929
f 521 2431 1121
f 566 2476 1211
f 489 2405 1055
f 578 2500 1230
f 560 2481 1194
f 518 2439 1110
f 429 2348 935
f 547 2465 1169
f 465 2383 1007
f 441 2356 959
f 504 2420 1085
f 537 2452 1152
f 550 2471 1176
f 476 2386 1031
f 444 2363 965
f 502 2422 1079
f 526 2445 1128
f 481 2400 1038
f 420 2338 917
f 510 2428 1097
f 555 2473 1187
f 571 2490 1218
f 540 2458 1157
f 473 2394 1020
f 447 2366 972
f 507 2425 1092
f 534 2444 1145
f 469 2389 1014
f 435 2353 947
f 498 2414 1073
f 529 2449 1133
f 545 2466 1164
f 487 2407 1049
f 574 2494 1223
f 562 2480 1199
f 520 2438 1116
f 432 2351 942
f 589 2510 1283
f 583 2504 1259
f 586 2508 1295
f 593 2514 1313
f 596 2517 1331
f 599 2520 1379
f 633 2554 1541
f 620 2539 1452
f 640 2560 1578
f 603 2523 1368
f 622 2543 1487
f 607 2527 1391
f 612 2532 1440
f 626 2547 1511
f 629 2550 1529
f 631 2552 1547
f 614 2535 1469
f 618 2538 1458
f 641 2558 1584
f 605 2524 1362
f 164 1607 1609
f 163 1603 1605
f 165 1604 1611
f 166 1610 1614
f 167 1613 1617
f 172 1622 1631
f 190 1686 1688
f 219 1773 1775
f 215 1761 1763
f 201 1712 1719
f 179 1652 1654
f 178 1648 1650
f 180 1649 1656
f 181 1655 1659
f 182 1658 1662
f 185 1670 1672
f 177 1637 1646
f 197 1694 1706
f 206 1731 1735
f 208 1739 1741
f 218 1768 1770
f 188 1678 1680
f 168 1619 1621
f 198 1709 1711
f 213 1754 1756
f 189 1682 1684
f 221 1776 1780
f 217 1758 1767
f 202 1716 1722
f 170 1625 1627
f 209 1742 1744
f 184 1663 1668
f 173 1634 1636
f 194 1697 1699
f 204 1728 1730
f 210 1746 1748
f 183 1664 1666
f 175 1640 1642
f 196 1700 1705
f 207 1724 1736
f 192 1679 1691
f 169 1618 1623
f 199 1708 1713
f 216 1753 1764
f 222 1769 1781
f 211 1738 1749
f 187 1671 1677
f 176 1643 1645
f 195 1701 1703
f 203 1723 1725
f 186 1667 1674
f 174 1633 1638
f 193 1693 1695
f 205 1727 1732
f 212 1743 1752
f 191 1685 1690
f 220 1772 1777
f 214 1757 1759
f 200 1715 1717
f 171 1628 1630
f 358 2187 2191
f 256 1881 1885
f 261 1899 1901
f 387 2277 2279
f 399 2313 2315
f 351 2169 2171
f 348 2156 2160
f 300 2010 2016
f 366 2208 2214
f 267 1917 1919
f 340 2133 2137
f 287 1971 1978
f 291 1989 1991
f 369 2223 2225
f 395 2300 2302
f 354 2174 2178
f 345 2151 2153
f 297 2007 2009
f 363 2205 2207
f 270 1920 1926
f 247 1855 1857
f 229 1801 1803
f 223 1784 1786
f 235 1820 1822
f 241 1838 1840
f 253 1874 1876
f 355 2180 2182
f 398 2310 2312
f 386 2274 2276
f 260 1896 1898
f 325 2089 2091
f 307 2035 2037
f 278 1950 1952
f 313 2054 2056
f 319 2072 2074
f 337 2126 2128
f 283 1964 1966
f 290 1986 1988
f 368 2220 2222
f 392 2291 2293
f 356 2183 2185
f 254 1877 1879
f 259 1891 1893
f 385 2269 2271
f 397 2305 2307
f 349 2161 2163
f 344 2148 2150
f 296 2004 2006
f 362 2202 2204
f 265 1909 1911
f 338 2129 2131
f 284 1967 1969
f 289 1981 1983
f 367 2215 2217
f 391 2288 2290
f 350 2166 2168
f 343 2143 2145
f 295 1999 2001
f 361 2197 2199
f 266 1914 1916
f 230 1806 1808
f 224 1787 1789
f 236 1823 1825
f 242 1841 1843
f 248 1860 1862
f 272 1931 1933
f 331 2108 2110
f 301 2018 2020
f 373 2234 2236
f 380 2255 2257
f 308 2040 2042
f 277 1945 1947
f 314 2057 2059
f 320 2075 2077
f 326 2094 2096
f 332 2111 2113
f 302 2021 2023
f 374 2237 2239
f 379 2252 2254
f 271 1928 1930
f 234 1812 1818
f 227 1791 1798
f 239 1827 1834
f 245 1845 1852
f 252 1866 1872
f 275 1935 1942
f 334 2118 2120
f 304 2028 2030
f 377 2246 2248
f 382 2259 2263
f 312 2048 2052
f 279 1953 1955
f 316 2061 2065
f 323 2079 2086
f 330 2100 2106
f 335 2115 2122
f 305 2025 2032
f 376 2241 2245
f 383 2264 2266
f 274 1938 1940
f 232 1802 1813
f 225 1783 1792
f 237 1819 1828
f 243 1837 1846
f 250 1856 1867
f 273 1927 1936
f 336 2112 2123
f 306 2022 2033
f 378 2238 2249
f 381 2251 2260
f 311 2036 2049
f 281 1949 1959
f 315 2053 2062
f 321 2071 2080
f 328 2090 2101
f 333 2107 2116
f 303 2017 2026
f 375 2233 2242
f 384 2256 2267
f 276 1932 1943
f 251 1859 1869
f 233 1805 1815
f 228 1788 1799
f 240 1824 1835
f 246 1842 1853
f 258 1878 1889
f 360 2184 2195
f 401 2306 2319
f 389 2270 2283
f 263 1892 1905
f 329 2093 2103
f 310 2039 2046
f 280 1946 1957
f 318 2058 2069
f 324 2076 2087
f 342 2130 2141
f 288 1968 1979
f 292 1982 1993
f 371 2216 2229
f 393 2287 2296
f 357 2179 2188
f 255 1873 1882
f 262 1895 1902
f 388 2273 2280
f 400 2309 2316
f 352 2165 2172
f 347 2144 2157
f 298 2000 2011
f 364 2198 2209
f 269 1913 1923
f 339 2125 2134
f 285 1963 1972
f 293 1985 1995
f 370 2219 2226
f 396 2292 2303
f 353 2162 2175
f 346 2147 2154
f 299 2003 2013
f 365 2201 2211
f 268 1910 1921
f 249 1863 1865
f 231 1809 1811
f 226 1794 1796
f 238 1830 1832
f 244 1848 1850
f 257 1886 1888
f 359 2192 2194
f 402 2318 2322
f 390 2282 2286
f 264 1904 1908
f 327 2097 2099
f 309 2043 2045
f 282 1956 1962
f 317 2066 2068
f 322 2082 2084
f 341 2138 2140
f 286 1974 1976
f 294 1992 1998
f 372 2228 2232
f 394 2295 2299
f 416 2331 2330
f 408 2327 2324
f 406 2328 2325
f 412 2334 2332
f 415 2337 2335
f 424 2346 2344
f 492 2412 2410
f 582 2499 2497
f 565 2487 2486
f 514 2436 2434
f 461 2376 2375
f 453 2372 2369
f 451 2373 2370
f 457 2379 2377
f 460 2382 2380
f 475 2396 2393
f 439 2361 2359
f 496 2418 2415
f 533 2457 2455
f 551 2463 2461
f 579 2492 2489
f 483 2402 2399
f 426 2343 2341
f 521 2433 2431
f 566 2478 2476
f 489 2406 2405
f 578 2502 2500
f 560 2484 2481
f 518 2442 2439
f 429 2349 2348
f 547 2468 2465
f 465 2387 2383
f 441 2358 2356
f 504 2421 2420
f 537 2454 2452
f 550 2472 2471
f 476 2388 2386
f 444 2364 2363
f 502 2426 2422
f 526 2448 2445
f 481 2403 2400
f 420 2342 2338
f 510 2432 2428
f 555 2477 2473
f 571 2493 2490
f 540 2462 2458
f 473 2397 2394
f 447 2367 2366
f 507 2427 2425
f 534 2447 2444
f 469 2391 2389
f 435 2357 2353
f 498 2417 2414
f 529 2453 2449
f 545 2469 2466
f 487 2411 2407
f 574 2498 2494
f 562 2483 2480
f 520 2441 2438
f 432 2352 2351
f 589 2509 2510
f 583 2503 2504
f 586 2506 2508
f 593 2512 2514
f 596 2515 2517
f 599 2518 2520
f 633 2555 2554
f 620 2541 2539
f 640 2562 2560
f 603 2522 2523
f 622 2542 2543
f 607 2528 2527
f 612 2531 2532
f 626 2545 2547
f 629 2548 2550
f 631 2551 2552
f 614 2533 2535
f 618 2537 2538
f 641 2559 2558
f 605 2526 2524
f 164 644 1607
f 163 643 1603
f 165 645 1604
f 166 646 1610
f 167 647 1613
f 172 652 1622
f 190 670 1686
f 219 699 1773
f 215 695 1761
f 201 681 1712
f 179 659 1652
f 178 658 1648
f 180 660 1649
f 181 661 1655
f 182 662 1658
f 185 665 1670
f 177 657 1637
f 197 677 1694
f 206 686 1731
f 208 688 1739
f 218 698 1768
f 188 668 1678
f 168 648 1619
f 198 678 1709
f 213 693 1754
f 189 669 1682
f 221 701 1776
f 217 697 1758
f 202 682 1716
f 170 650 1625
f 209 689 1742
f 184 664 1663
f 173 653 1634
f 194 674 1697
f 204 684 1728
f 210 690 1746
f 183 663 1664
f 175 655 1640
f 196 676 1700
f 207 687 1724
f 192 672 1679
f 169 649 1618
f 199 679 1708
f 216 696 1753
f 222 702 1769
f 211 691 1738
f 187 667 1671
f 176 656 1643
f 195 675 1701
f 203 683 1723
f 186 666 1667
f 174 654 1633
f 193 673 1693
f 205 685 1727
f 212 692 1743
f 191 671 1685
f 220 700 1772
f 214 694 1757
f 200 680 1715
f 171 651 1628
f 358 838 2187
f 256 736 1881
f 261 741 1899
f 387 867 2277
f 399 879 2313
f 351 831 2169
f 348 828 2156
f 300 780 2010
f 366 846 2208
f 267 747 1917
f 340 820 2133
f 287 767 1971
f 291 771 1989
f 369 849 2223
f 395 875 2300
f 354 834 2174
f 345 825 2151
f 297 777 2007
f 363 843 2205
f 270 750 1920
f 247 727 1855
f 229 709 1801
f 223 703 1784
f 235 715 1820
f 241 721 1838
f 253 733 1874
f 355 835 2180
f 398 878 2310
f 386 866 2274
f 260 740 1896
f 325 805 2089
f 307 787 2035
f 278 758 1950
f 313 793 2054
f 319 799 2072
f 337 817 2126
f 283 763 1964
f 290 770 1986
f 368 848 2220
f 392 872 2291
f 356 836 2183
f 254 734 1877
f 259 739 1891
f 385 865 2269
f 397 877 2305
f 349 829 2161
f 344 824 2148
f 296 776 2004
f 362 842 2202
f 265 745 1909
f 338 818 2129
f 284 764 1967
f 289 769 1981
f 367 847 2215
f 391 871 2288
f 350 830 2166
f 343 823 2143
f 295 775 1999
f 361 841 2197
f 266 746 1914
f 230 710 1806
f 224 704 1787
f 236 716 1823
f 242 722 1841
f 248 728 1860
f 272 752 1931
f 331 811 2108
f 301 781 2018
f 373 853 2234
f 380 860 2255
f 308 788 2040
f 277 757 1945
f 314 794 2057
f 320 800 2075
f 326 806 2094
f 332 812 2111
f 302 782 2021
f 374 854 2237
f 379 859 2252
f 271 751 1928
f 234 714 1812
f 227 707 1791
f 239 719 1827
f 245 725 1845
f 252 732 1866
f 275 755 1935
f 334 814 2118
f 304 784 2028
f 377 857 2246
f 382 862 2259
f 312 792 2048
f 279 759 1953
f 316 796 2061
f 323 803 2079
f 330 810 2100
f 335 815 2115
f 305 785 2025
f 376 856 2241
f 383 863 2264
f 274 754 1938
f 232 712 1802
f 225 705 1783
f 237 717 1819
f 243 723 1837
f 250 730 1856
f 273 753 1927
f 336 816 2112
f 306 786 2022
f 378 858 2238
f 381 861 2251
f 311 791 2036
f 281 761 1949
f 315 795 2053
f 321 801 2071
f 328 808 2090
f 333 813 2107
f 303 783 2017
f 375 855 2233
f 384 864 2256
f 276 756 1932
f 251 731 1859
f 233 713 1805
f 228 708 1788
f 240 720 1824
f 246 726 1842
f 258 738 1878
f 360 840 2184
f 401 881 2306
f 389 869 2270
f 263 743 1892
f 329 809 2093
f 310 790 2039
f 280 760 1946
f 318 798 2058
f 324 804 2076
f 342 822 2130
f 288 768 1968
f 292 772 1982
f 371 851 2216
f 393 873 2287
f 357 837 2179
f 255 735 1873
f 262 742 1895
f 388 868 2273
f 400 880 2309
f 352 832 2165
f 347 827 2144
f 298 778 2000
f 364 844 2198
f 269 749 1913
f 339 819 2125
f 285 765 1963
f 293 773 1985
f 370 850 2219
f 396 876 2292
f 353 833 2162
f 346 826 2147
f 299 779 2003
f 365 845 2201
f 268 748 1910
f 249 729 1863
f 231 711 1809
f 226 706 1794
f 238 718 1830
f 244 724 1848
f 257 737 1886
f 359 839 2192
f 402 882 2318
f 390 870 2282
f 264 744 1904
f 327 807 2097
f 309 789 2043
f 282 762 1956
f 317 797 2066
f 322 802 2082
f 341 821 2138
f 286 766 1974
f 294 774 1992
f 372 852 2228
f 394 874 2295
f 416 1270 2331
f 408 1246 2327
f 406 1251 2328
f 412 1287 2334
f 415 1305 2337
f 424 1335 2346
f 492 1552 2412
f 582 1474 2499
f 565 1600 2487
f 514 1353 2436
f 461 1480 2376
f 453 1402 2372
f 451 1407 2373
f 457 1491 2379
f 460 1503 2382
f 475 1534 2396
f 439 1413 2361
f 496 1443 2418
f 533 1593 2457
f 551 1384 2463
f 579 1324 2492
f 483 1276 2402
f 426 1264 2343
f 521 1300 2433
f 566 1318 2478
f 489 1342 2406
f 578 1563 2502
f 560 1461 2484
f 518 1587 2442
f 429 1348 2349
f 547 1522 2468
f 465 1419 2387
f 441 1396 2358
f 504 1498 2421
f 537 1516 2454
f 550 1558 2472
f 476 1426 2388
f 444 1432 2364
f 502 1569 2426
f 526 1371 2448
f 481 1281 2403
f 420 1257 2342
f 510 1293 2432
f 555 1311 2477
f 571 1329 2493
f 540 1377 2462
f 473 1539 2397
f 447 1450 2367
f 507 1576 2427
f 534 1366 2447
f 469 1485 2391
f 435 1389 2357
f 498 1438 2417
f 529 1509 2453
f 545 1527 2469
f 487 1545 2411
f 574 1467 2498
f 562 1456 2483
f 520 1582 2441
f 432 1360 2352
f 589 1271 2509
f 583 1247 2503
f 586 1254 2506
f 593 1290 2512
f 596 1308 2515
f 599 1338 2518
f 633 1553 2555
f 620 1475 2541
f 640 1601 2562
f 603 1356 2522
f 622 1481 2542
f 607 1403 2528
f 612 1410 2531
f 626 1494 2545
f 629 1506 2548
f 631 1535 2551
f 614 1416 2533
f 618 1446 2537
f 641 1596 2559
f 605 1385 2526
f 167 907 1616
f 164 889 1608
f 163 883 1606
f 165 895 1612
f 166 901 1615
f 169 919 1624
f 192 1057 1692
f 222 1237 1782
f 216 1201 1765
f 199 1099 1714
f 182 997 1661
f 179 979 1653
f 178 973 1651
f 180 985 1657
f 181 991 1660
f 186 1021 1675
f 174 949 1639
f 193 1063 1696
f 205 1135 1733
f 212 1177 1751
f 221 1231 1779
f 189 1039 1683
f 170 925 1626
f 202 1117 1721
f 217 1207 1766
f 191 1051 1689
f 220 1225 1778
f 214 1189 1760
f 200 1105 1718
f 171 931 1629
f 210 1165 1747
f 183 1003 1665
f 175 955 1641
f 196 1081 1704
f 207 1147 1737
f 211 1171 1750
f 187 1027 1676
f 176 961 1644
f 195 1075 1702
f 203 1123 1726
f 188 1033 1681
f 168 913 1620
f 198 1093 1710
f 213 1183 1755
f 218 1213 1771
f 208 1153 1740
f 185 1015 1673
f 177 967 1647
f 197 1087 1707
f 206 1141 1734
f 184 1009 1669
f 173 943 1635
f 194 1069 1698
f 204 1129 1729
f 209 1159 1745
f 190 1045 1687
f 219 1219 1774
f 215 1195 1762
f 201 1111 1720
f 172 937 1632
f 357 1280 2189
f 255 1256 1883
f 262 1292 1903
f 388 1310 2281
f 400 1328 2317
f 352 1376 2173
f 347 1538 2158
f 298 1447 2012
f 364 1573 2210
f 269 1363 1924
f 339 1484 2135
f 285 1388 1973
f 293 1435 1996
f 370 1508 2227
f 396 1526 2304
f 353 1544 2176
f 346 1466 2155
f 299 1453 2014
f 365 1579 2212
f 268 1357 1922
f 249 1268 1864
f 231 1244 1810
f 226 1249 1795
f 238 1285 1831
f 244 1303 1849
f 257 1333 1887
f 359 1550 2193
f 402 1472 2321
f 390 1598 2285
f 264 1351 1907
f 327 1478 2098
f 309 1400 2044
f 282 1405 1961
f 317 1489 2067
f 322 1501 2083
f 341 1532 2139
f 286 1411 1975
f 294 1441 1997
f 372 1591 2231
f 394 1382 2298
f 358 1322 2190
f 256 1274 1884
f 261 1262 1900
f 387 1298 2278
f 399 1316 2314
f 351 1340 2170
f 348 1561 2159
f 300 1459 2015
f 366 1585 2213
f 267 1346 1918
f 340 1520 2136
f 287 1417 1977
f 291 1394 1990
f 369 1496 2224
f 395 1514 2301
f 354 1556 2177
f 345 1424 2152
f 297 1430 2008
f 363 1567 2206
f 270 1369 1925
f 234 1279 1817
f 227 1255 1797
f 239 1291 1833
f 245 1309 1851
f 252 1327 1871
f 275 1375 1941
f 334 1537 2119
f 304 1448 2029
f 377 1574 2247
f 382 1364 2262
f 312 1483 2051
f 279 1387 1954
f 316 1436 2064
f 323 1507 2085
f 330 1525 2105
f 335 1543 2121
f 305 1465 2031
f 376 1454 2244
f 383 1580 2265
f 274 1358 1939
f 232 1267 1814
f 225 1243 1793
f 237 1250 1829
f 243 1286 1847
f 250 1304 1868
f 273 1334 1937
f 336 1549 2124
f 306 1471 2034
f 378 1597 2250
f 381 1352 2261
f 311 1477 2050
f 281 1399 1960
f 315 1406 2063
f 321 1490 2081
f 328 1502 2102
f 333 1531 2117
f 303 1412 2027
f 375 1442 2243
f 384 1592 2268
f 276 1381 1944
f 229 890 1804
f 223 884 1785
f 235 896 1821
f 241 902 1839
f 247 908 1858
f 271 938 1929
f 332 1046 2114
f 302 1220 2024
f 374 1196 2240
f 379 1112 2253
f 307 980 2038
f 278 974 1951
f 313 986 2055
f 319 992 2073
f 325 998 2092
f 331 1016 2109
f 301 968 2019
f 373 1088 2235
f 380 1142 2258
f 272 1154 1934
f 248 1214 1861
f 230 1034 1807
f 224 914 1790
f 236 1094 1826
f 242 1184 1844
f 254 1040 1880
f 356 1232 2186
f 397 1208 2308
f 385 1118 2272
f 259 926 1894
f 326 1160 2095
f 308 1010 2041
f 277 944 1948
f 314 1070 2060
f 320 1130 2078
f 338 1166 2132
f 284 1004 1970
f 289 956 1984
f 367 1082 2218
f 391 1148 2289
f 355 1058 2181
f 253 920 1875
f 260 1100 1897
f 386 1202 2275
f 398 1238 2311
f 350 1172 2167
f 343 1028 2146
f 295 962 2002
f 361 1076 2200
f 266 1124 1915
f 337 1022 2127
f 283 950 1965
f 290 1064 1987
f 368 1136 2221
f 392 1178 2294
f 349 1052 2164
f 344 1226 2149
f 296 1190 2005
f 362 1106 2203
f 265 932 1912
f 251 1321 1870
f 233 1273 1816
f 228 1261 1800
f 240 1297 1836
f 246 1315 1854
f 258 1339 1890
f 360 1562 2196
f 401 1460 2320
f 389 1586 2284
f 263 1345 1906
f 329 1519 2104
f 310 1418 2047
f 280 1393 1958
f 318 1495 2070
f 324 1513 2088
f 342 1555 2142
f 288 1423 1980
f 292 1429 1994
f 371 1568 2230
f 393 1370 2297
f 409 894 2329
f 405 887 2323
f 411 899 2326
f 414 905 2333
f 417 912 2336
f 431 941 2345
f 488 1050 2409
f 575 1224 2496
f 563 1200 2485
f 519 1115 2435
f 454 984 2374
f 450 977 2368
f 456 989 2371
f 459 995 2378
f 462 1002 2381
f 472 1019 2392
f 446 971 2360
f 506 1091 2416
f 535 1146 2456
f 541 1158 2460
f 570 1217 2488
f 480 1037 2398
f 421 918 2340
f 511 1098 2430
f 556 1188 2475
f 484 1044 2404
f 580 1236 2501
f 567 1212 2482
f 522 1122 2440
f 427 930 2347
f 544 1163 2464
f 468 1013 2384
f 436 948 2355
f 499 1074 2419
f 530 1134 2451
f 548 1170 2470
f 466 1008 2385
f 442 960 2362
f 505 1086 2423
f 536 1151 2446
f 491 1061 2401
f 423 923 2339
f 513 1103 2429
f 564 1205 2474
f 581 1241 2491
f 549 1175 2459
f 477 1032 2395
f 445 966 2365
f 503 1080 2424
f 525 1127 2443
f 474 1025 2390
f 438 953 2354
f 495 1067 2413
f 532 1139 2450
f 552 1182 2467
f 490 1056 2408
f 577 1229 2495
f 559 1193 2479
f 517 1109 2437
f 430 936 2350
f 590 1325 2511
f 584 1277 2505
f 585 1265 2507
f 592 1301 2513
f 595 1319 2516
f 598 1343 2519
f 636 1566 2556
f 621 1464 2540
f 642 1590 2561
f 601 1349 2521
f 623 1523 2544
f 611 1422 2529
f 609 1397 2530
f 625 1499 2546
f 628 1517 2549
f 632 1559 2553
f 613 1427 2534
f 616 1433 2536
f 638 1572 2557
f 606 1374 2525
f 407 892 1609
f 403 885 1605
f 404 897 1611
f 410 903 1614
f 413 910 1617
f 422 939 1631
f 486 1048 1688
f 573 1222 1775
f 561 1198 1763
f 512 1113 1719
f 452 982 1654
f 448 975 1650
f 449 987 1656
f 455 993 1659
f 458 1000 1662
f 470 1017 1672
f 437 969 1646
f 494 1089 1706
f 531 1144 1735
f 539 1156 1741
f 568 1215 1770
f 478 1035 1680
f 419 916 1621
f 509 1096 1711
f 554 1186 1756
f 482 1042 1684
f 576 1234 1780
f 558 1210 1767
f 516 1120 1722
f 425 928 1627
f 542 1161 1744
f 463 1011 1668
f 434 946 1636
f 497 1072 1699
f 528 1132 1730
f 546 1168 1748
f 464 1006 1666
f 440 958 1642
f 500 1084 1705
f 524 1149 1736
f 479 1059 1691
f 418 921 1623
f 508 1101 1713
f 553 1203 1764
f 569 1239 1781
f 538 1173 1749
f 471 1030 1677
f 443 964 1645
f 501 1078 1703
f 523 1125 1725
f 467 1023 1674
f 433 951 1638
f 493 1065 1695
f 527 1137 1732
f 543 1180 1752
f 485 1054 1690
f 572 1227 1777
f 557 1191 1759
f 515 1107 1717
f 428 934 1630
f 591 1326 2191
f 587 1278 1885
f 588 1266 1901
f 594 1302 2279
f 597 1320 2315
f 600 1344 2171
f 634 1565 2160
f 619 1463 2016
f 639 1589 2214
f 602 1350 1919
f 624 1524 2137
f 608 1421 1978
f 610 1398 1991
f 627 1500 2225
f 630 1518 2302
f 635 1560 2178
f 615 1428 2153
f 617 1434 2009
f 637 1571 2207
f 604 1373 1926
f 416 911 1857
f 408 893 1803
f 406 888 1786
f 412 900 1822
f 415 906 1840
f 424 924 1876
f 492 1062 2182
f 582 1242 2312
f 565 1206 2276
f 514 1104 1898
f 461 1001 2091
f 453 983 2037
f 451 978 1952
f 457 990 2056
f 460 996 2074
f 475 1026 2128
f 439 954 1966
f 496 1068 1988
f 533 1140 2222
f 551 1181 2293
f 579 1235 2185
f 483 1043 1879
f 426 929 1893
f 521 1121 2271
f 566 1211 2307
f 489 1055 2163
f 578 1230 2150
f 560 1194 2006
f 518 1110 2204
f 429 935 1911
f 547 1169 2131
f 465 1007 1969
f 441 959 1983
f 504 1085 2217
f 537 1152 2290
f 550 1176 2168
f 476 1031 2145
f 444 965 2001
f 502 1079 2199
f 526 1128 1916
f 481 1038 1808
f 420 917 1789
f 510 1097 1825
f 555 1187 1843
f 571 1218 1862
f 540 1157 1933
f 473 1020 2110
f 447 972 2020
f 507 1092 2236
f 534 1145 2257
f 469 1014 2042
f 435 947 1947
f 498 1073 2059
f 529 1133 2077
f 545 1164 2096
f 487 1049 2113
f 574 1223 2023
f 562 1199 2239
f 520 1116 2254
f 432 942 1930
f 589 1283 1818
f 583 1259 1798
f 586 1295 1834
f 593 1313 1852
f 596 1331 1872
f 599 1379 1942
f 633 1541 2120
f 620 1452 2030
f 640 1578 2248
f 603 1368 2263
f 622 1487 2052
f 607 1391 1955
f 612 1440 2065
f 626 1511 2086
f 629 1529 2106
f 631 1547 2122
f 614 1469 2032
f 618 1458 2245
f 641 1584 2266
f 605 1362 1940
f 409 1269 1813
f 405 1245 1792
f 411 1252 1828
f 414 1288 1846
f 417 1306 1867
f 431 1336 1936
f 488 1551 2123
f 575 1473 2033
f 563 1599 2249
f 519 1354 2260
f 454 1479 2049
f 450 1401 1959
f 456 1408 2062
f 459 1492 2080
f 462 1504 2101
f 472 1533 2116
f 446 1414 2026
f 506 1444 2242
f 535 1594 2267
f 541 1383 1943
f 570 1323 1869
f 480 1275 1815
f 421 1263 1799
f 511 1299 1835
f 556 1317 1853
f 484 1341 1889
f 580 1564 2195
f 567 1462 2319
f 522 1588 2283
f 427 1347 1905
f 544 1521 2103
f 468 1420 2046
f 436 1395 1957
f 499 1497 2069
f 530 1515 2087
f 548 1557 2141
f 466 1425 1979
f 442 1431 1993
f 505 1570 2229
f 536 1372 2296
f 491 1282 2188
f 423 1258 1882
f 513 1294 1902
f 564 1312 2280
f 581 1330 2316
f 549 1378 2172
f 477 1540 2157
f 445 1449 2011
f 503 1575 2209
f 525 1365 1923
f 474 1486 2134
f 438 1390 1972
f 495 1437 1995
f 532 1510 2226
f 552 1528 2303
f 490 1546 2175
f 577 1468 2154
f 559 1455 2013
f 517 1581 2211
f 430 1359 1921
f 590 1272 1865
f 584 1248 1811
f 585 1253 1796
f 592 1289 1832
f 595 1307 1850
f 598 1337 1888
f 636 1554 2194
f 621 1476 2322
f 642 1602 2286
f 601 1355 1908
f 623 1482 2099
f 611 1404 2045
f 609 1409 1962
f 625 1493 2068
f 628 1505 2084
f 632 1536 2140
f 613 1415 1976
f 616 1445 1998
f 638 1595 2232
f 606 1386 2299
f 407 909 2330
f 403 891 2324
f 404 886 2325
f 410 898 2332
f 413 904 2335
f 422 922 2344
f 486 1060 2410
f 573 1240 2497
f 561 1204 2486
f 512 1102 2434
f 452 999 2375
f 448 981 2369
f 449 976 2370
f 455 988 2377
f 458 994 2380
f 470 1024 2393
f 437 952 2359
f 494 1066 2415
f 531 1138 2455
f 539 1179 2461
f 568 1233 2489
f 478 1041 2399
f 419 927 2341
f 509 1119 2431
f 554 1209 2476
f 482 1053 2405
f 576 1228 2500
f 558 1192 2481
f 516 1108 2439
f 425 933 2348
f 542 1167 2465
f 463 1005 2383
f 434 957 2356
f 497 1083 2420
f 528 1150 2452
f 546 1174 2471
f 464 1029 2386
f 440 963 2363
f 500 1077 2422
f 524 1126 2445
f 479 1036 2400
f 418 915 2338
f 508 1095 2428
f 553 1185 2473
f 569 1216 2490
f 538 1155 2458
f 471 1018 2394
f 443 970 2366
f 501 1090 2425
f 523 1143 2444
f 467 1012 2389
f 433 945 2353
f 493 1071 2414
f 527 1131 2449
f 543 1162 2466
f 485 1047 2407
f 572 1221 2494
f 557 1197 2480
f 515 1114 2438
f 428 940 2351
f 591 1284 2510
f 587 1260 2504
f 588 1296 2508
f 594 1314 2514
f 597 1332 2517
f 600 1380 2520
f 634 1542 2554
f 619 1451 2539
f 639 1577 2560
f 602 1367 2523
f 624 1488 2543
f 608 1392 2527
f 610 1439 2532
f 627 1512 2547
f 630 1530 2550
f 635 1548 2552
f 615 1470 2535
f 617 1457 2538
f 637 1583 2558
f 604 1361 2524
f 167 1616 1607
f 164 1608 1603
f 163 1606 1604
f 165 1612 1610
f 166 1615 1613
f 169 1624 1622
f 192 1692 1686
f 222 1782 1773
f 216 1765 1761
f 199 1714 1712
f 182 1661 1652
f 179 1653 1648
f 178 1651 1649
f 180 1657 1655
f 181 1660 1658
f 186 1675 1670
f 174 1639 1637
f 193 1696 1694
f 205 1733 1731
f 212 1751 1739
f 221 1779 1768
f 189 1683 1678
f 170 1626 1619
f 202 1721 1709
f 217 1766 1754
f 191 1689 1682
f 220 1778 1776
f 214 1760 1758
f 200 1718 1716
f 171 1629 1625
f 210 1747 1742
f 183 1665 1663
f 175 1641 1634
f 196 1704 1697
f 207 1737 1728
f 211 1750 1746
f 187 1676 1664
f 176 1644 1640
f 195 1702 1700
f 203 1726 1724
f 188 1681 1679
f 168 1620 1618
f 198 1710 1708
f 213 1755 1753
f 218 1771 1769
f 208 1740 1738
f 185 1673 1671
f 177 1647 1643
f 197 1707 1701
f 206 1734 1723
f 184 1669 1667
f 173 1635 1633
f 194 1698 1693
f 204 1729 1727
f 209 1745 1743
f 190 1687 1685
f 219 1774 1772
f 215 1762 1757
f 201 1720 1715
f 172 1632 1628
f 357 2189 2187
f 255 1883 1881
f 262 1903 1899
f 388 2281 2277
f 400 2317 2313
f 352 2173 2169
f 347 2158 2156
f 298 2012 2010
f 364 2210 2208
f 269 1924 1917
f 339 2135 2133
f 285 1973 1971
f 293 1996 1989
f 370 2227 2223
f 396 2304 2300
f 353 2176 2174
f 346 2155 2151
f 299 2014 2007
f 365 2212 2205
f 268 1922 1920
f 249 1864 1855
f 231 1810 1801
f 226 1795 1784
f 238 1831 1820
f 244 1849 1838
f 257 1887 1874
f 359 2193 2180
f 402 2321 2310
f 390 2285 2274
f 264 1907 1896
f 327 2098 2089
f 309 2044 2035
f 282 1961 1950
f 317 2067 2054
f 322 2083 2072
f 341 2139 2126
f 286 1975 1964
f 294 1997 1986
f 372 2231 2220
f 394 2298 2291
f 358 2190 2183
f 256 1884 1877
f 261 1900 1891
f 387 2278 2269
f 399 2314 2305
f 351 2170 2161
f 348 2159 2148
f 300 2015 2004
f 366 2213 2202
f 267 1918 1909
f 340 2136 2129
f 287 1977 1967
f 291 1990 1981
f 369 2224 2215
f 395 2301 2288
f 354 2177 2166
f 345 2152 2143
f 297 2008 1999
f 363 2206 2197
f 270 1925 1914
f 234 1817 1806
f 227 1797 1787
f 239 1833 1823
f 245 1851 1841
f 252 1871 1860
f 275 1941 1931
f 334 2119 2108
f 304 2029 2018
f 377 2247 2234
f 382 2262 2255
f 312 2051 2040
f 279 1954 1945
f 316 2064 2057
f 323 2085 2075
f 330 2105 2094
f 335 2121 2111
f 305 2031 2021
f 376 2244 2237
f 383 2265 2252
f 274 1939 1928
f 232 1814 1812
f 225 1793 1791
f 237 1829 1827
f 243 1847 1845
f 250 1868 1866
f 273 1937 1935
f 336 2124 2118
f 306 2034 2028
f 378 2250 2246
f 381 2261 2259
f 311 2050 2048
f 281 1960 1953
f 315 2063 2061
f 321 2081 2079
f 328 2102 2100
f 333 2117 2115
f 303 2027 2025
f 375 2243 2241
f 384 2268 2264
f 276 1944 1938
f 229 1804 1802
f 223 1785 1783
f 235 1821 1819
f 241 1839 1837
f 247 1858 1856
f 271 1929 1927
f 332 2114 2112
f 302 2024 2022
f 374 2240 2238
f 379 2253 2251
f 307 2038 2036
f 278 1951 1949
f 313 2055 2053
f 319 2073 2071
f 325 2092 2090
f 331 2109 2107
f 301 2019 2017
f 373 2235 2233
f 380 2258 2256
f 272 1934 1932
f 248 1861 1859
f 230 1807 1805
f 224 1790 1788
f 236 1826 1824
f 242 1844 1842
f 254 1880 1878
f 356 2186 2184
f 397 2308 2306
f 385 2272 2270
f 259 1894 1892
f 326 2095 2093
f 308 2041 2039
f 277 1948 1946
f 314 2060 2058
f 320 2078 2076
f 338 2132 2130
f 284 1970 1968
f 289 1984 1982
f 367 2218 2216
f 391 2289 2287
f 355 2181 2179
f 253 1875 1873
f 260 1897 1895
f 386 2275 2273
f 398 2311 2309
f 350 2167 2165
f 343 2146 2144
f 295 2002 2000
f 361 2200 2198
f 266 1915 1913
f 337 2127 2125
f 283 1965 1963
f 290 1987 1985
f 368 2221 2219
f 392 2294 2292
f 349 2164 2162
f 344 2149 2147
f 296 2005 2003
f 362 2203 2201
f 265 1912 1910
f 251 1870 1863
f 233 1816 1809
f 228 1800 1794
f 240 1836 1830
f 246 1854 1848
f 258 1890 1886
f 360 2196 2192
f 401 2320 2318
f 389 2284 2282
f 263 1906 1904
f 329 2104 2097
f 310 2047 2043
f 280 1958 1956
f 318 2070 2066
f 324 2088 2082
f 342 2142 2138
f 288 1980 1974
f 292 1994 1992
f 371 2230 2228
f 393 2297 2295
f 409 2329 2331
f 405 2323 2327
f 411 2326 2328
f 414 2333 2334
f 417 2336 2337
f 431 2345 2346
f 488 2409 2412
f 575 2496 2499
f 563 2485 2487
f 519 2435 2436
f 454 2374 2376
f 450 2368 2372
f 456 2371 2373
f 459 2378 2379
f 462 2381 2382
f 472 2392 2396
f 446 2360 2361
f 506 2416 2418
f 535 2456 2457
f 541 2460 2463
f 570 2488 2492
f 480 2398 2402
f 421 2340 2343
f 511 2430 2433
f 556 2475 2478
f 484 2404 2406
f 580 2501 2502
f 567 2482 2484
f 522 2440 2442
f 427 2347 2349
f 544 2464 2468
f 468 2384 2387
f 436 2355 2358
f 499 2419 2421
f 530 2451 2454
f 548 2470 2472
f 466 2385 2388
f 442 2362 2364
f 505 2423 2426
f 536 2446 2448
f 491 2401 2403
f 423 2339 2342
f 513 2429 2432
f 564 2474 2477
f 581 2491 2493
f 549 2459 2462
f 477 2395 2397
f 445 2365 2367
f 503 2424 2427
f 525 2443 2447
f 474 2390 2391
f 438 2354 2357
f 495 2413 2417
f 532 2450 2453
f 552 2467 2469
f 490 2408 2411
f 577 2495 2498
f 559 2479 2483
f 517 2437 2441
f 430 2350 2352
f 590 2511 2509
f 584 2505 2503
f 585 2507 2506
f 592 2513 2512
f 595 2516 2515
f 598 2519 2518
f 636 2556 2555
f 621 2540 2541
f 642 2561 2562
f 601 2521 2522
f 623 2544 2542
f 611 2529 2528
f 609 2530 2531
f 625 2546 2545
f 628 2549 2548
f 632 2553 2551
f 613 2534 2533
f 616 2536 2537
f 638 2557 2559
f 606 2525 2526
f 1607 644 647
f 1603 643 644
f 1604 645 643
f 1610 646 645
f 1613 647 646
f 1622 652 649
f 1686 670 672
f 1773 699 702
f 1761 695 696
f 1712 681 679
f 1652 659 662
f 1648 658 659
f 1649 660 658
f 1655 661 660
f 1658 662 661
f 1670 665 666
f 1637 657 654
f 1694 677 673
f 1731 686 685
f 1739 688 692
f 1768 698 701
f 1678 668 669
f 1619 648 650
f 1709 678 682
f 1754 693 697
f 1682 669 671
f 1776 701 700
f 1758 697 694
f 1716 682 680
f 1625 650 651
f 1742 689 690
f 1663 664 663
f 1634 653 655
f 1697 674 676
f 1728 684 687
f 1746 690 691
f 1664 663 667
f 1640 655 656
f 1700 676 675
f 1724 687 683
f 1679 672 668
f 1618 649 648
f 1708 679 678
f 1753 696 693
f 1769 702 698
f 1738 691 688
f 1671 667 665
f 1643 656 657
f 1701 675 677
f 1723 683 686
f 1667 666 664
f 1633 654 653
f 1693 673 674
f 1727 685 684
f 1743 692 689
f 1685 671 670
f 1772 700 699
f 1757 694 695
f 1715 680 681
f 1628 651 652
f 2187 838 837
f 1881 736 735
f 1899 741 742
f 2277 867 868
f 2313 879 880
f 2169 831 832
f 2156 828 827
f 2010 780 778
f 2208 846 844
f 1917 747 749
f 2133 820 819
f 1971 767 765
f 1989 771 773
f 2223 849 850
f 2300 875 876
f 2174 834 833
f 2151 825 826
f 2007 777 779
f 2205 843 845
f 1920 750 748
f 1855 727 729
f 1801 709 711
f 1784 703 706
f 1820 715 718
f 1838 721 724
f 1874 733 737
f 2180 835 839
f 2310 878 882
f 2274 866 870
f 1896 740 744
f 2089 805 807
f 2035 787 789
f 1950 758 762
f 2054 793 797
f 2072 799 802
f 2126 817 821
f 1964 763 766
f 1986 770 774
f 2220 848 852
f 2291 872 874
f 2183 836 838
f 1877 734 736
f 1891 739 741
f 2269 865 867
f 2305 877 879
f 2161 829 831
f 2148 824 828
f 2004 776 780
f 2202 842 846
f 1909 745 747
f 2129 818 820
f 1967 764 767
f 1981 769 771
f 2215 847 849
f 2288 871 875
f 2166 830 834
f 2143 823 825
f 1999 775 777
f 2197 841 843
f 1914 746 750
f 1806 710 714
f 1787 704 707
f 1823 716 719
f 1841 722 725
f 1860 728 732
f 1931 752 755
f 2108 811 814
f 2018 781 784
f 2234 853 857
f 2255 860 862
f 2040 788 792
f 1945 757 759
f 2057 794 796
f 2075 800 803
f 2094 806 810
f 2111 812 815
f 2021 782 785
f 2237 854 856
f 2252 859 863
f 1928 751 754
f 1812 714 712
f 1791 707 705
f 1827 719 717
f 1845 725 723
f 1866 732 730
f 1935 755 753
f 2118 814 816
f 2028 784 786
f 2246 857 858
f 2259 862 861
f 2048 792 791
f 1953 759 761
f 2061 796 795
f 2079 803 801
f 2100 810 808
f 2115 815 813
f 2025 785 783
f 2241 856 855
f 2264 863 864
f 1938 754 756
f 1802 712 709
f 1783 705 703
f 1819 717 715
f 1837 723 721
f 1856 730 727
f 1927 753 751
f 2112 816 812
f 2022 786 782
f 2238 858 854
f 2251 861 859
f 2036 791 787
f 1949 761 758
f 2053 795 793
f 2071 801 799
f 2090 808 805
f 2107 813 811
f 2017 783 781
f 2233 855 853
f 2256 864 860
f 1932 756 752
f 1859 731 728
f 1805 713 710
f 1788 708 704
f 1824 720 716
f 1842 726 722
f 1878 738 734
f 2184 840 836
f 2306 881 877
f 2270 869 865
f 1892 743 739
f 2093 809 806
f 2039 790 788
f 1946 760 757
f 2058 798 794
f 2076 804 800
f 2130 822 818
f 1968 768 764
f 1982 772 769
f 2216 851 847
f 2287 873 871
f 2179 837 835
f 1873 735 733
f 1895 742 740
f 2273 868 866
f 2309 880 878
f 2165 832 830
f 2144 827 823
f 2000 778 775
f 2198 844 841
f 1913 749 746
f 2125 819 817
f 1963 765 763
f 1985 773 770
f 2219 850 848
f 2292 876 872
f 2162 833 829
f 2147 826 824
f 2003 779 776
f 2201 845 842
f 1910 748 745
f 1863 729 731
f 1809 711 713
f 1794 706 708
f 1830 718 720
f 1848 724 726
f 1886 737 738
f 2192 839 840
f 2318 882 881
f 2282 870 869
f 1904 744 743
f 2097 807 809
f 2043 789 790
f 1956 762 760
f 2066 797 798
f 2082 802 804
f 2138 821 822
f 1974 766 768
f 1992 774 772
f 2228 852 851
f 2295 874 873
f 2331 1270 1269
f 2327 1246 1245
f 2328 1251 1252
f 2334 1287 1288
f 2337 1305 1306
f 2346 1335 1336
f 2412 1552 1551
f 2499 1474 1473
f 2487 1600 1599
f 2436 1353 1354
f 2376 1480 1479
f 2372 1402 1401
f 2373 1407 1408
f 2379 1491 1492
f 2382 1503 1504
f 2396 1534 1533
f 2361 1413 1414
f 2418 1443 1444
f 2457 1593 1594
f 2463 1384 1383
f 2492 1324 1323
f 2402 1276 1275
f 2343 1264 1263
f 2433 1300 1299
f 2478 1318 1317
f 2406 1342 1341
f 2502 1563 1564
f 2484 1461 1462
f 2442 1587 1588
f 2349 1348 1347
f 2468 1522 1521
f 2387 1419 1420
f 2358 1396 1395
f 2421 1498 1497
f 2454 1516 1515
f 2472 1558 1557
f 2388 1426 1425
f 2364 1432 1431
f 2426 1569 1570
f 2448 1371 1372
f 2403 1281 1282
f 2342 1257 1258
f 2432 1293 1294
f 2477 1311 1312
f 2493 1329 1330
f 2462 1377 1378
f 2397 1539 1540
f 2367 1450 1449
f 2427 1576 1575
f 2447 1366 1365
f 2391 1485 1486
f 2357 1389 1390
f 2417 1438 1437
f 2453 1509 1510
f 2469 1527 1528
f 2411 1545 1546
f 2498 1467 1468
f 2483 1456 1455
f 2441 1582 1581
f 2352 1360 1359
f 2509 1271 1272
f 2503 1247 1248
f 2506 1254 1253
f 2512 1290 1289
f 2515 1308 1307
f 2518 1338 1337
f 2555 1553 1554
f 2541 1475 1476
f 2562 1601 1602
f 2522 1356 1355
f 2542 1481 1482
f 2528 1403 1404
f 2531 1410 1409
f 2545 1494 1493
f 2548 1506 1505
f 2551 1535 1536
f 2533 1416 1415
f 2537 1446 1445
f 2559 1596 1595
f 2526 1385 1386
f 1616 907 909
f 1608 889 891
f 1606 883 886
f 1612 895 898
f 1615 901 904
f 1624 919 922
f 1692 1057 1060
f 1782 1237 1240
f 1765 1201 1204
f 1714 1099 1102
f 1661 997 999
f 1653 979 981
f 1651 973 976
f 1657 985 988
f 1660 991 994
f 1675 1021 1024
f 1639 949 952
f 1696 1063 1066
f 1733 1135 1138
f 1751 1177 1179
f 1779 1231 1233
f 1683 1039 1041
f 1626 925 927
f 1721 1117 1119
f 1766 1207 1209
f 1689 1051 1053
f 1778 1225 1228
f 1760 1189 1192
f 1718 1105 1108
f 1629 931 933
f 1747 1165 1167
f 1665 1003 1005
f 1641 955 957
f 1704 1081 1083
f 1737 1147 1150
f 1750 1171 1174
f 1676 1027 1029
f 1644 961 963
f 1702 1075 1077
f 1726 1123 1126
f 1681 1033 1036
f 1620 913 915
f 1710 1093 1095
f 1755 1183 1185
f 1771 1213 1216
f 1740 1153 1155
f 1673 1015 1018
f 1647 967 970
f 1707 1087 1090
f 1734 1141 1143
f 1669 1009 1012
f 1635 943 945
f 1698 1069 1071
f 1729 1129 1131
f 1745 1159 1162
f 1687 1045 1047
f 1774 1219 1221
f 1762 1195 1197
f 1720 1111 1114
f 1632 937 940
f 2189 1280 1284
f 1883 1256 1260
f 1903 1292 1296
f 2281 1310 1314
f 2317 1328 1332
f 2173 1376 1380
f 2158 1538 1542
f 2012 1447 1451
f 2210 1573 1577
f 1924 1363 1367
f 2135 1484 1488
f 1973 1388 1392
f 1996 1435 1439
f 2227 1508 1512
f 2304 1526 1530
f 2176 1544 1548
f 2155 1466 1470
f 2014 1453 1457
f 2212 1579 1583
f 1922 1357 1361
f 1864 1268 1270
f 1810 1244 1246
f 1795 1249 1251
f 1831 1285 1287
f 1849 1303 1305
f 1887 1333 1335
f 2193 1550 1552
f 2321 1472 1474
f 2285 1598 1600
f 1907 1351 1353
f 2098 1478 1480
f 2044 1400 1402
f 1961 1405 1407
f 2067 1489 1491
f 2083 1501 1503
f 2139 1532 1534
f 1975 1411 1413
f 1997 1441 1443
f 2231 1591 1593
f 2298 1382 1384
f 2190 1322 1324
f 1884 1274 1276
f 1900 1262 1264
f 2278 1298 1300
f 2314 1316 1318
f 2170 1340 1342
f 2159 1561 1563
f 2015 1459 1461
f 2213 1585 1587
f 1918 1346 1348
f 2136 1520 1522
f 1977 1417 1419
f 1990 1394 1396
f 2224 1496 1498
f 2301 1514 1516
f 2177 1556 1558
f 2152 1424 1426
f 2008 1430 1432
f 2206 1567 1569
f 1925 1369 1371
f 1817 1279 1281
f 1797 1255 1257
f 1833 1291 1293
f 1851 1309 1311
f 1871 1327 1329
f 1941 1375 1377
f 2119 1537 1539
f 2029 1448 1450
f 2247 1574 1576
f 2262 1364 1366
f 2051 1483 1485
f 1954 1387 1389
f 2064 1436 1438
f 2085 1507 1509
f 2105 1525 1527
f 2121 1543 1545
f 2031 1465 1467
f 2244 1454 1456
f 2265 1580 1582
f 1939 1358 1360
f 1814 1267 1271
f 1793 1243 1247
f 1829 1250 1254
f 1847 1286 1290
f 1868 1304 1308
f 1937 1334 1338
f 2124 1549 1553
f 2034 1471 1475
f 2250 1597 1601
f 2261 1352 1356
f 2050 1477 1481
f 1960 1399 1403
f 2063 1406 1410
f 2081 1490 1494
f 2102 1502 1506
f 2117 1531 1535
f 2027 1412 1416
f 2243 1442 1446
f 2268 1592 1596
f 1944 1381 1385
f 1804 890 894
f 1785 884 887
f 1821 896 899
f 1839 902 905
f 1858 908 912
f 1929 938 941
f 2114 1046 1050
f 2024 1220 1224
f 2240 1196 1200
f 2253 1112 1115
f 2038 980 984
f 1951 974 977
f 2055 986 989
f 2073 992 995
f 2092 998 1002
f 2109 1016 1019
f 2019 968 971
f 2235 1088 1091
f 2258 1142 1146
f 1934 1154 1158
f 1861 1214 1217
f 1807 1034 1037
f 1790 914 918
f 1826 1094 1098
f 1844 1184 1188
f 1880 1040 1044
f 2186 1232 1236
f 2308 1208 1212
f 2272 1118 1122
f 1894 926 930
f 2095 1160 1163
f 2041 1010 1013
f 1948 944 948
f 2060 1070 1074
f 2078 1130 1134
f 2132 1166 1170
f 1970 1004 1008
f 1984 956 960
f 2218 1082 1086
f 2289 1148 1151
f 2181 1058 1061
f 1875 920 923
f 1897 1100 1103
f 2275 1202 1205
f 2311 1238 1241
f 2167 1172 1175
f 2146 1028 1032
f 2002 962 966
f 2200 1076 1080
f 1915 1124 1127
f 2127 1022 1025
f 1965 950 953
f 1987 1064 1067
f 2221 1136 1139
f 2294 1178 1182
f 2164 1052 1056
f 2149 1226 1229
f 2005 1190 1193
f 2203 1106 1109
f 1912 932 936
f 1870 1321 1325
f 1816 1273 1277
f 1800 1261 1265
f 1836 1297 1301
f 1854 1315 1319
f 1890 1339 1343
f 2196 1562 1566
f 2320 1460 1464
f 2284 1586 1590
f 1906 1345 1349
f 2104 1519 1523
f 2047 1418 1422
f 1958 1393 1397
f 2070 1495 1499
f 2088 1513 1517
f 2142 1555 1559
f 1980 1423 1427
f 1994 1429 1433
f 2230 1568 1572
f 2297 1370 1374
f 2329 894 892
f 2323 887 885
f 2326 899 897
f 2333 905 903
f 2336 912 910
f 2345 941 939
f 2409 1050 1048
f 2496 1224 1222
f 2485 1200 1198
f 2435 1115 1113
f 2374 984 982
f 2368 977 975
f 2371 989 987
f 2378 995 993
f 2381 1002 1000
f 2392 1019 1017
f 2360 971 969
f 2416 1091 1089
f 2456 1146 1144
f 2460 1158 1156
f 2488 1217 1215
f 2398 1037 1035
f 2340 918 916
f 2430 1098 1096
f 2475 1188 1186
f 2404 1044 1042
f 2501 1236 1234
f 2482 1212 1210
f 2440 1122 1120
f 2347 930 928
f 2464 1163 1161
f 2384 1013 1011
f 2355 948 946
f 2419 1074 1072
f 2451 1134 1132
f 2470 1170 1168
f 2385 1008 1006
f 2362 960 958
f 2423 1086 1084
f 2446 1151 1149
f 2401 1061 1059
f 2339 923 921
f 2429 1103 1101
f 2474 1205 1203
f 2491 1241 1239
f 2459 1175 1173
f 2395 1032 1030
f 2365 966 964
f 2424 1080 1078
f 2443 1127 1125
f 2390 1025 1023
f 2354 953 951
f 2413 1067 1065
f 2450 1139 1137
f 2467 1182 1180
f 2408 1056 1054
f 2495 1229 1227
f 2479 1193 1191
f 2437 1109 1107
f 2350 936 934
f 2511 1325 1326
f 2505 1277 1278
f 2507 1265 1266
f 2513 1301 1302
f 2516 1319 1320
f 2519 1343 1344
f 2556 1566 1565
f 2540 1464 1463
f 2561 1590 1589
f 2521 1349 1350
f 2544 1523 1524
f 2529 1422 1421
f 2530 1397 1398
f 2546 1499 1500
f 2549 1517 1518
f 2553 1559 1560
f 2534 1427 1428
f 2536 1433 1434
f 2557 1572 1571
f 2525 1374 1373
f 1609 892 889
f 1605 885 883
f 1611 897 895
f 1614 903 901
f 1617 910 907
f 1631 939 937
f 1688 1048 1045
f 1775 1222 1219
f 1763 1198 1195
f 1719 1113 1111
f 1654 982 979
f 1650 975 973
f 1656 987 985
f 1659 993 991
f 1662 1000 997
f 1672 1017 1015
f 1646 969 967
f 1706 1089 1087
f 1735 1144 1141
f 1741 1156 1153
f 1770 1215 1213
f 1680 1035 1033
f 1621 916 913
f 1711 1096 1093
f 1756 1186 1183
f 1684 1042 1039
f 1780 1234 1231
f 1767 1210 1207
f 1722 1120 1117
f 1627 928 925
f 1744 1161 1159
f 1668 1011 1009
f 1636 946 943
f 1699 1072 1069
f 1730 1132 1129
f 1748 1168 1165
f 1666 1006 1003
f 1642 958 955
f 1705 1084 1081
f 1736 1149 1147
f 1691 1059 1057
f 1623 921 919
f 1713 1101 1099
f 1764 1203 1201
f 1781 1239 1237
f 1749 1173 1171
f 1677 1030 1027
f 1645 964 961
f 1703 1078 1075
f 1725 1125 1123
f 1674 1023 1021
f 1638 951 949
f 1695 1065 1063
f 1732 1137 1135
f 1752 1180 1177
f 1690 1054 1051
f 1777 1227 1225
f 1759 1191 1189
f 1717 1107 1105
f 1630 934 931
f 2191 1326 1322
f 1885 1278 1274
f 1901 1266 1262
f 2279 1302 1298
f 2315 1320 1316
f 2171 1344 1340
f 2160 1565 1561
f 2016 1463 1459
f 2214 1589 1585
f 1919 1350 1346
f 2137 1524 1520
f 1978 1421 1417
f 1991 1398 1394
f 2225 1500 1496
f 2302 1518 1514
f 2178 1560 1556
f 2153 1428 1424
f 2009 1434 1430
f 2207 1571 1567
f 1926 1373 1369
f 1857 911 908
f 1803 893 890
f 1786 888 884
f 1822 900 896
f 1840 906 902
f 1876 924 920
f 2182 1062 1058
f 2312 1242 1238
f 2276 1206 1202
f 1898 1104 1100
f 2091 1001 998
f 2037 983 980
f 1952 978 974
f 2056 990 986
f 2074 996 992
f 2128 1026 1022
f 1966 954 950
f 1988 1068 1064
f 2222 1140 1136
f 2293 1181 1178
f 2185 1235 1232
f 1879 1043 1040
f 1893 929 926
f 2271 1121 1118
f 2307 1211 1208
f 2163 1055 1052
f 2150 1230 1226
f 2006 1194 1190
f 2204 1110 1106
f 1911 935 932
f 2131 1169 1166
f 1969 1007 1004
f 1983 959 956
f 2217 1085 1082
f 2290 1152 1148
f 2168 1176 1172
f 2145 1031 1028
f 2001 965 962
f 2199 1079 1076
f 1916 1128 1124
f 1808 1038 1034
f 1789 917 914
f 1825 1097 1094
f 1843 1187 1184
f 1862 1218 1214
f 1933 1157 1154
f 2110 1020 1016
f 2020 972 968
f 2236 1092 1088
f 2257 1145 1142
f 2042 1014 1010
f 1947 947 944
f 2059 1073 1070
f 2077 1133 1130
f 2096 1164 1160
f 2113 1049 1046
f 2023 1223 1220
f 2239 1199 1196
f 2254 1116 1112
f 1930 942 938
f 1818 1283 1279
f 1798 1259 1255
f 1834 1295 1291
f 1852 1313 1309
f 1872 1331 1327
f 1942 1379 1375
f 2120 1541 1537
f 2030 1452 1448
f 2248 1578 1574
f 2263 1368 1364
f 2052 1487 1483
f 1955 1391 1387
f 2065 1440 1436
f 2086 1511 1507
f 2106 1529 1525
f 2122 1547 1543
f 2032 1469 1465
f 2245 1458 1454
f 2266 1584 1580
f 1940 1362 1358
f 1813 1269 1267
f 1792 1245 1243
f 1828 1252 1250
f 1846 1288 1286
f 1867 1306 1304
f 1936 1336 1334
f 2123 1551 1549
f 2033 1473 1471
f 2249 1599 1597
f 2260 1354 1352
f 2049 1479 1477
f 1959 1401 1399
f 2062 1408 1406
f 2080 1492 1490
f 2101 1504 1502
f 2116 1533 1531
f 2026 1414 1412
f 2242 1444 1442
f 2267 1594 1592
f 1943 1383 1381
f 1869 1323 1321
f 1815 1275 1273
f 1799 1263 1261
f 1835 1299 1297
f 1853 1317 1315
f 1889 1341 1339
f 2195 1564 1562
f 2319 1462 1460
f 2283 1588 1586
f 1905 1347 1345
f 2103 1521 1519
f 2046 1420 1418
f 1957 1395 1393
f 2069 1497 1495
f 2087 1515 1513
f 2141 1557 1555
f 1979 1425 1423
f 1993 1431 1429
f 2229 1570 1568
f 2296 1372 1370
f 2188 1282 1280
f 1882 1258 1256
f 1902 1294 1292
f 2280 1312 1310
f 2316 1330 1328
f 2172 1378 1376
f 2157 1540 1538
f 2011 1449 1447
f 2209 1575 1573
f 1923 1365 1363
f 2134 1486 1484
f 1972 1390 1388
f 1995 1437 1435
f 2226 1510 1508
f 2303 1528 1526
f 2175 1546 1544
f 2154 1468 1466
f 2013 1455 1453
f 2211 1581 1579
f 1921 1359 1357
f 1865 1272 1268
f 1811 1248 1244
f 1796 1253 1249
f 1832 1289 1285
f 1850 1307 1303
f 1888 1337 1333
f 2194 1554 1550
f 2322 1476 1472
f 2286 1602 1598
f 1908 1355 1351
f 2099 1482 1478
f 2045 1404 1400
f 1962 1409 1405
f 2068 1493 1489
f 2084 1505 1501
f 2140 1536 1532
f 1976 1415 1411
f 1998 1445 1441
f 2232 1595 1591
f 2299 1386 1382
f 2330 909 911
f 2324 891 893
f 2325 886 888
f 2332 898 900
f 2335 904 906
f 2344 922 924
f 2410 1060 1062
f 2497 1240 1242
f 2486 1204 1206
f 2434 1102 1104
f 2375 999 1001
f 2369 981 983
f 2370 976 978
f 2377 988 990
f 2380 994 996
f 2393 1024 1026
f 2359 952 954
f 2415 1066 1068
f 2455 1138 1140
f 2461 1179 1181
f 2489 1233 1235
f 2399 1041 1043
f 2341 927 929
f 2431 1119 1121
f 2476 1209 1211
f 2405 1053 1055
f 2500 1228 1230
f 2481 1192 1194
f 2439 1108 1110
f 2348 933 935
f 2465 1167 1169
f 2383 1005 1007
f 2356 957 959
f 2420 1083 1085
f 2452 1150 1152
f 2471 1174 1176
f 2386 1029 1031
f 2363 963 965
f 2422 1077 1079
f 2445 1126 1128
f 2400 1036 1038
f 2338 915 917
f 2428 1095 1097
f 2473 1185 1187
f 2490 1216 1218
f 2458 1155 1157
f 2394 1018 1020
f 2366 970 972
f 2425 1090 1092
f 2444 1143 1145
f 2389 1012 1014
f 2353 945 947
f 2414 1071 1073
f 2449 1131 1133
f 2466 1162 1164
f 2407 1047 1049
f 2494 1221 1223
f 2480 1197 1199
f 2438 1114 1116
f 2351 940 942
f 2510 1284 1283
f 2504 1260 1259
f 2508 1296 1295
f 2514 1314 1313
f 2517 1332 1331
f 2520 1380 1379
f 2554 1542 1541
f 2539 1451 1452
f 2560 1577 1578
f 2523 1367 1368
f 2543 1488 1487
f 2527 1392 1391
f 2532 1439 1440
f 2547 1512 1511
f 2550 1530 1529
f 2552 1548 1547
f 2535 1470 1469
f 2538 1457 1458
f 2558 1583 1584
f 2524 1361 1362
f 1607 1616 1609
f 1603 1608 1605
f 1604 1606 1611
f 1610 1612 1614
f 1613 1615 1617
f 1622 1624 1631
f 1686 1692 1688
f 1773 1782 1775
f 1761 1765 1763
f 1712 1714 1719
f 1652 1661 1654
f 1648 1653 1650
f 1649 1651 1656
f 1655 1657 1659
f 1658 1660 1662
f 1670 1675 1672
f 1637 1639 1646
f 1694 1696 1706
f 1731 1733 1735
f 1739 1751 1741
f 1768 1779 1770
f 1678 1683 1680
f 1619 1626 1621
f 1709 1721 1711
f 1754 1766 1756
f 1682 1689 1684
f 1776 1778 1780
f 1758 1760 1767
f 1716 1718 1722
f 1625 1629 1627
f 1742 1747 1744
f 1663 1665 1668
f 1634 1641 1636
f 1697 1704 1699
f 1728 1737 1730
f 1746 1750 1748
f 1664 1676 1666
f 1640 1644 1642
f 1700 1702 1705
f 1724 1726 1736
f 1679 1681 1691
f 1618 1620 1623
f 1708 1710 1713
f 1753 1755 1764
f 1769 1771 1781
f 1738 1740 1749
f 1671 1673 1677
f 1643 1647 1645
f 1701 1707 1703
f 1723 1734 1725
f 1667 1669 1674
f 1633 1635 1638
f 1693 1698 1695
f 1727 1729 1732
f 1743 1745 1752
f 1685 1687 1690
f 1772 1774 1777
f 1757 1762 1759
f 1715 1720 1717
f 1628 1632 1630
f 2187 2189 2191
f 1881 1883 1885
f 1899 1903 1901
f 2277 2281 2279
f 2313 2317 2315
f 2169 2173 2171
f 2156 2158 2160
f 2010 2012 2016
f 2208 2210 2214
f 1917 1924 1919
f 2133 2135 2137
f 1971 1973 1978
f 1989 1996 1991
f 2223 2227 2225
f 2300 2304 2302
f 2174 2176 2178
f 2151 2155 2153
f 2007 2014 2009
f 2205 2212 2207
f 1920 1922 1926
f 1855 1864 1857
f 1801 1810 1803
f 1784 1795 1786
f 1820 1831 1822
f 1838 1849 1840
f 1874 1887 1876
f 2180 2193 2182
f 2310 2321 2312
f 2274 2285 2276
f 1896 1907 1898
f 2089 2098 2091
f 2035 2044 2037
f 1950 1961 1952
f 2054 2067 2056
f 2072 2083 2074
f 2126 2139 2128
f 1964 1975 1966
f 1986 1997 1988
f 2220 2231 2222
f 2291 2298 2293
f 2183 2190 2185
f 1877 1884 1879
f 1891 1900 1893
f 2269 2278 2271
f 2305 2314 2307
f 2161 2170 2163
f 2148 2159 2150
f 2004 2015 2006
f 2202 2213 2204
f 1909 1918 1911
f 2129 2136 2131
f 1967 1977 1969
f 1981 1990 1983
f 2215 2224 2217
f 2288 2301 2290
f 2166 2177 2168
f 2143 2152 2145
f 1999 2008 2001
f 2197 2206 2199
f 1914 1925 1916
f 1806 1817 1808
f 1787 1797 1789
f 1823 1833 1825
f 1841 1851 1843
f 1860 1871 1862
f 1931 1941 1933
f 2108 2119 2110
f 2018 2029 2020
f 2234 2247 2236
f 2255 2262 2257
f 2040 2051 2042
f 1945 1954 1947
f 2057 2064 2059
f 2075 2085 2077
f 2094 2105 2096
f 2111 2121 2113
f 2021 2031 2023
f 2237 2244 2239
f 2252 2265 2254
f 1928 1939 1930
f 1812 1814 1818
f 1791 1793 1798
f 1827 1829 1834
f 1845 1847 1852
f 1866 1868 1872
f 1935 1937 1942
f 2118 2124 2120
f 2028 2034 2030
f 2246 2250 2248
f 2259 2261 2263
f 2048 2050 2052
f 1953 1960 1955
f 2061 2063 2065
f 2079 2081 2086
f 2100 2102 2106
f 2115 2117 2122
f 2025 2027 2032
f 2241 2243 2245
f 2264 2268 2266
f 1938 1944 1940
f 1802 1804 1813
f 1783 1785 1792
f 1819 1821 1828
f 1837 1839 1846
f 1856 1858 1867
f 1927 1929 1936
f 2112 2114 2123
f 2022 2024 2033
f 2238 2240 2249
f 2251 2253 2260
f 2036 2038 2049
f 1949 1951 1959
f 2053 2055 2062
f 2071 2073 2080
f 2090 2092 2101
f 2107 2109 2116
f 2017 2019 2026
f 2233 2235 2242
f 2256 2258 2267
f 1932 1934 1943
f 1859 1861 1869
f 1805 1807 1815
f 1788 1790 1799
f 1824 1826 1835
f 1842 1844 1853
f 1878 1880 1889
f 2184 2186 2195
f 2306 2308 2319
f 2270 2272 2283
f 1892 1894 1905
f 2093 2095 2103
f 2039 2041 2046
f 1946 1948 1957
f 2058 2060 2069
f 2076 2078 2087
f 2130 2132 2141
f 1968 1970 1979
f 1982 1984 1993
f 2216 2218 2229
f 2287 2289 2296
f 2179 2181 2188
f 1873 1875 1882
f 1895 1897 1902
f 2273 2275 2280
f 2309 2311 2316
f 2165 2167 2172
f 2144 2146 2157
f 2000 2002 2011
f 2198 2200 2209
f 1913 1915 1923
f 2125 2127 2134
f 1963 1965 1972
f 1985 1987 1995
f 2219 2221 2226
f 2292 2294 2303
f 2162 2164 2175
f 2147 2149 2154
f 2003 2005 2013
f 2201 2203 2211
f 1910 1912 1921
f 1863 1870 1865
f 1809 1816 1811
f 1794 1800 1796
f 1830 1836 1832
f 1848 1854 1850
f 1886 1890 1888
f 2192 2196 2194
f 2318 2320 2322
f 2282 2284 2286
f 1904 1906 1908
f 2097 2104 2099
f 2043 2047 2045
f 1956 1958 1962
f 2066 2070 2068
f 2082 2088 2084
f 2138 2142 2140
f 1974 1980 1976
f 1992 1994 1998
f 2228 2230 2232
f 2295 2297 2299
f 2331 2329 2330
f 2327 2323 2324
f 2328 2326 2325
f 2334 2333 2332
f 2337 2336 2335
f 2346 2345 2344
f 2412 2409 2410
f 2499 2496 2497
f 2487 2485 2486
f 2436 2435 2434
f 2376 2374 2375
f 2372 2368 2369
f 2373 2371 2370
f 2379 2378 2377
f 2382 2381 2380
f 2396 2392 2393
f 2361 2360 2359
f 2418 2416 2415
f 2457 2456 2455
f 2463 2460 2461
f 2492 2488 2489
f 2402 2398 2399
f 2343 2340 2341
f 2433 2430 2431
f 2478 2475 2476
f 2406 2404 2405
f 2502 2501 2500
f 2484 2482 2481
f 2442 2440 2439
f 2349 2347 2348
f 2468 2464 2465
f 2387 2384 2383
f 2358 2355 2356
f 2421 2419 2420
f 2454 2451 2452
f 2472 2470 2471
f 2388 2385 2386
f 2364 2362 2363
f 2426 2423 2422
f 2448 2446 2445
f 2403 2401 2400
f 2342 2339 2338
f 2432 2429 2428
f 2477 2474 2473
f 2493 2491 2490
f 2462 2459 2458
f 2397 2395 2394
f 2367 2365 2366
f 2427 2424 2425
f 2447 2443 2444
f 2391 2390 2389
f 2357 2354 2353
f 2417 2413 2414
f 2453 2450 2449
f 2469 2467 2466
f 2411 2408 2407
f 2498 2495 2494
f 2483 2479 2480
f 2441 2437 2438
f 2352 2350 2351
f 2509 2511 2510
f 2503 2505 2504
f 2506 2507 2508
f 2512 2513 2514
f 2515 2516 2517
f 2518 2519 2520
f 2555 2556 2554
f 2541 2540 2539
f 2562 2561 2560
f 2522 2521 2523
f 2542 2544 2543
f 2528 2529 2527
f 2531 2530 2532
f 2545 2546 2547
f 2548 2549 2550
f 2551 2553 2552
f 2533 2534 2535
f 2537 2536 2538
f 2559 2557 2558
f 2526 2525 2524