v -0.323472 0.667608 0.201283
v 0.305606 0.682462 0.219349
v -0.334993 -0.517170 0.202123
v 0.332107 -0.528275 0.199209
v 0.004770 -0.372441 0.920876
v -0.003667 0.461401 0.785532
v 0.004471 -0.244100 -0.333420
v 0.000141 0.566172 -0.553138
v 0.482122 0.114759 -0.107731
v 0.459728 0.111672 0.529334
v -0.453439 0.122317 -0.085530
v -0.457997 0.110003 0.542382
v -0.004074 0.834591 0.181831
v -0.197999 0.615879 0.514027
v -0.266787 0.764586 -0.254440
v -0.429545 0.409943 0.018093
v -0.466440 0.433117 0.408022
v 0.210160 0.655616 0.520134
v 0.235916 0.792717 -0.254120
v 0.422702 0.409682 0.009988
v 0.451562 0.441277 0.414268
v 0.005414 -0.643077 0.196366
v -0.249969 -0.587227 0.640625
v -0.192211 -0.484005 -0.124323
v -0.418892 -0.170471 0.055209
v -0.449140 -0.222663 0.400559
v 0.238053 -0.589272 0.649639
v 0.195032 -0.495333 -0.124016
v 0.412486 -0.183117 0.039589
v 0.425361 -0.216066 0.395156
v -0.000103 0.077640 0.978396
v 0.321011 -0.135677 0.805964
v -0.317823 -0.132262 0.801080
v 0.312300 0.291786 0.736290
v -0.330764 0.302630 0.747136
v 0.002236 0.131920 -0.566049
v 0.246605 -0.056477 -0.263345
v -0.251656 -0.060774 -0.260451
v 0.322954 0.344790 -0.402103
v -0.321736 0.340973 -0.401835
v 0.514058 0.097539 0.202610
v -0.519670 0.104551 0.203763
v -0.189359 0.768714 0.181895
v -0.293614 0.678648 0.357033
v -0.271882 0.696996 -0.015194
v -0.370485 0.566993 0.112633
v -0.410533 0.573490 0.316045
v 0.197166 0.769129 0.188931
v 0.298153 0.703067 0.359758
v 0.249657 0.693331 0.001326
v 0.353291 0.573605 0.118864
v 0.381928 0.588698 0.321266
v -0.220685 -0.632976 0.186050
v -0.287748 -0.511505 0.372520
v -0.367672 -0.616340 -0.012332
v -0.384191 -0.372450 0.130736
v -0.396126 -0.373464 0.318987
v 0.223882 -0.644993 0.188336
v 0.273209 -0.521555 0.372510
v 0.363987 -0.618796 -0.009464
v 0.378496 -0.386872 0.124851
v 0.378917 -0.383431 0.310494
v -0.132428 -0.551074 0.872797
v 0.216060 -0.642622 0.817636
v -0.006706 -0.149706 1.007803
v 0.227166 -0.296809 0.962685
v -0.236381 -0.279764 0.966962
v -0.092765 0.540465 0.672503
v 0.089656 0.551475 0.669601
v 0.000648 0.300464 0.881653
v 0.148408 0.393816 0.787957
v -0.156492 0.402077 0.792513
v -0.065750 -0.347494 -0.232772
v 0.070236 -0.355908 -0.237690
v 0.002742 -0.071202 -0.417544
v 0.111983 -0.170022 -0.326988
v -0.114189 -0.173795 -0.322360
v -0.131825 0.722760 -0.433270
v 0.128372 0.716229 -0.436069
v 0.000030 0.358133 -0.652832
v 0.202030 0.471978 -0.547201
v -0.205165 0.478672 -0.548594
v 0.469054 0.238295 -0.071748
v 0.471501 -0.001902 -0.053085
v 0.392278 0.045359 -0.181190
v 0.391573 0.214817 -0.195801
v 0.508795 0.104091 0.015878
v 0.464951 0.263484 0.482013
v 0.468687 -0.045641 0.471341
v 0.399669 0.010721 0.644838
v 0.407481 0.204069 0.642064
v 0.495764 0.104361 0.382454
v -0.459502 0.237132 -0.054780
v -0.455165 0.003845 -0.032443
v -0.382734 0.050587 -0.168311
v -0.393400 0.214507 -0.200914
v -0.497140 0.110445 0.039671
v -0.467409 0.259599 0.486146
v -0.464504 -0.041335 0.481170
v -0.409461 0.012474 0.649533
v -0.408698 0.197734 0.641442
v -0.492319 0.108863 0.388104
v -0.096834 0.735497 0.361793
v -0.126291 0.810488 -0.135094
v 0.109431 0.753168 0.370327
v 0.092078 0.806452 -0.095469
v -0.374841 0.550741 0.476573
v 0.007774 0.654300 0.526524
v -0.275588 0.483255 0.643540
v -0.373522 0.629194 -0.139168
v 0.011136 0.795983 -0.236756
v -0.306384 0.579367 -0.355836
v -0.475306 0.427795 0.224527
v -0.388359 0.394907 -0.195716
v -0.509670 0.254404 0.123960
v -0.420809 0.386816 0.580332
v -0.499405 0.270653 0.306878
v 0.381860 0.579410 0.482969
v 0.273638 0.490801 0.633251
v 0.378943 0.603933 -0.140623
v 0.309443 0.593993 -0.363606
v 0.445470 0.429856 0.226957
v 0.377826 0.397194 -0.195495
v 0.493787 0.254842 0.111969
v 0.421673 0.397705 0.578283
v 0.489470 0.269318 0.307487
v -0.098753 -0.618467 0.412721
v -0.121995 -0.648618 -0.012822
v 0.104455 -0.648407 0.429333
v 0.132794 -0.664830 -0.018429
v -0.373717 -0.375137 0.510655
v 0.010437 -0.643592 0.667273
v -0.343740 -0.372572 0.772953
v -0.345544 -0.347333 -0.071557
v 0.007432 -0.502270 -0.127771
v -0.219474 -0.267118 -0.193408
v -0.463026 -0.202280 0.241195
v -0.349844 -0.130450 -0.116381
v -0.502415 -0.031665 0.133223
v -0.395798 -0.190035 0.593998
v -0.500004 -0.056036 0.299622
v 0.338385 -0.378447 0.508239
v 0.343719 -0.404865 0.776292
v 0.357756 -0.362769 -0.077645
v 0.215406 -0.265491 -0.185092
v 0.434254 -0.211197 0.229449
v 0.355401 -0.133168 -0.119990
v 0.493033 -0.036225 0.119922
v 0.387980 -0.193444 0.587579
v 0.481649 -0.054935 0.299346
v 0.197683 -0.034693 0.970091
v -0.200103 -0.041534 0.967572
v 0.184957 0.186721 0.891069
v -0.186346 0.192392 0.896191
v 0.315057 0.095192 0.806495
v -0.319416 0.091779 0.799878
v 0.150241 0.037035 -0.440435
v -0.148662 0.029481 -0.432198
v 0.223548 0.229839 -0.633831
v -0.231720 0.224624 -0.622697
v 0.264706 0.144970 -0.343867
v -0.273952 0.145962 -0.333279
v -0.270665 0.713108 0.189067
v -0.318379 0.677714 0.271378
v -0.293892 0.678035 0.112518
v -0.345887 0.625235 0.161400
v -0.366631 0.628116 0.255538
v 0.264357 0.721039 0.205265
v 0.303763 0.692024 0.285109
v 0.278382 0.685781 0.131948
v 0.328669 0.641039 0.177443
v 0.342720 0.646672 0.267029
v -0.300865 -0.587217 0.192157
v -0.320403 -0.519526 0.274784
v -0.348164 -0.566544 0.117234
v -0.355848 -0.458575 0.167968
v -0.356481 -0.448896 0.258315
v 0.296693 -0.593710 0.188289
v 0.312587 -0.527048 0.270769
v 0.348878 -0.575976 0.115554
v 0.353529 -0.473166 0.165362
v 0.350611 -0.460730 0.254269
v -0.061909 -0.450610 0.878240
v 0.081989 -0.539654 0.895278
v -0.000506 -0.263312 0.968802
v 0.117303 -0.357187 0.941468
v -0.102700 -0.325862 0.939329
v -0.044761 0.504697 0.744204
v 0.034707 0.499645 0.737543
v -0.000101 0.396816 0.830681
v 0.063883 0.436056 0.793898
v -0.069082 0.438500 0.791767
v -0.026470 -0.293392 -0.293338
v 0.032564 -0.295730 -0.295231
v 0.005500 -0.173957 -0.375037
v 0.050360 -0.222830 -0.347239
v -0.045729 -0.217565 -0.336697
v -0.058312 0.632198 -0.498257
v 0.056538 0.633274 -0.505255
v 0.000008 0.471640 -0.596747
v 0.097769 0.533205 -0.569890
v -0.094043 0.531340 -0.555706
v 0.480371 0.165349 -0.097523
v 0.477203 0.063538 -0.085136
v 0.454796 0.087689 -0.138312
v 0.448590 0.156921 -0.142734
v 0.497351 0.109497 -0.058325
v 0.463219 0.178942 0.509836
v 0.467090 0.042234 0.505501
v 0.435393 0.068561 0.578726
v 0.435166 0.154249 0.580292
v 0.481430 0.109431 0.464624
v -0.460078 0.171181 -0.074671
v -0.458657 0.070846 -0.063242
v -0.426930 0.093547 -0.122947
v -0.430551 0.160943 -0.133708
v -0.478493 0.115446 -0.033732
v -0.461208 0.175381 0.517372
v -0.465984 0.044073 0.519313
v -0.440663 0.069325 0.592238
v -0.435942 0.149065 0.586542
v -0.476451 0.110166 0.474923
v -0.099920 0.830368 0.186973
v 0.102146 0.810603 0.180641
v -0.049657 0.796100 0.277582
v -0.058997 0.852764 0.063752
v 0.053141 0.795004 0.280259
v 0.048145 0.847374 0.061939
v -0.250132 0.651995 0.435451
v -0.144675 0.578195 0.595124
v -0.146984 0.675236 0.439447
v -0.294111 0.590596 0.500180
v -0.095616 0.636286 0.520997
v -0.241505 0.555340 0.583431
v -0.288814 0.744740 -0.150142
v -0.200961 0.770638 -0.354447
v -0.245357 0.804266 -0.207880
v -0.442827 0.752921 -0.250015
v -0.150958 0.805766 -0.241833
v -0.297268 0.689551 -0.335337
v -0.400893 0.497760 0.062879
v -0.449285 0.318021 -0.023329
v -0.370014 0.507561 -0.053651
v -0.462561 0.417923 0.125509
v -0.404659 0.406602 -0.090394
v -0.475356 0.330140 0.077213
v -0.449189 0.512493 0.364752
v -0.471666 0.349786 0.451135
v -0.441730 0.505724 0.449777
v -0.474809 0.435257 0.318254
v -0.451559 0.418296 0.496270
v -0.483932 0.353966 0.359455
v 0.264619 0.689693 0.441701
v 0.148944 0.607544 0.595500
v 0.164272 0.710745 0.452915
v 0.111465 0.670024 0.532502
v 0.309616 0.630079 0.506443
v 0.249159 0.586197 0.581322
v 0.256336 0.742190 -0.145835
v 0.205222 0.799582 -0.352516
v 0.192926 0.836309 -0.201094
v 0.167393 0.959451 -0.267526
v 0.427499 0.742621 -0.208073
v 0.295115 0.726117 -0.325123
v 0.384976 0.496122 0.059458
v 0.451617 0.321746 -0.035026
v 0.369319 0.500880 -0.063449
v 0.434316 0.417638 0.119222
v 0.400860 0.407316 -0.097652
v 0.467632 0.331338 0.065184
v 0.423512 0.520974 0.370419
v 0.462977 0.354439 0.450816
v 0.424637 0.515858 0.454398
v 0.449188 0.438433 0.321598
v 0.443092 0.428851 0.498032
v 0.470487 0.357194 0.362603
v -0.110395 -0.636907 0.188322
v 0.122947 -0.638237 0.190908
v -0.048448 -0.639919 0.302442
v -0.058860 -0.632149 0.095087
v 0.057493 -0.653902 0.309190
v 0.070519 -0.642980 0.093584
v -0.243768 -0.510979 0.490042
v -0.222556 -0.716771 0.880637
v -0.155554 -0.591123 0.524595
v -0.308389 -0.458759 0.577124
v -0.123210 -0.650530 0.675457
v -0.329133 -0.518788 0.750098
v -0.289841 -0.571429 -0.111092
v -0.119182 -0.407594 -0.168608
v -0.173835 -0.590979 -0.093926
v -0.281914 -0.428850 -0.112837
v -0.093076 -0.492786 -0.116776
v -0.205206 -0.372696 -0.155472
v -0.405207 -0.271624 0.093765
v -0.436015 -0.078363 0.011327
v -0.382286 -0.256769 -0.005758
v -0.446212 -0.185908 0.152458
v -0.386264 -0.151034 -0.035876
v -0.461828 -0.095478 0.100606
v -0.431565 -0.300151 0.365061
v -0.457056 -0.132054 0.439894
v -0.422476 -0.300949 0.449162
v -0.460413 -0.216909 0.319783
v -0.423793 -0.209570 0.490710
v -0.477020 -0.139671 0.350633
v 0.228114 -0.534268 0.506989
v 0.229962 -0.601923 0.747387
v 0.177318 -0.643554 0.554147
v 0.155951 -0.653279 0.673063
v 0.277536 -0.475501 0.596228
v 0.338145 -0.629816 0.780465
v 0.300148 -0.593067 -0.112960
v 0.119475 -0.416712 -0.167443
v 0.179819 -0.605390 -0.097812
v 0.101217 -0.508209 -0.128450
v 0.289810 -0.446970 -0.114811
v 0.202368 -0.378492 -0.149104
v 0.392432 -0.285524 0.084208
v 0.442857 -0.084720 -0.008512
v 0.377723 -0.269783 -0.011003
v 0.427739 -0.199401 0.133902
v 0.388661 -0.160416 -0.044752
v 0.457129 -0.105532 0.081349
v 0.400884 -0.300140 0.356049
v 0.452873 -0.132066 0.433982
v 0.389004 -0.297703 0.443327
v 0.429899 -0.215878 0.311700
v 0.412897 -0.209056 0.481093
v 0.457815 -0.135142 0.348523
v -0.005107 -0.035631 1.017441
v 0.001687 0.191280 0.932144
v 0.103716 0.021724 0.990786
v -0.105785 0.017257 0.983329
v 0.098255 0.133573 0.940516
v -0.097563 0.134718 0.944099
v 0.280513 -0.218957 0.895889
v 0.360341 -0.058342 0.720554
v 0.331125 -0.263711 0.793202
v 0.361330 -0.171624 0.702229
v 0.268177 -0.088605 0.900256
v 0.314104 -0.015058 0.813252
v -0.281518 -0.213070 0.894961
v -0.363311 -0.055522 0.717817
v -0.324598 -0.249657 0.785047
v -0.360646 -0.164803 0.698212
v -0.268174 -0.091595 0.900977
v -0.315527 -0.018046 0.806913
v 0.232340 0.341146 0.764145
v 0.372117 0.250420 0.698097
v 0.295189 0.391029 0.682929
v 0.371765 0.346106 0.654886
v 0.249306 0.238710 0.816950
v 0.319920 0.195888 0.784582
v -0.249668 0.357710 0.780056
v -0.375708 0.248237 0.696035
v -0.309314 0.400652 0.701454
v -0.381096 0.347257 0.665733
v -0.263803 0.249655 0.826665
v -0.327131 0.197082 0.778127
v 0.002804 0.032955 -0.480603
v 0.000958 0.235998 -0.653491
v 0.088255 0.087119 -0.513454
v -0.083508 0.079728 -0.507640
v 0.106358 0.184310 -0.605168
v -0.103234 0.177612 -0.608815
v 0.177656 -0.112814 -0.297453
v 0.319167 -0.003054 -0.221798
v 0.233485 -0.159973 -0.225313
v 0.306232 -0.100395 -0.191424
v 0.191514 -0.008790 -0.346021
v 0.254777 0.045603 -0.300530
v -0.183247 -0.120361 -0.300033
v -0.322409 -0.002916 -0.216154
v -0.236430 -0.163600 -0.227413
v -0.306041 -0.100896 -0.188436
v -0.199112 -0.016454 -0.342837
v -0.263899 0.041499 -0.294415
v 0.292626 0.414508 -0.508635
v 0.341468 0.280070 -0.286414
v 0.311973 0.463379 -0.385022
v 0.347514 0.380021 -0.290309
v 0.328461 0.292410 -0.552253
v 0.307614 0.235337 -0.389053
v -0.295565 0.412868 -0.509250
v -0.344593 0.276066 -0.289095
v -0.312673 0.456980 -0.383250
v -0.348796 0.376348 -0.291304
v -0.335020 0.281793 -0.539664
v -0.306148 0.237559 -0.385466
v 0.516874 0.100176 0.107028
v 0.504085 0.100574 0.295027
v 0.510449 0.178014 0.157517
v 0.507021 0.181594 0.253864
v 0.506635 0.027628 0.157888
v 0.498347 0.022713 0.249219
v -0.519269 0.106051 0.121440
v -0.507041 0.105935 0.294364
v -0.521108 0.178821 0.164129
v -0.512764 0.185218 0.253955
v -0.518395 0.032708 0.165223
v -0.512893 0.026523 0.248570
v -0.238265 0.725600 0.275726
v -0.228637 0.731851 0.079814
v -0.145402 0.771187 0.279061
v -0.149046 0.797501 0.061759
v -0.367025 0.628287 0.342045
v -0.197235 0.713062 0.361279
v -0.345784 0.621630 0.423824
v -0.314895 0.632431 0.043502
v -0.210116 0.746657 -0.067851
v -0.326986 0.677438 -0.103334
v -0.397667 0.568974 0.221661
v -0.334633 0.584492 -0.013479
v -0.431336 0.500357 0.174793
v -0.406652 0.570555 0.397686
v -0.444763 0.506866 0.274223
v 0.248395 0.737760 0.282885
v 0.219433 0.737676 0.093943
v 0.156000 0.768451 0.278334
v 0.141878 0.791444 0.065333
v 0.347270 0.652022 0.348429
v 0.211161 0.728544 0.365353
v 0.339329 0.644639 0.423570
v 0.306709 0.638252 0.058210
v 0.182235 0.755116 -0.054143
v 0.297055 0.650483 -0.093361
v 0.369587 0.579880 0.229394
v 0.335034 0.577243 -0.012763
v 0.399399 0.500480 0.175935
v 0.388418 0.594217 0.406058
v 0.413110 0.512145 0.277264
v -0.248302 -0.568806 0.283264
v -0.314395 -0.692887 0.091272
v -0.152070 -0.594221 0.285105
v -0.184379 -0.703500 0.081555
v -0.360423 -0.450911 0.348087
v -0.196821 -0.564631 0.394662
v -0.335283 -0.447455 0.449272
v -0.377919 -0.481188 0.058100
v -0.256831 -0.704759 -0.053541
v -0.370141 -0.477385 -0.063465
v -0.387144 -0.370958 0.233843
v -0.387442 -0.369311 0.017444
v -0.422593 -0.282868 0.197441
v -0.398075 -0.375605 0.406390
v -0.431449 -0.292326 0.286282
v 0.242963 -0.582330 0.285117
v 0.310695 -0.688337 0.090995
v 0.152037 -0.617139 0.298217
v 0.193639 -0.725937 0.087945
v 0.347222 -0.456676 0.337831
v 0.187781 -0.583080 0.407373
v 0.304042 -0.450897 0.448091
v 0.377242 -0.496289 0.056120
v 0.272986 -0.711981 -0.045794
v 0.377885 -0.501660 -0.069733
v 0.375053 -0.384593 0.224576
v 0.382767 -0.386181 0.017948
v 0.400449 -0.294626 0.183951
v 0.370809 -0.379879 0.398002
v 0.404739 -0.300772 0.274017
v 0.007010 -0.569755 0.812249
v -0.188609 -0.404809 0.895690
v -0.066175 -0.628613 0.802841
v -0.286042 -0.488373 0.861834
v 0.263249 -0.504210 0.904662
v 0.085690 -0.615215 0.750341
v 0.323477 -0.528619 0.822897
v 0.110403 -0.216471 0.986327
v -0.121894 -0.210568 0.991937
v 0.105539 -0.094341 1.011298
v -0.122198 -0.097137 1.016323
v 0.311840 -0.368116 0.882161
v 0.205852 -0.159216 0.979380
v -0.285237 -0.335165 0.868306
v -0.219870 -0.162701 0.988080
v -0.001431 0.556790 0.678588
v -0.130640 0.484227 0.740840
v -0.045225 0.595594 0.600346
v -0.185756 0.519028 0.663566
v 0.122681 0.481102 0.732770
v 0.053002 0.613679 0.605987
v 0.184234 0.531935 0.656981
v 0.080309 0.346289 0.841121
v -0.082424 0.351883 0.846269
v 0.092981 0.242502 0.891926
v -0.092469 0.250777 0.905459
v 0.210437 0.440172 0.711450
v 0.168584 0.292768 0.838664
v -0.221609 0.446955 0.725098
v -0.174068 0.302658 0.845782
v 0.005872 -0.366203 -0.246019
v -0.094889 -0.266286 -0.282842
v -0.032246 -0.431416 -0.185808
v -0.145500 -0.318596 -0.221095
v 0.091755 -0.264916 -0.280486
v 0.043966 -0.440610 -0.190843
v 0.140590 -0.318582 -0.212978
v 0.066072 -0.125714 -0.391557
v -0.058042 -0.121405 -0.377079
v 0.074115 -0.018240 -0.438785
v -0.070644 -0.019872 -0.433536
v 0.161573 -0.216012 -0.255437
v 0.129390 -0.067499 -0.376096
v -0.168534 -0.225584 -0.266504
v -0.130888 -0.071270 -0.371886
v -0.002672 0.736447 -0.449244
v -0.175517 0.598958 -0.492997
v -0.082429 0.818614 -0.370448
v -0.244891 0.675347 -0.427274
v 0.172086 0.600442 -0.501683
v 0.083320 0.819542 -0.367153
v 0.254344 0.689806 -0.436125
v 0.111761 0.416110 -0.623297
v -0.114845 0.419080 -0.618413
v 0.122470 0.293778 -0.669296
v -0.124620 0.296828 -0.666668
v 0.277485 0.547392 -0.478109
v 0.240339 0.358158 -0.631165
v -0.269403 0.540525 -0.464140
v -0.241057 0.362814 -0.622834
v 0.445177 0.227231 -0.145274
v 0.497677 0.169136 -0.025521
v 0.431255 0.310463 -0.128867
v 0.486193 0.247238 0.016823
v 0.438629 0.018178 -0.118097
v 0.493014 0.049542 -0.017281
v 0.420364 -0.059930 -0.087544
v 0.486978 -0.019831 0.028610
v 0.395285 0.129913 -0.195378
v 0.384198 -0.040925 -0.158919
v 0.325731 0.091987 -0.251200
v 0.405569 0.297660 -0.208299
v 0.329972 0.185527 -0.271638
v 0.508197 0.174187 0.062410
v 0.505660 0.038058 0.065336
v 0.440605 0.242961 0.563141
v 0.484741 0.186250 0.431823
v 0.444812 0.333790 0.532997
v 0.481264 0.271325 0.398096
v 0.441319 -0.022335 0.559738
v 0.483279 0.028835 0.424263
v 0.436373 -0.117625 0.523261
v 0.478409 -0.054966 0.385902
v 0.400749 0.109873 0.652350
v 0.400345 -0.092026 0.623277
v 0.358534 0.051897 0.729754
v 0.414753 0.302794 0.616559
v 0.364324 0.153523 0.723410
v 0.499422 0.185395 0.345834
v 0.492104 0.022615 0.338630
v -0.432629 0.231357 -0.132385
v -0.484747 0.172098 -0.005409
v -0.429644 0.310890 -0.120730
v -0.480317 0.245315 0.032260
v -0.422512 0.022217 -0.102775
v -0.481838 0.056965 0.005018
v -0.407339 -0.058404 -0.073150
v -0.476402 -0.013755 0.050307
v -0.391888 0.134205 -0.185148
v -0.369350 -0.036240 -0.146076
v -0.331540 0.093103 -0.241281
v -0.402861 0.297687 -0.205703
v -0.337633 0.185985 -0.268378
v -0.502350 0.176854 0.079512
v -0.501543 0.043292 0.085039
v -0.438919 0.234182 0.564337
v -0.480534 0.187473 0.437247
v -0.446908 0.325443 0.533342
v -0.485782 0.270572 0.399065
v -0.446649 -0.019269 0.571388
v -0.486481 0.031455 0.433384
v -0.433956 -0.113855 0.533133
v -0.485182 -0.053875 0.390530
v -0.406162 0.106466 0.653746
v -0.404698 -0.087593 0.627076
v -0.364343 0.050753 0.726071
v -0.413811 0.291259 0.615499
v -0.367685 0.150357 0.717341
v -0.498525 0.188737 0.345982
v -0.503884 0.025047 0.339250
v 0.004574 0.752173 0.365459
v -0.043935 0.694893 0.444128
v -0.007489 0.846788 -0.081650
v -0.079986 0.864772 -0.208659
v 0.059904 0.710697 0.451709
v 0.070344 0.837097 -0.228294
v -0.326465 0.517693 0.558271
v -0.405663 0.475149 0.531706
v -0.356315 0.437936 0.614996
v -0.381171 0.619851 -0.250411
v -0.358665 0.509837 -0.167242
v -0.340171 0.488090 -0.272741
v -0.498705 0.342307 0.174684
v -0.495040 0.350835 0.268098
v -0.509491 0.264008 0.215500
v 0.335291 0.539970 0.554432
v 0.404424 0.489091 0.529283
v 0.357529 0.443542 0.602764
v 0.372470 0.636929 -0.265430
v 0.341145 0.508949 -0.173856
v 0.332229 0.497531 -0.274262
v 0.471237 0.341944 0.167361
v 0.471963 0.351826 0.267932
v 0.492766 0.262917 0.210999
v 0.006256 -0.679366 0.428733
v -0.048402 -0.641876 0.543686
v 0.005637 -0.592175 0.004953
v -0.053557 -0.561315 -0.065411
v 0.071365 -0.667329 0.556347
v 0.064231 -0.570497 -0.071727
v -0.345210 -0.378823 0.637935
v -0.391602 -0.289741 0.554250
v -0.359383 -0.275269 0.671660
v -0.279971 -0.311060 -0.133305
v -0.338809 -0.233901 -0.088136
v -0.289102 -0.201696 -0.158611
v -0.486982 -0.116918 0.186821
v -0.486812 -0.131703 0.268749
v -0.508472 -0.047203 0.215003
v 0.321476 -0.396756 0.647849
v 0.360938 -0.291269 0.548815
v 0.351600 -0.286711 0.674903
v 0.277947 -0.315050 -0.118503
v 0.335025 -0.239486 -0.083734
v 0.287374 -0.202437 -0.153837
v 0.467290 -0.121021 0.176356
v 0.459864 -0.130243 0.263472
v 0.487593 -0.048133 0.211028
v 0.190435 0.079468 0.933314
v 0.263418 0.031662 0.892290
v -0.194212 0.074822 0.938198
v -0.264824 0.026035 0.890833
v 0.261471 0.138881 0.864055
v -0.265866 0.138095 0.862726
v 0.180580 0.129374 -0.525617
v 0.204861 0.095019 -0.406305
v -0.179293 0.123940 -0.514486
v -0.221815 0.082188 -0.401310
v 0.276084 0.170757 -0.498899
v -0.272964 0.171077 -0.481598
v -0.302811 0.687431 0.196271
v -0.323341 0.673941 0.233760
v -0.310884 0.672723 0.164631
v -0.334188 0.649352 0.183838
v -0.343178 0.650907 0.226153
v 0.287809 0.699201 0.212976
v 0.304217 0.687249 0.249473
v 0.292687 0.684123 0.184842
v 0.316169 0.667019 0.203422
v 0.323156 0.669281 0.242272
v -0.322926 -0.550171 0.196889
v -0.328543 -0.518352 0.234437
v -0.337887 -0.537498 0.165951
v -0.343913 -0.494592 0.186450
v -0.342912 -0.485855 0.227728
v 0.319576 -0.559538 0.193923
v 0.323969 -0.528972 0.230315
v 0.336967 -0.547855 0.163621
v 0.341990 -0.506335 0.184269
v 0.338939 -0.497407 0.224040
v -0.026265 -0.407780 0.899776
v 0.039273 -0.429767 0.900950
v 0.002908 -0.318357 0.943906
v 0.055181 -0.361454 0.929314
v -0.045770 -0.345970 0.929351
v -0.022618 0.480759 0.766489
v 0.012963 0.477947 0.764485
v -0.001891 0.435869 0.807152
v 0.025510 0.450873 0.790765
v -0.031790 0.453238 0.790841
v -0.007758 -0.265885 -0.315801
v 0.017057 -0.268119 -0.318464
v 0.003623 -0.216336 -0.354413
v 0.024243 -0.235694 -0.341305
v -0.016890 -0.232222 -0.334498
v -0.027266 0.596891 -0.530528
v 0.024783 0.603512 -0.541790
v 0.001042 0.524389 -0.571140
v 0.045016 0.556585 -0.566656
v -0.041147 0.549981 -0.552123
v 0.486090 0.134929 -0.105745
v 0.480333 0.092996 -0.097977
v 0.471696 0.103363 -0.120969
v 0.471709 0.131723 -0.123582
v 0.490429 0.112426 -0.087936
v 0.461546 0.141048 0.520771
v 0.463909 0.080871 0.519416
v 0.450048 0.093347 0.551459
v 0.449107 0.130315 0.551675
v 0.470926 0.110794 0.501141
v -0.457186 0.144000 -0.081244
v -0.455760 0.099219 -0.075799
v -0.442425 0.110379 -0.102151
v -0.444381 0.139319 -0.105289
v -0.464534 0.119201 -0.062275
v -0.458905 0.138917 0.532090
v -0.460670 0.081299 0.532022
v -0.449878 0.092282 0.564200
v -0.449171 0.127072 0.561907
v -0.466919 0.110334 0.513176
v -0.054419 0.839460 0.184532
v 0.049657 0.824769 0.180330
v -0.027582 0.821516 0.232984
v -0.034098 0.857283 0.131806
v 0.024939 0.814058 0.231642
v 0.019964 0.847212 0.127264
v -0.225648 0.633971 0.474478
v -0.170835 0.596668 0.554115
v -0.173398 0.645427 0.477066
v -0.248722 0.605335 0.509645
v -0.146621 0.626203 0.517004
v -0.220515 0.586987 0.549631
v -0.288513 0.768156 -0.206694
v -0.232719 0.767550 -0.302855
v -0.244394 0.787262 -0.211210
v -0.338413 0.755235 -0.262595
v -0.211272 0.793509 -0.251288
v -0.292967 0.746505 -0.306248
v -0.415864 0.455935 0.039529
v -0.440352 0.364501 -0.003594
v -0.400799 0.456896 -0.016733
v -0.447818 0.412741 0.072649
v -0.414972 0.408369 -0.036821
v -0.457170 0.368595 0.048944
v -0.459251 0.474012 0.386498
v -0.469775 0.390906 0.429115
v -0.455180 0.469557 0.430069
v -0.470222 0.435415 0.363712
v -0.459760 0.426900 0.452039
v -0.475417 0.396012 0.384810
v 0.240432 0.678026 0.481701
v 0.179616 0.631358 0.556671
v 0.189306 0.689849 0.491628
v 0.161404 0.667394 0.528139
v 0.259664 0.642767 0.511859
v 0.229343 0.620196 0.550272
v 0.257554 0.774336 -0.204449
v 0.226518 0.806846 -0.296423
v 0.220636 0.822438 -0.218809
v 0.220702 0.869012 -0.257109
v 0.303257 0.761712 -0.246803
v 0.265380 0.753056 -0.284734
v 0.403557 0.454039 0.033220
v 0.438870 0.364253 -0.012227
v 0.395169 0.454121 -0.024420
v 0.429330 0.413655 0.064489
v 0.412322 0.408653 -0.044551
v 0.447984 0.369220 0.039687
v 0.438897 0.481396 0.392239
v 0.458620 0.399618 0.434140
v 0.440072 0.480743 0.436954
v 0.450148 0.440204 0.367677
v 0.448780 0.437427 0.457118
v 0.460515 0.399833 0.388710
v -0.053006 -0.639034 0.192898
v 0.064284 -0.643426 0.195430
v -0.022354 -0.643583 0.249205
v -0.024670 -0.636593 0.145196
v 0.034520 -0.650923 0.251791
v 0.037147 -0.641000 0.145100
v -0.229922 -0.529005 0.556306
v -0.266126 -0.665323 0.743563
v -0.194574 -0.584842 0.582175
v -0.284147 -0.517303 0.609498
v -0.193166 -0.634918 0.666149
v -0.326803 -0.583846 0.692998
v -0.240824 -0.529335 -0.120343
v -0.152347 -0.441707 -0.137272
v -0.187852 -0.539310 -0.112586
v -0.237361 -0.460466 -0.113127
v -0.144365 -0.489583 -0.116687
v -0.196692 -0.427654 -0.132427
v -0.412071 -0.220560 0.074711
v -0.426955 -0.122857 0.033684
v -0.398189 -0.212736 0.026683
v -0.433231 -0.177406 0.103814
v -0.403456 -0.159983 0.009132
v -0.441411 -0.130605 0.079805
v -0.442218 -0.262688 0.384097
v -0.452293 -0.177583 0.419533
v -0.433977 -0.261720 0.424103
v -0.456154 -0.222433 0.359147
v -0.435862 -0.217854 0.442894
v -0.463264 -0.181306 0.375860
v 0.228455 -0.560435 0.581341
v 0.237307 -0.601354 0.706849
v 0.212170 -0.622040 0.607236
v 0.206853 -0.633808 0.666891
v 0.259553 -0.538101 0.628247
v 0.273870 -0.577766 0.702178
v 0.245264 -0.543877 -0.119171
v 0.152686 -0.454709 -0.139001
v 0.190682 -0.553726 -0.113432
v 0.146478 -0.506182 -0.123626
v 0.243386 -0.477423 -0.122025
v 0.195983 -0.437821 -0.132889
v 0.399227 -0.233647 0.062330
v 0.426959 -0.133374 0.016228
v 0.392713 -0.225196 0.015516
v 0.420917 -0.191945 0.086005
v 0.402795 -0.172785 -0.004632
v 0.434621 -0.142763 0.061424
v 0.412090 -0.257861 0.375931
v 0.439343 -0.174436 0.414285
v 0.407305 -0.255939 0.418808
v 0.428162 -0.216441 0.353074
v 0.420118 -0.213117 0.438379
v 0.442015 -0.175403 0.371511
v -0.002279 0.021036 1.000346
v 0.001493 0.134617 0.955121
v 0.051544 0.049897 0.986612
v -0.053530 0.048199 0.984676
v 0.050619 0.105855 0.961156
v -0.050061 0.105951 0.963662
v 0.301435 -0.177214 0.850612
v 0.340556 -0.095891 0.762348
v 0.325568 -0.198587 0.800036
v 0.342549 -0.155646 0.755549
v 0.295424 -0.113062 0.853776
v 0.317054 -0.075185 0.809988
v -0.299440 -0.172958 0.848658
v -0.339234 -0.092914 0.757518
v -0.320762 -0.190796 0.793952
v -0.340396 -0.149538 0.750023
v -0.294767 -0.113055 0.852273
v -0.316464 -0.074586 0.805835
v 0.272967 0.315812 0.750300
v 0.346807 0.270952 0.719802
v 0.304540 0.342202 0.710192
v 0.342582 0.318750 0.695154
v 0.280759 0.265352 0.776909
v 0.317710 0.242875 0.761427
v -0.295147 0.332190 0.768816
v -0.359235 0.274582 0.724294
v -0.326055 0.355068 0.728983
v -0.360959 0.325543 0.707605
v -0.299751 0.276844 0.787525
v -0.331433 0.249045 0.764163
v 0.002877 0.082836 -0.520030
v 0.001424 0.180380 -0.617921
v 0.047972 0.109305 -0.541160
v -0.042694 0.105513 -0.538935
v 0.052416 0.157957 -0.589674
v -0.048240 0.154457 -0.587956
v 0.211801 -0.084344 -0.281309
v 0.282111 -0.029193 -0.243243
v 0.239691 -0.108236 -0.244380
v 0.276298 -0.078978 -0.226192
v 0.217947 -0.032604 -0.303015
v 0.251788 -0.005472 -0.282662
v -0.217495 -0.091020 -0.281439
v -0.286323 -0.031652 -0.239010
v -0.244799 -0.111963 -0.244224
v -0.278812 -0.081598 -0.223666
v -0.223908 -0.038804 -0.299223
v -0.258050 -0.009747 -0.277658
v 0.317035 0.378889 -0.462449
v 0.321330 0.312897 -0.337314
v 0.317872 0.402050 -0.395152
v 0.329372 0.364820 -0.341516
v 0.330490 0.318607 -0.474330
v 0.320874 0.288415 -0.400692
v -0.321731 0.376677 -0.463542
v -0.320906 0.307745 -0.339894
v -0.319133 0.398106 -0.395382
v -0.324933 0.360593 -0.341428
v -0.332061 0.314695 -0.471213
v -0.318614 0.285710 -0.399664
v 0.516404 0.099113 0.154812
v 0.510392 0.097612 0.249248
v 0.514553 0.137254 0.180030
v 0.511872 0.138490 0.227502
v 0.511896 0.062173 0.179516
v 0.506547 0.060614 0.226011
v -0.523991 0.105362 0.161410
v -0.511893 0.104481 0.247209
v -0.523274 0.141958 0.183335
v -0.516037 0.142909 0.227080
v -0.521333 0.066562 0.180589
v -0.515670 0.066011 0.225122
v -0.231978 0.739700 0.183295
v -0.145254 0.798404 0.182996
v -0.212761 0.748971 0.230930
v -0.209927 0.753465 0.130590
v -0.168379 0.775286 0.232090
v -0.168208 0.787069 0.128571
v -0.305739 0.678434 0.313522
v -0.274349 0.668475 0.397243
v -0.265660 0.704500 0.318388
v -0.336129 0.655406 0.351675
v -0.246510 0.697943 0.359871
v -0.320546 0.651847 0.391978
v -0.279296 0.685058 0.052303
v -0.275815 0.715924 -0.085381
v -0.249702 0.713047 0.030177
v -0.294092 0.664510 0.011112
v -0.241620 0.721122 -0.039579
v -0.295890 0.685703 -0.060687
v -0.357996 0.597646 0.137793
v -0.385703 0.535033 0.086570
v -0.338151 0.598404 0.079850
v -0.386981 0.567539 0.170027
v -0.352138 0.571759 0.051934
v -0.403194 0.535025 0.145619
v -0.389325 0.602215 0.285829
v -0.431422 0.543154 0.340119
v -0.390038 0.602160 0.328721
v -0.405936 0.572150 0.270554
v -0.410177 0.573151 0.356572
v -0.428382 0.541714 0.296117
v 0.233447 0.743232 0.197879
v 0.152294 0.793186 0.183764
v 0.222534 0.752127 0.239477
v 0.207156 0.754852 0.142335
v 0.179064 0.775099 0.234254
v 0.168621 0.781261 0.132161
v 0.302902 0.695958 0.319996
v 0.284383 0.697618 0.400403
v 0.274297 0.721204 0.322540
v 0.325884 0.677590 0.354923
v 0.258336 0.719007 0.364051
v 0.317191 0.674002 0.392249
v 0.262534 0.688137 0.071517
v 0.246045 0.706549 -0.076865
v 0.233418 0.717118 0.046845
v 0.279077 0.665662 0.028194
v 0.219342 0.726162 -0.026149
v 0.272178 0.672552 -0.046880
v 0.340420 0.609235 0.149156
v 0.367628 0.535285 0.089227
v 0.331857 0.609020 0.089680
v 0.361400 0.575587 0.176645
v 0.344485 0.573965 0.055813
v 0.375835 0.536772 0.148161
v 0.361992 0.619527 0.294505
v 0.403298 0.556632 0.346745
v 0.365828 0.623165 0.337374
v 0.376339 0.584405 0.276271
v 0.385932 0.591440 0.363405
v 0.397745 0.551711 0.300873
v -0.267059 -0.617594 0.188591
v -0.167303 -0.635615 0.185473
v -0.233118 -0.598330 0.235303
v -0.265116 -0.667037 0.138508
v -0.184817 -0.609829 0.235184
v -0.204764 -0.666194 0.134546
v -0.307796 -0.516111 0.321121
v -0.266498 -0.509710 0.429160
v -0.266850 -0.540868 0.329409
v -0.330517 -0.484255 0.359948
v -0.243614 -0.538876 0.384217
v -0.311379 -0.480543 0.412877
v -0.364241 -0.599061 0.058578
v -0.344810 -0.605558 -0.079928
v -0.344379 -0.669601 0.033337
v -0.388885 -0.550105 0.020622
v -0.327934 -0.675811 -0.036678
v -0.378604 -0.546373 -0.044456
v -0.369496 -0.418215 0.150166
v -0.397794 -0.323049 0.112155
v -0.377514 -0.423688 0.094172
v -0.385626 -0.371824 0.183908
v -0.387176 -0.372295 0.074332
v -0.402516 -0.325958 0.167916
v -0.375158 -0.410709 0.289412
v -0.415511 -0.336531 0.343805
v -0.378681 -0.411981 0.333902
v -0.391690 -0.371192 0.277419
v -0.398010 -0.375276 0.361525
v -0.413780 -0.333533 0.303722
v 0.265361 -0.624857 0.185533
v 0.174402 -0.647433 0.189107
v 0.231550 -0.610306 0.236923
v 0.268107 -0.678427 0.142162
v 0.185043 -0.618082 0.236195
v 0.215677 -0.690643 0.141373
v 0.297127 -0.523945 0.316177
v 0.245865 -0.521554 0.435366
v 0.258085 -0.553527 0.330616
v 0.312568 -0.488121 0.353379
v 0.231704 -0.553505 0.390454
v 0.287331 -0.486583 0.412234
v 0.359842 -0.601837 0.057523
v 0.335919 -0.615776 -0.075821
v 0.347258 -0.669929 0.036531
v 0.379572 -0.560939 0.019084
v 0.328705 -0.676021 -0.029001
v 0.373148 -0.563555 -0.046882
v 0.367113 -0.432501 0.144645
v 0.386778 -0.337531 0.104834
v 0.375487 -0.438434 0.090742
v 0.374644 -0.385190 0.176306
v 0.382242 -0.387626 0.071454
v 0.384988 -0.338868 0.159365
v 0.366349 -0.423511 0.284167
v 0.390056 -0.341973 0.334794
v 0.366357 -0.422598 0.326064
v 0.377294 -0.384657 0.271036
v 0.376795 -0.382444 0.353230
v 0.390777 -0.342438 0.293657
v -0.098324 -0.496356 0.869002
v -0.176820 -0.623761 0.878419
v -0.060804 -0.556817 0.849838
v -0.166841 -0.476777 0.879164
v -0.081246 -0.617048 0.888622
v -0.216386 -0.531617 0.871135
v 0.174700 -0.725803 0.889227
v 0.225421 -0.608579 0.780036
v 0.096629 -0.625590 0.815198
v 0.327158 -0.677993 0.882989
v 0.137696 -0.617935 0.782482
v 0.323572 -0.598641 0.802445
v -0.004488 -0.205841 0.990285
v -0.007045 -0.093135 1.019131
v 0.051854 -0.181224 0.997123
v -0.064653 -0.178298 1.001249
v 0.050249 -0.122888 1.010556
v -0.066048 -0.122677 1.016638
v 0.178503 -0.331814 0.953476
v 0.259031 -0.259938 0.941292
v 0.244541 -0.385099 0.937592
v 0.168805 -0.256260 0.974322
v 0.273101 -0.337685 0.925600
v 0.215010 -0.224837 0.976220
v -0.164877 -0.303447 0.950018
v -0.268826 -0.253584 0.945633
v -0.206330 -0.339300 0.922553
v -0.181609 -0.244926 0.983811
v -0.254990 -0.309842 0.913241
v -0.234364 -0.226183 0.987554
v -0.067960 0.522717 0.709594
v -0.118239 0.559273 0.634255
v -0.046591 0.549187 0.675219
v -0.112919 0.513403 0.708504
v -0.070083 0.567265 0.636943
v -0.139896 0.531089 0.670293
v 0.060977 0.524995 0.705417
v 0.119341 0.580211 0.633211
v 0.043095 0.557436 0.676028
v 0.106705 0.516714 0.700838
v 0.071841 0.585487 0.640021
v 0.136697 0.543227 0.664076
v 0.000334 0.350971 0.855314
v 0.000594 0.246454 0.905696
v 0.042003 0.322573 0.861875
v -0.042074 0.329009 0.870783
v 0.044986 0.270756 0.886253
v -0.045085 0.276771 0.897299
v 0.105493 0.417330 0.795036
v 0.190435 0.367655 0.776475
v 0.136160 0.439866 0.762040
v 0.116191 0.371790 0.821579
v 0.179071 0.415924 0.750015
v 0.158852 0.344333 0.812377
v -0.111023 0.420018 0.792167
v -0.203274 0.381007 0.788802
v -0.144970 0.446034 0.765841
v -0.119884 0.376070 0.819751
v -0.190351 0.426862 0.761971
v -0.167179 0.354940 0.820815
v -0.045571 -0.321037 -0.265538
v -0.090335 -0.376757 -0.200760
v -0.026588 -0.359746 -0.242196
v -0.081464 -0.308404 -0.260406
v -0.048393 -0.387693 -0.207524
v -0.105105 -0.335102 -0.227912
v 0.050342 -0.326966 -0.268137
v 0.091452 -0.385106 -0.203131
v 0.036997 -0.367811 -0.246773
v 0.081982 -0.310263 -0.258155
v 0.057687 -0.398233 -0.214393
v 0.104186 -0.338476 -0.225196
v 0.003711 -0.123511 -0.393868
v 0.002347 -0.018989 -0.445957
v 0.035137 -0.098562 -0.405847
v -0.028842 -0.095980 -0.399157
v 0.037455 -0.045407 -0.430132
v -0.032692 -0.045386 -0.426921
v 0.078918 -0.198113 -0.340311
v 0.144770 -0.141229 -0.312925
v 0.101753 -0.218025 -0.303124
v 0.089228 -0.148314 -0.362001
v 0.136084 -0.192151 -0.290589
v 0.120864 -0.119988 -0.351042
v -0.080350 -0.196477 -0.332126
v -0.149151 -0.149194 -0.314714
v -0.105010 -0.221934 -0.303342
v -0.086784 -0.147428 -0.352083
v -0.141084 -0.200280 -0.293690
v -0.122189 -0.122666 -0.345936
v -0.093273 0.674304 -0.462396
v -0.172663 0.769579 -0.403613
v -0.068123 0.732420 -0.439790
v -0.154548 0.659510 -0.464742
v -0.105221 0.787044 -0.391672
v -0.195967 0.716309 -0.445567
v 0.091609 0.672313 -0.471957
v 0.166844 0.760006 -0.394502
v 0.064615 0.727744 -0.444526
v 0.153578 0.659856 -0.470420
v 0.105176 0.776528 -0.406331
v 0.189399 0.701461 -0.431715
v -0.000569 0.415497 -0.626040
v 0.001097 0.300613 -0.664820
v 0.058785 0.386845 -0.642178
v -0.061233 0.388650 -0.640639
v 0.065946 0.329610 -0.663885
v -0.064135 0.331514 -0.666382
v 0.147501 0.504055 -0.559906
v 0.257847 0.447311 -0.537735
v 0.186666 0.538531 -0.525598
v 0.157919 0.443424 -0.585972
v 0.247619 0.515862 -0.518691
v 0.218680 0.414621 -0.582352
v -0.148290 0.505885 -0.552988
v -0.261428 0.449134 -0.539792
v -0.190066 0.537421 -0.517577
v -0.162127 0.449145 -0.586866
v -0.247267 0.513257 -0.514106
v -0.222076 0.419570 -0.583201
v 0.475517 0.199666 -0.086386
v 0.462614 0.279015 -0.055577
v 0.458737 0.233717 -0.110745
v 0.485493 0.202828 -0.047756
v 0.451472 0.273378 -0.098898
v 0.478394 0.242491 -0.029071
v 0.478478 0.031643 -0.070790
v 0.460619 -0.039241 -0.032839
v 0.457769 0.006348 -0.086691
v 0.489157 0.024484 -0.036172
v 0.449526 -0.030825 -0.071281
v 0.478649 -0.010358 -0.013496
v 0.424476 0.067896 -0.159412
v 0.356401 0.022048 -0.201319
v 0.420841 0.028250 -0.151116
v 0.394457 0.087827 -0.189898
v 0.391308 0.001524 -0.171520
v 0.359228 0.067294 -0.213836
v 0.419904 0.183424 -0.162985
v 0.364962 0.246848 -0.239454
v 0.422109 0.222497 -0.170881
v 0.393035 0.171865 -0.196843
v 0.396756 0.256583 -0.203173
v 0.362435 0.201338 -0.235270
v 0.503119 0.106320 -0.024495
v 0.513580 0.102139 0.060623
v 0.509921 0.133828 -0.007019
v 0.500350 0.076757 -0.000488
v 0.512871 0.135941 0.037401
v 0.508609 0.072028 0.041612
v 0.464339 0.220380 0.496582
v 0.464341 0.308185 0.466447
v 0.453667 0.255135 0.522549
v 0.474911 0.225402 0.456818
v 0.455132 0.300182 0.508250
v 0.475210 0.269503 0.441159
v 0.468425 -0.001203 0.488750
v 0.465442 -0.089826 0.452938
v 0.455970 -0.035427 0.515441
v 0.476034 -0.008300 0.447453
v 0.456294 -0.082269 0.496843
v 0.476021 -0.052065 0.429632
v 0.418886 0.041098 0.610110
v 0.380299 -0.022658 0.681578
v 0.420673 -0.007235 0.602407
v 0.399578 0.060752 0.650021
v 0.401333 -0.040172 0.635978
v 0.378497 0.031454 0.687923
v 0.421681 0.179063 0.610768
v 0.390870 0.227676 0.670656
v 0.425679 0.226363 0.603139
v 0.403661 0.157131 0.649849
v 0.411135 0.252168 0.630133
v 0.386912 0.179419 0.681549
v 0.489175 0.107017 0.425090
v 0.499179 0.102461 0.340093
v 0.492802 0.146376 0.407155
v 0.489571 0.066316 0.402340
v 0.499636 0.143734 0.364442
v 0.493345 0.063179 0.360168
v -0.460155 0.202904 -0.066162
v -0.457201 0.276077 -0.041114
v -0.447518 0.234240 -0.094472
v -0.473914 0.203878 -0.029053
v -0.443059 0.272052 -0.085292
v -0.472970 0.240908 -0.013340
v -0.460716 0.040028 -0.049660
v -0.447077 -0.036102 -0.011654
v -0.440488 0.012848 -0.069144
v -0.472227 0.031138 -0.013247
v -0.432662 -0.026096 -0.052217
v -0.467813 -0.005633 0.007607
v -0.407153 0.073657 -0.144786
v -0.355484 0.024435 -0.192699
v -0.404008 0.034832 -0.135253
v -0.389050 0.092715 -0.177026
v -0.376833 0.007916 -0.157971
v -0.360248 0.070214 -0.203170
v -0.414761 0.185935 -0.165677
v -0.369848 0.244615 -0.242445
v -0.414749 0.224044 -0.167674
v -0.391769 0.174371 -0.195036
v -0.397505 0.255608 -0.203291
v -0.366459 0.201640 -0.235287
v -0.491907 0.111717 -0.001904
v -0.506203 0.108296 0.081571
v -0.493775 0.141408 0.016436
v -0.490246 0.082417 0.022267
v -0.500989 0.141889 0.058970
v -0.498545 0.077849 0.062649
v -0.464046 0.216707 0.502581
v -0.470525 0.303695 0.468808
v -0.453659 0.248478 0.525723
v -0.475624 0.225009 0.462683
v -0.457562 0.293231 0.509713
v -0.478381 0.266848 0.444192
v -0.466258 0.002549 0.501009
v -0.462202 -0.087141 0.460587
v -0.455005 -0.031701 0.526592
v -0.476296 -0.005300 0.457061
v -0.452236 -0.077951 0.506895
v -0.474718 -0.048156 0.436587
v -0.427711 0.042716 0.620017
v -0.387643 -0.019088 0.681636
v -0.428752 -0.003361 0.611368
v -0.408473 0.060738 0.654600
v -0.409249 -0.036452 0.640317
v -0.386165 0.030322 0.686804
v -0.422297 0.172797 0.613467
v -0.392149 0.222663 0.669098
v -0.424733 0.217467 0.603634
v -0.406029 0.151962 0.649618
v -0.410489 0.244499 0.630559
v -0.389428 0.175892 0.680132
v -0.484985 0.109411 0.432733
v -0.500483 0.107232 0.341362
v -0.487085 0.148387 0.412628
v -0.489503 0.069640 0.410386
v -0.494970 0.148285 0.366697
v -0.498158 0.067264 0.363482
v -0.072652 0.765991 0.320500
v -0.121811 0.705428 0.401518
v -0.121806 0.754205 0.320596
v -0.146792 0.724364 0.361146
v -0.046544 0.744829 0.363282
v -0.070939 0.715736 0.403190
v -0.087565 0.831190 -0.022316
v -0.233856 0.847133 -0.312472
v -0.134693 0.800744 -0.023102
v -0.177304 0.774914 -0.111541
v -0.066990 0.844499 -0.099026
v -0.114615 0.876980 -0.209494
v 0.080827 0.772344 0.325336
v 0.137961 0.730659 0.412582
v 0.132698 0.760307 0.323687
v 0.160493 0.739876 0.367402
v 0.056452 0.758195 0.369259
v 0.085394 0.737263 0.413379
v 0.070028 0.828436 -0.012458
v 0.135758 0.811510 -0.179013
v 0.116062 0.799216 -0.011114
v 0.140266 0.780906 -0.083445
v 0.045473 0.830978 -0.087893
v 0.080403 0.817201 -0.183440
v -0.335485 0.571418 0.489439
v -0.413128 0.530507 0.463615
v -0.359792 0.586820 0.450720
v -0.397162 0.564849 0.437176
v -0.351435 0.534790 0.517785
v -0.391316 0.514450 0.502721
v -0.043878 0.645430 0.523308
v 0.060018 0.663684 0.530573
v -0.019274 0.625223 0.563784
v 0.031641 0.634576 0.567103
v -0.017431 0.674393 0.485244
v 0.034604 0.683767 0.489513
v -0.257944 0.519935 0.613042
v -0.291557 0.442504 0.672382
v -0.231376 0.501192 0.653967
v -0.248731 0.465084 0.685112
v -0.300885 0.499781 0.600481
v -0.317365 0.462276 0.629693
v -0.486536 0.705998 -0.192416
v -0.343409 0.570064 -0.094687
v -0.356285 0.661730 -0.139969
v -0.327679 0.608969 -0.081932
v -0.440828 0.640636 -0.176249
v -0.361575 0.575619 -0.148433
v -0.077911 0.796817 -0.228617
v 0.100486 0.854394 -0.245217
v -0.035346 0.823181 -0.306814
v 0.051455 0.831429 -0.306595
v -0.036760 0.801840 -0.172944
v 0.060476 0.804262 -0.199667
v -0.304781 0.639591 -0.344330
v -0.307639 0.517403 -0.369578
v -0.277439 0.624133 -0.393203
v -0.285664 0.561021 -0.409149
v -0.336124 0.597842 -0.305258
v -0.324454 0.533667 -0.314101
v -0.472012 0.422994 0.175821
v -0.478112 0.433294 0.272936
v -0.455593 0.464129 0.200596
v -0.461082 0.468922 0.249997
v -0.489854 0.385648 0.199377
v -0.490144 0.389969 0.248668
v -0.398206 0.402783 -0.144451
v -0.372111 0.386985 -0.243709
v -0.417827 0.350734 -0.160651
v -0.407776 0.342757 -0.207030
v -0.372039 0.450507 -0.181129
v -0.360399 0.440916 -0.232784
v -0.492351 0.291744 0.102599
v -0.514417 0.217580 0.144518
v -0.492427 0.250048 0.078570
v -0.505122 0.214829 0.100823
v -0.503576 0.297436 0.149401
v -0.511090 0.259306 0.169964
v -0.437860 0.404036 0.537984
v -0.401141 0.367373 0.623167
v -0.434529 0.356864 0.557084
v -0.416381 0.338873 0.598709
v -0.412429 0.431052 0.556039
v -0.392015 0.412969 0.598411
v -0.493971 0.313618 0.333746
v -0.507127 0.227619 0.281162
v -0.492087 0.271531 0.352895
v -0.499522 0.229427 0.326736
v -0.498358 0.310716 0.287358
v -0.505261 0.267763 0.261173
v 0.348989 0.606129 0.495937
v 0.403995 0.547317 0.468330
v 0.366103 0.619267 0.456725
v 0.389528 0.588721 0.444591
v 0.361905 0.562012 0.517868
v 0.393761 0.534596 0.506071
v 0.261787 0.540305 0.608339
v 0.285051 0.441389 0.657975
v 0.230579 0.515169 0.647956
v 0.242180 0.465675 0.672790
v 0.304549 0.515637 0.593330
v 0.316342 0.466904 0.617673
v 0.489512 0.684464 -0.157087
v 0.348679 0.551019 -0.108880
v 0.342628 0.630394 -0.127666
v 0.332037 0.586199 -0.086105
v 0.404705 0.624738 -0.201550
v 0.351469 0.560784 -0.167018
v 0.308605 0.662918 -0.350798
v 0.308522 0.526991 -0.373973
v 0.281504 0.639255 -0.398044
v 0.290811 0.571824 -0.418059
v 0.336011 0.616955 -0.316106
v 0.326090 0.546115 -0.321603
v 0.439542 0.423103 0.173020
v 0.448051 0.435299 0.275545
v 0.423401 0.465333 0.201541
v 0.429388 0.471594 0.252802
v 0.459514 0.386409 0.196451
v 0.460743 0.391054 0.247103
v 0.388118 0.402830 -0.147656
v 0.365200 0.390377 -0.242994
v 0.405056 0.349513 -0.161220
v 0.397043 0.343952 -0.206039
v 0.358566 0.452411 -0.182642
v 0.350119 0.447098 -0.232571
v 0.484882 0.293673 0.089202
v 0.503581 0.217457 0.134914
v 0.491711 0.250987 0.063777
v 0.502785 0.214188 0.087047
v 0.485388 0.298249 0.139220
v 0.493843 0.259340 0.161923
v 0.435048 0.416152 0.538029
v 0.399649 0.374117 0.615984
v 0.433567 0.366800 0.556813
v 0.419461 0.349635 0.599385
v 0.418329 0.445887 0.554496
v 0.393980 0.421539 0.591001
v 0.479369 0.313185 0.334880
v 0.499332 0.225451 0.280503
v 0.485944 0.270960 0.353645
v 0.495718 0.227141 0.327608
v 0.481229 0.310588 0.287802
v 0.491727 0.266251 0.259656
v -0.073784 -0.631686 0.357281
v -0.125808 -0.604621 0.468518
v -0.124605 -0.605544 0.348691
v -0.148288 -0.590862 0.403727
v -0.046304 -0.646204 0.420565
v -0.073231 -0.631563 0.477882
v -0.092659 -0.641596 0.041183
v -0.150789 -0.630805 -0.060864
v -0.147060 -0.703663 0.023352
v -0.181657 -0.704945 -0.043464
v -0.062932 -0.607636 0.001956
v -0.088190 -0.601486 -0.041683
v 0.080080 -0.653971 0.368462
v 0.131962 -0.642832 0.493269
v 0.124998 -0.629305 0.363459
v 0.144944 -0.616666 0.422494
v 0.058528 -0.681246 0.432371
v 0.087342 -0.664842 0.495269
v 0.103951 -0.655177 0.039099
v 0.161262 -0.648618 -0.068437
v 0.161965 -0.723088 0.021170
v 0.197880 -0.710926 -0.040442
v 0.073694 -0.614389 0.000796
v 0.099907 -0.613928 -0.048559
v -0.340124 -0.414471 0.543378
v -0.406837 -0.339215 0.479085
v -0.356298 -0.411910 0.482174
v -0.393693 -0.375204 0.454903
v -0.357768 -0.375404 0.571339
v -0.387926 -0.334330 0.532248
v -0.057900 -0.640483 0.669634
v 0.082747 -0.648348 0.668955
v -0.027917 -0.629578 0.724563
v 0.045593 -0.627737 0.714377
v -0.020695 -0.647090 0.608301
v 0.043828 -0.658628 0.613500
v -0.338391 -0.442990 0.768491
v -0.333438 -0.310333 0.778053
v -0.341140 -0.426456 0.838942
v -0.333078 -0.356183 0.831395
v -0.342507 -0.380542 0.706666
v -0.346216 -0.321915 0.718374
v -0.318926 -0.391348 -0.099927
v -0.365894 -0.301861 -0.038933
v -0.363170 -0.410412 -0.075370
v -0.377479 -0.360640 -0.035375
v -0.312524 -0.330203 -0.103798
v -0.338690 -0.288994 -0.077837
v -0.042125 -0.498037 -0.123132
v 0.055712 -0.508268 -0.130463
v -0.014094 -0.468784 -0.157317
v 0.028728 -0.471655 -0.159100
v -0.020798 -0.529372 -0.094543
v 0.033050 -0.535612 -0.098870
v -0.212605 -0.319024 -0.175470
v -0.228223 -0.215545 -0.210745
v -0.183409 -0.295639 -0.208697
v -0.192978 -0.246183 -0.228327
v -0.248851 -0.289013 -0.161895
v -0.254924 -0.235312 -0.176571
v -0.457783 -0.195468 0.196613
v -0.463435 -0.211520 0.279712
v -0.443005 -0.241796 0.220301
v -0.448844 -0.247846 0.266261
v -0.477171 -0.158645 0.213976
v -0.480924 -0.168658 0.254654
v -0.368673 -0.141621 -0.077489
v -0.328998 -0.117254 -0.153574
v -0.378827 -0.093884 -0.094061
v -0.359836 -0.082335 -0.131764
v -0.342731 -0.181307 -0.101582
v -0.320395 -0.167003 -0.138347
v -0.482454 -0.062294 0.118347
v -0.514986 -0.001540 0.149278
v -0.485467 -0.020856 0.093754
v -0.502333 0.006494 0.109017
v -0.497928 -0.074675 0.158491
v -0.509061 -0.039983 0.174250
v -0.410557 -0.200713 0.541964
v -0.380040 -0.178343 0.645702
v -0.414190 -0.151321 0.561821
v -0.399939 -0.139164 0.611431
v -0.393406 -0.240927 0.575186
v -0.377100 -0.231238 0.629795
v -0.489470 -0.098619 0.325169
v -0.508885 -0.014401 0.273762
v -0.494497 -0.057597 0.343049
v -0.505853 -0.016370 0.317452
v -0.494585 -0.094732 0.283152
v -0.505756 -0.053100 0.256647
v 0.308963 -0.425727 0.550663
v 0.365681 -0.336722 0.473928
v 0.324270 -0.416459 0.480330
v 0.358800 -0.377240 0.446511
v 0.325805 -0.386213 0.576477
v 0.350619 -0.337351 0.532278
v 0.346722 -0.489860 0.773960
v 0.337922 -0.331957 0.785661
v 0.348407 -0.467539 0.817448
v 0.336666 -0.388761 0.833176
v 0.336249 -0.409827 0.715267
v 0.342670 -0.342415 0.725157
v 0.331783 -0.409300 -0.099715
v 0.364455 -0.314630 -0.041008
v 0.371338 -0.431199 -0.075427
v 0.374618 -0.377952 -0.033208
v 0.317447 -0.341005 -0.098273
v 0.339717 -0.298555 -0.074934
v 0.207607 -0.320501 -0.165414
v 0.224250 -0.212223 -0.204956
v 0.178150 -0.294073 -0.199349
v 0.188280 -0.241192 -0.220536
v 0.244981 -0.290588 -0.150731
v 0.251757 -0.235279 -0.170041
v 0.431260 -0.205053 0.182901
v 0.432555 -0.214748 0.270891
v 0.417302 -0.252241 0.207667
v 0.419590 -0.257379 0.252634
v 0.449105 -0.165367 0.202428
v 0.446947 -0.170469 0.246008
v 0.371710 -0.146855 -0.082385
v 0.334124 -0.118374 -0.156551
v 0.387821 -0.097310 -0.102858
v 0.372584 -0.085471 -0.141427
v 0.340860 -0.184181 -0.100130
v 0.321534 -0.168377 -0.137331
v 0.477166 -0.069767 0.101129
v 0.502476 -0.004268 0.138534
v 0.491269 -0.028019 0.073795
v 0.500061 0.001619 0.092770
v 0.480942 -0.077843 0.148269
v 0.492324 -0.043555 0.165974
v 0.399536 -0.201279 0.529871
v 0.375340 -0.183925 0.646054
v 0.412048 -0.153550 0.552151
v 0.396209 -0.143237 0.607195
v 0.375210 -0.242919 0.567411
v 0.367000 -0.237581 0.629239
v 0.471209 -0.094958 0.324584
v 0.490064 -0.015446 0.274256
v 0.481726 -0.055953 0.342480
v 0.489372 -0.017053 0.317438
v 0.471083 -0.092362 0.281345
v 0.482917 -0.051903 0.256133
v 0.153673 -0.006596 0.987754
v 0.236325 -0.062412 0.940373
v 0.156312 -0.065302 1.001606
v 0.201817 -0.095979 0.980887
v 0.193626 0.023798 0.952913
v 0.234623 -0.002398 0.934296
v -0.157190 -0.014530 0.981254
v -0.237629 -0.068031 0.944413
v -0.165009 -0.072402 0.999248
v -0.209043 -0.102482 0.983136
v -0.195972 0.016224 0.955657
v -0.233779 -0.008474 0.937234
v 0.144193 0.160616 0.918506
v 0.217335 0.213206 0.853782
v 0.138206 0.214881 0.892404
v 0.177167 0.239842 0.864172
v 0.189823 0.133468 0.914045
v 0.223456 0.161042 0.877716
v -0.142778 0.163425 0.921941
v -0.226505 0.221668 0.864732
v -0.139304 0.221288 0.901184
v -0.181756 0.249793 0.874306
v -0.190985 0.133893 0.918759
v -0.230955 0.164613 0.886265
v 0.313784 0.041033 0.811719
v 0.318052 0.148126 0.799935
v 0.337140 0.072916 0.769652
v 0.339845 0.125083 0.764480
v 0.289364 0.065097 0.851789
v 0.291119 0.117732 0.840293
v -0.315992 0.037694 0.804998
v -0.322634 0.145407 0.790373
v -0.340802 0.070416 0.762516
v -0.344618 0.122476 0.757542
v -0.292345 0.059154 0.842920
v -0.295190 0.113958 0.833139
v 0.122030 0.060490 -0.478879
v 0.170122 0.013803 -0.392319
v 0.111899 0.009169 -0.441759
v 0.138290 -0.014855 -0.404735
v 0.161840 0.084587 -0.479144
v 0.180244 0.064297 -0.426900
v -0.118840 0.053828 -0.471777
v -0.174602 0.006419 -0.387909
v -0.109560 0.005179 -0.435249
v -0.139027 -0.019729 -0.399736
v -0.161549 0.076655 -0.469788
v -0.186427 0.054324 -0.421281
v 0.162835 0.207347 -0.620162
v 0.268626 0.272315 -0.594846
v 0.172892 0.265445 -0.648718
v 0.232495 0.301100 -0.647850
v 0.203242 0.175113 -0.577173
v 0.269925 0.187386 -0.581245
v -0.164694 0.203374 -0.611789
v -0.300704 0.254538 -0.584017
v -0.184472 0.263859 -0.659814
v -0.246624 0.297714 -0.642277
v -0.202937 0.172043 -0.564099
v -0.265387 0.187718 -0.562097
v 0.260366 0.095607 -0.323052
v 0.284877 0.190310 -0.368263
v 0.292469 0.118806 -0.292391
v 0.293032 0.167496 -0.305174
v 0.237889 0.120429 -0.379822
v 0.259025 0.165161 -0.412947
v -0.265563 0.094811 -0.308893
v -0.285385 0.193529 -0.360248
v -0.301308 0.119092 -0.282602
v -0.306771 0.166973 -0.301530
v -0.251545 0.112212 -0.371491
v -0.269287 0.159227 -0.403555
v -0.292073 0.695997 0.232335
v -0.282534 0.697348 0.150546
v -0.255760 0.722975 0.230597
v -0.248609 0.725149 0.138856
v -0.346235 0.653457 0.267195
v -0.279804 0.701161 0.273190
v -0.341622 0.654051 0.307936
v -0.320370 0.651472 0.134952
v -0.263830 0.705123 0.094141
v -0.305187 0.656015 0.077367
v -0.360272 0.627524 0.211762
v -0.330064 0.626587 0.105900
v -0.372664 0.598234 0.192562
v -0.370550 0.629997 0.300367
v -0.382491 0.599723 0.239879
v 0.286277 0.709910 0.247407
v 0.269310 0.705285 0.169036
v 0.257977 0.732006 0.244065
v 0.241355 0.729945 0.155509
v 0.326360 0.674051 0.280152
v 0.280769 0.716314 0.283586
v 0.328744 0.676759 0.317047
v 0.303980 0.662763 0.153305
v 0.250691 0.710658 0.113199
v 0.292222 0.663469 0.096310
v 0.337781 0.644312 0.225043
v 0.318504 0.638940 0.122007
v 0.349058 0.612071 0.203365
v 0.345716 0.650275 0.308206
v 0.356528 0.615310 0.250413
v -0.306198 -0.550070 0.235143
v -0.326537 -0.586373 0.152895
v -0.274446 -0.578003 0.235295
v -0.306831 -0.639517 0.144063
v -0.340575 -0.484967 0.268287
v -0.289196 -0.546630 0.278815
v -0.339543 -0.486442 0.312856
v -0.352425 -0.509418 0.139899
v -0.338989 -0.631507 0.100894
v -0.367810 -0.531003 0.085723
v -0.353458 -0.451790 0.215430
v -0.365215 -0.470829 0.115996
v -0.367565 -0.414168 0.201843
v -0.358373 -0.449146 0.301929
v -0.370607 -0.410744 0.246703
v 0.301125 -0.559879 0.231297
v 0.326563 -0.594672 0.151103
v 0.270599 -0.588919 0.233332
v 0.304655 -0.640182 0.144172
v 0.334868 -0.494660 0.263417
v 0.282191 -0.556769 0.277378
v 0.328705 -0.493605 0.306105
v 0.351487 -0.521637 0.137808
v 0.344226 -0.639893 0.099976
v 0.364089 -0.540634 0.083185
v 0.349359 -0.465429 0.212751
v 0.364461 -0.484256 0.112928
v 0.361497 -0.427640 0.195537
v 0.352883 -0.459827 0.295361
v 0.362720 -0.424627 0.242065
v 0.006898 -0.477303 0.864894
v -0.085642 -0.386432 0.909588
v -0.030016 -0.513699 0.841407
v -0.125341 -0.429673 0.891638
v 0.113533 -0.443568 0.913581
v 0.069039 -0.555585 0.812804
v 0.199636 -0.551639 0.899409
v 0.058410 -0.300185 0.957121
v -0.054158 -0.290884 0.955785
v 0.055375 -0.240107 0.980886
v -0.060735 -0.233163 0.980458
v 0.185684 -0.428278 0.922061
v 0.114985 -0.282933 0.966586
v -0.146094 -0.364625 0.918593
v -0.114900 -0.267465 0.967103
v -0.005178 0.504926 0.740550
v -0.058468 0.474738 0.767783
v -0.024601 0.530090 0.712379
v -0.085837 0.495692 0.742583
v 0.050732 0.468894 0.765078
v 0.017515 0.530274 0.709826
v 0.077743 0.491485 0.734693
v 0.033842 0.417500 0.816529
v -0.036265 0.416272 0.812731
v 0.038517 0.371403 0.837317
v -0.039579 0.374467 0.839536
v 0.092695 0.457309 0.766218
v 0.073693 0.394007 0.818600
v -0.100117 0.461118 0.767722
v -0.076202 0.396818 0.816770
v 0.004088 -0.297288 -0.293776
v -0.038562 -0.256473 -0.315101
v -0.011941 -0.328582 -0.269137
v -0.059082 -0.281614 -0.289265
v 0.041265 -0.259468 -0.320755
v 0.020075 -0.330852 -0.270226
v 0.060740 -0.283283 -0.289685
v 0.028409 -0.197860 -0.365710
v -0.018856 -0.192500 -0.352965
v 0.032293 -0.151227 -0.386626
v -0.023443 -0.145724 -0.373839
v 0.068955 -0.241950 -0.314315
v 0.058444 -0.175197 -0.368426
v -0.070036 -0.241382 -0.311702
v -0.052347 -0.171119 -0.355720
v -0.001439 0.638624 -0.503748
v -0.079141 0.582078 -0.526350
v -0.032519 0.682431 -0.470793
v -0.116120 0.618168 -0.494572
v 0.079160 0.585882 -0.539544
v 0.029235 0.681010 -0.473879
v 0.115543 0.618326 -0.502864
v 0.049801 0.501087 -0.584415
v -0.049028 0.500118 -0.578481
v 0.054066 0.444295 -0.610904
v -0.055395 0.445122 -0.608337
v 0.133035 0.563588 -0.533913
v 0.102875 0.474340 -0.588832
v -0.133840 0.562866 -0.523572
v -0.105046 0.476677 -0.584770
v 0.468964 0.162608 -0.123342
v 0.494784 0.134954 -0.079021
v 0.465672 0.196183 -0.120143
v 0.490187 0.167857 -0.063784
v 0.467275 0.073821 -0.113062
v 0.486388 0.088029 -0.070850
v 0.460882 0.040928 -0.100973
v 0.486530 0.055556 -0.053883
v 0.457023 0.122060 -0.140598
v 0.446359 0.053237 -0.130439
v 0.428240 0.106243 -0.165315
v 0.446684 0.191192 -0.144236
v 0.425356 0.144739 -0.164955
v 0.502798 0.134439 -0.045899
v 0.495896 0.081176 -0.038330
v 0.449768 0.169096 0.545333
v 0.473543 0.145656 0.486079
v 0.451827 0.211328 0.535559
v 0.475262 0.184216 0.471794
v 0.452673 0.053868 0.543098
v 0.476207 0.074560 0.484024
v 0.454138 0.010166 0.530533
v 0.475823 0.034242 0.465524
v 0.435002 0.112241 0.582864
v 0.437311 0.024198 0.570762
v 0.418745 0.087721 0.614966
v 0.437657 0.197278 0.573294
v 0.419086 0.133949 0.615253
v 0.483910 0.146574 0.448003
v 0.482634 0.070234 0.443856
v -0.445730 0.168453 -0.105233
v -0.471048 0.143406 -0.053015
v -0.447161 0.200954 -0.101461
v -0.472533 0.170957 -0.041405
v -0.442218 0.079873 -0.093505
v -0.469563 0.092637 -0.047273
v -0.443727 0.047425 -0.082490
v -0.474147 0.064809 -0.031431
v -0.429922 0.127484 -0.129567
v -0.425488 0.058291 -0.113695
v -0.410469 0.111748 -0.153363
v -0.432234 0.194827 -0.133765
v -0.412710 0.148909 -0.160616
v -0.486263 0.139704 -0.022482
v -0.482934 0.087720 -0.015014
v -0.449482 0.164516 0.552873
v -0.469217 0.144086 0.495545
v -0.450672 0.205298 0.540434
v -0.472083 0.182703 0.478899
v -0.452002 0.054761 0.556412
v -0.472253 0.075936 0.495539
v -0.455602 0.012569 0.543670
v -0.475833 0.036867 0.477140
v -0.437650 0.109009 0.591424
v -0.443344 0.026247 0.583371
v -0.426070 0.086457 0.623257
v -0.435798 0.190854 0.577108
v -0.422700 0.129746 0.620315
v -0.479249 0.147163 0.455751
v -0.482725 0.072901 0.455194
v -0.076204 0.816274 0.233502
v -0.078606 0.853865 0.136066
v -0.121960 0.803067 0.235325
v -0.123230 0.823295 0.130493
v 0.077383 0.802536 0.230179
v 0.075802 0.832235 0.124980
v 0.128674 0.789066 0.231006
v 0.125302 0.808054 0.126066
v 0.000176 0.798903 0.279293
v -0.097905 0.787332 0.278301
v -0.022622 0.773362 0.321903
v -0.009630 0.864151 0.070773
v -0.106564 0.834731 0.062913
v -0.033825 0.850485 -0.010048
v 0.104935 0.782076 0.277706
v 0.027817 0.779957 0.325378
v 0.097581 0.821592 0.059501
v 0.017755 0.854400 -0.003905
v -0.198790 0.663909 0.437864
v -0.274871 0.622370 0.469735
v -0.223274 0.681460 0.398991
v -0.300718 0.639362 0.432259
v -0.120212 0.606375 0.557585
v -0.194692 0.567758 0.590424
v -0.094600 0.586644 0.597318
v -0.167084 0.549851 0.630731
v -0.121146 0.655991 0.479762
v -0.172710 0.693981 0.399754
v -0.095605 0.685077 0.441237
v -0.268151 0.574118 0.541778
v -0.321207 0.607256 0.461444
v -0.310362 0.555085 0.530036
v -0.069845 0.616061 0.561085
v -0.069312 0.666041 0.482656
v -0.213494 0.535785 0.623674
v -0.284034 0.537102 0.571209
v -0.260619 0.770285 -0.171627
v -0.341212 0.752357 -0.197147
v -0.252023 0.743553 -0.112125
v -0.316296 0.716810 -0.128971
v -0.177373 0.797240 -0.305036
v -0.251242 0.732585 -0.344654
v -0.153016 0.831262 -0.374172
v -0.224142 0.730524 -0.396368
v -0.185466 0.817543 -0.203291
v -0.234215 0.776684 -0.155495
v -0.211951 0.977405 -0.281130
v -0.385150 0.736332 -0.324061
v -0.379415 0.719239 -0.170479
v -0.443891 0.697395 -0.251352
v -0.112715 0.812952 -0.304363
v -0.124782 0.832577 -0.183244
v -0.265516 0.684621 -0.375734
v -0.353767 0.661717 -0.302133
v -0.383792 0.501189 0.004845
v -0.432868 0.457503 0.095324
v -0.367562 0.539838 0.026773
v -0.419446 0.498460 0.120135
v -0.427533 0.357644 -0.054776
v -0.462029 0.324407 0.026313
v -0.437232 0.315129 -0.071950
v -0.468220 0.281021 0.005482
v -0.389251 0.458048 -0.072346
v -0.350375 0.551842 -0.033845
v -0.362501 0.512638 -0.111029
v -0.475257 0.373199 0.102351
v -0.449109 0.461479 0.150117
v -0.487849 0.380643 0.151776
v -0.419645 0.357617 -0.107446
v -0.380820 0.456646 -0.127848
v -0.477449 0.286666 0.054349
v -0.489797 0.336185 0.126377
v -0.447167 0.511669 0.408205
v -0.462935 0.475446 0.343202
v -0.429637 0.542161 0.382318
v -0.450368 0.512615 0.322402
v -0.462436 0.383563 0.473403
v -0.477804 0.352572 0.404711
v -0.462327 0.339287 0.493215
v -0.477088 0.310929 0.425038
v -0.447620 0.463459 0.474570
v -0.428453 0.540187 0.424771
v -0.425245 0.491398 0.490202
v -0.481446 0.396193 0.339829
v -0.464430 0.473585 0.297213
v -0.485452 0.394615 0.294540
v -0.450466 0.372837 0.515831
v -0.434189 0.448414 0.514640
v -0.485430 0.313478 0.379185
v -0.490549 0.353191 0.314315
v 0.215974 0.702304 0.448952
v 0.283632 0.656364 0.472370
v 0.239241 0.710780 0.405904
v 0.304465 0.667220 0.431249
v 0.129940 0.640034 0.563025
v 0.199050 0.597871 0.589092
v 0.100711 0.613828 0.602540
v 0.168023 0.571188 0.626682
v 0.138673 0.693960 0.495149
v 0.188579 0.720409 0.409074
v 0.112637 0.714600 0.455256
v 0.081529 0.642551 0.568730
v 0.086320 0.689837 0.492505
v 0.280489 0.609020 0.542084
v 0.329625 0.638753 0.463862
v 0.324666 0.588181 0.531487
v 0.216955 0.560587 0.620544
v 0.293051 0.563986 0.568640
v 0.220117 0.784198 -0.168440
v 0.315545 0.738301 -0.182720
v 0.212173 0.745794 -0.104218
v 0.289141 0.697145 -0.124586
v 0.229198 0.933820 -0.308603
v 0.241531 0.755904 -0.336029
v 0.152421 0.832078 -0.359103
v 0.216231 0.732012 -0.382817
v 0.200226 0.877554 -0.232162
v 0.180278 0.783246 -0.136029
v 0.197011 0.916731 -0.265999
v 0.124791 0.904808 -0.316481
v 0.159700 0.853611 -0.216018
v 0.346643 0.754391 -0.273933
v 0.357828 0.692770 -0.152537
v 0.450060 0.739672 -0.255101
v 0.263900 0.700825 -0.369550
v 0.360174 0.697682 -0.324887
v 0.377211 0.497262 -0.001820
v 0.410368 0.456263 0.090557
v 0.360193 0.536625 0.024817
v 0.392312 0.496877 0.120005
v 0.427685 0.362633 -0.064429
v 0.462422 0.324421 0.014778
v 0.440873 0.317460 -0.083151
v 0.470789 0.283841 -0.008386
v 0.384962 0.455428 -0.080947
v 0.352024 0.541304 -0.041392
v 0.360018 0.506115 -0.121803
v 0.452922 0.375184 0.091679
v 0.416453 0.459566 0.147413
v 0.456063 0.380138 0.144214
v 0.415684 0.357944 -0.113983
v 0.372731 0.455733 -0.134272
v 0.479600 0.286917 0.039227
v 0.470803 0.336779 0.116091
v 0.425923 0.520879 0.413663
v 0.437724 0.480629 0.346792
v 0.406647 0.557663 0.389343
v 0.419007 0.517559 0.324620
v 0.453037 0.392251 0.475264
v 0.467768 0.357813 0.407821
v 0.454467 0.345538 0.491511
v 0.472472 0.314771 0.425285
v 0.436316 0.473351 0.477016
v 0.407570 0.555508 0.429885
v 0.422984 0.508175 0.494985
v 0.460648 0.397937 0.342266
v 0.433706 0.477480 0.300995
v 0.460958 0.395333 0.295491
v 0.445372 0.381546 0.516206
v 0.432528 0.464055 0.517783
v 0.476974 0.315134 0.380967
v 0.471762 0.355221 0.316141
v -0.078393 -0.630978 0.243243
v -0.085137 -0.644899 0.141300
v -0.133725 -0.611026 0.233704
v -0.145606 -0.658746 0.136153
v 0.087384 -0.641032 0.249947
v 0.098636 -0.649846 0.140833
v 0.137085 -0.629396 0.244700
v 0.158539 -0.671971 0.138464
v 0.006097 -0.655156 0.307150
v -0.101600 -0.618084 0.294342
v -0.020165 -0.658764 0.363163
v 0.005813 -0.619412 0.097959
v -0.120557 -0.663511 0.085876
v -0.029666 -0.606638 0.051282
v 0.106889 -0.637338 0.305974
v 0.032359 -0.670762 0.368821
v 0.131573 -0.678854 0.086894
v 0.040987 -0.615515 0.049012
v -0.196894 -0.548205 0.508634
v -0.272314 -0.477260 0.534363
v -0.219626 -0.540677 0.444388
v -0.290880 -0.478446 0.470696
v -0.174354 -0.697279 0.765573
v -0.335707 -0.640413 0.849196
v -0.121769 -0.698190 0.900119
v -0.269640 -0.593264 0.866238
v -0.142534 -0.619636 0.598107
v -0.173986 -0.573619 0.457457
v -0.104581 -0.620724 0.535991
v -0.319972 -0.488954 0.654413
v -0.317369 -0.447171 0.509179
v -0.328952 -0.421136 0.611904
v -0.093829 -0.669368 0.752943
v -0.082651 -0.636627 0.604878
v -0.335050 -0.525160 0.850525
v -0.330405 -0.437004 0.688287
v -0.242574 -0.603664 -0.117778
v -0.285413 -0.496789 -0.109308
v -0.291533 -0.649710 -0.097655
v -0.333233 -0.527134 -0.088074
v -0.105875 -0.451948 -0.142852
v -0.163949 -0.393685 -0.162891
v -0.074278 -0.421174 -0.177538
v -0.133528 -0.363440 -0.196249
v -0.132440 -0.534520 -0.096503
v -0.215643 -0.654588 -0.090576
v -0.113116 -0.574390 -0.073367
v -0.240450 -0.401688 -0.127834
v -0.332079 -0.461168 -0.106569
v -0.279480 -0.368282 -0.120459
v -0.057472 -0.463897 -0.151807
v -0.076559 -0.530290 -0.091847
v -0.174714 -0.345866 -0.188258
v -0.244530 -0.343170 -0.145686
v -0.395930 -0.265360 0.042183
v -0.423750 -0.227610 0.125076
v -0.392898 -0.318734 0.057660
v -0.413919 -0.277389 0.145782
v -0.411744 -0.113588 -0.011380
v -0.449969 -0.085758 0.056126
v -0.421550 -0.068744 -0.032168
v -0.458833 -0.045074 0.031546
v -0.380341 -0.202487 -0.018603
v -0.384421 -0.312061 0.005948
v -0.361439 -0.246097 -0.048514
v -0.454000 -0.140219 0.126367
v -0.435315 -0.234671 0.174760
v -0.468099 -0.150548 0.170703
v -0.395328 -0.104249 -0.054240
v -0.362967 -0.192570 -0.061649
v -0.471712 -0.051091 0.075631
v -0.475036 -0.106469 0.143864
v -0.428378 -0.301496 0.406342
v -0.445484 -0.259287 0.343639
v -0.417371 -0.338706 0.386423
v -0.432987 -0.296647 0.326931
v -0.440715 -0.170723 0.464691
v -0.468412 -0.138176 0.394692
v -0.445574 -0.124197 0.485478
v -0.472093 -0.092760 0.415221
v -0.422271 -0.256485 0.469012
v -0.416617 -0.338960 0.429473
v -0.409503 -0.296068 0.498163
v -0.471051 -0.179799 0.334328
v -0.448113 -0.254543 0.305466
v -0.476453 -0.176016 0.294207
v -0.427472 -0.162369 0.511090
v -0.408391 -0.249272 0.519188
v -0.482532 -0.097064 0.369921
v -0.482549 -0.136957 0.309249
v 0.198268 -0.586879 0.535866
v 0.249944 -0.501782 0.553884
v 0.209057 -0.562405 0.459657
v 0.265376 -0.488000 0.475862
v 0.186033 -0.621614 0.708384
v 0.281821 -0.589073 0.757195
v 0.164133 -0.615113 0.746870
v 0.283862 -0.578308 0.783548
v 0.212672 -0.715437 0.643356
v 0.168470 -0.601553 0.480954
v 0.132996 -0.670437 0.561493
v 0.120134 -0.627468 0.711307
v 0.116269 -0.669995 0.623872
v 0.290175 -0.523834 0.676322
v 0.287077 -0.457299 0.516507
v 0.302779 -0.443765 0.627100
v 0.323262 -0.548062 0.789114
v 0.323131 -0.482044 0.703799
v 0.241150 -0.613998 -0.109318
v 0.297111 -0.525402 -0.119651
v 0.293737 -0.661116 -0.088243
v 0.342320 -0.546303 -0.093734
v 0.110772 -0.464159 -0.147529
v 0.160781 -0.400542 -0.158216
v 0.081541 -0.429437 -0.179839
v 0.130196 -0.367749 -0.190323
v 0.137557 -0.552318 -0.109921
v 0.227518 -0.668153 -0.091204
v 0.121755 -0.591423 -0.084467
v 0.070724 -0.470470 -0.155838
v 0.085648 -0.545546 -0.104735
v 0.242882 -0.412014 -0.128127
v 0.335045 -0.476543 -0.096575
v 0.284511 -0.378737 -0.116287
v 0.169250 -0.346669 -0.178531
v 0.241995 -0.349365 -0.135377
v 0.386941 -0.279244 0.034456
v 0.407968 -0.241231 0.110631
v 0.385200 -0.333579 0.052799
v 0.397870 -0.289804 0.136110
v 0.416685 -0.121818 -0.026460
v 0.450274 -0.096018 0.035861
v 0.433902 -0.072819 -0.050028
v 0.466445 -0.049360 0.009916
v 0.379553 -0.213789 -0.026418
v 0.378875 -0.326687 0.003258
v 0.359143 -0.255879 -0.050015
v 0.441695 -0.151855 0.108039
v 0.413847 -0.247009 0.159552
v 0.447014 -0.159021 0.156135
v 0.403585 -0.109989 -0.065718
v 0.358679 -0.199054 -0.063059
v 0.472137 -0.061177 0.055157
v 0.462309 -0.114187 0.128706
v 0.396163 -0.298591 0.398922
v 0.415928 -0.258489 0.334216
v 0.385951 -0.340549 0.377225
v 0.403662 -0.301202 0.314871
v 0.434083 -0.170045 0.458120
v 0.456140 -0.135058 0.390820
v 0.450765 -0.128061 0.477208
v 0.468992 -0.094324 0.410137
v 0.399563 -0.253416 0.464308
v 0.379400 -0.339280 0.422348
v 0.375239 -0.294138 0.495794
v 0.443377 -0.174931 0.329865
v 0.417819 -0.258409 0.293237
v 0.444431 -0.172770 0.288349
v 0.424776 -0.163087 0.503184
v 0.387183 -0.248853 0.513753
v 0.473196 -0.096404 0.367057
v 0.457332 -0.133397 0.306231
v 0.051482 -0.006735 1.007691
v -0.058025 -0.009292 1.003806
v 0.050766 -0.064092 1.017547
v -0.063529 -0.066109 1.017761
v 0.049246 0.161849 0.936947
v -0.047669 0.163993 0.942892
v 0.048059 0.216819 0.911704
v -0.046444 0.221872 0.922666
v 0.101316 0.077719 0.966165
v 0.105234 -0.035584 1.008150
v 0.151225 0.050798 0.967641
v -0.100893 0.075886 0.963147
v -0.112759 -0.039586 1.003198
v -0.150842 0.045588 0.960868
v 0.096362 0.188228 0.916738
v 0.147648 0.106008 0.942892
v -0.094765 0.193233 0.924810
v -0.146467 0.104584 0.941908
v 0.309154 -0.243908 0.845947
v 0.272593 -0.152154 0.898693
v 0.292509 -0.290588 0.890499
v 0.246941 -0.190475 0.941767
v 0.361485 -0.114708 0.712718
v 0.338682 -0.037959 0.767660
v 0.380749 -0.076539 0.672817
v 0.358632 -0.002208 0.726478
v 0.343968 -0.216008 0.745988
v 0.322434 -0.314134 0.842385
v 0.344592 -0.278337 0.736088
v 0.381005 -0.130244 0.661387
v 0.357444 -0.229159 0.688948
v 0.292344 -0.051177 0.856985
v 0.240223 -0.125135 0.942499
v 0.265455 -0.027123 0.899495
v 0.335664 0.019393 0.770520
v 0.289659 0.007389 0.854441
v -0.303414 -0.232421 0.839522
v -0.275148 -0.152327 0.901166
v -0.283844 -0.273762 0.882905
v -0.255992 -0.192193 0.950374
v -0.361736 -0.110214 0.709370
v -0.339474 -0.037746 0.762559
v -0.385367 -0.071655 0.672329
v -0.363535 -0.001177 0.723290
v -0.341594 -0.206483 0.740088
v -0.310275 -0.293068 0.830640
v -0.343806 -0.264335 0.729441
v -0.382223 -0.125075 0.660489
v -0.360409 -0.220260 0.685706
v -0.291601 -0.054189 0.852893
v -0.245583 -0.129262 0.951265
v -0.264772 -0.032029 0.897148
v -0.339906 0.017184 0.764993
v -0.291733 0.002803 0.850650
v 0.263759 0.366352 0.723992
v 0.241432 0.290220 0.790697
v 0.222134 0.391978 0.737913
v 0.201374 0.316899 0.803765
v 0.375453 0.298748 0.679968
v 0.347985 0.223667 0.742406
v 0.394296 0.276795 0.656067
v 0.368253 0.201460 0.712443
v 0.335017 0.367923 0.668787
v 0.253332 0.415929 0.697612
v 0.326865 0.416980 0.642684
v 0.400431 0.326578 0.639085
v 0.364994 0.394607 0.628600
v 0.287257 0.215497 0.802909
v 0.209875 0.264735 0.828833
v 0.255881 0.188841 0.841166
v 0.343163 0.175374 0.755404
v 0.293296 0.168141 0.827845
v -0.284188 0.382608 0.743704
v -0.257130 0.304505 0.803249
v -0.238464 0.406783 0.755559
v -0.214509 0.331810 0.816858
v -0.383791 0.298325 0.683722
v -0.352573 0.223644 0.736785
v -0.395525 0.270541 0.656161
v -0.372091 0.199513 0.708336
v -0.348766 0.374930 0.685755
v -0.266467 0.425256 0.714469
v -0.333038 0.420189 0.658575
v -0.400011 0.319502 0.641246
v -0.370089 0.394245 0.641978
v -0.298594 0.221716 0.803758
v -0.220072 0.276691 0.838953
v -0.264930 0.193910 0.845256
v -0.348456 0.173311 0.748564
v -0.296911 0.168861 0.820132
v 0.044020 0.059283 -0.497935
v -0.038257 0.057329 -0.495611
v 0.040282 0.007541 -0.461012
v -0.035486 0.005940 -0.458658
v 0.057215 0.208465 -0.638145
v -0.054902 0.203705 -0.638993
v 0.060026 0.264157 -0.661553
v -0.058674 0.266278 -0.657921
v 0.096923 0.135044 -0.560172
v 0.080710 0.034954 -0.472667
v 0.133415 0.108237 -0.522110
v -0.092449 0.128624 -0.553510
v -0.076091 0.030532 -0.467677
v -0.130215 0.102292 -0.513759
v 0.114251 0.235576 -0.646975
v 0.147912 0.156820 -0.569727
v -0.116912 0.229513 -0.653007
v -0.145963 0.150717 -0.563357
v 0.204540 -0.136470 -0.260706
v 0.185040 -0.060761 -0.320622
v 0.170089 -0.164086 -0.275854
v 0.152408 -0.089921 -0.336392
v 0.313252 -0.050970 -0.207430
v 0.286171 0.020837 -0.260372
v 0.351804 -0.023821 -0.189492
v 0.322534 0.044787 -0.237386
v 0.269146 -0.130191 -0.208218
v 0.196655 -0.188364 -0.240377
v 0.261955 -0.182729 -0.189391
v 0.345968 -0.070799 -0.175078
v 0.297392 -0.150449 -0.172748
v 0.223556 0.018258 -0.325421
v 0.160864 -0.037724 -0.362330
v 0.198973 0.042554 -0.374414
v 0.290167 0.069688 -0.277600
v 0.229117 0.070350 -0.351180
v -0.210121 -0.143188 -0.264253
v -0.191119 -0.067808 -0.320255
v -0.175747 -0.172065 -0.281117
v -0.156728 -0.096183 -0.335560
v -0.314300 -0.051600 -0.202579
v -0.292847 0.018668 -0.252928
v -0.346794 -0.021601 -0.180716
v -0.329969 0.045306 -0.228674
v -0.270558 -0.131643 -0.207091
v -0.201666 -0.194604 -0.246558
v -0.262903 -0.183312 -0.192254
v -0.338931 -0.068765 -0.167869
v -0.297363 -0.151360 -0.173776
v -0.230935 0.012301 -0.320080
v -0.165224 -0.044351 -0.360705
v -0.209114 0.033883 -0.370351
v -0.298002 0.068780 -0.267707
v -0.239230 0.063351 -0.343940
v 0.303505 0.440501 -0.445993
v 0.306992 0.351935 -0.536400
v 0.283865 0.480485 -0.491260
v 0.280519 0.389784 -0.575788
v 0.347090 0.328284 -0.290443
v 0.311891 0.263066 -0.328364
v 0.371180 0.291892 -0.245125
v 0.335083 0.232033 -0.279612
v 0.328198 0.421878 -0.337330
v 0.296047 0.505539 -0.432119
v 0.324202 0.482380 -0.329373
v 0.372704 0.338994 -0.247224
v 0.341125 0.436364 -0.284094
v 0.337055 0.254648 -0.477094
v 0.280917 0.326261 -0.607920
v 0.311808 0.224378 -0.537717
v 0.302240 0.214387 -0.318685
v 0.297418 0.205580 -0.448273
v -0.305486 0.437512 -0.444679
v -0.318816 0.345296 -0.533282
v -0.280200 0.476777 -0.484820
v -0.281704 0.394114 -0.577396
v -0.347294 0.324770 -0.292770
v -0.317524 0.260329 -0.332298
v -0.373298 0.289538 -0.247170
v -0.341648 0.230590 -0.281058
v -0.326931 0.416808 -0.337382
v -0.294115 0.498148 -0.425858
v -0.325271 0.473919 -0.327630
v -0.376210 0.336748 -0.248451
v -0.345711 0.430335 -0.284208
v -0.323202 0.254475 -0.463095
v -0.295227 0.327814 -0.595551
v -0.316882 0.218354 -0.523488
v -0.313511 0.213981 -0.320011
v -0.299974 0.203408 -0.437518
v 0.514935 0.137703 0.132242
v 0.513936 0.064764 0.132181
v 0.514191 0.136719 0.084355
v 0.511289 0.068195 0.086128
v 0.508180 0.139611 0.274500
v 0.502608 0.060309 0.271328
v 0.503721 0.141877 0.319813
v 0.498304 0.061666 0.316443
v 0.508265 0.179667 0.206058
v 0.510415 0.176390 0.109962
v 0.501851 0.220025 0.184038
v 0.504134 0.183714 0.300340
v 0.500748 0.222711 0.232282
v 0.503104 0.024416 0.203748
v 0.507331 0.032684 0.111589
v 0.498850 -0.009930 0.184185
v 0.495338 0.021798 0.294301
v 0.493664 -0.013341 0.229602
v -0.524243 0.141280 0.141256
v -0.524307 0.071007 0.144214
v -0.511601 0.141644 0.100585
v -0.509314 0.074088 0.103787
v -0.510277 0.144828 0.272595
v -0.510945 0.065298 0.270717
v -0.503046 0.146914 0.320066
v -0.506142 0.065926 0.316826
v -0.517500 0.182476 0.208735
v -0.513193 0.176592 0.122162
v -0.516731 0.221079 0.188546
v -0.507286 0.187020 0.299406
v -0.512094 0.224631 0.234906
v -0.518166 0.028776 0.204927
v -0.512291 0.037551 0.126079
v -0.517712 -0.006679 0.188652
v -0.509957 0.024634 0.290909
v -0.514412 -0.011489 0.230201
v -0.192641 0.750948 0.278095
v -0.219206 0.724300 0.319881
v -0.190897 0.762314 0.067748
v -0.215206 0.738812 0.011121
v -0.170523 0.742253 0.321466
v -0.175207 0.766432 -0.007422
v -0.361970 0.630732 0.385679
v -0.386210 0.600946 0.370376
v -0.379400 0.597541 0.411757
v -0.310377 0.649603 -0.027974
v -0.320083 0.607425 0.012276
v -0.320712 0.631077 -0.063717
v -0.414796 0.536332 0.199033
v -0.422263 0.538490 0.248820
v -0.438859 0.502617 0.225637
v 0.206280 0.755984 0.280419
v 0.232624 0.738900 0.323870
v 0.182510 0.764583 0.077213
v 0.199321 0.745375 0.024258
v 0.183143 0.748430 0.323189
v 0.159633 0.772055 0.003114
v 0.349788 0.654350 0.386965
v 0.368943 0.626045 0.378924
v 0.368768 0.623759 0.416419
v 0.295944 0.640609 -0.012814
v 0.320348 0.608337 0.020439
v 0.310596 0.612440 -0.054617
v 0.383431 0.541032 0.204004
v 0.390780 0.546398 0.253930
v 0.406373 0.506201 0.228290
v -0.202405 -0.585899 0.285943
v -0.222153 -0.563283 0.336629
v -0.246514 -0.699139 0.079591
v -0.290567 -0.716566 0.015199
v -0.174008 -0.582482 0.341415
v -0.216458 -0.735510 0.012248
v -0.356272 -0.451567 0.394948
v -0.379941 -0.413156 0.379269
v -0.376579 -0.413756 0.427144
v -0.384074 -0.485362 -0.004993
v -0.383779 -0.426080 0.034787
v -0.385133 -0.424738 -0.027138
v -0.406429 -0.328446 0.215684
v -0.410391 -0.331267 0.260976
v -0.427190 -0.287354 0.241153
v 0.199067 -0.600999 0.290917
v 0.215075 -0.579444 0.342499
v 0.257002 -0.728353 0.088154
v 0.296615 -0.708738 0.026813
v 0.170179 -0.603553 0.353870
v 0.234663 -0.732709 0.018147
v 0.327039 -0.453504 0.390193
v 0.358877 -0.419999 0.370825
v 0.345005 -0.416422 0.420271
v 0.386792 -0.506118 -0.006398
v 0.383764 -0.443746 0.035107
v 0.383862 -0.443273 -0.022706
v 0.386481 -0.341197 0.207110
v 0.388697 -0.342838 0.253357
v 0.402750 -0.298874 0.231367
v -0.031038 -0.591655 0.813485
v 0.045031 -0.603410 0.787208
v -0.231844 -0.446633 0.876135
v -0.242511 -0.373510 0.889271
v 0.004760 -0.608538 0.761929
v -0.286755 -0.404431 0.861151
v 0.315332 -0.534189 0.869165
v 0.299567 -0.428655 0.914467
v 0.327338 -0.450945 0.862807
v 0.106340 -0.154796 0.999637
v 0.161678 -0.189042 0.989461
v -0.124547 -0.153998 1.012560
v -0.182415 -0.187463 1.003842
v 0.157415 -0.126131 1.000286
v -0.175624 -0.129473 1.010290
v -0.022588 0.576903 0.640331
v 0.024988 0.584949 0.642785
v -0.159130 0.500629 0.703084
v -0.176254 0.466879 0.733620
v 0.003812 0.605412 0.603935
v -0.203843 0.483889 0.694837
v 0.152786 0.506111 0.695680
v 0.167000 0.462436 0.723597
v 0.198713 0.488011 0.685692
v 0.086443 0.295133 0.864724
v 0.123637 0.320037 0.840931
v -0.089201 0.304532 0.880309
v -0.127503 0.327778 0.848477
v 0.131132 0.267785 0.865957
v -0.135638 0.278295 0.880692
v -0.008469 -0.399604 -0.217636
v 0.023410 -0.408547 -0.225175
v -0.119019 -0.293960 -0.255082
v -0.131616 -0.249263 -0.276400
v 0.007970 -0.439929 -0.192322
v -0.157861 -0.274359 -0.245915
v 0.115651 -0.290435 -0.246785
v 0.126364 -0.241111 -0.268281
v 0.151047 -0.267784 -0.234097
v 0.069791 -0.071804 -0.412307
v 0.098107 -0.098080 -0.387107
v -0.065388 -0.070845 -0.403731
v -0.095113 -0.096607 -0.376115
v 0.104617 -0.043964 -0.412107
v -0.102715 -0.045074 -0.404282
v -0.040873 0.798868 -0.430124
v 0.033847 0.799918 -0.432478
v -0.224482 0.646592 -0.473767
v -0.235044 0.572261 -0.485817
v -0.001623 0.807270 -0.365882
v -0.257320 0.604359 -0.443664
v 0.219274 0.652156 -0.480608
v 0.231236 0.578456 -0.496556
v 0.266138 0.613785 -0.459498
v 0.122142 0.356160 -0.654118
v 0.171798 0.385381 -0.623732
v -0.126447 0.360772 -0.657054
v -0.176310 0.391516 -0.623240
v 0.179859 0.327896 -0.660909
v -0.187915 0.330465 -0.653384
v 0.443049 0.267824 -0.140292
v 0.429767 0.263187 -0.174746
v 0.494791 0.205911 -0.005842
v 0.504863 0.171036 0.016578
v 0.420816 0.303307 -0.170980
v 0.499966 0.210533 0.040056
v 0.435644 -0.018316 -0.105593
v 0.415364 -0.010207 -0.139424
v 0.494929 0.018221 0.002874
v 0.501495 0.044157 0.022445
v 0.404523 -0.050328 -0.123140
v 0.497383 0.009298 0.046849
v 0.362399 0.112181 -0.224127
v 0.361150 0.156787 -0.230593
v 0.327188 0.138983 -0.261764
v 0.443595 0.288442 0.549421
v 0.428660 0.272913 0.590243
v 0.484331 0.228356 0.415283
v 0.493503 0.186520 0.389777
v 0.432402 0.319596 0.574789
v 0.490392 0.228399 0.371971
v 0.438876 -0.069884 0.542796
v 0.421149 -0.056235 0.590022
v 0.482138 -0.013574 0.405227
v 0.489391 0.025099 0.382392
v 0.420620 -0.105395 0.572285
v 0.486489 -0.016434 0.361337
v 0.380398 0.081583 0.690001
v 0.384257 0.131282 0.688945
v 0.361047 0.103601 0.729483
v -0.433935 0.269492 -0.128315
v -0.417479 0.263869 -0.167025
v -0.483628 0.207945 0.012635
v -0.491684 0.174452 0.036749
v -0.421416 0.305815 -0.166018
v -0.492412 0.211725 0.056774
v -0.418568 -0.016072 -0.089966
v -0.399731 -0.005440 -0.124404
v -0.481406 0.022561 0.025927
v -0.490472 0.049600 0.044724
v -0.391561 -0.046924 -0.110529
v -0.489461 0.014329 0.068138
v -0.362770 0.114952 -0.213815
v -0.364981 0.158930 -0.225149
v -0.334598 0.139956 -0.254965
v -0.443753 0.279463 0.550105
v -0.427637 0.263118 0.590262
v -0.483304 0.228633 0.418868
v -0.488463 0.189078 0.392800
v -0.430857 0.309856 0.574203
v -0.492582 0.230212 0.373177
v -0.440305 -0.066073 0.552690
v -0.427710 -0.051590 0.597276
v -0.485189 -0.010348 0.411450
v -0.493382 0.027783 0.386976
v -0.420766 -0.101784 0.580800
v -0.495042 -0.013610 0.364757
v -0.386455 0.079676 0.688389
v -0.386210 0.128793 0.685552
v -0.363849 0.101295 0.723242
v -0.019454 0.724267 0.405950
v 0.032524 0.731902 0.408799
v 0.007923 0.703759 0.447332
v -0.036105 0.867771 -0.137561
v 0.026853 0.836666 -0.152050
v 0.007670 0.837543 -0.181565
v -0.367042 0.496779 0.544576
v -0.341594 0.478839 0.586883
v -0.382589 0.457868 0.572963
v -0.358912 0.569300 -0.205343
v -0.345906 0.552156 -0.260838
v -0.343929 0.497491 -0.219129
v -0.497963 0.346624 0.221476
v -0.506227 0.303355 0.196682
v -0.503493 0.307376 0.241799
v 0.373068 0.514274 0.540136
v 0.345950 0.491742 0.577863
v 0.383357 0.467641 0.564513
v 0.351794 0.565245 -0.217715
v 0.341144 0.560748 -0.269789
v 0.334611 0.506271 -0.219877
v 0.471312 0.346714 0.218012
v 0.483914 0.302871 0.189502
v 0.482642 0.306927 0.239129
v -0.018480 -0.657166 0.484973
v 0.036370 -0.676438 0.492272
v 0.011086 -0.659328 0.549946
v -0.026141 -0.574087 -0.031158
v 0.039027 -0.580354 -0.032188
v 0.006964 -0.556850 -0.064454
v -0.368894 -0.331469 0.593810
v -0.355515 -0.328851 0.656504
v -0.374653 -0.283004 0.613015
v -0.311552 -0.273466 -0.113622
v -0.283034 -0.255259 -0.145346
v -0.314843 -0.218847 -0.124721
v -0.488221 -0.124948 0.227665
v -0.501006 -0.083007 0.200393
v -0.503328 -0.090404 0.241706
v 0.338155 -0.338498 0.593283
v 0.340425 -0.343657 0.660591
v 0.355078 -0.290030 0.611518
v 0.309256 -0.278547 -0.103020
v 0.279238 -0.256850 -0.134613
v 0.311739 -0.221471 -0.118955
v 0.463841 -0.126901 0.220212
v 0.478723 -0.084117 0.193723
v 0.474027 -0.088681 0.238096
v 0.229963 0.054925 0.916804
v 0.226734 0.109336 0.898633
v 0.265957 0.087817 0.884222
v -0.232824 0.049433 0.922337
v -0.232314 0.106871 0.904737
v -0.265462 0.082230 0.877640
v 0.198678 0.108943 -0.469899
v 0.236342 0.143134 -0.530458
v 0.228808 0.137891 -0.449354
v -0.203480 0.101230 -0.459570
v -0.229883 0.143825 -0.510377
v -0.241489 0.128256 -0.438229
f 1 647 644
f 1 644 643
f 1 643 645
f 1 645 646
f 1 646 647
f 2 649 652
f 6 672 670
f 12 702 699
f 11 696 695
f 8 679 681
f 4 662 659
f 4 659 658
f 4 658 660
f 4 660 661
f 4 661 662
f 5 666 665
f 3 654 657
f 7 673 677
f 9 685 686
f 10 692 688
f 12 701 698
f 6 669 668
f 2 650 648
f 8 682 678
f 11 697 693
f 6 671 669
f 12 700 701
f 11 694 697
f 8 680 682
f 2 651 650
f 10 690 689
f 5 663 664
f 3 655 653
f 7 676 674
f 9 687 684
f 10 691 690
f 5 667 663
f 3 656 655
f 7 675 676
f 9 683 687
f 6 668 672
f 2 648 649
f 8 678 679
f 11 693 696
f 12 698 702
f 10 688 691
f 5 665 667
f 3 657 656
f 7 677 675
f 9 686 683
f 5 664 666
f 3 653 654
f 7 674 673
f 9 684 685
f 10 689 692
f 6 670 671
f 12 699 700
f 11 695 694
f 8 681 680
f 2 652 651
f 35 837 838
f 18 735 736
f 19 742 741
f 40 868 867
f 42 880 879
f 34 832 831
f 33 827 828
f 25 778 780
f 36 844 846
f 20 749 747
f 32 819 820
f 23 765 767
f 24 773 771
f 37 850 849
f 41 876 875
f 34 833 834
f 33 826 825
f 25 779 777
f 36 845 843
f 20 748 750
f 17 729 727
f 14 711 709
f 13 706 703
f 15 718 715
f 16 724 721
f 18 737 733
f 35 839 835
f 42 882 878
f 40 870 866
f 19 744 740
f 30 807 805
f 27 789 787
f 22 762 758
f 28 797 793
f 29 802 799
f 32 821 817
f 23 766 763
f 24 774 770
f 37 852 848
f 41 874 872
f 35 838 836
f 18 736 734
f 19 741 739
f 40 867 865
f 42 879 877
f 34 831 829
f 33 828 824
f 25 780 776
f 36 846 842
f 20 747 745
f 32 820 818
f 23 767 764
f 24 771 769
f 37 849 847
f 41 875 871
f 34 834 830
f 33 825 823
f 25 777 775
f 36 843 841
f 20 750 746
f 14 714 710
f 13 707 704
f 15 719 716
f 16 725 722
f 17 732 728
f 21 755 752
f 31 814 811
f 26 784 781
f 38 857 853
f 39 862 860
f 27 792 788
f 22 759 757
f 28 796 794
f 29 803 800
f 30 810 806
f 31 815 812
f 26 785 782
f 38 856 854
f 39 863 859
f 21 754 751
f 14 712 714
f 13 705 707
f 15 717 719
f 16 723 725
f 17 730 732
f 21 753 755
f 31 816 814
f 26 786 784
f 38 858 857
f 39 861 862
f 27 791 792
f 22 761 759
f 28 795 796
f 29 801 803
f 30 808 810
f 31 813 815
f 26 783 785
f 38 855 856
f 39 864 863
f 21 756 754
f 14 709 712
f 13 703 705
f 15 715 717
f 16 721 723
f 17 727 730
f 21 751 753
f 31 812 816
f 26 782 786
f 38 854 858
f 39 859 861
f 27 787 791
f 22 758 761
f 28 793 795
f 29 799 801
f 30 805 808
f 31 811 813
f 26 781 783
f 38 853 855
f 39 860 864
f 21 752 756
f 17 728 731
f 14 710 713
f 13 704 708
f 15 716 720
f 16 722 726
f 18 734 738
f 35 836 840
f 42 877 881
f 40 865 869
f 19 739 743
f 30 806 809
f 27 788 790
f 22 757 760
f 28 794 798
f 29 800 804
f 32 818 822
f 23 764 768
f 24 769 772
f 37 847 851
f 41 871 873
f 35 835 837
f 18 733 735
f 19 740 742
f 40 866 868
f 42 878 880
f 34 830 832
f 33 823 827
f 25 775 778
f 36 841 844
f 20 746 749
f 32 817 819
f 23 763 765
f 24 770 773
f 37 848 850
f 41 872 876
f 34 829 833
f 33 824 826
f 25 776 779
f 36 842 845
f 20 745 748
f 17 731 729
f 14 713 711
f 13 708 706
f 15 720 718
f 16 726 724
f 18 738 737
f 35 840 839
f 42 881 882
f 40 869 870
f 19 743 744
f 30 809 807
f 27 790 789
f 22 760 762
f 28 798 797
f 29 804 802
f 32 822 821
f 23 768 766
f 24 772 774
f 37 851 852
f 41 873 874
f 107 1269 1270
f 103 1245 1246
f 104 1252 1251
f 110 1288 1287
f 113 1306 1305
f 118 1336 1335
f 154 1551 1552
f 141 1473 1474
f 162 1599 1600
f 121 1354 1353
f 142 1479 1480
f 129 1401 1402
f 130 1408 1407
f 144 1492 1491
f 146 1504 1503
f 151 1533 1534
f 131 1414 1413
f 136 1444 1443
f 161 1594 1593
f 126 1383 1384
f 116 1323 1324
f 108 1275 1276
f 106 1263 1264
f 112 1299 1300
f 115 1317 1318
f 119 1341 1342
f 156 1564 1563
f 139 1462 1461
f 160 1588 1587
f 120 1347 1348
f 149 1521 1522
f 132 1420 1419
f 128 1395 1396
f 145 1497 1498
f 148 1515 1516
f 155 1557 1558
f 133 1425 1426
f 134 1431 1432
f 157 1570 1569
f 124 1372 1371
f 109 1282 1281
f 105 1258 1257
f 111 1294 1293
f 114 1312 1311
f 117 1330 1329
f 125 1378 1377
f 152 1540 1539
f 137 1449 1450
f 158 1575 1576
f 123 1365 1366
f 143 1486 1485
f 127 1390 1389
f 135 1437 1438
f 147 1510 1509
f 150 1528 1527
f 153 1546 1545
f 140 1468 1467
f 138 1455 1456
f 159 1581 1582
f 122 1359 1360
f 107 1272 1271
f 103 1248 1247
f 104 1253 1254
f 110 1289 1290
f 113 1307 1308
f 118 1337 1338
f 154 1554 1553
f 141 1476 1475
f 162 1602 1601
f 121 1355 1356
f 142 1482 1481
f 129 1404 1403
f 130 1409 1410
f 144 1493 1494
f 146 1505 1506
f 151 1536 1535
f 131 1415 1416
f 136 1445 1446
f 161 1595 1596
f 126 1386 1385
f 47 909 907
f 44 891 889
f 43 886 883
f 45 898 895
f 46 904 901
f 49 922 919
f 72 1060 1057
f 102 1240 1237
f 96 1204 1201
f 79 1102 1099
f 62 999 997
f 59 981 979
f 58 976 973
f 60 988 985
f 61 994 991
f 66 1024 1021
f 54 952 949
f 73 1066 1063
f 85 1138 1135
f 92 1179 1177
f 101 1233 1231
f 69 1041 1039
f 50 927 925
f 82 1119 1117
f 97 1209 1207
f 71 1053 1051
f 100 1228 1225
f 94 1192 1189
f 80 1108 1105
f 51 933 931
f 90 1167 1165
f 63 1005 1003
f 55 957 955
f 76 1083 1081
f 87 1150 1147
f 91 1174 1171
f 67 1029 1027
f 56 963 961
f 75 1077 1075
f 83 1126 1123
f 68 1036 1033
f 48 915 913
f 78 1095 1093
f 93 1185 1183
f 98 1216 1213
f 88 1155 1153
f 65 1018 1015
f 57 970 967
f 77 1090 1087
f 86 1143 1141
f 64 1012 1009
f 53 945 943
f 74 1071 1069
f 84 1131 1129
f 89 1162 1159
f 70 1047 1045
f 99 1221 1219
f 95 1197 1195
f 81 1114 1111
f 52 940 937
f 109 1284 1280
f 105 1260 1256
f 111 1296 1292
f 114 1314 1310
f 117 1332 1328
f 125 1380 1376
f 152 1542 1538
f 137 1451 1447
f 158 1577 1573
f 123 1367 1363
f 143 1488 1484
f 127 1392 1388
f 135 1439 1435
f 147 1512 1508
f 150 1530 1526
f 153 1548 1544
f 140 1470 1466
f 138 1457 1453
f 159 1583 1579
f 122 1361 1357
f 107 1270 1268
f 103 1246 1244
f 104 1251 1249
f 110 1287 1285
f 113 1305 1303
f 118 1335 1333
f 154 1552 1550
f 141 1474 1472
f 162 1600 1598
f 121 1353 1351
f 142 1480 1478
f 129 1402 1400
f 130 1407 1405
f 144 1491 1489
f 146 1503 1501
f 151 1534 1532
f 131 1413 1411
f 136 1443 1441
f 161 1593 1591
f 126 1384 1382
f 116 1324 1322
f 108 1276 1274
f 106 1264 1262
f 112 1300 1298
f 115 1318 1316
f 119 1342 1340
f 156 1563 1561
f 139 1461 1459
f 160 1587 1585
f 120 1348 1346
f 149 1522 1520
f 132 1419 1417
f 128 1396 1394
f 145 1498 1496
f 148 1516 1514
f 155 1558 1556
f 133 1426 1424
f 134 1432 1430
f 157 1569 1567
f 124 1371 1369
f 109 1281 1279
f 105 1257 1255
f 111 1293 1291
f 114 1311 1309
f 117 1329 1327
f 125 1377 1375
f 152 1539 1537
f 137 1450 1448
f 158 1576 1574
f 123 1366 1364
f 143 1485 1483
f 127 1389 1387
f 135 1438 1436
f 147 1509 1507
f 150 1527 1525
f 153 1545 1543
f 140 1467 1465
f 138 1456 1454
f 159 1582 1580
f 122 1360 1358
f 107 1271 1267
f 103 1247 1243
f 104 1254 1250
f 110 1290 1286
f 113 1308 1304
f 118 1338 1334
f 154 1553 1549
f 141 1475 1471
f 162 1601 1597
f 121 1356 1352
f 142 1481 1477
f 129 1403 1399
f 130 1410 1406
f 144 1494 1490
f 146 1506 1502
f 151 1535 1531
f 131 1416 1412
f 136 1446 1442
f 161 1596 1592
f 126 1385 1381
f 44 894 890
f 43 887 884
f 45 899 896
f 46 905 902
f 47 912 908
f 52 941 938
f 70 1050 1046
f 99 1224 1220
f 95 1200 1196
f 81 1115 1112
f 59 984 980
f 58 977 974
f 60 989 986
f 61 995 992
f 62 1002 998
f 65 1019 1016
f 57 971 968
f 77 1091 1088
f 86 1146 1142
f 88 1158 1154
f 98 1217 1214
f 68 1037 1034
f 48 918 914
f 78 1098 1094
f 93 1188 1184
f 69 1044 1040
f 101 1236 1232
f 97 1212 1208
f 82 1122 1118
f 50 930 926
f 89 1163 1160
f 64 1013 1010
f 53 948 944
f 74 1074 1070
f 84 1134 1130
f 90 1170 1166
f 63 1008 1004
f 55 960 956
f 76 1086 1082
f 87 1151 1148
f 72 1061 1058
f 49 923 920
f 79 1103 1100
f 96 1205 1202
f 102 1241 1238
f 91 1175 1172
f 67 1032 1028
f 56 966 962
f 75 1080 1076
f 83 1127 1124
f 66 1025 1022
f 54 953 950
f 73 1067 1064
f 85 1139 1136
f 92 1182 1178
f 71 1056 1052
f 100 1229 1226
f 94 1193 1190
f 80 1109 1106
f 51 936 932
f 116 1325 1321
f 108 1277 1273
f 106 1265 1261
f 112 1301 1297
f 115 1319 1315
f 119 1343 1339
f 156 1566 1562
f 139 1464 1460
f 160 1590 1586
f 120 1349 1345
f 149 1523 1519
f 132 1422 1418
f 128 1397 1393
f 145 1499 1495
f 148 1517 1513
f 155 1559 1555
f 133 1427 1423
f 134 1433 1429
f 157 1572 1568
f 124 1374 1370
f 44 892 894
f 43 885 887
f 45 897 899
f 46 903 905
f 47 910 912
f 52 939 941
f 70 1048 1050
f 99 1222 1224
f 95 1198 1200
f 81 1113 1115
f 59 982 984
f 58 975 977
f 60 987 989
f 61 993 995
f 62 1000 1002
f 65 1017 1019
f 57 969 971
f 77 1089 1091
f 86 1144 1146
f 88 1156 1158
f 98 1215 1217
f 68 1035 1037
f 48 916 918
f 78 1096 1098
f 93 1186 1188
f 69 1042 1044
f 101 1234 1236
f 97 1210 1212
f 82 1120 1122
f 50 928 930
f 89 1161 1163
f 64 1011 1013
f 53 946 948
f 74 1072 1074
f 84 1132 1134
f 90 1168 1170
f 63 1006 1008
f 55 958 960
f 76 1084 1086
f 87 1149 1151
f 72 1059 1061
f 49 921 923
f 79 1101 1103
f 96 1203 1205
f 102 1239 1241
f 91 1173 1175
f 67 1030 1032
f 56 964 966
f 75 1078 1080
f 83 1125 1127
f 66 1023 1025
f 54 951 953
f 73 1065 1067
f 85 1137 1139
f 92 1180 1182
f 71 1054 1056
f 100 1227 1229
f 94 1191 1193
f 80 1107 1109
f 51 934 936
f 116 1326 1325
f 108 1278 1277
f 106 1266 1265
f 112 1302 1301
f 115 1320 1319
f 119 1344 1343
f 156 1565 1566
f 139 1463 1464
f 160 1589 1590
f 120 1350 1349
f 149 1524 1523
f 132 1421 1422
f 128 1398 1397
f 145 1500 1499
f 148 1518 1517
f 155 1560 1559
f 133 1428 1427
f 134 1434 1433
f 157 1571 1572
f 124 1373 1374
f 44 889 892
f 43 883 885
f 45 895 897
f 46 901 903
f 47 907 910
f 52 937 939
f 70 1045 1048
f 99 1219 1222
f 95 1195 1198
f 81 1111 1113
f 59 979 982
f 58 973 975
f 60 985 987
f 61 991 993
f 62 997 1000
f 65 1015 1017
f 57 967 969
f 77 1087 1089
f 86 1141 1144
f 88 1153 1156
f 98 1213 1215
f 68 1033 1035
f 48 913 916
f 78 1093 1096
f 93 1183 1186
f 69 1039 1042
f 101 1231 1234
f 97 1207 1210
f 82 1117 1120
f 50 925 928
f 89 1159 1161
f 64 1009 1011
f 53 943 946
f 74 1069 1072
f 84 1129 1132
f 90 1165 1168
f 63 1003 1006
f 55 955 958
f 76 1081 1084
f 87 1147 1149
f 72 1057 1059
f 49 919 921
f 79 1099 1101
f 96 1201 1203
f 102 1237 1239
f 91 1171 1173
f 67 1027 1030
f 56 961 964
f 75 1075 1078
f 83 1123 1125
f 66 1021 1023
f 54 949 951
f 73 1063 1065
f 85 1135 1137
f 92 1177 1180
f 71 1051 1054
f 100 1225 1227
f 94 1189 1191
f 80 1105 1107
f 51 931 934
f 116 1322 1326
f 108 1274 1278
f 106 1262 1266
f 112 1298 1302
f 115 1316 1320
f 119 1340 1344
f 156 1561 1565
f 139 1459 1463
f 160 1585 1589
f 120 1346 1350
f 149 1520 1524
f 132 1417 1421
f 128 1394 1398
f 145 1496 1500
f 148 1514 1518
f 155 1556 1560
f 133 1424 1428
f 134 1430 1434
f 157 1567 1571
f 124 1369 1373
f 47 908 911
f 44 890 893
f 43 884 888
f 45 896 900
f 46 902 906
f 49 920 924
f 72 1058 1062
f 102 1238 1242
f 96 1202 1206
f 79 1100 1104
f 62 998 1001
f 59 980 983
f 58 974 978
f 60 986 990
f 61 992 996
f 66 1022 1026
f 54 950 954
f 73 1064 1068
f 85 1136 1140
f 92 1178 1181
f 101 1232 1235
f 69 1040 1043
f 50 926 929
f 82 1118 1121
f 97 1208 1211
f 71 1052 1055
f 100 1226 1230
f 94 1190 1194
f 80 1106 1110
f 51 932 935
f 90 1166 1169
f 63 1004 1007
f 55 956 959
f 76 1082 1085
f 87 1148 1152
f 91 1172 1176
f 67 1028 1031
f 56 962 965
f 75 1076 1079
f 83 1124 1128
f 68 1034 1038
f 48 914 917
f 78 1094 1097
f 93 1184 1187
f 98 1214 1218
f 88 1154 1157
f 65 1016 1020
f 57 968 972
f 77 1088 1092
f 86 1142 1145
f 64 1010 1014
f 53 944 947
f 74 1070 1073
f 84 1130 1133
f 89 1160 1164
f 70 1046 1049
f 99 1220 1223
f 95 1196 1199
f 81 1112 1116
f 52 938 942
f 109 1279 1283
f 105 1255 1259
f 111 1291 1295
f 114 1309 1313
f 117 1327 1331
f 125 1375 1379
f 152 1537 1541
f 137 1448 1452
f 158 1574 1578
f 123 1364 1368
f 143 1483 1487
f 127 1387 1391
f 135 1436 1440
f 147 1507 1511
f 150 1525 1529
f 153 1543 1547
f 140 1465 1469
f 138 1454 1458
f 159 1580 1584
f 122 1358 1362
f 107 1267 1269
f 103 1243 1245
f 104 1250 1252
f 110 1286 1288
f 113 1304 1306
f 118 1334 1336
f 154 1549 1551
f 141 1471 1473
f 162 1597 1599
f 121 1352 1354
f 142 1477 1479
f 129 1399 1401
f 130 1406 1408
f 144 1490 1492
f 146 1502 1504
f 151 1531 1533
f 131 1412 1414
f 136 1442 1444
f 161 1592 1594
f 126 1381 1383
f 116 1321 1323
f 108 1273 1275
f 106 1261 1263
f 112 1297 1299
f 115 1315 1317
f 119 1339 1341
f 156 1562 1564
f 139 1460 1462
f 160 1586 1588
f 120 1345 1347
f 149 1519 1521
f 132 1418 1420
f 128 1393 1395
f 145 1495 1497
f 148 1513 1515
f 155 1555 1557
f 133 1423 1425
f 134 1429 1431
f 157 1568 1570
f 124 1370 1372
f 109 1280 1282
f 105 1256 1258
f 111 1292 1294
f 114 1310 1312
f 117 1328 1330
f 125 1376 1378
f 152 1538 1540
f 137 1447 1449
f 158 1573 1575
f 123 1363 1365
f 143 1484 1486
f 127 1388 1390
f 135 1435 1437
f 147 1508 1510
f 150 1526 1528
f 153 1544 1546
f 140 1466 1468
f 138 1453 1455
f 159 1579 1581
f 122 1357 1359
f 107 1268 1272
f 103 1244 1248
f 104 1249 1253
f 110 1285 1289
f 113 1303 1307
f 118 1333 1337
f 154 1550 1554
f 141 1472 1476
f 162 1598 1602
f 121 1351 1355
f 142 1478 1482
f 129 1400 1404
f 130 1405 1409
f 144 1489 1493
f 146 1501 1505
f 151 1532 1536
f 131 1411 1415
f 136 1441 1445
f 161 1591 1595
f 126 1382 1386
f 47 911 909
f 44 893 891
f 43 888 886
f 45 900 898
f 46 906 904
f 49 924 922
f 72 1062 1060
f 102 1242 1240
f 96 1206 1204
f 79 1104 1102
f 62 1001 999
f 59 983 981
f 58 978 976
f 60 990 988
f 61 996 994
f 66 1026 1024
f 54 954 952
f 73 1068 1066
f 85 1140 1138
f 92 1181 1179
f 101 1235 1233
f 69 1043 1041
f 50 929 927
f 82 1121 1119
f 97 1211 1209
f 71 1055 1053
f 100 1230 1228
f 94 1194 1192
f 80 1110 1108
f 51 935 933
f 90 1169 1167
f 63 1007 1005
f 55 959 957
f 76 1085 1083
f 87 1152 1150
f 91 1176 1174
f 67 1031 1029
f 56 965 963
f 75 1079 1077
f 83 1128 1126
f 68 1038 1036
f 48 917 915
f 78 1097 1095
f 93 1187 1185
f 98 1218 1216
f 88 1157 1155
f 65 1020 1018
f 57 972 970
f 77 1092 1090
f 86 1145 1143
f 64 1014 1012
f 53 947 945
f 74 1073 1071
f 84 1133 1131
f 89 1164 1162
f 70 1049 1047
f 99 1223 1221
f 95 1199 1197
f 81 1116 1114
f 52 942 940
f 109 1283 1284
f 105 1259 1260
f 111 1295 1296
f 114 1313 1314
f 117 1331 1332
f 125 1379 1380
f 152 1541 1542
f 137 1452 1451
f 158 1578 1577
f 123 1368 1367
f 143 1487 1488
f 127 1391 1392
f 135 1440 1439
f 147 1511 1512
f 150 1529 1530
f 153 1547 1548
f 140 1469 1470
f 138 1458 1457
f 159 1584 1583
f 122 1362 1361
f 407 1609 1616
f 403 1605 1608
f 404 1611 1606
f 410 1614 1612
f 413 1617 1615
f 422 1631 1624
f 486 1688 1692
f 573 1775 1782
f 561 1763 1765
f 512 1719 1714
f 452 1654 1661
f 448 1650 1653
f 449 1656 1651
f 455 1659 1657
f 458 1662 1660
f 470 1672 1675
f 437 1646 1639
f 494 1706 1696
f 531 1735 1733
f 539 1741 1751
f 568 1770 1779
f 478 1680 1683
f 419 1621 1626
f 509 1711 1721
f 554 1756 1766
f 482 1684 1689
f 576 1780 1778
f 558 1767 1760
f 516 1722 1718
f 425 1627 1629
f 542 1744 1747
f 463 1668 1665
f 434 1636 1641
f 497 1699 1704
f 528 1730 1737
f 546 1748 1750
f 464 1666 1676
f 440 1642 1644
f 500 1705 1702
f 524 1736 1726
f 479 1691 1681
f 418 1623 1620
f 508 1713 1710
f 553 1764 1755
f 569 1781 1771
f 538 1749 1740
f 471 1677 1673
f 443 1645 1647
f 501 1703 1707
f 523 1725 1734
f 467 1674 1669
f 433 1638 1635
f 493 1695 1698
f 527 1732 1729
f 543 1752 1745
f 485 1690 1687
f 572 1777 1774
f 557 1759 1762
f 515 1717 1720
f 428 1630 1632
f 591 2191 2189
f 587 1885 1883
f 588 1901 1903
f 594 2279 2281
f 597 2315 2317
f 600 2171 2173
f 634 2160 2158
f 619 2016 2012
f 639 2214 2210
f 602 1919 1924
f 624 2137 2135
f 608 1978 1973
f 610 1991 1996
f 627 2225 2227
f 630 2302 2304
f 635 2178 2176
f 615 2153 2155
f 617 2009 2014
f 637 2207 2212
f 604 1926 1922
f 416 1857 1864
f 408 1803 1810
f 406 1786 1795
f 412 1822 1831
f 415 1840 1849
f 424 1876 1887
f 492 2182 2193
f 582 2312 2321
f 565 2276 2285
f 514 1898 1907
f 461 2091 2098
f 453 2037 2044
f 451 1952 1961
f 457 2056 2067
f 460 2074 2083
f 475 2128 2139
f 439 1966 1975
f 496 1988 1997
f 533 2222 2231
f 551 2293 2298
f 579 2185 2190
f 483 1879 1884
f 426 1893 1900
f 521 2271 2278
f 566 2307 2314
f 489 2163 2170
f 578 2150 2159
f 560 2006 2015
f 518 2204 2213
f 429 1911 1918
f 547 2131 2136
f 465 1969 1977
f 441 1983 1990
f 504 2217 2224
f 537 2290 2301
f 550 2168 2177
f 476 2145 2152
f 444 2001 2008
f 502 2199 2206
f 526 1916 1925
f 481 1808 1817
f 420 1789 1797
f 510 1825 1833
f 555 1843 1851
f 571 1862 1871
f 540 1933 1941
f 473 2110 2119
f 447 2020 2029
f 507 2236 2247
f 534 2257 2262
f 469 2042 2051
f 435 1947 1954
f 498 2059 2064
f 529 2077 2085
f 545 2096 2105
f 487 2113 2121
f 574 2023 2031
f 562 2239 2244
f 520 2254 2265
f 432 1930 1939
f 589 1818 1814
f 583 1798 1793
f 586 1834 1829
f 593 1852 1847
f 596 1872 1868
f 599 1942 1937
f 633 2120 2124
f 620 2030 2034
f 640 2248 2250
f 603 2263 2261
f 622 2052 2050
f 607 1955 1960
f 612 2065 2063
f 626 2086 2081
f 629 2106 2102
f 631 2122 2117
f 614 2032 2027
f 618 2245 2243
f 641 2266 2268
f 605 1940 1944
f 409 1813 1804
f 405 1792 1785
f 411 1828 1821
f 414 1846 1839
f 417 1867 1858
f 431 1936 1929
f 488 2123 2114
f 575 2033 2024
f 563 2249 2240
f 519 2260 2253
f 454 2049 2038
f 450 1959 1951
f 456 2062 2055
f 459 2080 2073
f 462 2101 2092
f 472 2116 2109
f 446 2026 2019
f 506 2242 2235
f 535 2267 2258
f 541 1943 1934
f 570 1869 1861
f 480 1815 1807
f 421 1799 1790
f 511 1835 1826
f 556 1853 1844
f 484 1889 1880
f 580 2195 2186
f 567 2319 2308
f 522 2283 2272
f 427 1905 1894
f 544 2103 2095
f 468 2046 2041
f 436 1957 1948
f 499 2069 2060
f 530 2087 2078
f 548 2141 2132
f 466 1979 1970
f 442 1993 1984
f 505 2229 2218
f 536 2296 2289
f 491 2188 2181
f 423 1882 1875
f 513 1902 1897
f 564 2280 2275
f 581 2316 2311
f 549 2172 2167
f 477 2157 2146
f 445 2011 2002
f 503 2209 2200
f 525 1923 1915
f 474 2134 2127
f 438 1972 1965
f 495 1995 1987
f 532 2226 2221
f 552 2303 2294
f 490 2175 2164
f 577 2154 2149
f 559 2013 2005
f 517 2211 2203
f 430 1921 1912
f 590 1865 1870
f 584 1811 1816
f 585 1796 1800
f 592 1832 1836
f 595 1850 1854
f 598 1888 1890
f 636 2194 2196
f 621 2322 2320
f 642 2286 2284
f 601 1908 1906
f 623 2099 2104
f 611 2045 2047
f 609 1962 1958
f 625 2068 2070
f 628 2084 2088
f 632 2140 2142
f 613 1976 1980
f 616 1998 1994
f 638 2232 2230
f 606 2299 2297
f 407 2330 2329
f 403 2324 2323
f 404 2325 2326
f 410 2332 2333
f 413 2335 2336
f 422 2344 2345
f 486 2410 2409
f 573 2497 2496
f 561 2486 2485
f 512 2434 2435
f 452 2375 2374
f 448 2369 2368
f 449 2370 2371
f 455 2377 2378
f 458 2380 2381
f 470 2393 2392
f 437 2359 2360
f 494 2415 2416
f 531 2455 2456
f 539 2461 2460
f 568 2489 2488
f 478 2399 2398
f 419 2341 2340
f 509 2431 2430
f 554 2476 2475
f 482 2405 2404
f 576 2500 2501
f 558 2481 2482
f 516 2439 2440
f 425 2348 2347
f 542 2465 2464
f 463 2383 2384
f 434 2356 2355
f 497 2420 2419
f 528 2452 2451
f 546 2471 2470
f 464 2386 2385
f 440 2363 2362
f 500 2422 2423
f 524 2445 2446
f 479 2400 2401
f 418 2338 2339
f 508 2428 2429
f 553 2473 2474
f 569 2490 2491
f 538 2458 2459
f 471 2394 2395
f 443 2366 2365
f 501 2425 2424
f 523 2444 2443
f 467 2389 2390
f 433 2353 2354
f 493 2414 2413
f 527 2449 2450
f 543 2466 2467
f 485 2407 2408
f 572 2494 2495
f 557 2480 2479
f 515 2438 2437
f 428 2351 2350
f 591 2510 2511
f 587 2504 2505
f 588 2508 2507
f 594 2514 2513
f 597 2517 2516
f 600 2520 2519
f 634 2554 2556
f 619 2539 2540
f 639 2560 2561
f 602 2523 2521
f 624 2543 2544
f 608 2527 2529
f 610 2532 2530
f 627 2547 2546
f 630 2550 2549
f 635 2552 2553
f 615 2535 2534
f 617 2538 2536
f 637 2558 2557
f 604 2524 2525
f 167 1607 647
f 164 1603 644
f 163 1604 643
f 165 1610 645
f 166 1613 646
f 169 1622 649
f 192 1686 672
f 222 1773 702
f 216 1761 696
f 199 1712 679
f 182 1652 662
f 179 1648 659
f 178 1649 658
f 180 1655 660
f 181 1658 661
f 186 1670 666
f 174 1637 654
f 193 1694 673
f 205 1731 685
f 212 1739 692
f 221 1768 701
f 189 1678 669
f 170 1619 650
f 202 1709 682
f 217 1754 697
f 191 1682 671
f 220 1776 700
f 214 1758 694
f 200 1716 680
f 171 1625 651
f 210 1742 690
f 183 1663 663
f 175 1634 655
f 196 1697 676
f 207 1728 687
f 211 1746 691
f 187 1664 667
f 176 1640 656
f 195 1700 675
f 203 1724 683
f 188 1679 668
f 168 1618 648
f 198 1708 678
f 213 1753 693
f 218 1769 698
f 208 1738 688
f 185 1671 665
f 177 1643 657
f 197 1701 677
f 206 1723 686
f 184 1667 664
f 173 1633 653
f 194 1693 674
f 204 1727 684
f 209 1743 689
f 190 1685 670
f 219 1772 699
f 215 1757 695
f 201 1715 681
f 172 1628 652
f 357 2187 837
f 255 1881 735
f 262 1899 742
f 388 2277 868
f 400 2313 880
f 352 2169 832
f 347 2156 827
f 298 2010 778
f 364 2208 844
f 269 1917 749
f 339 2133 819
f 285 1971 765
f 293 1989 773
f 370 2223 850
f 396 2300 876
f 353 2174 833
f 346 2151 826
f 299 2007 779
f 365 2205 845
f 268 1920 748
f 249 1855 729
f 231 1801 711
f 226 1784 706
f 238 1820 718
f 244 1838 724
f 257 1874 737
f 359 2180 839
f 402 2310 882
f 390 2274 870
f 264 1896 744
f 327 2089 807
f 309 2035 789
f 282 1950 762
f 317 2054 797
f 322 2072 802
f 341 2126 821
f 286 1964 766
f 294 1986 774
f 372 2220 852
f 394 2291 874
f 358 2183 838
f 256 1877 736
f 261 1891 741
f 387 2269 867
f 399 2305 879
f 351 2161 831
f 348 2148 828
f 300 2004 780
f 366 2202 846
f 267 1909 747
f 340 2129 820
f 287 1967 767
f 291 1981 771
f 369 2215 849
f 395 2288 875
f 354 2166 834
f 345 2143 825
f 297 1999 777
f 363 2197 843
f 270 1914 750
f 234 1806 714
f 227 1787 707
f 239 1823 719
f 245 1841 725
f 252 1860 732
f 275 1931 755
f 334 2108 814
f 304 2018 784
f 377 2234 857
f 382 2255 862
f 312 2040 792
f 279 1945 759
f 316 2057 796
f 323 2075 803
f 330 2094 810
f 335 2111 815
f 305 2021 785
f 376 2237 856
f 383 2252 863
f 274 1928 754
f 232 1812 712
f 225 1791 705
f 237 1827 717
f 243 1845 723
f 250 1866 730
f 273 1935 753
f 336 2118 816
f 306 2028 786
f 378 2246 858
f 381 2259 861
f 311 2048 791
f 281 1953 761
f 315 2061 795
f 321 2079 801
f 328 2100 808
f 333 2115 813
f 303 2025 783
f 375 2241 855
f 384 2264 864
f 276 1938 756
f 229 1802 709
f 223 1783 703
f 235 1819 715
f 241 1837 721
f 247 1856 727
f 271 1927 751
f 332 2112 812
f 302 2022 782
f 374 2238 854
f 379 2251 859
f 307 2036 787
f 278 1949 758
f 313 2053 793
f 319 2071 799
f 325 2090 805
f 331 2107 811
f 301 2017 781
f 373 2233 853
f 380 2256 860
f 272 1932 752
f 248 1859 728
f 230 1805 710
f 224 1788 704
f 236 1824 716
f 242 1842 722
f 254 1878 734
f 356 2184 836
f 397 2306 877
f 385 2270 865
f 259 1892 739
f 326 2093 806
f 308 2039 788
f 277 1946 757
f 314 2058 794
f 320 2076 800
f 338 2130 818
f 284 1968 764
f 289 1982 769
f 367 2216 847
f 391 2287 871
f 355 2179 835
f 253 1873 733
f 260 1895 740
f 386 2273 866
f 398 2309 878
f 350 2165 830
f 343 2144 823
f 295 2000 775
f 361 2198 841
f 266 1913 746
f 337 2125 817
f 283 1963 763
f 290 1985 770
f 368 2219 848
f 392 2292 872
f 349 2162 829
f 344 2147 824
f 296 2003 776
f 362 2201 842
f 265 1910 745
f 251 1863 731
f 233 1809 713
f 228 1794 708
f 240 1830 720
f 246 1848 726
f 258 1886 738
f 360 2192 840
f 401 2318 881
f 389 2282 869
f 263 1904 743
f 329 2097 809
f 310 2043 790
f 280 1956 760
f 318 2066 798
f 324 2082 804
f 342 2138 822
f 288 1974 768
f 292 1992 772
f 371 2228 851
f 393 2295 873
f 409 2331 1269
f 405 2327 1245
f 411 2328 1252
f 414 2334 1288
f 417 2337 1306
f 431 2346 1336
f 488 2412 1551
f 575 2499 1473
f 563 2487 1599
f 519 2436 1354
f 454 2376 1479
f 450 2372 1401
f 456 2373 1408
f 459 2379 1492
f 462 2382 1504
f 472 2396 1533
f 446 2361 1414
f 506 2418 1444
f 535 2457 1594
f 541 2463 1383
f 570 2492 1323
f 480 2402 1275
f 421 2343 1263
f 511 2433 1299
f 556 2478 1317
f 484 2406 1341
f 580 2502 1564
f 567 2484 1462
f 522 2442 1588
f 427 2349 1347
f 544 2468 1521
f 468 2387 1420
f 436 2358 1395
f 499 2421 1497
f 530 2454 1515
f 548 2472 1557
f 466 2388 1425
f 442 2364 1431
f 505 2426 1570
f 536 2448 1372
f 491 2403 1282
f 423 2342 1258
f 513 2432 1294
f 564 2477 1312
f 581 2493 1330
f 549 2462 1378
f 477 2397 1540
f 445 2367 1449
f 503 2427 1575
f 525 2447 1365
f 474 2391 1486
f 438 2357 1390
f 495 2417 1437
f 532 2453 1510
f 552 2469 1528
f 490 2411 1546
f 577 2498 1468
f 559 2483 1455
f 517 2441 1581
f 430 2352 1359
f 590 2509 1272
f 584 2503 1248
f 585 2506 1253
f 592 2512 1289
f 595 2515 1307
f 598 2518 1337
f 636 2555 1554
f 621 2541 1476
f 642 2562 1602
f 601 2522 1355
f 623 2542 1482
f 611 2528 1404
f 609 2531 1409
f 625 2545 1493
f 628 2548 1505
f 632 2551 1536
f 613 2533 1415
f 616 2537 1445
f 638 2559 1595
f 606 2526 1386
f 407 1616 909
f 403 1608 891
f 404 1606 886
f 410 1612 898
f 413 1615 904
f 422 1624 922
f 486 1692 1060
f 573 1782 1240
f 561 1765 1204
f 512 1714 1102
f 452 1661 999
f 448 1653 981
f 449 1651 976
f 455 1657 988
f 458 1660 994
f 470 1675 1024
f 437 1639 952
f 494 1696 1066
f 531 1733 1138
f 539 1751 1179
f 568 1779 1233
f 478 1683 1041
f 419 1626 927
f 509 1721 1119
f 554 1766 1209
f 482 1689 1053
f 576 1778 1228
f 558 1760 1192
f 516 1718 1108
f 425 1629 933
f 542 1747 1167
f 463 1665 1005
f 434 1641 957
f 497 1704 1083
f 528 1737 1150
f 546 1750 1174
f 464 1676 1029
f 440 1644 963
f 500 1702 1077
f 524 1726 1126
f 479 1681 1036
f 418 1620 915
f 508 1710 1095
f 553 1755 1185
f 569 1771 1216
f 538 1740 1155
f 471 1673 1018
f 443 1647 970
f 501 1707 1090
f 523 1734 1143
f 467 1669 1012
f 433 1635 945
f 493 1698 1071
f 527 1729 1131
f 543 1745 1162
f 485 1687 1047
f 572 1774 1221
f 557 1762 1197
f 515 1720 1114
f 428 1632 940
f 591 2189 1284
f 587 1883 1260
f 588 1903 1296
f 594 2281 1314
f 597 2317 1332
f 600 2173 1380
f 634 2158 1542
f 619 2012 1451
f 639 2210 1577
f 602 1924 1367
f 624 2135 1488
f 608 1973 1392
f 610 1996 1439
f 627 2227 1512
f 630 2304 1530
f 635 2176 1548
f 615 2155 1470
f 617 2014 1457
f 637 2212 1583
f 604 1922 1361
f 416 1864 1270
f 408 1810 1246
f 406 1795 1251
f 412 1831 1287
f 415 1849 1305
f 424 1887 1335
f 492 2193 1552
f 582 2321 1474
f 565 2285 1600
f 514 1907 1353
f 461 2098 1480
f 453 2044 1402
f 451 1961 1407
f 457 2067 1491
f 460 2083 1503
f 475 2139 1534
f 439 1975 1413
f 496 1997 1443
f 533 2231 1593
f 551 2298 1384
f 579 2190 1324
f 483 1884 1276
f 426 1900 1264
f 521 2278 1300
f 566 2314 1318
f 489 2170 1342
f 578 2159 1563
f 560 2015 1461
f 518 2213 1587
f 429 1918 1348
f 547 2136 1522
f 465 1977 1419
f 441 1990 1396
f 504 2224 1498
f 537 2301 1516
f 550 2177 1558
f 476 2152 1426
f 444 2008 1432
f 502 2206 1569
f 526 1925 1371
f 481 1817 1281
f 420 1797 1257
f 510 1833 1293
f 555 1851 1311
f 571 1871 1329
f 540 1941 1377
f 473 2119 1539
f 447 2029 1450
f 507 2247 1576
f 534 2262 1366
f 469 2051 1485
f 435 1954 1389
f 498 2064 1438
f 529 2085 1509
f 545 2105 1527
f 487 2121 1545
f 574 2031 1467
f 562 2244 1456
f 520 2265 1582
f 432 1939 1360
f 589 1814 1271
f 583 1793 1247
f 586 1829 1254
f 593 1847 1290
f 596 1868 1308
f 599 1937 1338
f 633 2124 1553
f 620 2034 1475
f 640 2250 1601
f 603 2261 1356
f 622 2050 1481
f 607 1960 1403
f 612 2063 1410
f 626 2081 1494
f 629 2102 1506
f 631 2117 1535
f 614 2027 1416
f 618 2243 1446
f 641 2268 1596
f 605 1944 1385
f 409 1804 894
f 405 1785 887
f 411 1821 899
f 414 1839 905
f 417 1858 912
f 431 1929 941
f 488 2114 1050
f 575 2024 1224
f 563 2240 1200
f 519 2253 1115
f 454 2038 984
f 450 1951 977
f 456 2055 989
f 459 2073 995
f 462 2092 1002
f 472 2109 1019
f 446 2019 971
f 506 2235 1091
f 535 2258 1146
f 541 1934 1158
f 570 1861 1217
f 480 1807 1037
f 421 1790 918
f 511 1826 1098
f 556 1844 1188
f 484 1880 1044
f 580 2186 1236
f 567 2308 1212
f 522 2272 1122
f 427 1894 930
f 544 2095 1163
f 468 2041 1013
f 436 1948 948
f 499 2060 1074
f 530 2078 1134
f 548 2132 1170
f 466 1970 1008
f 442 1984 960
f 505 2218 1086
f 536 2289 1151
f 491 2181 1061
f 423 1875 923
f 513 1897 1103
f 564 2275 1205
f 581 2311 1241
f 549 2167 1175
f 477 2146 1032
f 445 2002 966
f 503 2200 1080
f 525 1915 1127
f 474 2127 1025
f 438 1965 953
f 495 1987 1067
f 532 2221 1139
f 552 2294 1182
f 490 2164 1056
f 577 2149 1229
f 559 2005 1193
f 517 2203 1109
f 430 1912 936
f 590 1870 1325
f 584 1816 1277
f 585 1800 1265
f 592 1836 1301
f 595 1854 1319
f 598 1890 1343
f 636 2196 1566
f 621 2320 1464
f 642 2284 1590
f 601 1906 1349
f 623 2104 1523
f 611 2047 1422
f 609 1958 1397
f 625 2070 1499
f 628 2088 1517
f 632 2142 1559
f 613 1980 1427
f 616 1994 1433
f 638 2230 1572
f 606 2297 1374
f 407 2329 892
f 403 2323 885
f 404 2326 897
f 410 2333 903
f 413 2336 910
f 422 2345 939
f 486 2409 1048
f 573 2496 1222
f 561 2485 1198
f 512 2435 1113
f 452 2374 982
f 448 2368 975
f 449 2371 987
f 455 2378 993
f 458 2381 1000
f 470 2392 1017
f 437 2360 969
f 494 2416 1089
f 531 2456 1144
f 539 2460 1156
f 568 2488 1215
f 478 2398 1035
f 419 2340 916
f 509 2430 1096
f 554 2475 1186
f 482 2404 1042
f 576 2501 1234
f 558 2482 1210
f 516 2440 1120
f 425 2347 928
f 542 2464 1161
f 463 2384 1011
f 434 2355 946
f 497 2419 1072
f 528 2451 1132
f 546 2470 1168
f 464 2385 1006
f 440 2362 958
f 500 2423 1084
f 524 2446 1149
f 479 2401 1059
f 418 2339 921
f 508 2429 1101
f 553 2474 1203
f 569 2491 1239
f 538 2459 1173
f 471 2395 1030
f 443 2365 964
f 501 2424 1078
f 523 2443 1125
f 467 2390 1023
f 433 2354 951
f 493 2413 1065
f 527 2450 1137
f 543 2467 1180
f 485 2408 1054
f 572 2495 1227
f 557 2479 1191
f 515 2437 1107
f 428 2350 934
f 591 2511 1326
f 587 2505 1278
f 588 2507 1266
f 594 2513 1302
f 597 2516 1320
f 600 2519 1344
f 634 2556 1565
f 619 2540 1463
f 639 2561 1589
f 602 2521 1350
f 624 2544 1524
f 608 2529 1421
f 610 2530 1398
f 627 2546 1500
f 630 2549 1518
f 635 2553 1560
f 615 2534 1428
f 617 2536 1434
f 637 2557 1571
f 604 2525 1373
f 164 1609 889
f 163 1605 883
f 165 1611 895
f 166 1614 901
f 167 1617 907
f 172 1631 937
f 190 1688 1045
f 219 1775 1219
f 215 1763 1195
f 201 1719 1111
f 179 1654 979
f 178 1650 973
f 180 1656 985
f 181 1659 991
f 182 1662 997
f 185 1672 1015
f 177 1646 967
f 197 1706 1087
f 206 1735 1141
f 208 1741 1153
f 218 1770 1213
f 188 1680 1033
f 168 1621 913
f 198 1711 1093
f 213 1756 1183
f 189 1684 1039
f 221 1780 1231
f 217 1767 1207
f 202 1722 1117
f 170 1627 925
f 209 1744 1159
f 184 1668 1009
f 173 1636 943
f 194 1699 1069
f 204 1730 1129
f 210 1748 1165
f 183 1666 1003
f 175 1642 955
f 196 1705 1081
f 207 1736 1147
f 192 1691 1057
f 169 1623 919
f 199 1713 1099
f 216 1764 1201
f 222 1781 1237
f 211 1749 1171
f 187 1677 1027
f 176 1645 961
f 195 1703 1075
f 203 1725 1123
f 186 1674 1021
f 174 1638 949
f 193 1695 1063
f 205 1732 1135
f 212 1752 1177
f 191 1690 1051
f 220 1777 1225
f 214 1759 1189
f 200 1717 1105
f 171 1630 931
f 358 2191 1322
f 256 1885 1274
f 261 1901 1262
f 387 2279 1298
f 399 2315 1316
f 351 2171 1340
f 348 2160 1561
f 300 2016 1459
f 366 2214 1585
f 267 1919 1346
f 340 2137 1520
f 287 1978 1417
f 291 1991 1394
f 369 2225 1496
f 395 2302 1514
f 354 2178 1556
f 345 2153 1424
f 297 2009 1430
f 363 2207 1567
f 270 1926 1369
f 247 1857 908
f 229 1803 890
f 223 1786 884
f 235 1822 896
f 241 1840 902
f 253 1876 920
f 355 2182 1058
f 398 2312 1238
f 386 2276 1202
f 260 1898 1100
f 325 2091 998
f 307 2037 980
f 278 1952 974
f 313 2056 986
f 319 2074 992
f 337 2128 1022
f 283 1966 950
f 290 1988 1064
f 368 2222 1136
f 392 2293 1178
f 356 2185 1232
f 254 1879 1040
f 259 1893 926
f 385 2271 1118
f 397 2307 1208
f 349 2163 1052
f 344 2150 1226
f 296 2006 1190
f 362 2204 1106
f 265 1911 932
f 338 2131 1166
f 284 1969 1004
f 289 1983 956
f 367 2217 1082
f 391 2290 1148
f 350 2168 1172
f 343 2145 1028
f 295 2001 962
f 361 2199 1076
f 266 1916 1124
f 230 1808 1034
f 224 1789 914
f 236 1825 1094
f 242 1843 1184
f 248 1862 1214
f 272 1933 1154
f 331 2110 1016
f 301 2020 968
f 373 2236 1088
f 380 2257 1142
f 308 2042 1010
f 277 1947 944
f 314 2059 1070
f 320 2077 1130
f 326 2096 1160
f 332 2113 1046
f 302 2023 1220
f 374 2239 1196
f 379 2254 1112
f 271 1930 938
f 234 1818 1279
f 227 1798 1255
f 239 1834 1291
f 245 1852 1309
f 252 1872 1327
f 275 1942 1375
f 334 2120 1537
f 304 2030 1448
f 377 2248 1574
f 382 2263 1364
f 312 2052 1483
f 279 1955 1387
f 316 2065 1436
f 323 2086 1507
f 330 2106 1525
f 335 2122 1543
f 305 2032 1465
f 376 2245 1454
f 383 2266 1580
f 274 1940 1358
f 232 1813 1267
f 225 1792 1243
f 237 1828 1250
f 243 1846 1286
f 250 1867 1304
f 273 1936 1334
f 336 2123 1549
f 306 2033 1471
f 378 2249 1597
f 381 2260 1352
f 311 2049 1477
f 281 1959 1399
f 315 2062 1406
f 321 2080 1490
f 328 2101 1502
f 333 2116 1531
f 303 2026 1412
f 375 2242 1442
f 384 2267 1592
f 276 1943 1381
f 251 1869 1321
f 233 1815 1273
f 228 1799 1261
f 240 1835 1297
f 246 1853 1315
f 258 1889 1339
f 360 2195 1562
f 401 2319 1460
f 389 2283 1586
f 263 1905 1345
f 329 2103 1519
f 310 2046 1418
f 280 1957 1393
f 318 2069 1495
f 324 2087 1513
f 342 2141 1555
f 288 1979 1423
f 292 1993 1429
f 371 2229 1568
f 393 2296 1370
f 357 2188 1280
f 255 1882 1256
f 262 1902 1292
f 388 2280 1310
f 400 2316 1328
f 352 2172 1376
f 347 2157 1538
f 298 2011 1447
f 364 2209 1573
f 269 1923 1363
f 339 2134 1484
f 285 1972 1388
f 293 1995 1435
f 370 2226 1508
f 396 2303 1526
f 353 2175 1544
f 346 2154 1466
f 299 2013 1453
f 365 2211 1579
f 268 1921 1357
f 249 1865 1268
f 231 1811 1244
f 226 1796 1249
f 238 1832 1285
f 244 1850 1303
f 257 1888 1333
f 359 2194 1550
f 402 2322 1472
f 390 2286 1598
f 264 1908 1351
f 327 2099 1478
f 309 2045 1400
f 282 1962 1405
f 317 2068 1489
f 322 2084 1501
f 341 2140 1532
f 286 1976 1411
f 294 1998 1441
f 372 2232 1591
f 394 2299 1382
f 416 2330 911
f 408 2324 893
f 406 2325 888
f 412 2332 900
f 415 2335 906
f 424 2344 924
f 492 2410 1062
f 582 2497 1242
f 565 2486 1206
f 514 2434 1104
f 461 2375 1001
f 453 2369 983
f 451 2370 978
f 457 2377 990
f 460 2380 996
f 475 2393 1026
f 439 2359 954
f 496 2415 1068
f 533 2455 1140
f 551 2461 1181
f 579 2489 1235
f 483 2399 1043
f 426 2341 929
f 521 2431 1121
f 566 2476 1211
f 489 2405 1055
f 578 2500 1230
f 560 2481 1194
f 518 2439 1110
f 429 2348 935
f 547 2465 1169
f 465 2383 1007
f 441 2356 959
f 504 2420 1085
f 537 2452 1152
f 550 2471 1176
f 476 2386 1031
f 444 2363 965
f 502 2422 1079
f 526 2445 1128
f 481 2400 1038
f 420 2338 917
f 510 2428 1097
f 555 2473 1187
f 571 2490 1218
f 540 2458 1157
f 473 2394 1020
f 447 2366 972
f 507 2425 1092
f 534 2444 1145
f 469 2389 1014
f 435 2353 947
f 498 2414 1073
f 529 2449 1133
f 545 2466 1164
f 487 2407 1049
f 574 2494 1223
f 562 2480 1199
f 520 2438 1116
f 432 2351 942
f 589 2510 1283
f 583 2504 1259
f 586 2508 1295
f 593 2514 1313
f 596 2517 1331
f 599 2520 1379
f 633 2554 1541
f 620 2539 1452
f 640 2560 1578
f 603 2523 1368
f 622 2543 1487
f 607 2527 1391
f 612 2532 1440
f 626 2547 1511
f 629 2550 1529
f 631 2552 1547
f 614 2535 1469
f 618 2538 1458
f 641 2558 1584
f 605 2524 1362
f 164 1607 1609
f 163 1603 1605
f 165 1604 1611
f 166 1610 1614
f 167 1613 1617
f 172 1622 1631
f 190 1686 1688
f 219 1773 1775
f 215 1761 1763
f 201 1712 1719
f 179 1652 1654
f 178 1648 1650
f 180 1649 1656
f 181 1655 1659
f 182 1658 1662
f 185 1670 1672
f 177 1637 1646
f 197 1694 1706
f 206 1731 1735
f 208 1739 1741
f 218 1768 1770
f 188 1678 1680
f 168 1619 1621
f 198 1709 1711
f 213 1754 1756
f 189 1682 1684
f 221 1776 1780
f 217 1758 1767
f 202 1716 1722
f 170 1625 1627
f 209 1742 1744
f 184 1663 1668
f 173 1634 1636
f 194 1697 1699
f 204 1728 1730
f 210 1746 1748
f 183 1664 1666
f 175 1640 1642
f 196 1700 1705
f 207 1724 1736
f 192 1679 1691
f 169 1618 1623
f 199 1708 1713
f 216 1753 1764
f 222 1769 1781
f 211 1738 1749
f 187 1671 1677
f 176 1643 1645
f 195 1701 1703
f 203 1723 1725
f 186 1667 1674
f 174 1633 1638
f 193 1693 1695
f 205 1727 1732
f 212 1743 1752
f 191 1685 1690
f 220 1772 1777
f 214 1757 1759
f 200 1715 1717
f 171 1628 1630
f 358 2187 2191
f 256 1881 1885
f 261 1899 1901
f 387 2277 2279
f 399 2313 2315
f 351 2169 2171
f 348 2156 2160
f 300 2010 2016
f 366 2208 2214
f 267 1917 1919
f 340 2133 2137
f 287 1971 1978
f 291 1989 1991
f 369 2223 2225
f 395 2300 2302
f 354 2174 2178
f 345 2151 2153
f 297 2007 2009
f 363 2205 2207
f 270 1920 1926
f 247 1855 1857
f 229 1801 1803
f 223 1784 1786
f 235 1820 1822
f 241 1838 1840
f 253 1874 1876
f 355 2180 2182
f 398 2310 2312
f 386 2274 2276
f 260 1896 1898
f 325 2089 2091
f 307 2035 2037
f 278 1950 1952
f 313 2054 2056
f 319 2072 2074
f 337 2126 2128
f 283 1964 1966
f 290 1986 1988
f 368 2220 2222
f 392 2291 2293
f 356 2183 2185
f 254 1877 1879
f 259 1891 1893
f 385 2269 2271
f 397 2305 2307
f 349 2161 2163
f 344 2148 2150
f 296 2004 2006
f 362 2202 2204
f 265 1909 1911
f 338 2129 2131
f 284 1967 1969
f 289 1981 1983
f 367 2215 2217
f 391 2288 2290
f 350 2166 2168
f 343 2143 2145
f 295 1999 2001
f 361 2197 2199
f 266 1914 1916
f 230 1806 1808
f 224 1787 1789
f 236 1823 1825
f 242 1841 1843
f 248 1860 1862
f 272 1931 1933
f 331 2108 2110
f 301 2018 2020
f 373 2234 2236
f 380 2255 2257
f 308 2040 2042
f 277 1945 1947
f 314 2057 2059
f 320 2075 2077
f 326 2094 2096
f 332 2111 2113
f 302 2021 2023
f 374 2237 2239
f 379 2252 2254
f 271 1928 1930
f 234 1812 1818
f 227 1791 1798
f 239 1827 1834
f 245 1845 1852
f 252 1866 1872
f 275 1935 1942
f 334 2118 2120
f 304 2028 2030
f 377 2246 2248
f 382 2259 2263
f 312 2048 2052
f 279 1953 1955
f 316 2061 2065
f 323 2079 2086
f 330 2100 2106
f 335 2115 2122
f 305 2025 2032
f 376 2241 2245
f 383 2264 2266
f 274 1938 1940
f 232 1802 1813
f 225 1783 1792
f 237 1819 1828
f 243 1837 1846
f 250 1856 1867
f 273 1927 1936
f 336 2112 2123
f 306 2022 2033
f 378 2238 2249
f 381 2251 2260
f 311 2036 2049
f 281 1949 1959
f 315 2053 2062
f 321 2071 2080
f 328 2090 2101
f 333 2107 2116
f 303 2017 2026
f 375 2233 2242
f 384 2256 2267
f 276 1932 1943
f 251 1859 1869
f 233 1805 1815
f 228 1788 1799
f 240 1824 1835
f 246 1842 1853
f 258 1878 1889
f 360 2184 2195
f 401 2306 2319
f 389 2270 2283
f 263 1892 1905
f 329 2093 2103
f 310 2039 2046
f 280 1946 1957
f 318 2058 2069
f 324 2076 2087
f 342 2130 2141
f 288 1968 1979
f 292 1982 1993
f 371 2216 2229
f 393 2287 2296
f 357 2179 2188
f 255 1873 1882
f 262 1895 1902
f 388 2273 2280
f 400 2309 2316
f 352 2165 2172
f 347 2144 2157
f 298 2000 2011
f 364 2198 2209
f 269 1913 1923
f 339 2125 2134
f 285 1963 1972
f 293 1985 1995
f 370 2219 2226
f 396 2292 2303
f 353 2162 2175
f 346 2147 2154
f 299 2003 2013
f 365 2201 2211
f 268 1910 1921
f 249 1863 1865
f 231 1809 1811
f 226 1794 1796
f 238 1830 1832
f 244 1848 1850
f 257 1886 1888
f 359 2192 2194
f 402 2318 2322
f 390 2282 2286
f 264 1904 1908
f 327 2097 2099
f 309 2043 2045
f 282 1956 1962
f 317 2066 2068
f 322 2082 2084
f 341 2138 2140
f 286 1974 1976
f 294 1992 1998
f 372 2228 2232
f 394 2295 2299
f 416 2331 2330
f 408 2327 2324
f 406 2328 2325
f 412 2334 2332
f 415 2337 2335
f 424 2346 2344
f 492 2412 2410
f 582 2499 2497
f 565 2487 2486
f 514 2436 2434
f 461 2376 2375
f 453 2372 2369
f 451 2373 2370
f 457 2379 2377
f 460 2382 2380
f 475 2396 2393
f 439 2361 2359
f 496 2418 2415
f 533 2457 2455
f 551 2463 2461
f 579 2492 2489
f 483 2402 2399
f 426 2343 2341
f 521 2433 2431
f 566 2478 2476
f 489 2406 2405
f 578 2502 2500
f 560 2484 2481
f 518 2442 2439
f 429 2349 2348
f 547 2468 2465
f 465 2387 2383
f 441 2358 2356
f 504 2421 2420
f 537 2454 2452
f 550 2472 2471
f 476 2388 2386
f 444 2364 2363
f 502 2426 2422
f 526 2448 2445
f 481 2403 2400
f 420 2342 2338
f 510 2432 2428
f 555 2477 2473
f 571 2493 2490
f 540 2462 2458
f 473 2397 2394
f 447 2367 2366
f 507 2427 2425
f 534 2447 2444
f 469 2391 2389
f 435 2357 2353
f 498 2417 2414
f 529 2453 2449
f 545 2469 2466
f 487 2411 2407
f 574 2498 2494
f 562 2483 2480
f 520 2441 2438
f 432 2352 2351
f 589 2509 2510
f 583 2503 2504
f 586 2506 2508
f 593 2512 2514
f 596 2515 2517
f 599 2518 2520
f 633 2555 2554
f 620 2541 2539
f 640 2562 2560
f 603 2522 2523
f 622 2542 2543
f 607 2528 2527
f 612 2531 2532
f 626 2545 2547
f 629 2548 2550
f 631 2551 2552
f 614 2533 2535
f 618 2537 2538
f 641 2559 2558
f 605 2526 2524
f 164 644 1607
f 163 643 1603
f 165 645 1604
f 166 646 1610
f 167 647 1613
f 172 652 1622
f 190 670 1686
f 219 699 1773
f 215 695 1761
f 201 681 1712
f 179 659 1652
f 178 658 1648
f 180 660 1649
f 181 661 1655
f 182 662 1658
f 185 665 1670
f 177 657 1637
f 197 677 1694
f 206 686 1731
f 208 688 1739
f 218 698 1768
f 188 668 1678
f 168 648 1619
f 198 678 1709
f 213 693 1754
f 189 669 1682
f 221 701 1776
f 217 697 1758
f 202 682 1716
f 170 650 1625
f 209 689 1742
f 184 664 1663
f 173 653 1634
f 194 674 1697
f 204 684 1728
f 210 690 1746
f 183 663 1664
f 175 655 1640
f 196 676 1700
f 207 687 1724
f 192 672 1679
f 169 649 1618
f 199 679 1708
f 216 696 1753
f 222 702 1769
f 211 691 1738
f 187 667 1671
f 176 656 1643
f 195 675 1701
f 203 683 1723
f 186 666 1667
f 174 654 1633
f 193 673 1693
f 205 685 1727
f 212 692 1743
f 191 671 1685
f 220 700 1772
f 214 694 1757
f 200 680 1715
f 171 651 1628
f 358 838 2187
f 256 736 1881
f 261 741 1899
f 387 867 2277
f 399 879 2313
f 351 831 2169
f 348 828 2156
f 300 780 2010
f 366 846 2208
f 267 747 1917
f 340 820 2133
f 287 767 1971
f 291 771 1989
f 369 849 2223
f 395 875 2300
f 354 834 2174
f 345 825 2151
f 297 777 2007
f 363 843 2205
f 270 750 1920
f 247 727 1855
f 229 709 1801
f 223 703 1784
f 235 715 1820
f 241 721 1838
f 253 733 1874
f 355 835 2180
f 398 878 2310
f 386 866 2274
f 260 740 1896
f 325 805 2089
f 307 787 2035
f 278 758 1950
f 313 793 2054
f 319 799 2072
f 337 817 2126
f 283 763 1964
f 290 770 1986
f 368 848 2220
f 392 872 2291
f 356 836 2183
f 254 734 1877
f 259 739 1891
f 385 865 2269
f 397 877 2305
f 349 829 2161
f 344 824 2148
f 296 776 2004
f 362 842 2202
f 265 745 1909
f 338 818 2129
f 284 764 1967
f 289 769 1981
f 367 847 2215
f 391 871 2288
f 350 830 2166
f 343 823 2143
f 295 775 1999
f 361 841 2197
f 266 746 1914
f 230 710 1806
f 224 704 1787
f 236 716 1823
f 242 722 1841
f 248 728 1860
f 272 752 1931
f 331 811 2108
f 301 781 2018
f 373 853 2234
f 380 860 2255
f 308 788 2040
f 277 757 1945
f 314 794 2057
f 320 800 2075
f 326 806 2094
f 332 812 2111
f 302 782 2021
f 374 854 2237
f 379 859 2252
f 271 751 1928
f 234 714 1812
f 227 707 1791
f 239 719 1827
f 245 725 1845
f 252 732 1866
f 275 755 1935
f 334 814 2118
f 304 784 2028
f 377 857 2246
f 382 862 2259
f 312 792 2048
f 279 759 1953
f 316 796 2061
f 323 803 2079
f 330 810 2100
f 335 815 2115
f 305 785 2025
f 376 856 2241
f 383 863 2264
f 274 754 1938
f 232 712 1802
f 225 705 1783
f 237 717 1819
f 243 723 1837
f 250 730 1856
f 273 753 1927
f 336 816 2112
f 306 786 2022
f 378 858 2238
f 381 861 2251
f 311 791 2036
f 281 761 1949
f 315 795 2053
f 321 801 2071
f 328 808 2090
f 333 813 2107
f 303 783 2017
f 375 855 2233
f 384 864 2256
f 276 756 1932
f 251 731 1859
f 233 713 1805
f 228 708 1788
f 240 720 1824
f 246 726 1842
f 258 738 1878
f 360 840 2184
f 401 881 2306
f 389 869 2270
f 263 743 1892
f 329 809 2093
f 310 790 2039
f 280 760 1946
f 318 798 2058
f 324 804 2076
f 342 822 2130
f 288 768 1968
f 292 772 1982
f 371 851 2216
f 393 873 2287
f 357 837 2179
f 255 735 1873
f 262 742 1895
f 388 868 2273
f 400 880 2309
f 352 832 2165
f 347 827 2144
f 298 778 2000
f 364 844 2198
f 269 749 1913
f 339 819 2125
f 285 765 1963
f 293 773 1985
f 370 850 2219
f 396 876 2292
f 353 833 2162
f 346 826 2147
f 299 779 2003
f 365 845 2201
f 268 748 1910
f 249 729 1863
f 231 711 1809
f 226 706 1794
f 238 718 1830
f 244 724 1848
f 257 737 1886
f 359 839 2192
f 402 882 2318
f 390 870 2282
f 264 744 1904
f 327 807 2097
f 309 789 2043
f 282 762 1956
f 317 797 2066
f 322 802 2082
f 341 821 2138
f 286 766 1974
f 294 774 1992
f 372 852 2228
f 394 874 2295
f 416 1270 2331
f 408 1246 2327
f 406 1251 2328
f 412 1287 2334
f 415 1305 2337
f 424 1335 2346
f 492 1552 2412
f 582 1474 2499
f 565 1600 2487
f 514 1353 2436
f 461 1480 2376
f 453 1402 2372
f 451 1407 2373
f 457 1491 2379
f 460 1503 2382
f 475 1534 2396
f 439 1413 2361
f 496 1443 2418
f 533 1593 2457
f 551 1384 2463
f 579 1324 2492
f 483 1276 2402
f 426 1264 2343
f 521 1300 2433
f 566 1318 2478
f 489 1342 2406
f 578 1563 2502
f 560 1461 2484
f 518 1587 2442
f 429 1348 2349
f 547 1522 2468
f 465 1419 2387
f 441 1396 2358
f 504 1498 2421
f 537 1516 2454
f 550 1558 2472
f 476 1426 2388
f 444 1432 2364
f 502 1569 2426
f 526 1371 2448
f 481 1281 2403
f 420 1257 2342
f 510 1293 2432
f 555 1311 2477
f 571 1329 2493
f 540 1377 2462
f 473 1539 2397
f 447 1450 2367
f 507 1576 2427
f 534 1366 2447
f 469 1485 2391
f 435 1389 2357
f 498 1438 2417
f 529 1509 2453
f 545 1527 2469
f 487 1545 2411
f 574 1467 2498
f 562 1456 2483
f 520 1582 2441
f 432 1360 2352
f 589 1271 2509
f 583 1247 2503
f 586 1254 2506
f 593 1290 2512
f 596 1308 2515
f 599 1338 2518
f 633 1553 2555
f 620 1475 2541
f 640 1601 2562
f 603 1356 2522
f 622 1481 2542
f 607 1403 2528
f 612 1410 2531
f 626 1494 2545
f 629 1506 2548
f 631 1535 2551
f 614 1416 2533
f 618 1446 2537
f 641 1596 2559
f 605 1385 2526
f 167 907 1616
f 164 889 1608
f 163 883 1606
f 165 895 1612
f 166 901 1615
f 169 919 1624
f 192 1057 1692
f 222 1237 1782
f 216 1201 1765
f 199 1099 1714
f 182 997 1661
f 179 979 1653
f 178 973 1651
f 180 985 1657
f 181 991 1660
f 186 1021 1675
f 174 949 1639
f 193 1063 1696
f 205 1135 1733
f 212 1177 1751
f 221 1231 1779
f 189 1039 1683
f 170 925 1626
f 202 1117 1721
f 217 1207 1766
f 191 1051 1689
f 220 1225 1778
f 214 1189 1760
f 200 1105 1718
f 171 931 1629
f 210 1165 1747
f 183 1003 1665
f 175 955 1641
f 196 1081 1704
f 207 1147 1737
f 211 1171 1750
f 187 1027 1676
f 176 961 1644
f 195 1075 1702
f 203 1123 1726
f 188 1033 1681
f 168 913 1620
f 198 1093 1710
f 213 1183 1755
f 218 1213 1771
f 208 1153 1740
f 185 1015 1673
f 177 967 1647
f 197 1087 1707
f 206 1141 1734
f 184 1009 1669
f 173 943 1635
f 194 1069 1698
f 204 1129 1729
f 209 1159 1745
f 190 1045 1687
f 219 1219 1774
f 215 1195 1762
f 201 1111 1720
f 172 937 1632
f 357 1280 2189
f 255 1256 1883
f 262 1292 1903
f 388 1310 2281
f 400 1328 2317
f 352 1376 2173
f 347 1538 2158
f 298 1447 2012
f 364 1573 2210
f 269 1363 1924
f 339 1484 2135
f 285 1388 1973
f 293 1435 1996
f 370 1508 2227
f 396 1526 2304
f 353 1544 2176
f 346 1466 2155
f 299 1453 2014
f 365 1579 2212
f 268 1357 1922
f 249 1268 1864
f 231 1244 1810
f 226 1249 1795
f 238 1285 1831
f 244 1303 1849
f 257 1333 1887
f 359 1550 2193
f 402 1472 2321
f 390 1598 2285
f 264 1351 1907
f 327 1478 2098
f 309 1400 2044
f 282 1405 1961
f 317 1489 2067
f 322 1501 2083
f 341 1532 2139
f 286 1411 1975
f 294 1441 1997
f 372 1591 2231
f 394 1382 2298
f 358 1322 2190
f 256 1274 1884
f 261 1262 1900
f 387 1298 2278
f 399 1316 2314
f 351 1340 2170
f 348 1561 2159
f 300 1459 2015
f 366 1585 2213
f 267 1346 1918
f 340 1520 2136
f 287 1417 1977
f 291 1394 1990
f 369 1496 2224
f 395 1514 2301
f 354 1556 2177
f 345 1424 2152
f 297 1430 2008
f 363 1567 2206
f 270 1369 1925
f 234 1279 1817
f 227 1255 1797
f 239 1291 1833
f 245 1309 1851
f 252 1327 1871
f 275 1375 1941
f 334 1537 2119
f 304 1448 2029
f 377 1574 2247
f 382 1364 2262
f 312 1483 2051
f 279 1387 1954
f 316 1436 2064
f 323 1507 2085
f 330 1525 2105
f 335 1543 2121
f 305 1465 2031
f 376 1454 2244
f 383 1580 2265
f 274 1358 1939
f 232 1267 1814
f 225 1243 1793
f 237 1250 1829
f 243 1286 1847
f 250 1304 1868
f 273 1334 1937
f 336 1549 2124
f 306 1471 2034
f 378 1597 2250
f 381 1352 2261
f 311 1477 2050
f 281 1399 1960
f 315 1406 2063
f 321 1490 2081
f 328 1502 2102
f 333 1531 2117
f 303 1412 2027
f 375 1442 2243
f 384 1592 2268
f 276 1381 1944
f 229 890 1804
f 223 884 1785
f 235 896 1821
f 241 902 1839
f 247 908 1858
f 271 938 1929
f 332 1046 2114
f 302 1220 2024
f 374 1196 2240
f 379 1112 2253
f 307 980 2038
f 278 974 1951
f 313 986 2055
f 319 992 2073
f 325 998 2092
f 331 1016 2109
f 301 968 2019
f 373 1088 2235
f 380 1142 2258
f 272 1154 1934
f 248 1214 1861
f 230 1034 1807
f 224 914 1790
f 236 1094 1826
f 242 1184 1844
f 254 1040 1880
f 356 1232 2186
f 397 1208 2308
f 385 1118 2272
f 259 926 1894
f 326 1160 2095
f 308 1010 2041
f 277 944 1948
f 314 1070 2060
f 320 1130 2078
f 338 1166 2132
f 284 1004 1970
f 289 956 1984
f 367 1082 2218
f 391 1148 2289
f 355 1058 2181
f 253 920 1875
f 260 1100 1897
f 386 1202 2275
f 398 1238 2311
f 350 1172 2167
f 343 1028 2146
f 295 962 2002
f 361 1076 2200
f 266 1124 1915
f 337 1022 2127
f 283 950 1965
f 290 1064 1987
f 368 1136 2221
f 392 1178 2294
f 349 1052 2164
f 344 1226 2149
f 296 1190 2005
f 362 1106 2203
f 265 932 1912
f 251 1321 1870
f 233 1273 1816
f 228 1261 1800
f 240 1297 1836
f 246 1315 1854
f 258 1339 1890
f 360 1562 2196
f 401 1460 2320
f 389 1586 2284
f 263 1345 1906
f 329 1519 2104
f 310 1418 2047
f 280 1393 1958
f 318 1495 2070
f 324 1513 2088
f 342 1555 2142
f 288 1423 1980
f 292 1429 1994
f 371 1568 2230
f 393 1370 2297
f 409 894 2329
f 405 887 2323
f 411 899 2326
f 414 905 2333
f 417 912 2336
f 431 941 2345
f 488 1050 2409
f 575 1224 2496
f 563 1200 2485
f 519 1115 2435
f 454 984 2374
f 450 977 2368
f 456 989 2371
f 459 995 2378
f 462 1002 2381
f 472 1019 2392
f 446 971 2360
f 506 1091 2416
f 535 1146 2456
f 541 1158 2460
f 570 1217 2488
f 480 1037 2398
f 421 918 2340
f 511 1098 2430
f 556 1188 2475
f 484 1044 2404
f 580 1236 2501
f 567 1212 2482
f 522 1122 2440
f 427 930 2347
f 544 1163 2464
f 468 1013 2384
f 436 948 2355
f 499 1074 2419
f 530 1134 2451
f 548 1170 2470
f 466 1008 2385
f 442 960 2362
f 505 1086 2423
f 536 1151 2446
f 491 1061 2401
f 423 923 2339
f 513 1103 2429
f 564 1205 2474
f 581 1241 2491
f 549 1175 2459
f 477 1032 2395
f 445 966 2365
f 503 1080 2424
f 525 1127 2443
f 474 1025 2390
f 438 953 2354
f 495 1067 2413
f 532 1139 2450
f 552 1182 2467
f 490 1056 2408
f 577 1229 2495
f 559 1193 2479
f 517 1109 2437
f 430 936 2350
f 590 1325 2511
f 584 1277 2505
f 585 1265 2507
f 592 1301 2513
f 595 1319 2516
f 598 1343 2519
f 636 1566 2556
f 621 1464 2540
f 642 1590 2561
f 601 1349 2521
f 623 1523 2544
f 611 1422 2529
f 609 1397 2530
f 625 1499 2546
f 628 1517 2549
f 632 1559 2553
f 613 1427 2534
f 616 1433 2536
f 638 1572 2557
f 606 1374 2525
f 407 892 1609
f 403 885 1605
f 404 897 1611
f 410 903 1614
f 413 910 1617
f 422 939 1631
f 486 1048 1688
f 573 1222 1775
f 561 1198 1763
f 512 1113 1719
f 452 982 1654
f 448 975 1650
f 449 987 1656
f 455 993 1659
f 458 1000 1662
f 470 1017 1672
f 437 969 1646
f 494 1089 1706
f 531 1144 1735
f 539 1156 1741
f 568 1215 1770
f 478 1035 1680
f 419 916 1621
f 509 1096 1711
f 554 1186 1756
f 482 1042 1684
f 576 1234 1780
f 558 1210 1767
f 516 1120 1722
f 425 928 1627
f 542 1161 1744
f 463 1011 1668
f 434 946 1636
f 497 1072 1699
f 528 1132 1730
f 546 1168 1748
f 464 1006 1666
f 440 958 1642
f 500 1084 1705
f 524 1149 1736
f 479 1059 1691
f 418 921 1623
f 508 1101 1713
f 553 1203 1764
f 569 1239 1781
f 538 1173 1749
f 471 1030 1677
f 443 964 1645
f 501 1078 1703
f 523 1125 1725
f 467 1023 1674
f 433 951 1638
f 493 1065 1695
f 527 1137 1732
f 543 1180 1752
f 485 1054 1690
f 572 1227 1777
f 557 1191 1759
f 515 1107 1717
f 428 934 1630
f 591 1326 2191
f 587 1278 1885
f 588 1266 1901
f 594 1302 2279
f 597 1320 2315
f 600 1344 2171
f 634 1565 2160
f 619 1463 2016
f 639 1589 2214
f 602 1350 1919
f 624 1524 2137
f 608 1421 1978
f 610 1398 1991
f 627 1500 2225
f 630 1518 2302
f 635 1560 2178
f 615 1428 2153
f 617 1434 2009
f 637 1571 2207
f 604 1373 1926
f 416 911 1857
f 408 893 1803
f 406 888 1786
f 412 900 1822
f 415 906 1840
f 424 924 1876
f 492 1062 2182
f 582 1242 2312
f 565 1206 2276
f 514 1104 1898
f 461 1001 2091
f 453 983 2037
f 451 978 1952
f 457 990 2056
f 460 996 2074
f 475 1026 2128
f 439 954 1966
f 496 1068 1988
f 533 1140 2222
f 551 1181 2293
f 579 1235 2185
f 483 1043 1879
f 426 929 1893
f 521 1121 2271
f 566 1211 2307
f 489 1055 2163
f 578 1230 2150
f 560 1194 2006
f 518 1110 2204
f 429 935 1911
f 547 1169 2131
f 465 1007 1969
f 441 959 1983
f 504 1085 2217
f 537 1152 2290
f 550 1176 2168
f 476 1031 2145
f 444 965 2001
f 502 1079 2199
f 526 1128 1916
f 481 1038 1808
f 420 917 1789
f 510 1097 1825
f 555 1187 1843
f 571 1218 1862
f 540 1157 1933
f 473 1020 2110
f 447 972 2020
f 507 1092 2236
f 534 1145 2257
f 469 1014 2042
f 435 947 1947
f 498 1073 2059
f 529 1133 2077
f 545 1164 2096
f 487 1049 2113
f 574 1223 2023
f 562 1199 2239
f 520 1116 2254
f 432 942 1930
f 589 1283 1818
f 583 1259 1798
f 586 1295 1834
f 593 1313 1852
f 596 1331 1872
f 599 1379 1942
f 633 1541 2120
f 620 1452 2030
f 640 1578 2248
f 603 1368 2263
f 622 1487 2052
f 607 1391 1955
f 612 1440 2065
f 626 1511 2086
f 629 1529 2106
f 631 1547 2122
f 614 1469 2032
f 618 1458 2245
f 641 1584 2266
f 605 1362 1940
f 409 1269 1813
f 405 1245 1792
f 411 1252 1828
f 414 1288 1846
f 417 1306 1867
f 431 1336 1936
f 488 1551 2123
f 575 1473 2033
f 563 1599 2249
f 519 1354 2260
f 454 1479 2049
f 450 1401 1959
f 456 1408 2062
f 459 1492 2080
f 462 1504 2101
f 472 1533 2116
f 446 1414 2026
f 506 1444 2242
f 535 1594 2267
f 541 1383 1943
f 570 1323 1869
f 480 1275 1815
f 421 1263 1799
f 511 1299 1835
f 556 1317 1853
f 484 1341 1889
f 580 1564 2195
f 567 1462 2319
f 522 1588 2283
f 427 1347 1905
f 544 1521 2103
f 468 1420 2046
f 436 1395 1957
f 499 1497 2069
f 530 1515 2087
f 548 1557 2141
f 466 1425 1979
f 442 1431 1993
f 505 1570 2229
f 536 1372 2296
f 491 1282 2188
f 423 1258 1882
f 513 1294 1902
f 564 1312 2280
f 581 1330 2316
f 549 1378 2172
f 477 1540 2157
f 445 1449 2011
f 503 1575 2209
f 525 1365 1923
f 474 1486 2134
f 438 1390 1972
f 495 1437 1995
f 532 1510 2226
f 552 1528 2303
f 490 1546 2175
f 577 1468 2154
f 559 1455 2013
f 517 1581 2211
f 430 1359 1921
f 590 1272 1865
f 584 1248 1811
f 585 1253 1796
f 592 1289 1832
f 595 1307 1850
f 598 1337 1888
f 636 1554 2194
f 621 1476 2322
f 642 1602 2286
f 601 1355 1908
f 623 1482 2099
f 611 1404 2045
f 609 1409 1962
f 625 1493 2068
f 628 1505 2084
f 632 1536 2140
f 613 1415 1976
f 616 1445 1998
f 638 1595 2232
f 606 1386 2299
f 407 909 2330
f 403 891 2324
f 404 886 2325
f 410 898 2332
f 413 904 2335
f 422 922 2344
f 486 1060 2410
f 573 1240 2497
f 561 1204 2486
f 512 1102 2434
f 452 999 2375
f 448 981 2369
f 449 976 2370
f 455 988 2377
f 458 994 2380
f 470 1024 2393
f 437 952 2359
f 494 1066 2415
f 531 1138 2455
f 539 1179 2461
f 568 1233 2489
f 478 1041 2399
f 419 927 2341
f 509 1119 2431
f 554 1209 2476
f 482 1053 2405
f 576 1228 2500
f 558 1192 2481
f 516 1108 2439
f 425 933 2348
f 542 1167 2465
f 463 1005 2383
f 434 957 2356
f 497 1083 2420
f 528 1150 2452
f 546 1174 2471
f 464 1029 2386
f 440 963 2363
f 500 1077 2422
f 524 1126 2445
f 479 1036 2400
f 418 915 2338
f 508 1095 2428
f 553 1185 2473
f 569 1216 2490
f 538 1155 2458
f 471 1018 2394
f 443 970 2366
f 501 1090 2425
f 523 1143 2444
f 467 1012 2389
f 433 945 2353
f 493 1071 2414
f 527 1131 2449
f 543 1162 2466
f 485 1047 2407
f 572 1221 2494
f 557 1197 2480
f 515 1114 2438
f 428 940 2351
f 591 1284 2510
f 587 1260 2504
f 588 1296 2508
f 594 1314 2514
f 597 1332 2517
f 600 1380 2520
f 634 1542 2554
f 619 1451 2539
f 639 1577 2560
f 602 1367 2523
f 624 1488 2543
f 608 1392 2527
f 610 1439 2532
f 627 1512 2547
f 630 1530 2550
f 635 1548 2552
f 615 1470 2535
f 617 1457 2538
f 637 1583 2558
f 604 1361 2524
f 167 1616 1607
f 164 1608 1603
f 163 1606 1604
f 165 1612 1610
f 166 1615 1613
f 169 1624 1622
f 192 1692 1686
f 222 1782 1773
f 216 1765 1761
f 199 1714 1712
f 182 1661 1652
f 179 1653 1648
f 178 1651 1649
f 180 1657 1655
f 181 1660 1658
f 186 1675 1670
f 174 1639 1637
f 193 1696 1694
f 205 1733 1731
f 212 1751 1739
f 221 1779 1768
f 189 1683 1678
f 170 1626 1619
f 202 1721 1709
f 217 1766 1754
f 191 1689 1682
f 220 1778 1776
f 214 1760 1758
f 200 1718 1716
f 171 1629 1625
f 210 1747 1742
f 183 1665 1663
f 175 1641 1634
f 196 1704 1697
f 207 1737 1728
f 211 1750 1746
f 187 1676 1664
f 176 1644 1640
f 195 1702 1700
f 203 1726 1724
f 188 1681 1679
f 168 1620 1618
f 198 1710 1708
f 213 1755 1753
f 218 1771 1769
f 208 1740 1738
f 185 1673 1671
f 177 1647 1643
f 197 1707 1701
f 206 1734 1723
f 184 1669 1667
f 173 1635 1633
f 194 1698 1693
f 204 1729 1727
f 209 1745 1743
f 190 1687 1685
f 219 1774 1772
f 215 1762 1757
f 201 1720 1715
f 172 1632 1628
f 357 2189 2187
f 255 1883 1881
f 262 1903 1899
f 388 2281 2277
f 400 2317 2313
f 352 2173 2169
f 347 2158 2156
f 298 2012 2010
f 364 2210 2208
f 269 1924 1917
f 339 2135 2133
f 285 1973 1971
f 293 1996 1989
f 370 2227 2223
f 396 2304 2300
f 353 2176 2174
f 346 2155 2151
f 299 2014 2007
f 365 2212 2205
f 268 1922 1920
f 249 1864 1855
f 231 1810 1801
f 226 1795 1784
f 238 1831 1820
f 244 1849 1838
f 257 1887 1874
f 359 2193 2180
f 402 2321 2310
f 390 2285 2274
f 264 1907 1896
f 327 2098 2089
f 309 2044 2035
f 282 1961 1950
f 317 2067 2054
f 322 2083 2072
f 341 2139 2126
f 286 1975 1964
f 294 1997 1986
f 372 2231 2220
f 394 2298 2291
f 358 2190 2183
f 256 1884 1877
f 261 1900 1891
f 387 2278 2269
f 399 2314 2305
f 351 2170 2161
f 348 2159 2148
f 300 2015 2004
f 366 2213 2202
f 267 1918 1909
f 340 2136 2129
f 287 1977 1967
f 291 1990 1981
f 369 2224 2215
f 395 2301 2288
f 354 2177 2166
f 345 2152 2143
f 297 2008 1999
f 363 2206 2197
f 270 1925 1914
f 234 1817 1806
f 227 1797 1787
f 239 1833 1823
f 245 1851 1841
f 252 1871 1860
f 275 1941 1931
f 334 2119 2108
f 304 2029 2018
f 377 2247 2234
f 382 2262 2255
f 312 2051 2040
f 279 1954 1945
f 316 2064 2057
f 323 2085 2075
f 330 2105 2094
f 335 2121 2111
f 305 2031 2021
f 376 2244 2237
f 383 2265 2252
f 274 1939 1928
f 232 1814 1812
f 225 1793 1791
f 237 1829 1827
f 243 1847 1845
f 250 1868 1866
f 273 1937 1935
f 336 2124 2118
f 306 2034 2028
f 378 2250 2246
f 381 2261 2259
f 311 2050 2048
f 281 1960 1953
f 315 2063 2061
f 321 2081 2079
f 328 2102 2100
f 333 2117 2115
f 303 2027 2025
f 375 2243 2241
f 384 2268 2264
f 276 1944 1938
f 229 1804 1802
f 223 1785 1783
f 235 1821 1819
f 241 1839 1837
f 247 1858 1856
f 271 1929 1927
f 332 2114 2112
f 302 2024 2022
f 374 2240 2238
f 379 2253 2251
f 307 2038 2036
f 278 1951 1949
f 313 2055 2053
f 319 2073 2071
f 325 2092 2090
f 331 2109 2107
f 301 2019 2017
f 373 2235 2233
f 380 2258 2256
f 272 1934 1932
f 248 1861 1859
f 230 1807 1805
f 224 1790 1788
f 236 1826 1824
f 242 1844 1842
f 254 1880 1878
f 356 2186 2184
f 397 2308 2306
f 385 2272 2270
f 259 1894 1892
f 326 2095 2093
f 308 2041 2039
f 277 1948 1946
f 314 2060 2058
f 320 2078 2076
f 338 2132 2130
f 284 1970 1968
f 289 1984 1982
f 367 2218 2216
f 391 2289 2287
f 355 2181 2179
f 253 1875 1873
f 260 1897 1895
f 386 2275 2273
f 398 2311 2309
f 350 2167 2165
f 343 2146 2144
f 295 2002 2000
f 361 2200 2198
f 266 1915 1913
f 337 2127 2125
f 283 1965 1963
f 290 1987 1985
f 368 2221 2219
f 392 2294 2292
f 349 2164 2162
f 344 2149 2147
f 296 2005 2003
f 362 2203 2201
f 265 1912 1910
f 251 1870 1863
f 233 1816 1809
f 228 1800 1794
f 240 1836 1830
f 246 1854 1848
f 258 1890 1886
f 360 2196 2192
f 401 2320 2318
f 389 2284 2282
f 263 1906 1904
f 329 2104 2097
f 310 2047 2043
f 280 1958 1956
f 318 2070 2066
f 324 2088 2082
f 342 2142 2138
f 288 1980 1974
f 292 1994 1992
f 371 2230 2228
f 393 2297 2295
f 409 2329 2331
f 405 2323 2327
f 411 2326 2328
f 414 2333 2334
f 417 2336 2337
f 431 2345 2346
f 488 2409 2412
f 575 2496 2499
f 563 2485 2487
f 519 2435 2436
f 454 2374 2376
f 450 2368 2372
f 456 2371 2373
f 459 2378 2379
f 462 2381 2382
f 472 2392 2396
f 446 2360 2361
f 506 2416 2418
f 535 2456 2457
f 541 2460 2463
f 570 2488 2492
f 480 2398 2402
f 421 2340 2343
f 511 2430 2433
f 556 2475 2478
f 484 2404 2406
f 580 2501 2502
f 567 2482 2484
f 522 2440 2442
f 427 2347 2349
f 544 2464 2468
f 468 2384 2387
f 436 2355 2358
f 499 2419 2421
f 530 2451 2454
f 548 2470 2472
f 466 2385 2388
f 442 2362 2364
f 505 2423 2426
f 536 2446 2448
f 491 2401 2403
f 423 2339 2342
f 513 2429 2432
f 564 2474 2477
f 581 2491 2493
f 549 2459 2462
f 477 2395 2397
f 445 2365 2367
f 503 2424 2427
f 525 2443 2447
f 474 2390 2391
f 438 2354 2357
f 495 2413 2417
f 532 2450 2453
f 552 2467 2469
f 490 2408 2411
f 577 2495 2498
f 559 2479 2483
f 517 2437 2441
f 430 2350 2352
f 590 2511 2509
f 584 2505 2503
f 585 2507 2506
f 592 2513 2512
f 595 2516 2515
f 598 2519 2518
f 636 2556 2555
f 621 2540 2541
f 642 2561 2562
f 601 2521 2522
f 623 2544 2542
f 611 2529 2528
f 609 2530 2531
f 625 2546 2545
f 628 2549 2548
f 632 2553 2551
f 613 2534 2533
f 616 2536 2537
f 638 2557 2559
f 606 2525 2526
f 1607 644 647
f 1603 643 644
f 1604 645 643
f 1610 646 645
f 1613 647 646
f 1622 652 649
f 1686 670 672
f 1773 699 702
f 1761 695 696
f 1712 681 679
f 1652 659 662
f 1648 658 659
f 1649 660 658
f 1655 661 660
f 1658 662 661
f 1670 665 666
f 1637 657 654
f 1694 677 673
f 1731 686 685
f 1739 688 692
f 1768 698 701
f 1678 668 669
f 1619 648 650
f 1709 678 682
f 1754 693 697
f 1682 669 671
f 1776 701 700
f 1758 697 694
f 1716 682 680
f 1625 650 651
f 1742 689 690
f 1663 664 663
f 1634 653 655
f 1697 674 676
f 1728 684 687
f 1746 690 691
f 1664 663 667
f 1640 655 656
f 1700 676 675
f 1724 687 683
f 1679 672 668
f 1618 649 648
f 1708 679 678
f 1753 696 693
f 1769 702 698
f 1738 691 688
f 1671 667 665
f 1643 656 657
f 1701 675 677
f 1723 683 686
f 1667 666 664
f 1633 654 653
f 1693 673 674
f 1727 685 684
f 1743 692 689
f 1685 671 670
f 1772 700 699
f 1757 694 695
f 1715 680 681
f 1628 651 652
f 2187 838 837
f 1881 736 735
f 1899 741 742
f 2277 867 868
f 2313 879 880
f 2169 831 832
f 2156 828 827
f 2010 780 778
f 2208 846 844
f 1917 747 749
f 2133 820 819
f 1971 767 765
f 1989 771 773
f 2223 849 850
f 2300 875 876
f 2174 834 833
f 2151 825 826
f 2007 777 779
f 2205 843 845
f 1920 750 748
f 1855 727 729
f 1801 709 711
f 1784 703 706
f 1820 715 718
f 1838 721 724
f 1874 733 737
f 2180 835 839
f 2310 878 882
f 2274 866 870
f 1896 740 744
f 2089 805 807
f 2035 787 789
f 1950 758 762
f 2054 793 797
f 2072 799 802
f 2126 817 821
f 1964 763 766
f 1986 770 774
f 2220 848 852
f 2291 872 874
f 2183 836 838
f 1877 734 736
f 1891 739 741
f 2269 865 867
f 2305 877 879
f 2161 829 831
f 2148 824 828
f 2004 776 780
f 2202 842 846
f 1909 745 747
f 2129 818 820
f 1967 764 767
f 1981 769 771
f 2215 847 849
f 2288 871 875
f 2166 830 834
f 2143 823 825
f 1999 775 777
f 2197 841 843
f 1914 746 750
f 1806 710 714
f 1787 704 707
f 1823 716 719
f 1841 722 725
f 1860 728 732
f 1931 752 755
f 2108 811 814
f 2018 781 784
f 2234 853 857
f 2255 860 862
f 2040 788 792
f 1945 757 759
f 2057 794 796
f 2075 800 803
f 2094 806 810
f 2111 812 815
f 2021 782 785
f 2237 854 856
f 2252 859 863
f 1928 751 754
f 1812 714 712
f 1791 707 705
f 1827 719 717
f 1845 725 723
f 1866 732 730
f 1935 755 753
f 2118 814 816
f 2028 784 786
f 2246 857 858
f 2259 862 861
f 2048 792 791
f 1953 759 761
f 2061 796 795
f 2079 803 801
f 2100 810 808
f 2115 815 813
f 2025 785 783
f 2241 856 855
f 2264 863 864
f 1938 754 756
f 1802 712 709
f 1783 705 703
f 1819 717 715
f 1837 723 721
f 1856 730 727
f 1927 753 751
f 2112 816 812
f 2022 786 782
f 2238 858 854
f 2251 861 859
f 2036 791 787
f 1949 761 758
f 2053 795 793
f 2071 801 799
f 2090 808 805
f 2107 813 811
f 2017 783 781
f 2233 855 853
f 2256 864 860
f 1932 756 752
f 1859 731 728
f 1805 713 710
f 1788 708 704
f 1824 720 716
f 1842 726 722
f 1878 738 734
f 2184 840 836
f 2306 881 877
f 2270 869 865
f 1892 743 739
f 2093 809 806
f 2039 790 788
f 1946 760 757
f 2058 798 794
f 2076 804 800
f 2130 822 818
f 1968 768 764
f 1982 772 769
f 2216 851 847
f 2287 873 871
f 2179 837 835
f 1873 735 733
f 1895 742 740
f 2273 868 866
f 2309 880 878
f 2165 832 830
f 2144 827 823
f 2000 778 775
f 2198 844 841
f 1913 749 746
f 2125 819 817
f 1963 765 763
f 1985 773 770
f 2219 850 848
f 2292 876 872
f 2162 833 829
f 2147 826 824
f 2003 779 776
f 2201 845 842
f 1910 748 745
f 1863 729 731
f 1809 711 713
f 1794 706 708
f 1830 718 720
f 1848 724 726
f 1886 737 738
f 2192 839 840
f 2318 882 881
f 2282 870 869
f 1904 744 743
f 2097 807 809
f 2043 789 790
f 1956 762 760
f 2066 797 798
f 2082 802 804
f 2138 821 822
f 1974 766 768
f 1992 774 772
f 2228 852 851
f 2295 874 873
f 2331 1270 1269
f 2327 1246 1245
f 2328 1251 1252
f 2334 1287 1288
f 2337 1305 1306
f 2346 1335 1336
f 2412 1552 1551
f 2499 1474 1473
f 2487 1600 1599
f 2436 1353 1354
f 2376 1480 1479
f 2372 1402 1401
f 2373 1407 1408
f 2379 1491 1492
f 2382 1503 1504
f 2396 1534 1533
f 2361 1413 1414
f 2418 1443 1444
f 2457 1593 1594
f 2463 1384 1383
f 2492 1324 1323
f 2402 1276 1275
f 2343 1264 1263
f 2433 1300 1299
f 2478 1318 1317
f 2406 1342 1341
f 2502 1563 1564
f 2484 1461 1462
f 2442 1587 1588
f 2349 1348 1347
f 2468 1522 1521
f 2387 1419 1420
f 2358 1396 1395
f 2421 1498 1497
f 2454 1516 1515
f 2472 1558 1557
f 2388 1426 1425
f 2364 1432 1431
f 2426 1569 1570
f 2448 1371 1372
f 2403 1281 1282
f 2342 1257 1258
f 2432 1293 1294
f 2477 1311 1312
f 2493 1329 1330
f 2462 1377 1378
f 2397 1539 1540
f 2367 1450 1449
f 2427 1576 1575
f 2447 1366 1365
f 2391 1485 1486
f 2357 1389 1390
f 2417 1438 1437
f 2453 1509 1510
f 2469 1527 1528
f 2411 1545 1546
f 2498 1467 1468
f 2483 1456 1455
f 2441 1582 1581
f 2352 1360 1359
f 2509 1271 1272
f 2503 1247 1248
f 2506 1254 1253
f 2512 1290 1289
f 2515 1308 1307
f 2518 1338 1337
f 2555 1553 1554
f 2541 1475 1476
f 2562 1601 1602
f 2522 1356 1355
f 2542 1481 1482
f 2528 1403 1404
f 2531 1410 1409
f 2545 1494 1493
f 2548 1506 1505
f 2551 1535 1536
f 2533 1416 1415
f 2537 1446 1445
f 2559 1596 1595
f 2526 1385 1386
f 1616 907 909
f 1608 889 891
f 1606 883 886
f 1612 895 898
f 1615 901 904
f 1624 919 922
f 1692 1057 1060
f 1782 1237 1240
f 1765 1201 1204
f 1714 1099 1102
f 1661 997 999
f 1653 979 981
f 1651 973 976
f 1657 985 988
f 1660 991 994
f 1675 1021 1024
f 1639 949 952
f 1696 1063 1066
f 1733 1135 1138
f 1751 1177 1179
f 1779 1231 1233
f 1683 1039 1041
f 1626 925 927
f 1721 1117 1119
f 1766 1207 1209
f 1689 1051 1053
f 1778 1225 1228
f 1760 1189 1192
f 1718 1105 1108
f 1629 931 933
f 1747 1165 1167
f 1665 1003 1005
f 1641 955 957
f 1704 1081 1083
f 1737 1147 1150
f 1750 1171 1174
f 1676 1027 1029
f 1644 961 963
f 1702 1075 1077
f 1726 1123 1126
f 1681 1033 1036
f 1620 913 915
f 1710 1093 1095
f 1755 1183 1185
f 1771 1213 1216
f 1740 1153 1155
f 1673 1015 1018
f 1647 967 970
f 1707 1087 1090
f 1734 1141 1143
f 1669 1009 1012
f 1635 943 945
f 1698 1069 1071
f 1729 1129 1131
f 1745 1159 1162
f 1687 1045 1047
f 1774 1219 1221
f 1762 1195 1197
f 1720 1111 1114
f 1632 937 940
f 2189 1280 1284
f 1883 1256 1260
f 1903 1292 1296
f 2281 1310 1314
f 2317 1328 1332
f 2173 1376 1380
f 2158 1538 1542
f 2012 1447 1451
f 2210 1573 1577
f 1924 1363 1367
f 2135 1484 1488
f 1973 1388 1392
f 1996 1435 1439
f 2227 1508 1512
f 2304 1526 1530
f 2176 1544 1548
f 2155 1466 1470
f 2014 1453 1457
f 2212 1579 1583
f 1922 1357 1361
f 1864 1268 1270
f 1810 1244 1246
f 1795 1249 1251
f 1831 1285 1287
f 1849 1303 1305
f 1887 1333 1335
f 2193 1550 1552
f 2321 1472 1474
f 2285 1598 1600
f 1907 1351 1353
f 2098 1478 1480
f 2044 1400 1402
f 1961 1405 1407
f 2067 1489 1491
f 2083 1501 1503
f 2139 1532 1534
f 1975 1411 1413
f 1997 1441 1443
f 2231 1591 1593
f 2298 1382 1384
f 2190 1322 1324
f 1884 1274 1276
f 1900 1262 1264
f 2278 1298 1300
f 2314 1316 1318
f 2170 1340 1342
f 2159 1561 1563
f 2015 1459 1461
f 2213 1585 1587
f 1918 1346 1348
f 2136 1520 1522
f 1977 1417 1419
f 1990 1394 1396
f 2224 1496 1498
f 2301 1514 1516
f 2177 1556 1558
f 2152 1424 1426
f 2008 1430 1432
f 2206 1567 1569
f 1925 1369 1371
f 1817 1279 1281
f 1797 1255 1257
f 1833 1291 1293
f 1851 1309 1311
f 1871 1327 1329
f 1941 1375 1377
f 2119 1537 1539
f 2029 1448 1450
f 2247 1574 1576
f 2262 1364 1366
f 2051 1483 1485
f 1954 1387 1389
f 2064 1436 1438
f 2085 1507 1509
f 2105 1525 1527
f 2121 1543 1545
f 2031 1465 1467
f 2244 1454 1456
f 2265 1580 1582
f 1939 1358 1360
f 1814 1267 1271
f 1793 1243 1247
f 1829 1250 1254
f 1847 1286 1290
f 1868 1304 1308
f 1937 1334 1338
f 2124 1549 1553
f 2034 1471 1475
f 2250 1597 1601
f 2261 1352 1356
f 2050 1477 1481
f 1960 1399 1403
f 2063 1406 1410
f 2081 1490 1494
f 2102 1502 1506
f 2117 1531 1535
f 2027 1412 1416
f 2243 1442 1446
f 2268 1592 1596
f 1944 1381 1385
f 1804 890 894
f 1785 884 887
f 1821 896 899
f 1839 902 905
f 1858 908 912
f 1929 938 941
f 2114 1046 1050
f 2024 1220 1224
f 2240 1196 1200
f 2253 1112 1115
f 2038 980 984
f 1951 974 977
f 2055 986 989
f 2073 992 995
f 2092 998 1002
f 2109 1016 1019
f 2019 968 971
f 2235 1088 1091
f 2258 1142 1146
f 1934 1154 1158
f 1861 1214 1217
f 1807 1034 1037
f 1790 914 918
f 1826 1094 1098
f 1844 1184 1188
f 1880 1040 1044
f 2186 1232 1236
f 2308 1208 1212
f 2272 1118 1122
f 1894 926 930
f 2095 1160 1163
f 2041 1010 1013
f 1948 944 948
f 2060 1070 1074
f 2078 1130 1134
f 2132 1166 1170
f 1970 1004 1008
f 1984 956 960
f 2218 1082 1086
f 2289 1148 1151
f 2181 1058 1061
f 1875 920 923
f 1897 1100 1103
f 2275 1202 1205
f 2311 1238 1241
f 2167 1172 1175
f 2146 1028 1032
f 2002 962 966
f 2200 1076 1080
f 1915 1124 1127
f 2127 1022 1025
f 1965 950 953
f 1987 1064 1067
f 2221 1136 1139
f 2294 1178 1182
f 2164 1052 1056
f 2149 1226 1229
f 2005 1190 1193
f 2203 1106 1109
f 1912 932 936
f 1870 1321 1325
f 1816 1273 1277
f 1800 1261 1265
f 1836 1297 1301
f 1854 1315 1319
f 1890 1339 1343
f 2196 1562 1566
f 2320 1460 1464
f 2284 1586 1590
f 1906 1345 1349
f 2104 1519 1523
f 2047 1418 1422
f 1958 1393 1397
f 2070 1495 1499
f 2088 1513 1517
f 2142 1555 1559
f 1980 1423 1427
f 1994 1429 1433
f 2230 1568 1572
f 2297 1370 1374
f 2329 894 892
f 2323 887 885
f 2326 899 897
f 2333 905 903
f 2336 912 910
f 2345 941 939
f 2409 1050 1048
f 2496 1224 1222
f 2485 1200 1198
f 2435 1115 1113
f 2374 984 982
f 2368 977 975
f 2371 989 987
f 2378 995 993
f 2381 1002 1000
f 2392 1019 1017
f 2360 971 969
f 2416 1091 1089
f 2456 1146 1144
f 2460 1158 1156
f 2488 1217 1215
f 2398 1037 1035
f 2340 918 916
f 2430 1098 1096
f 2475 1188 1186
f 2404 1044 1042
f 2501 1236 1234
f 2482 1212 1210
f 2440 1122 1120
f 2347 930 928
f 2464 1163 1161
f 2384 1013 1011
f 2355 948 946
f 2419 1074 1072
f 2451 1134 1132
f 2470 1170 1168
f 2385 1008 1006
f 2362 960 958
f 2423 1086 1084
f 2446 1151 1149
f 2401 1061 1059
f 2339 923 921
f 2429 1103 1101
f 2474 1205 1203
f 2491 1241 1239
f 2459 1175 1173
f 2395 1032 1030
f 2365 966 964
f 2424 1080 1078
f 2443 1127 1125
f 2390 1025 1023
f 2354 953 951
f 2413 1067 1065
f 2450 1139 1137
f 2467 1182 1180
f 2408 1056 1054
f 2495 1229 1227
f 2479 1193 1191
f 2437 1109 1107
f 2350 936 934
f 2511 1325 1326
f 2505 1277 1278
f 2507 1265 1266
f 2513 1301 1302
f 2516 1319 1320
f 2519 1343 1344
f 2556 1566 1565
f 2540 1464 1463
f 2561 1590 1589
f 2521 1349 1350
f 2544 1523 1524
f 2529 1422 1421
f 2530 1397 1398
f 2546 1499 1500
f 2549 1517 1518
f 2553 1559 1560
f 2534 1427 1428
f 2536 1433 1434
f 2557 1572 1571
f 2525 1374 1373
f 1609 892 889
f 1605 885 883
f 1611 897 895
f 1614 903 901
f 1617 910 907
f 1631 939 937
f 1688 1048 1045
f 1775 1222 1219
f 1763 1198 1195
f 1719 1113 1111
f 1654 982 979
f 1650 975 973
f 1656 987 985
f 1659 993 991
f 1662 1000 997
f 1672 1017 1015
f 1646 969 967
f 1706 1089 1087
f 1735 1144 1141
f 1741 1156 1153
f 1770 1215 1213
f 1680 1035 1033
f 1621 916 913
f 1711 1096 1093
f 1756 1186 1183
f 1684 1042 1039
f 1780 1234 1231
f 1767 1210 1207
f 1722 1120 1117
f 1627 928 925
f 1744 1161 1159
f 1668 1011 1009
f 1636 946 943
f 1699 1072 1069
f 1730 1132 1129
f 1748 1168 1165
f 1666 1006 1003
f 1642 958 955
f 1705 1084 1081
f 1736 1149 1147
f 1691 1059 1057
f 1623 921 919
f 1713 1101 1099
f 1764 1203 1201
f 1781 1239 1237
f 1749 1173 1171
f 1677 1030 1027
f 1645 964 961
f 1703 1078 1075
f 1725 1125 1123
f 1674 1023 1021
f 1638 951 949
f 1695 1065 1063
f 1732 1137 1135
f 1752 1180 1177
f 1690 1054 1051
f 1777 1227 1225
f 1759 1191 1189
f 1717 1107 1105
f 1630 934 931
f 2191 1326 1322
f 1885 1278 1274
f 1901 1266 1262
f 2279 1302 1298
f 2315 1320 1316
f 2171 1344 1340
f 2160 1565 1561
f 2016 1463 1459
f 2214 1589 1585
f 1919 1350 1346
f 2137 1524 1520
f 1978 1421 1417
f 1991 1398 1394
f 2225 1500 1496
f 2302 1518 1514
f 2178 1560 1556
f 2153 1428 1424
f 2009 1434 1430
f 2207 1571 1567
f 1926 1373 1369
f 1857 911 908
f 1803 893 890
f 1786 888 884
f 1822 900 896
f 1840 906 902
f 1876 924 920
f 2182 1062 1058
f 2312 1242 1238
f 2276 1206 1202
f 1898 1104 1100
f 2091 1001 998
f 2037 983 980
f 1952 978 974
f 2056 990 986
f 2074 996 992
f 2128 1026 1022
f 1966 954 950
f 1988 1068 1064
f 2222 1140 1136
f 2293 1181 1178
f 2185 1235 1232
f 1879 1043 1040
f 1893 929 926
f 2271 1121 1118
f 2307 1211 1208
f 2163 1055 1052
f 2150 1230 1226
f 2006 1194 1190
f 2204 1110 1106
f 1911 935 932
f 2131 1169 1166
f 1969 1007 1004
f 1983 959 956
f 2217 1085 1082
f 2290 1152 1148
f 2168 1176 1172
f 2145 1031 1028
f 2001 965 962
f 2199 1079 1076
f 1916 1128 1124
f 1808 1038 1034
f 1789 917 914
f 1825 1097 1094
f 1843 1187 1184
f 1862 1218 1214
f 1933 1157 1154
f 2110 1020 1016
f 2020 972 968
f 2236 1092 1088
f 2257 1145 1142
f 2042 1014 1010
f 1947 947 944
f 2059 1073 1070
f 2077 1133 1130
f 2096 1164 1160
f 2113 1049 1046
f 2023 1223 1220
f 2239 1199 1196
f 2254 1116 1112
f 1930 942 938
f 1818 1283 1279
f 1798 1259 1255
f 1834 1295 1291
f 1852 1313 1309
f 1872 1331 1327
f 1942 1379 1375
f 2120 1541 1537
f 2030 1452 1448
f 2248 1578 1574
f 2263 1368 1364
f 2052 1487 1483
f 1955 1391 1387
f 2065 1440 1436
f 2086 1511 1507
f 2106 1529 1525
f 2122 1547 1543
f 2032 1469 1465
f 2245 1458 1454
f 2266 1584 1580
f 1940 1362 1358
f 1813 1269 1267
f 1792 1245 1243
f 1828 1252 1250
f 1846 1288 1286
f 1867 1306 1304
f 1936 1336 1334
f 2123 1551 1549
f 2033 1473 1471
f 2249 1599 1597
f 2260 1354 1352
f 2049 1479 1477
f 1959 1401 1399
f 2062 1408 1406
f 2080 1492 1490
f 2101 1504 1502
f 2116 1533 1531
f 2026 1414 1412
f 2242 1444 1442
f 2267 1594 1592
f 1943 1383 1381
f 1869 1323 1321
f 1815 1275 1273
f 1799 1263 1261
f 1835 1299 1297
f 1853 1317 1315
f 1889 1341 1339
f 2195 1564 1562
f 2319 1462 1460
f 2283 1588 1586
f 1905 1347 1345
f 2103 1521 1519
f 2046 1420 1418
f 1957 1395 1393
f 2069 1497 1495
f 2087 1515 1513
f 2141 1557 1555
f 1979 1425 1423
f 1993 1431 1429
f 2229 1570 1568
f 2296 1372 1370
f 2188 1282 1280
f 1882 1258 1256
f 1902 1294 1292
f 2280 1312 1310
f 2316 1330 1328
f 2172 1378 1376
f 2157 1540 1538
f 2011 1449 1447
f 2209 1575 1573
f 1923 1365 1363
f 2134 1486 1484
f 1972 1390 1388
f 1995 1437 1435
f 2226 1510 1508
f 2303 1528 1526
f 2175 1546 1544
f 2154 1468 1466
f 2013 1455 1453
f 2211 1581 1579
f 1921 1359 1357
f 1865 1272 1268
f 1811 1248 1244
f 1796 1253 1249
f 1832 1289 1285
f 1850 1307 1303
f 1888 1337 1333
f 2194 1554 1550
f 2322 1476 1472
f 2286 1602 1598
f 1908 1355 1351
f 2099 1482 1478
f 2045 1404 1400
f 1962 1409 1405
f 2068 1493 1489
f 2084 1505 1501
f 2140 1536 1532
f 1976 1415 1411
f 1998 1445 1441
f 2232 1595 1591
f 2299 1386 1382
f 2330 909 911
f 2324 891 893
f 2325 886 888
f 2332 898 900
f 2335 904 906
f 2344 922 924
f 2410 1060 1062
f 2497 1240 1242
f 2486 1204 1206
f 2434 1102 1104
f 2375 999 1001
f 2369 981 983
f 2370 976 978
f 2377 988 990
f 2380 994 996
f 2393 1024 1026
f 2359 952 954
f 2415 1066 1068
f 2455 1138 1140
f 2461 1179 1181
f 2489 1233 1235
f 2399 1041 1043
f 2341 927 929
f 2431 1119 1121
f 2476 1209 1211
f 2405 1053 1055
f 2500 1228 1230
f 2481 1192 1194
f 2439 1108 1110
f 2348 933 935
f 2465 1167 1169
f 2383 1005 1007
f 2356 957 959
f 2420 1083 1085
f 2452 1150 1152
f 2471 1174 1176
f 2386 1029 1031
f 2363 963 965
f 2422 1077 1079
f 2445 1126 1128
f 2400 1036 1038
f 2338 915 917
f 2428 1095 1097
f 2473 1185 1187
f 2490 1216 1218
f 2458 1155 1157
f 2394 1018 1020
f 2366 970 972
f 2425 1090 1092
f 2444 1143 1145
f 2389 1012 1014
f 2353 945 947
f 2414 1071 1073
f 2449 1131 1133
f 2466 1162 1164
f 2407 1047 1049
f 2494 1221 1223
f 2480 1197 1199
f 2438 1114 1116
f 2351 940 942
f 2510 1284 1283
f 2504 1260 1259
f 2508 1296 1295
f 2514 1314 1313
f 2517 1332 1331
f 2520 1380 1379
f 2554 1542 1541
f 2539 1451 1452
f 2560 1577 1578
f 2523 1367 1368
f 2543 1488 1487
f 2527 1392 1391
f 2532 1439 1440
f 2547 1512 1511
f 2550 1530 1529
f 2552 1548 1547
f 2535 1470 1469
f 2538 1457 1458
f 2558 1583 1584
f 2524 1361 1362
f 1607 1616 1609
f 1603 1608 1605
f 1604 1606 1611
f 1610 1612 1614
f 1613 1615 1617
f 1622 1624 1631
f 1686 1692 1688
f 1773 1782 1775
f 1761 1765 1763
f 1712 1714 1719
f 1652 1661 1654
f 1648 1653 1650
f 1649 1651 1656
f 1655 1657 1659
f 1658 1660 1662
f 1670 1675 1672
f 1637 1639 1646
f 1694 1696 1706
f 1731 1733 1735
f 1739 1751 1741
f 1768 1779 1770
f 1678 1683 1680
f 1619 1626 1621
f 1709 1721 1711
f 1754 1766 1756
f 1682 1689 1684
f 1776 1778 1780
f 1758 1760 1767
f 1716 1718 1722
f 1625 1629 1627
f 1742 1747 1744
f 1663 1665 1668
f 1634 1641 1636
f 1697 1704 1699
f 1728 1737 1730
f 1746 1750 1748
f 1664 1676 1666
f 1640 1644 1642
f 1700 1702 1705
f 1724 1726 1736
f 1679 1681 1691
f 1618 1620 1623
f 1708 1710 1713
f 1753 1755 1764
f 1769 1771 1781
f 1738 1740 1749
f 1671 1673 1677
f 1643 1647 1645
f 1701 1707 1703
f 1723 1734 1725
f 1667 1669 1674
f 1633 1635 1638
f 1693 1698 1695
f 1727 1729 1732
f 1743 1745 1752
f 1685 1687 1690
f 1772 1774 1777
f 1757 1762 1759
f 1715 1720 1717
f 1628 1632 1630
f 2187 2189 2191
f 1881 1883 1885
f 1899 1903 1901
f 2277 2281 2279
f 2313 2317 2315
f 2169 2173 2171
f 2156 2158 2160
f 2010 2012 2016
f 2208 2210 2214
f 1917 1924 1919
f 2133 2135 2137
f 1971 1973 1978
f 1989 1996 1991
f 2223 2227 2225
f 2300 2304 2302
f 2174 2176 2178
f 2151 2155 2153
f 2007 2014 2009
f 2205 2212 2207
f 1920 1922 1926
f 1855 1864 1857
f 1801 1810 1803
f 1784 1795 1786
f 1820 1831 1822
f 1838 1849 1840
f 1874 1887 1876
f 2180 2193 2182
f 2310 2321 2312
f 2274 2285 2276
f 1896 1907 1898
f 2089 2098 2091
f 2035 2044 2037
f 1950 1961 1952
f 2054 2067 2056
f 2072 2083 2074
f 2126 2139 2128
f 1964 1975 1966
f 1986 1997 1988
f 2220 2231 2222
f 2291 2298 2293
f 2183 2190 2185
f 1877 1884 1879
f 1891 1900 1893
f 2269 2278 2271
f 2305 2314 2307
f 2161 2170 2163
f 2148 2159 2150
f 2004 2015 2006
f 2202 2213 2204
f 1909 1918 1911
f 2129 2136 2131
f 1967 1977 1969
f 1981 1990 1983
f 2215 2224 2217
f 2288 2301 2290
f 2166 2177 2168
f 2143 2152 2145
f 1999 2008 2001
f 2197 2206 2199
f 1914 1925 1916
f 1806 1817 1808
f 1787 1797 1789
f 1823 1833 1825
f 1841 1851 1843
f 1860 1871 1862
f 1931 1941 1933
f 2108 2119 2110
f 2018 2029 2020
f 2234 2247 2236
f 2255 2262 2257
f 2040 2051 2042
f 1945 1954 1947
f 2057 2064 2059
f 2075 2085 2077
f 2094 2105 2096
f 2111 2121 2113
f 2021 2031 2023
f 2237 2244 2239
f 2252 2265 2254
f 1928 1939 1930
f 1812 1814 1818
f 1791 1793 1798
f 1827 1829 1834
f 1845 1847 1852
f 1866 1868 1872
f 1935 1937 1942
f 2118 2124 2120
f 2028 2034 2030
f 2246 2250 2248
f 2259 2261 2263
f 2048 2050 2052
f 1953 1960 1955
f 2061 2063 2065
f 2079 2081 2086
f 2100 2102 2106
f 2115 2117 2122
f 2025 2027 2032
f 2241 2243 2245
f 2264 2268 2266
f 1938 1944 1940
f 1802 1804 1813
f 1783 1785 1792
f 1819 1821 1828
f 1837 1839 1846
f 1856 1858 1867
f 1927 1929 1936
f 2112 2114 2123
f 2022 2024 2033
f 2238 2240 2249
f 2251 2253 2260
f 2036 2038 2049
f 1949 1951 1959
f 2053 2055 2062
f 2071 2073 2080
f 2090 2092 2101
f 2107 2109 2116
f 2017 2019 2026
f 2233 2235 2242
f 2256 2258 2267
f 1932 1934 1943
f 1859 1861 1869
f 1805 1807 1815
f 1788 1790 1799
f 1824 1826 1835
f 1842 1844 1853
f 1878 1880 1889
f 2184 2186 2195
f 2306 2308 2319
f 2270 2272 2283
f 1892 1894 1905
f 2093 2095 2103
f 2039 2041 2046
f 1946 1948 1957
f 2058 2060 2069
f 2076 2078 2087
f 2130 2132 2141
f 1968 1970 1979
f 1982 1984 1993
f 2216 2218 2229
f 2287 2289 2296
f 2179 2181 2188
f 1873 1875 1882
f 1895 1897 1902
f 2273 2275 2280
f 2309 2311 2316
f 2165 2167 2172
f 2144 2146 2157
f 2000 2002 2011
f 2198 2200 2209
f 1913 1915 1923
f 2125 2127 2134
f 1963 1965 1972
f 1985 1987 1995
f 2219 2221 2226
f 2292 2294 2303
f 2162 2164 2175
f 2147 2149 2154
f 2003 2005 2013
f 2201 2203 2211
f 1910 1912 1921
f 1863 1870 1865
f 1809 1816 1811
f 1794 1800 1796
f 1830 1836 1832
f 1848 1854 1850
f 1886 1890 1888
f 2192 2196 2194
f 2318 2320 2322
f 2282 2284 2286
f 1904 1906 1908
f 2097 2104 2099
f 2043 2047 2045
f 1956 1958 1962
f 2066 2070 2068
f 2082 2088 2084
f 2138 2142 2140
f 1974 1980 1976
f 1992 1994 1998
f 2228 2230 2232
f 2295 2297 2299
f 2331 2329 2330
f 2327 2323 2324
f 2328 2326 2325
f 2334 2333 2332
f 2337 2336 2335
f 2346 2345 2344
f 2412 2409 2410
f 2499 2496 2497
f 2487 2485 2486
f 2436 2435 2434
f 2376 2374 2375
f 2372 2368 2369
f 2373 2371 2370
f 2379 2378 2377
f 2382 2381 2380
f 2396 2392 2393
f 2361 2360 2359
f 2418 2416 2415
f 2457 2456 2455
f 2463 2460 2461
f 2492 2488 2489
f 2402 2398 2399
f 2343 2340 2341
f 2433 2430 2431
f 2478 2475 2476
f 2406 2404 2405
f 2502 2501 2500
f 2484 2482 2481
f 2442 2440 2439
f 2349 2347 2348
f 2468 2464 2465
f 2387 2384 2383
f 2358 2355 2356
f 2421 2419 2420
f 2454 2451 2452
f 2472 2470 2471
f 2388 2385 2386
f 2364 2362 2363
f 2426 2423 2422
f 2448 2446 2445
f 2403 2401 2400
f 2342 2339 2338
f 2432 2429 2428
f 2477 2474 2473
f 2493 2491 2490
f 2462 2459 2458
f 2397 2395 2394
f 2367 2365 2366
f 2427 2424 2425
f 2447 2443 2444
f 2391 2390 2389
f 2357 2354 2353
f 2417 2413 2414
f 2453 2450 2449
f 2469 2467 2466
f 2411 2408 2407
f 2498 2495 2494
f 2483 2479 2480
f 2441 2437 2438
f 2352 2350 2351
f 2509 2511 2510
f 2503 2505 2504
f 2506 2507 2508
f 2512 2513 2514
f 2515 2516 2517
f 2518 2519 2520
f 2555 2556 2554
f 2541 2540 2539
f 2562 2561 2560
f 2522 2521 2523
f 2542 2544 2543
f 2528 2529 2527
f 2531 2530 2532
f 2545 2546 2547
f 2548 2549 2550
f 2551 2553 2552
f 2533 2534 2535
f 2537 2536 2538
f 2559 2557 2558
f 2526 2525 2524