v -0.421487 0.779961 0.189385
v 0.433543 0.804309 0.191776
v -0.408660 -0.579914 0.199680
v 0.420706 -0.596277 0.199740
v 0.000338 -0.350571 0.922993
v -0.000653 0.531188 0.882825
v 0.001042 -0.299127 -0.448841
v -0.002157 0.572683 -0.564442
v 0.604723 0.103058 -0.186086
v 0.626680 0.105512 0.602153
v -0.622605 0.111165 -0.191059
v -0.681097 0.108806 0.617205
v 0.000957 0.920078 0.191416
v -0.257562 0.766924 0.604358
v -0.248804 0.775296 -0.230349
v -0.579381 0.468506 -0.024331
v -0.645491 0.506793 0.445181
v 0.249331 0.763338 0.601170
v 0.258944 0.789189 -0.237918
v 0.576933 0.465611 -0.023776
v 0.637295 0.496728 0.436167
v 0.001580 -0.721407 0.196261
v -0.261699 -0.591957 0.635481
v -0.228950 -0.539226 -0.195414
v -0.562715 -0.244585 -0.004363
v -0.617094 -0.287711 0.428418
v 0.277143 -0.627547 0.644123
v 0.237620 -0.543796 -0.198027
v 0.556233 -0.246922 -0.013262
v 0.603156 -0.275610 0.423836
v 0.000614 0.105644 1.053916
v 0.391635 -0.161169 0.862317
v -0.394720 -0.146972 0.855461
v 0.401572 0.346782 0.846773
v -0.400357 0.347610 0.844829
v 0.000620 0.113820 -0.603113
v 0.345633 -0.107997 -0.379539
v -0.350133 -0.113648 -0.365825
v 0.371974 0.343401 -0.427811
v -0.363286 0.336521 -0.425682
v 0.701930 0.101696 0.189609
v -0.740964 0.101247 0.191482
v -0.231219 0.867020 0.194416
v -0.351242 0.794306 0.399198
v -0.357262 0.802693 -0.008852
v -0.513370 0.663914 0.088299
v -0.550406 0.676406 0.317802
v 0.235696 0.890131 0.188690
v 0.353052 0.802707 0.387427
v 0.359277 0.820448 -0.012563
v 0.511532 0.652927 0.089900
v 0.554407 0.676468 0.310423
v -0.241559 -0.690822 0.189233
v -0.361110 -0.610637 0.403066
v -0.359287 -0.617951 -0.008717
v -0.504565 -0.425829 0.105115
v -0.538232 -0.458882 0.306942
v 0.244579 -0.695319 0.184992
v 0.362830 -0.610029 0.398491
v 0.353005 -0.608811 -0.002240
v 0.496178 -0.428860 0.106297
v 0.533735 -0.466498 0.314835
v -0.135167 -0.516795 0.831544
v 0.163641 -0.536919 0.844721
v -0.008627 -0.143945 1.011048
v 0.243989 -0.324660 1.001545
v -0.242703 -0.314491 1.006431
v -0.124260 0.666745 0.779336
v 0.119527 0.653248 0.768590
v 0.000907 0.334032 0.975029
v 0.198468 0.457373 0.892189
v -0.195833 0.458321 0.892412
v -0.114105 -0.426869 -0.333016
v 0.117727 -0.433045 -0.358200
v 0.001954 -0.105559 -0.512543
v 0.176592 -0.221473 -0.433258
v -0.171432 -0.224801 -0.417480
v -0.132625 0.738768 -0.446166
v 0.133977 0.696399 -0.422538
v 0.001048 0.346500 -0.653043
v 0.208573 0.473041 -0.546466
v -0.207107 0.481755 -0.552103
v 0.615596 0.269680 -0.127294
v 0.597729 -0.044579 -0.118504
v 0.513475 0.013138 -0.291808
v 0.521800 0.218438 -0.306749
v 0.650028 0.100218 -0.010226
v 0.656074 0.294906 0.535526
v 0.639260 -0.077822 0.521779
v 0.561480 -0.003657 0.735765
v 0.569679 0.216148 0.746338
v 0.682055 0.099889 0.412975
v -0.625647 0.268537 -0.128203
v -0.606259 -0.060997 -0.113958
v -0.510930 0.002729 -0.295343
v -0.517094 0.207733 -0.302842
v -0.707981 0.106631 -0.018485
v -0.686551 0.300306 0.546882
v -0.658542 -0.079990 0.531843
v -0.559090 -0.004664 0.733766
v -0.584317 0.223241 0.759266
v -0.720086 0.106495 0.421083
v -0.123548 0.876734 0.415256
v -0.133630 0.912055 -0.068196
v 0.119931 0.864248 0.411049
v 0.142819 0.922628 -0.077459
v -0.483980 0.666928 0.550366
v -0.001830 0.798098 0.608868
v -0.350171 0.586284 0.745365
v -0.462769 0.660745 -0.164807
v -0.000222 0.834932 -0.245817
v -0.327194 0.583373 -0.341707
v -0.640904 0.501645 0.205368
v -0.505536 0.427186 -0.248450
v -0.685636 0.292729 0.089697
v -0.547220 0.455397 0.662522
v -0.717474 0.310650 0.318253
v 0.466913 0.649321 0.544330
v 0.337465 0.567310 0.727993
v 0.452879 0.654447 -0.165632
v 0.343529 0.595214 -0.363002
v 0.621418 0.496239 0.206145
v 0.505136 0.426264 -0.259749
v 0.668129 0.291781 0.089682
v 0.535372 0.446382 0.652821
v 0.685813 0.304613 0.309483
v -0.120313 -0.693591 0.422447
v -0.131229 -0.673371 -0.023145
v 0.128143 -0.720361 0.435269
v 0.138615 -0.677046 -0.025942
v -0.461374 -0.442050 0.540395
v 0.002033 -0.651919 0.650953
v -0.354290 -0.389932 0.765449
v -0.398833 -0.384796 -0.110693
v 0.001069 -0.571995 -0.204355
v -0.293212 -0.330670 -0.298650
v -0.618010 -0.288488 0.206717
v -0.456918 -0.188625 -0.204887
v -0.679045 -0.091904 0.088555
v -0.537011 -0.249298 0.656246
v -0.705218 -0.098314 0.305273
v 0.475586 -0.461796 0.543675
v 0.362768 -0.400919 0.774043
v 0.415275 -0.397686 -0.125303
v 0.301154 -0.330608 -0.298279
v 0.615090 -0.284943 0.206921
v 0.467790 -0.196143 -0.218294
v 0.658703 -0.074207 0.096611
v 0.515675 -0.226343 0.642487
v 0.664961 -0.092697 0.310238
v 0.229933 -0.028222 1.005134
v -0.231538 -0.032549 1.015389
v 0.224553 0.225292 0.986390
v -0.224372 0.224501 0.988001
v 0.429560 0.108088 0.913157
v -0.428642 0.108889 0.917489
v 0.194516 0.004097 -0.507831
v -0.187155 0.006418 -0.494675
v 0.223794 0.241006 -0.624616
v -0.230509 0.239353 -0.620923
v 0.366154 0.110737 -0.429757
v -0.359027 0.116309 -0.411203
v -0.338688 0.825640 0.192014
v -0.390993 0.787709 0.283276
v -0.394872 0.797332 0.092765
v -0.480345 0.741244 0.136752
v -0.483800 0.735361 0.247583
v 0.346542 0.850287 0.191880
v 0.401519 0.810300 0.278345
v 0.399865 0.810474 0.104154
v 0.481661 0.745126 0.141602
v 0.491006 0.750809 0.245662
v -0.340888 -0.646955 0.190238
v -0.396850 -0.606074 0.288570
v -0.371769 -0.592705 0.111348
v -0.455565 -0.514282 0.155128
v -0.473473 -0.530025 0.254102
v 0.357801 -0.675450 0.185329
v 0.403705 -0.610031 0.283109
v 0.380904 -0.610020 0.117363
v 0.457321 -0.518192 0.157463
v 0.480105 -0.531269 0.254555
v -0.060495 -0.424623 0.881994
v 0.076511 -0.467913 0.913507
v -0.008743 -0.254643 0.968379
v 0.095561 -0.336819 0.952960
v -0.103306 -0.323408 0.952832
v -0.056462 0.597543 0.843080
v 0.053931 0.593567 0.839790
v 0.000173 0.445084 0.928040
v 0.087537 0.499583 0.890290
v -0.087617 0.502725 0.893509
v -0.052920 -0.362830 -0.400719
v 0.052497 -0.369332 -0.415729
v -0.002592 -0.219224 -0.488419
v 0.067586 -0.266754 -0.433210
v -0.075628 -0.266695 -0.436411
v -0.065687 0.653488 -0.504572
v 0.057039 0.629831 -0.501553
v 0.000714 0.469720 -0.606153
v 0.100878 0.529985 -0.566192
v -0.099024 0.534986 -0.561224
v 0.619742 0.168038 -0.166680
v 0.605855 0.040780 -0.159246
v 0.570334 0.063852 -0.234995
v 0.574304 0.153454 -0.242894
v 0.627467 0.104891 -0.109567
v 0.642550 0.186730 0.576332
v 0.632124 0.025799 0.569887
v 0.604542 0.058430 0.663173
v 0.608040 0.154509 0.668822
v 0.653200 0.103172 0.519139
v -0.631186 0.179348 -0.166663
v -0.615414 0.038312 -0.155986
v -0.572948 0.064542 -0.241590
v -0.578575 0.153370 -0.242247
v -0.653260 0.115555 -0.108210
v -0.687312 0.193126 0.588840
v -0.674409 0.024754 0.580242
v -0.631794 0.058799 0.672674
v -0.648290 0.161505 0.690369
v -0.707889 0.109688 0.529660
v -0.116256 0.896992 0.192470
v 0.119319 0.919051 0.190671
v -0.059326 0.899748 0.305292
v -0.059506 0.910702 0.076237
v 0.058161 0.907064 0.303069
v 0.066170 0.918852 0.074957
v -0.309174 0.793784 0.505947
v -0.195826 0.727720 0.702190
v -0.189954 0.825931 0.511033
v -0.368862 0.722076 0.582720
v -0.131365 0.786360 0.608206
v -0.310328 0.691018 0.685991
v -0.305441 0.797644 -0.121853
v -0.201845 0.763908 -0.342320
v -0.229889 0.922941 -0.225421
v -0.412635 0.768635 -0.251532
v -0.136830 0.820646 -0.238892
v -0.321302 0.718967 -0.333668
v -0.547850 0.568535 0.032674
v -0.605690 0.366937 -0.078641
v -0.513361 0.556691 -0.086624
v -0.610633 0.483705 0.092036
v -0.540366 0.450321 -0.137219
v -0.633117 0.380724 0.035274
v -0.605771 0.600242 0.384485
v -0.676611 0.404964 0.501631
v -0.575605 0.596379 0.500490
v -0.656997 0.511020 0.322664
v -0.605134 0.488762 0.554511
v -0.689834 0.411905 0.383546
v 0.302722 0.786593 0.499508
v 0.185391 0.710048 0.684437
v 0.187175 0.828373 0.516199
v 0.126998 0.788297 0.606295
v 0.363794 0.716095 0.581707
v 0.299065 0.673262 0.669464
v 0.290890 0.794333 -0.120115
v 0.226759 0.773908 -0.347984
v 0.242975 0.911892 -0.197515
v 0.144832 0.846668 -0.247277
v 0.401806 0.765190 -0.244379
v 0.323966 0.716602 -0.323247
v 0.539898 0.558425 0.036209
v 0.608200 0.371938 -0.083821
v 0.501700 0.548758 -0.085121
v 0.605342 0.484868 0.092860
v 0.536231 0.448732 -0.141821
v 0.633721 0.386043 0.033438
v 0.595734 0.591341 0.374348
v 0.656923 0.398837 0.489776
v 0.561825 0.575807 0.495048
v 0.632493 0.500610 0.318337
v 0.599077 0.480045 0.553313
v 0.665772 0.405613 0.371479
v -0.120884 -0.707157 0.195241
v 0.120487 -0.708351 0.193093
v -0.053954 -0.715491 0.317706
v -0.065484 -0.690577 0.083143
v 0.058728 -0.725448 0.315201
v 0.066808 -0.694839 0.083335
v -0.310880 -0.594520 0.503501
v -0.261727 -0.677942 0.873783
v -0.193855 -0.644737 0.522240
v -0.364902 -0.517052 0.587247
v -0.145389 -0.642991 0.644215
v -0.336478 -0.512513 0.715000
v -0.299230 -0.592255 -0.108612
v -0.179656 -0.488716 -0.279402
v -0.194023 -0.635959 -0.122785
v -0.314514 -0.467141 -0.159824
v -0.129678 -0.569455 -0.208655
v -0.260506 -0.436424 -0.257668
v -0.537829 -0.330474 0.050385
v -0.589012 -0.160242 -0.060123
v -0.484174 -0.308110 -0.056268
v -0.596153 -0.265707 0.103023
v -0.509822 -0.217829 -0.107001
v -0.627717 -0.178704 0.041808
v -0.579726 -0.377210 0.365477
v -0.635293 -0.187839 0.481163
v -0.543305 -0.361180 0.485023
v -0.644217 -0.305166 0.309702
v -0.584212 -0.273134 0.547317
v -0.669012 -0.200685 0.366812
v 0.321309 -0.620822 0.523439
v 0.204952 -0.561608 0.732089
v 0.201927 -0.681820 0.543198
v 0.146205 -0.661365 0.655789
v 0.386147 -0.554573 0.611247
v 0.355594 -0.557786 0.758792
v 0.301241 -0.594840 -0.109701
v 0.176024 -0.484451 -0.275683
v 0.198082 -0.639274 -0.123430
v 0.128970 -0.568406 -0.202226
v 0.325043 -0.479194 -0.166751
v 0.268837 -0.440077 -0.253779
v 0.530175 -0.340462 0.044978
v 0.579085 -0.145530 -0.066478
v 0.495713 -0.323033 -0.071521
v 0.596299 -0.269336 0.096064
v 0.515469 -0.223789 -0.122936
v 0.616368 -0.164995 0.039954
v 0.569135 -0.377840 0.370988
v 0.638013 -0.177181 0.477008
v 0.541354 -0.366132 0.477461
v 0.617814 -0.284663 0.315064
v 0.564732 -0.255440 0.527780
v 0.651363 -0.186383 0.371412
v -0.000637 -0.022160 1.034755
v 0.000767 0.218072 1.025052
v 0.116070 0.041891 1.036899
v -0.115170 0.039332 1.036415
v 0.116068 0.163927 1.039746
v -0.114155 0.163743 1.034924
v 0.316731 -0.251955 0.928543
v 0.481680 -0.073803 0.796023
v 0.377454 -0.297233 0.831790
v 0.461203 -0.196891 0.757924
v 0.330019 -0.099688 0.954710
v 0.412742 -0.020398 0.889022
v -0.326113 -0.246514 0.952405
v -0.479677 -0.075240 0.794190
v -0.384986 -0.275830 0.821383
v -0.464145 -0.199636 0.754931
v -0.327837 -0.103571 0.961055
v -0.411298 -0.019932 0.888767
v 0.302736 0.405835 0.877468
v 0.493154 0.283049 0.804406
v 0.372886 0.458985 0.789664
v 0.468313 0.398437 0.752577
v 0.320847 0.287110 0.922153
v 0.424498 0.227555 0.893320
v -0.299420 0.405867 0.874180
v -0.497846 0.286975 0.808289
v -0.375428 0.466727 0.793614
v -0.474796 0.404782 0.756440
v -0.319278 0.286675 0.923937
v -0.424745 0.228062 0.899101
v 0.001759 0.003518 -0.548629
v -0.001089 0.231968 -0.643524
v 0.103021 0.059528 -0.564213
v -0.098642 0.060021 -0.560546
v 0.111424 0.175873 -0.617054
v -0.108934 0.176641 -0.617056
v 0.262313 -0.168535 -0.411059
v 0.431515 -0.045832 -0.339172
v 0.325760 -0.220246 -0.340443
v 0.413436 -0.157629 -0.302969
v 0.277525 -0.054117 -0.448563
v 0.361589 0.002815 -0.415954
v -0.259895 -0.170595 -0.394125
v -0.436330 -0.057804 -0.336304
v -0.329928 -0.225276 -0.336492
v -0.411357 -0.160105 -0.296777
v -0.274150 -0.053076 -0.423477
v -0.362613 0.002015 -0.396507
v 0.301244 0.417391 -0.504542
v 0.460974 0.280207 -0.371398
v 0.364312 0.465694 -0.401635
v 0.451648 0.394530 -0.349441
v 0.313834 0.294061 -0.545515
v 0.372696 0.222773 -0.440994
v -0.299225 0.413549 -0.508060
v -0.441972 0.268742 -0.358551
v -0.352012 0.448233 -0.380287
v -0.433910 0.382924 -0.330879
v -0.318490 0.293435 -0.555271
v -0.361329 0.225482 -0.427145
v 0.680005 0.100673 0.089358
v 0.694922 0.101536 0.302767
v 0.695886 0.196277 0.137750
v 0.703619 0.203378 0.248772
v 0.673723 0.010719 0.143878
v 0.678930 0.003477 0.248499
v -0.730348 0.103553 0.083407
v -0.733940 0.101851 0.308341
v -0.729511 0.201895 0.136502
v -0.733175 0.204181 0.253159
v -0.718368 0.008488 0.141480
v -0.730120 0.004730 0.249312
v -0.288191 0.840213 0.301742
v -0.295653 0.853685 0.083447
v -0.176321 0.876848 0.305641
v -0.179671 0.887605 0.075733
v -0.458959 0.737217 0.365515
v -0.240749 0.848018 0.413521
v -0.422596 0.739500 0.483146
v -0.442903 0.738073 0.028082
v -0.251206 0.875086 -0.041700
v -0.418411 0.747070 -0.091370
v -0.550209 0.672790 0.202941
v -0.480047 0.654649 -0.029999
v -0.585387 0.585549 0.150036
v -0.528308 0.674695 0.444599
v -0.613189 0.602418 0.262376
v 0.293666 0.856753 0.292721
v 0.295611 0.867010 0.086644
v 0.176423 0.879365 0.299272
v 0.189620 0.923114 0.075804
v 0.459912 0.744978 0.355926
v 0.240026 0.843514 0.406213
v 0.412984 0.732490 0.471322
v 0.446116 0.741979 0.028949
v 0.247374 0.882835 -0.043772
v 0.411362 0.741263 -0.093936
v 0.540970 0.663863 0.202898
v 0.467834 0.644329 -0.028415
v 0.570177 0.574825 0.150796
v 0.518483 0.670547 0.430771
v 0.588261 0.587210 0.261608
v -0.295598 -0.648697 0.301751
v -0.305359 -0.693278 0.077872
v -0.175340 -0.683757 0.307156
v -0.190802 -0.720202 0.076417
v -0.461375 -0.547146 0.363822
v -0.243092 -0.647063 0.412148
v -0.427676 -0.548411 0.485353
v -0.418565 -0.509407 0.049668
v -0.259737 -0.715291 -0.040285
v -0.375373 -0.496594 -0.060096
v -0.526661 -0.439056 0.211532
v -0.454224 -0.403243 -0.007363
v -0.566106 -0.349133 0.169331
v -0.501709 -0.455765 0.424719
v -0.582581 -0.370050 0.260951
v 0.298676 -0.659217 0.296353
v 0.308024 -0.700130 0.082245
v 0.181805 -0.696340 0.307737
v 0.191484 -0.717988 0.074657
v 0.460868 -0.542622 0.365658
v 0.248983 -0.666680 0.419355
v 0.429008 -0.546432 0.486155
v 0.416344 -0.504901 0.051923
v 0.268446 -0.705470 -0.040234
v 0.378134 -0.500676 -0.061570
v 0.531151 -0.455828 0.208636
v 0.458174 -0.414268 -0.006770
v 0.562389 -0.364110 0.155215
v 0.520272 -0.468779 0.436747
v 0.576835 -0.381103 0.258844
v -0.006545 -0.534944 0.829622
v -0.180415 -0.392917 0.890531
v -0.047138 -0.615785 0.783761
v -0.263012 -0.471663 0.813270
v 0.196903 -0.422838 0.924549
v 0.069223 -0.584886 0.740606
v 0.260646 -0.463138 0.814228
v 0.121451 -0.213989 0.999228
v -0.188489 -0.194012 0.973991
v 0.117721 -0.089227 1.018981
v -0.121857 -0.093723 1.038317
v 0.325227 -0.380542 0.901171
v 0.239395 -0.174951 1.013173
v -0.297332 -0.348731 0.877977
v -0.259702 -0.185996 1.041155
v -0.002326 0.672924 0.777922
v -0.169621 0.572965 0.844249
v -0.067241 0.736369 0.698171
v -0.243458 0.638314 0.772600
v 0.165053 0.561058 0.831508
v 0.061174 0.729280 0.691706
v 0.236807 0.622936 0.757463
v 0.104461 0.393901 0.943481
v -0.101534 0.393297 0.939667
v 0.111121 0.279127 0.989084
v -0.109312 0.277396 0.987077
v 0.271310 0.514702 0.816456
v 0.213921 0.342200 0.940852
v -0.274990 0.524014 0.823776
v -0.210718 0.341573 0.937949
v -0.004102 -0.441700 -0.354863
v -0.146610 -0.328540 -0.361671
v -0.067105 -0.509449 -0.288247
v -0.204688 -0.388077 -0.307529
v 0.155561 -0.338596 -0.393356
v 0.060525 -0.507392 -0.283977
v 0.211707 -0.388838 -0.330804
v 0.081800 -0.150177 -0.454357
v -0.087919 -0.162020 -0.478502
v 0.098399 -0.052485 -0.516813
v -0.094070 -0.050922 -0.520692
v 0.241382 -0.283211 -0.372611
v 0.181836 -0.103542 -0.456041
v -0.240660 -0.285099 -0.349928
v -0.177279 -0.106553 -0.455376
v -0.007177 0.737339 -0.451778
v -0.185580 0.608571 -0.498610
v -0.080726 0.808807 -0.372364
v -0.251395 0.669666 -0.410874
v 0.179523 0.595311 -0.495027
v 0.071122 0.824677 -0.393892
v 0.255429 0.658319 -0.409175
v 0.113294 0.407474 -0.622418
v -0.113409 0.415900 -0.621697
v 0.121475 0.292241 -0.668346
v -0.121807 0.296135 -0.657350
v 0.282701 0.539933 -0.461026
v 0.230184 0.357785 -0.619005
v -0.278485 0.537519 -0.455333
v -0.226118 0.358040 -0.619897
v 0.579917 0.248096 -0.233479
v 0.657091 0.181199 -0.068092
v 0.562660 0.352004 -0.194554
v 0.650093 0.283523 -0.020819
v 0.565040 -0.023422 -0.213625
v 0.627869 0.031302 -0.062937
v 0.543807 -0.124492 -0.172212
v 0.636108 -0.061714 -0.013844
v 0.511925 0.113397 -0.299549
v 0.496500 -0.093874 -0.261617
v 0.439987 0.060912 -0.358071
v 0.521229 0.323146 -0.292997
v 0.448208 0.166815 -0.369562
v 0.679672 0.188464 0.036439
v 0.650730 0.021377 0.046429
v 0.621553 0.262698 0.641051
v 0.677512 0.200521 0.472430
v 0.617248 0.374259 0.601262
v 0.676982 0.301997 0.423376
v 0.605533 -0.043294 0.631609
v 0.656270 0.005929 0.468575
v 0.590800 -0.148899 0.581275
v 0.656135 -0.091745 0.419033
v 0.564488 0.105366 0.754734
v 0.541815 -0.116269 0.693365
v 0.497324 0.049127 0.828236
v 0.555657 0.332211 0.702933
v 0.501013 0.166254 0.834348
v 0.695826 0.203249 0.360495
v 0.673087 0.002838 0.360211
v -0.581045 0.251042 -0.223944
v -0.669724 0.187480 -0.070088
v -0.566574 0.348746 -0.186614
v -0.661652 0.282213 -0.022592
v -0.555710 -0.032833 -0.205749
v -0.661482 0.022521 -0.064000
v -0.536346 -0.129093 -0.160533
v -0.654513 -0.082653 -0.013390
v -0.517215 0.106374 -0.308484
v -0.482173 -0.094638 -0.250704
v -0.438941 0.055507 -0.352540
v -0.518365 0.317217 -0.283446
v -0.439100 0.159280 -0.360556
v -0.703907 0.193403 0.032234
v -0.700654 0.011469 0.034504
v -0.652645 0.269950 0.659371
v -0.707247 0.206219 0.484846
v -0.636606 0.383156 0.610587
v -0.708491 0.310849 0.439326
v -0.616890 -0.050822 0.635260
v -0.701260 0.011592 0.473268
v -0.603130 -0.165903 0.592651
v -0.683871 -0.093251 0.418813
v -0.576218 0.110891 0.767567
v -0.544313 -0.125080 0.694760
v -0.498360 0.049802 0.832227
v -0.570709 0.340902 0.714021
v -0.509872 0.169303 0.846047
v -0.727111 0.206776 0.373754
v -0.722356 0.003815 0.362071
v -0.001218 0.887258 0.414914
v -0.065711 0.844745 0.514087
v 0.007633 0.894072 -0.038499
v -0.070682 0.887141 -0.173405
v 0.063325 0.842662 0.516306
v 0.093529 0.896784 -0.166985
v -0.421532 0.640115 0.656389
v -0.524362 0.570959 0.611351
v -0.450828 0.523632 0.707619
v -0.417074 0.641697 -0.285981
v -0.473148 0.539641 -0.202015
v -0.420492 0.503877 -0.296712
v -0.667475 0.398027 0.147314
v -0.688257 0.411544 0.260425
v -0.716415 0.307835 0.197844
v 0.404421 0.614418 0.639140
v 0.506458 0.549533 0.600348
v 0.441058 0.508581 0.696440
v 0.405907 0.651044 -0.269722
v 0.467370 0.540785 -0.202216
v 0.421679 0.508743 -0.306619
v 0.647154 0.394397 0.147717
v 0.657446 0.403758 0.259452
v 0.677362 0.299098 0.199202
v 0.001032 -0.730932 0.438778
v -0.064165 -0.688154 0.539036
v 0.001921 -0.647833 -0.014996
v -0.067056 -0.625050 -0.117154
v 0.071512 -0.720048 0.555472
v 0.070292 -0.623424 -0.115270
v -0.405916 -0.417181 0.651545
v -0.500255 -0.341885 0.600596
v -0.443449 -0.314382 0.708880
v -0.347488 -0.361833 -0.216186
v -0.431136 -0.284878 -0.160405
v -0.378698 -0.258130 -0.254654
v -0.649073 -0.193461 0.146412
v -0.666061 -0.202714 0.251985
v -0.694108 -0.096097 0.195764
v 0.420466 -0.436719 0.660539
v 0.488914 -0.340841 0.590200
v 0.441719 -0.314671 0.710227
v 0.359282 -0.372155 -0.218283
v 0.442427 -0.297500 -0.174835
v 0.386447 -0.263850 -0.260748
v 0.640775 -0.178591 0.151599
v 0.657318 -0.187826 0.260924
v 0.664970 -0.085520 0.202624
v 0.230178 0.104999 1.021557
v 0.338561 0.041185 0.976480
v -0.228776 0.103852 1.012485
v -0.333450 0.040134 0.969056
v 0.337654 0.165235 0.966514
v -0.333587 0.166894 0.965478
v 0.202845 0.121803 -0.552696
v 0.281252 0.059471 -0.474110
v -0.201357 0.120959 -0.547342
v -0.279204 0.065972 -0.459986
v 0.290429 0.174017 -0.513581
v -0.282730 0.183954 -0.495153
v -0.384815 0.799641 0.189848
v -0.407874 0.783426 0.230651
v -0.410594 0.787709 0.146900
v -0.450898 0.763433 0.164441
v -0.449725 0.760626 0.214832
v 0.396400 0.826598 0.192635
v 0.422342 0.811045 0.230564
v 0.420102 0.807989 0.153107
v 0.460042 0.783028 0.168688
v 0.460340 0.783230 0.215906
v -0.378931 -0.609547 0.196707
v -0.404069 -0.591044 0.237637
v -0.392308 -0.584156 0.161635
v -0.428361 -0.548334 0.179812
v -0.437031 -0.556813 0.224442
v 0.391215 -0.635745 0.197073
v 0.415411 -0.604011 0.234081
v 0.401242 -0.605876 0.165235
v 0.438400 -0.562632 0.181728
v 0.446302 -0.564353 0.225046
v -0.025300 -0.383808 0.905653
v 0.029229 -0.391090 0.909029
v -0.000825 -0.303439 0.939086
v 0.044097 -0.338071 0.928143
v -0.045775 -0.336912 0.933188
v -0.025010 0.560705 0.866156
v 0.023307 0.560766 0.865106
v -0.000621 0.494662 0.904910
v 0.038980 0.518695 0.887773
v -0.040101 0.521780 0.891776
v -0.018559 -0.325546 -0.424356
v 0.018087 -0.328756 -0.431199
v -0.003221 -0.268127 -0.472875
v 0.028037 -0.286615 -0.444412
v -0.030308 -0.284024 -0.438958
v -0.034612 0.611308 -0.548787
v 0.026297 0.601722 -0.540903
v -0.000460 0.526270 -0.579990
v 0.047244 0.554132 -0.563877
v -0.051226 0.560587 -0.570910
v 0.610567 0.130494 -0.177055
v 0.601936 0.075723 -0.171470
v 0.589096 0.086794 -0.208665
v 0.593784 0.122721 -0.213682
v 0.614352 0.103748 -0.151591
v 0.631629 0.140628 0.592674
v 0.628835 0.070083 0.588680
v 0.617482 0.084750 0.629482
v 0.617995 0.127024 0.631148
v 0.637365 0.104546 0.566466
v -0.632418 0.143233 -0.182307
v -0.623749 0.079497 -0.177281
v -0.601671 0.091531 -0.214080
v -0.605985 0.130347 -0.214583
v -0.646385 0.113309 -0.160164
v -0.684302 0.145833 0.606048
v -0.681913 0.071583 0.602065
v -0.662690 0.086854 0.643837
v -0.671126 0.131728 0.650407
v -0.694663 0.108485 0.579179
v -0.058174 0.909180 0.192083
v 0.059734 0.927802 0.191835
v -0.029255 0.910366 0.248405
v -0.028163 0.920910 0.135146
v 0.030180 0.921061 0.248050
v 0.030748 0.926189 0.134781
v -0.284506 0.784058 0.555597
v -0.228882 0.747988 0.655852
v -0.223708 0.794328 0.557358
v -0.313031 0.746338 0.595603
v -0.196018 0.777860 0.607603
v -0.284019 0.728059 0.644678
v -0.275465 0.790043 -0.182357
v -0.226676 0.767358 -0.282705
v -0.196703 0.814237 -0.185803
v -0.323468 0.758145 -0.229542
v -0.189046 0.795936 -0.230406
v -0.290884 0.744190 -0.278407
v -0.565519 0.519737 0.003309
v -0.594477 0.416894 -0.050852
v -0.548588 0.511783 -0.054711
v -0.593597 0.475660 0.034218
v -0.561741 0.460256 -0.081333
v -0.607423 0.424755 0.005191
v -0.626316 0.555270 0.415782
v -0.662715 0.456584 0.473587
v -0.612274 0.551485 0.473263
v -0.652654 0.509381 0.384082
v -0.629847 0.500712 0.500455
v -0.670048 0.459848 0.414601
v 0.277448 0.778163 0.553836
v 0.218154 0.738707 0.642847
v 0.219974 0.800468 0.561365
v 0.188611 0.777973 0.605142
v 0.309074 0.744212 0.593774
v 0.278263 0.723115 0.637522
v 0.261270 0.782148 -0.172805
v 0.244088 0.789526 -0.299401
v 0.236147 0.823154 -0.196508
v 0.206772 0.825113 -0.241253
v 0.319471 0.764813 -0.231541
v 0.298224 0.759153 -0.288104
v 0.558138 0.511925 0.006761
v 0.592773 0.417873 -0.055025
v 0.538056 0.504922 -0.053333
v 0.592126 0.474675 0.034893
v 0.555923 0.456929 -0.083222
v 0.609315 0.427194 0.004563
v 0.612941 0.543090 0.405265
v 0.647402 0.447155 0.463284
v 0.599991 0.536139 0.465039
v 0.643242 0.501969 0.376665
v 0.621158 0.489334 0.495733
v 0.658749 0.452999 0.403552
v -0.058568 -0.712006 0.197125
v 0.060989 -0.717233 0.195007
v -0.026404 -0.720540 0.258210
v -0.029601 -0.708857 0.138457
v 0.030223 -0.724102 0.255661
v 0.032314 -0.708585 0.138821
v -0.284301 -0.585781 0.558619
v -0.218451 -0.621391 0.759859
v -0.230286 -0.618784 0.572519
v -0.310809 -0.549214 0.608836
v -0.210595 -0.627745 0.648668
v -0.303500 -0.565143 0.691073
v -0.259757 -0.563168 -0.148382
v -0.203915 -0.518640 -0.244508
v -0.215490 -0.594059 -0.162700
v -0.271164 -0.505919 -0.179440
v -0.184939 -0.562901 -0.206836
v -0.242373 -0.488630 -0.229010
v -0.550025 -0.287267 0.023050
v -0.575336 -0.201158 -0.032741
v -0.524537 -0.274392 -0.029799
v -0.582434 -0.255269 0.048321
v -0.537847 -0.231770 -0.055994
v -0.600715 -0.213778 0.017661
v -0.601508 -0.334332 0.398003
v -0.630873 -0.240457 0.457566
v -0.583578 -0.327826 0.458528
v -0.635256 -0.295844 0.368873
v -0.600137 -0.280070 0.488635
v -0.646368 -0.246210 0.398214
v 0.304212 -0.636201 0.591585
v 0.242033 -0.596630 0.689622
v 0.240041 -0.658729 0.596409
v 0.210265 -0.646915 0.649901
v 0.342076 -0.624507 0.654617
v 0.315623 -0.589469 0.692304
v 0.267175 -0.571559 -0.154042
v 0.207066 -0.513715 -0.237336
v 0.217692 -0.596724 -0.165013
v 0.184800 -0.560724 -0.202544
v 0.283687 -0.517849 -0.186985
v 0.258906 -0.495092 -0.233602
v 0.544724 -0.294585 0.014569
v 0.566225 -0.195804 -0.039954
v 0.525767 -0.284280 -0.042516
v 0.578649 -0.259046 0.039911
v 0.535200 -0.235162 -0.068506
v 0.588017 -0.208054 0.012987
v 0.583330 -0.327057 0.397779
v 0.624157 -0.226729 0.452798
v 0.571012 -0.319833 0.450394
v 0.611781 -0.280739 0.370204
v 0.587795 -0.267984 0.474969
v 0.632575 -0.231204 0.399186
v 0.000131 0.041658 1.043390
v 0.000702 0.162892 1.046350
v 0.058236 0.074579 1.049352
v -0.057780 0.072485 1.045122
v 0.058415 0.135788 1.054523
v -0.057142 0.135450 1.051423
v 0.347158 -0.212417 0.902423
v 0.436413 -0.113223 0.826174
v 0.381440 -0.232917 0.848295
v 0.427700 -0.181155 0.811500
v 0.362509 -0.133148 0.912794
v 0.401348 -0.087749 0.874445
v -0.356177 -0.194268 0.896731
v -0.436820 -0.111144 0.823930
v -0.394031 -0.215172 0.842993
v -0.427871 -0.174273 0.804293
v -0.359713 -0.126711 0.908541
v -0.402088 -0.084809 0.873104
v 0.353108 0.377006 0.863023
v 0.449701 0.316296 0.828089
v 0.389792 0.404756 0.822158
v 0.437432 0.374879 0.803794
v 0.363986 0.318360 0.887118
v 0.413135 0.287782 0.869718
v -0.350042 0.376844 0.859859
v -0.449761 0.317653 0.827860
v -0.387737 0.406579 0.818877
v -0.437832 0.376510 0.801391
v -0.362310 0.318395 0.887272
v -0.413000 0.288471 0.872792
v 0.001791 0.058211 -0.573687
v -0.002466 0.170720 -0.634890
v 0.053001 0.084713 -0.587136
v -0.049731 0.087233 -0.583681
v 0.055148 0.143790 -0.611091
v -0.053606 0.145821 -0.613364
v 0.304102 -0.138540 -0.396902
v 0.388555 -0.076886 -0.360605
v 0.337508 -0.164752 -0.361537
v 0.380968 -0.133056 -0.342797
v 0.314406 -0.081906 -0.417042
v 0.354885 -0.051563 -0.400409
v -0.304835 -0.141941 -0.380019
v -0.392935 -0.085087 -0.352473
v -0.341017 -0.170273 -0.350646
v -0.385936 -0.142601 -0.336280
v -0.313430 -0.084560 -0.394117
v -0.358620 -0.056141 -0.381612
v 0.327182 0.378292 -0.458115
v 0.419830 0.311801 -0.400458
v 0.369914 0.404959 -0.417079
v 0.416573 0.370620 -0.389046
v 0.327246 0.311173 -0.468331
v 0.374339 0.282960 -0.438448
v -0.331639 0.374649 -0.468681
v -0.401770 0.302210 -0.389499
v -0.359643 0.394231 -0.407389
v -0.397782 0.359080 -0.374642
v -0.337897 0.315920 -0.485297
v -0.364840 0.279230 -0.434794
v 0.690739 0.101577 0.136142
v 0.699417 0.101885 0.245411
v 0.700003 0.151017 0.162206
v 0.706039 0.153232 0.218671
v 0.681211 0.054310 0.163476
v 0.687876 0.053280 0.218793
v -0.735885 0.101723 0.136449
v -0.738024 0.100649 0.250561
v -0.740598 0.150912 0.162739
v -0.737835 0.151883 0.221385
v -0.734439 0.054658 0.165894
v -0.734100 0.051883 0.220756
v -0.285393 0.851221 0.195051
v -0.174007 0.883479 0.193718
v -0.258882 0.855682 0.249372
v -0.262116 0.860584 0.138311
v -0.202474 0.873214 0.250355
v -0.205579 0.877644 0.136391
v -0.371873 0.790967 0.339369
v -0.330438 0.795924 0.453684
v -0.318149 0.819059 0.352440
v -0.405476 0.765501 0.383795
v -0.296400 0.822754 0.408704
v -0.386775 0.767701 0.444225
v -0.378231 0.802825 0.037156
v -0.335508 0.808398 -0.067122
v -0.330170 0.837334 0.032159
v -0.400261 0.771581 0.004734
v -0.306225 0.840451 -0.024393
v -0.383195 0.771091 -0.049214
v -0.495239 0.704241 0.114330
v -0.531296 0.617165 0.060564
v -0.476742 0.705020 0.057735
v -0.532431 0.668061 0.146379
v -0.496925 0.659214 0.030423
v -0.549801 0.624345 0.118751
v -0.519693 0.706625 0.282927
v -0.579639 0.639743 0.351420
v -0.509053 0.707349 0.344528
v -0.555925 0.675369 0.258285
v -0.539585 0.675373 0.380342
v -0.586768 0.639577 0.289595
v 0.289289 0.874902 0.189251
v 0.178044 0.903761 0.188387
v 0.262002 0.874114 0.240095
v 0.266403 0.888682 0.137496
v 0.205383 0.886475 0.242452
v 0.210428 0.908289 0.134450
v 0.377792 0.806660 0.331370
v 0.328324 0.794415 0.442763
v 0.323608 0.832497 0.342221
v 0.407165 0.773749 0.372506
v 0.298012 0.825821 0.397348
v 0.383035 0.767171 0.429012
v 0.381746 0.815362 0.048059
v 0.329156 0.813858 -0.068829
v 0.325450 0.842782 0.037021
v 0.409857 0.783799 0.004629
v 0.301574 0.850554 -0.024072
v 0.384484 0.779101 -0.054279
v 0.496687 0.699727 0.115268
v 0.523977 0.605198 0.063684
v 0.477327 0.695767 0.058888
v 0.526876 0.658316 0.146384
v 0.490744 0.647412 0.031455
v 0.540266 0.611088 0.121664
v 0.525061 0.715179 0.279456
v 0.572277 0.633743 0.343432
v 0.511013 0.714109 0.335149
v 0.544308 0.668167 0.256586
v 0.534903 0.672528 0.369586
v 0.566006 0.626399 0.288374
v -0.294082 -0.673554 0.190013
v -0.181993 -0.700485 0.192095
v -0.266283 -0.669955 0.246765
v -0.275830 -0.701963 0.130149
v -0.208114 -0.685637 0.248692
v -0.218512 -0.710264 0.131731
v -0.380674 -0.612409 0.347132
v -0.338826 -0.608208 0.455054
v -0.327623 -0.631835 0.356089
v -0.412332 -0.582100 0.387999
v -0.305274 -0.632175 0.410311
v -0.394787 -0.581940 0.448559
v -0.367054 -0.607474 0.052517
v -0.343630 -0.615461 -0.069242
v -0.341916 -0.671674 0.022642
v -0.385617 -0.560186 0.021131
v -0.327462 -0.677156 -0.031597
v -0.369701 -0.558502 -0.035312
v -0.481923 -0.472433 0.130773
v -0.520706 -0.375472 0.078480
v -0.461000 -0.466108 0.076342
v -0.520593 -0.434026 0.161612
v -0.480700 -0.415249 0.048815
v -0.536844 -0.385803 0.137595
v -0.510921 -0.495775 0.284768
v -0.557911 -0.417745 0.337476
v -0.503354 -0.505030 0.335650
v -0.534059 -0.448731 0.259022
v -0.526787 -0.463609 0.366778
v -0.559237 -0.409787 0.285303
v 0.305128 -0.691002 0.184998
v 0.181367 -0.694449 0.187593
v 0.271470 -0.679327 0.242094
v 0.277496 -0.712432 0.130748
v 0.211461 -0.690526 0.245712
v 0.217897 -0.704564 0.127915
v 0.383716 -0.609518 0.341776
v 0.342017 -0.612666 0.458910
v 0.329228 -0.635134 0.349261
v 0.417349 -0.581919 0.385988
v 0.306029 -0.637675 0.409078
v 0.396166 -0.580295 0.444463
v 0.363979 -0.607071 0.060989
v 0.347440 -0.616118 -0.070241
v 0.334337 -0.662508 0.037540
v 0.380338 -0.553745 0.024769
v 0.337274 -0.675648 -0.032254
v 0.368119 -0.556747 -0.034442
v 0.478450 -0.471797 0.132788
v 0.513156 -0.383575 0.076045
v 0.457035 -0.462925 0.080567
v 0.519542 -0.441562 0.158480
v 0.474534 -0.414772 0.056667
v 0.532782 -0.397046 0.129739
v 0.508496 -0.498241 0.285131
v 0.552042 -0.425892 0.344313
v 0.500803 -0.503231 0.341982
v 0.536017 -0.463244 0.261419
v 0.529588 -0.469149 0.375878
v 0.556161 -0.423661 0.287693
v -0.097127 -0.466751 0.853458
v -0.179964 -0.594230 0.835175
v -0.068007 -0.522307 0.828704
v -0.159653 -0.448585 0.851396
v -0.096690 -0.573810 0.814275
v -0.203528 -0.500401 0.825212
v 0.213191 -0.655728 0.982549
v 0.170751 -0.532056 0.776589
v 0.074691 -0.561151 0.852623
v 0.230044 -0.480108 0.896587
v 0.100913 -0.549831 0.783170
v 0.206283 -0.485324 0.822700
v -0.010287 -0.199096 0.990682
v -0.003489 -0.084899 1.024982
v 0.056745 -0.172377 0.999441
v -0.083923 -0.174548 1.005977
v 0.056617 -0.116007 1.015721
v -0.067792 -0.118521 1.027194
v 0.173833 -0.404127 1.071411
v 0.267178 -0.263763 0.923983
v 0.212548 -0.383694 0.966793
v 0.178322 -0.278104 1.014167
v 0.277183 -0.362515 0.945746
v 0.247457 -0.262936 1.046824
v -0.166690 -0.311178 0.972203
v -0.309925 -0.278742 0.993096
v -0.207024 -0.348688 0.944238
v -0.208333 -0.245254 0.983653
v -0.272374 -0.328701 0.941408
v -0.275545 -0.246790 1.015044
v -0.090045 0.633083 0.813990
v -0.159959 0.697630 0.741497
v -0.063939 0.677051 0.782126
v -0.147854 0.620033 0.811782
v -0.097340 0.707057 0.742483
v -0.184098 0.653138 0.776756
v 0.086541 0.625634 0.808279
v 0.153266 0.682413 0.727231
v 0.058430 0.665183 0.774136
v 0.146420 0.610778 0.803253
v 0.091426 0.692665 0.731309
v 0.179587 0.639867 0.765115
v 0.000930 0.390854 0.950752
v 0.000886 0.276404 0.997982
v 0.053601 0.363736 0.960986
v -0.051528 0.363269 0.958689
v 0.055378 0.306387 0.984739
v -0.054081 0.305978 0.983807
v 0.141374 0.478583 0.891208
v 0.250698 0.432512 0.887271
v 0.182030 0.509249 0.860354
v 0.153119 0.424994 0.921070
v 0.238021 0.487448 0.857027
v 0.207484 0.400165 0.918287
v -0.141090 0.481806 0.895434
v -0.248175 0.432990 0.884767
v -0.184286 0.515656 0.868285
v -0.149698 0.425580 0.918323
v -0.237827 0.491950 0.861497
v -0.203744 0.400482 0.914669
v -0.085094 -0.397313 -0.370823
v -0.150008 -0.459060 -0.305277
v -0.064609 -0.439945 -0.348597
v -0.131344 -0.379734 -0.346087
v -0.093011 -0.467893 -0.312798
v -0.160497 -0.409466 -0.314478
v 0.089012 -0.406930 -0.395060
v 0.145831 -0.457425 -0.315608
v 0.059241 -0.441017 -0.359045
v 0.141335 -0.391688 -0.383841
v 0.089447 -0.469883 -0.320700
v 0.166140 -0.412968 -0.344413
v 0.001556 -0.162353 -0.499646
v 0.001754 -0.050505 -0.527146
v 0.044092 -0.130811 -0.491760
v -0.042121 -0.132667 -0.496917
v 0.048243 -0.077325 -0.512758
v -0.044365 -0.077582 -0.513593
v 0.135800 -0.249881 -0.454473
v 0.217952 -0.191006 -0.409254
v 0.168949 -0.282169 -0.417117
v 0.131465 -0.186172 -0.448012
v 0.210383 -0.252203 -0.400070
v 0.179535 -0.156627 -0.432698
v -0.123365 -0.247858 -0.429386
v -0.217374 -0.198858 -0.408189
v -0.162263 -0.280485 -0.390910
v -0.130344 -0.192257 -0.454264
v -0.207488 -0.255291 -0.379449
v -0.175171 -0.165639 -0.440426
v -0.088710 0.721314 -0.471110
v -0.174666 0.760178 -0.404004
v -0.070748 0.766486 -0.464629
v -0.162933 0.682442 -0.475673
v -0.111062 0.785732 -0.420378
v -0.215979 0.720341 -0.448109
v 0.091336 0.657859 -0.458589
v 0.182816 0.741939 -0.388936
v 0.062607 0.714234 -0.435541
v 0.155549 0.640628 -0.452372
v 0.108372 0.758486 -0.401434
v 0.197385 0.678297 -0.414930
v 0.001036 0.408331 -0.633145
v -0.000732 0.294581 -0.647654
v 0.062065 0.374564 -0.646397
v -0.060012 0.381127 -0.662875
v 0.061912 0.321225 -0.666274
v -0.061302 0.323033 -0.660240
v 0.153587 0.503262 -0.559961
v 0.264290 0.449555 -0.539541
v 0.196684 0.541142 -0.523775
v 0.161383 0.438313 -0.583639
v 0.247693 0.511328 -0.508019
v 0.220137 0.414505 -0.579714
v -0.152581 0.508939 -0.557455
v -0.257511 0.450940 -0.537862
v -0.199749 0.543861 -0.526355
v -0.162342 0.448914 -0.589240
v -0.251699 0.514099 -0.513487
v -0.217659 0.422560 -0.586433
v 0.622820 0.219125 -0.149536
v 0.614658 0.324668 -0.107152
v 0.598205 0.259213 -0.180655
v 0.642409 0.226977 -0.098105
v 0.589540 0.311605 -0.159432
v 0.636505 0.278523 -0.075695
v 0.600883 0.002891 -0.140234
v 0.590725 -0.095175 -0.093689
v 0.581820 -0.036087 -0.168470
v 0.617816 -0.001626 -0.092288
v 0.572924 -0.085716 -0.145941
v 0.616203 -0.052763 -0.067010
v 0.545811 0.039641 -0.263921
v 0.474048 -0.015989 -0.317337
v 0.541958 -0.008110 -0.252268
v 0.516021 0.063634 -0.301443
v 0.507175 -0.039350 -0.279119
v 0.479328 0.037226 -0.327846
v 0.553341 0.189381 -0.276698
v 0.492574 0.250978 -0.340822
v 0.557786 0.235539 -0.278263
v 0.510123 0.167317 -0.297992
v 0.527766 0.271383 -0.309269
v 0.483521 0.194796 -0.337670
v 0.637515 0.102944 -0.062113
v 0.668442 0.098776 0.041856
v 0.656117 0.141133 -0.038661
v 0.637193 0.067102 -0.034726
v 0.669444 0.138562 0.015010
v 0.648832 0.062057 0.017533
v 0.651846 0.239989 0.556417
v 0.659162 0.347983 0.513566
v 0.641767 0.284047 0.588562
v 0.666286 0.247165 0.503641
v 0.646759 0.338528 0.568561
v 0.669382 0.300189 0.479961
v 0.635777 -0.024329 0.548234
v 0.643059 -0.127144 0.498216
v 0.623233 -0.061131 0.577073
v 0.646735 -0.035498 0.495715
v 0.620532 -0.112998 0.552778
v 0.649521 -0.084841 0.472660
v 0.589765 0.029754 0.699353
v 0.526707 -0.037526 0.767531
v 0.585779 -0.024644 0.683998
v 0.563339 0.053275 0.748344
v 0.555759 -0.060525 0.717934
v 0.531799 0.024101 0.783625
v 0.596039 0.182385 0.707742
v 0.535246 0.249955 0.778820
v 0.598270 0.240216 0.693315
v 0.566585 0.160181 0.756607
v 0.565417 0.275144 0.726774
v 0.539306 0.190096 0.796655
v 0.669208 0.101451 0.467945
v 0.691907 0.100207 0.358231
v 0.681269 0.150759 0.442005
v 0.668467 0.052566 0.441041
v 0.694082 0.152262 0.387387
v 0.677509 0.051432 0.386674
v -0.627883 0.221376 -0.148778
v -0.617859 0.317839 -0.105105
v -0.603079 0.260982 -0.176971
v -0.650157 0.227372 -0.099605
v -0.598978 0.310150 -0.158709
v -0.646744 0.276490 -0.077028
v -0.614109 -0.011934 -0.137577
v -0.598774 -0.112513 -0.087417
v -0.584093 -0.048962 -0.163652
v -0.634638 -0.020387 -0.087878
v -0.573646 -0.096518 -0.137549
v -0.629469 -0.072401 -0.062588
v -0.541636 0.035230 -0.269306
v -0.470674 -0.025567 -0.313226
v -0.532971 -0.017607 -0.252620
v -0.517009 0.056510 -0.304791
v -0.498295 -0.048111 -0.275267
v -0.476806 0.028572 -0.324144
v -0.548922 0.179579 -0.272246
v -0.481555 0.236747 -0.330292
v -0.553182 0.231439 -0.267478
v -0.515271 0.155087 -0.306529
v -0.519391 0.261574 -0.295297
v -0.478990 0.183228 -0.333430
v -0.679196 0.108257 -0.066638
v -0.721417 0.103527 0.029153
v -0.686660 0.146619 -0.044276
v -0.687387 0.066262 -0.041110
v -0.707043 0.146126 0.005685
v -0.710329 0.061544 0.006421
v -0.690312 0.245870 0.567795
v -0.685270 0.354772 0.524743
v -0.675309 0.288106 0.603272
v -0.699263 0.253730 0.516316
v -0.671104 0.343752 0.578944
v -0.694851 0.307742 0.493516
v -0.665504 -0.025563 0.555964
v -0.652860 -0.136902 0.508702
v -0.642223 -0.067930 0.584776
v -0.678919 -0.033977 0.502013
v -0.633558 -0.123337 0.562524
v -0.671646 -0.087723 0.476491
v -0.597451 0.028439 0.703020
v -0.520958 -0.039550 0.764477
v -0.588500 -0.028887 0.684268
v -0.569117 0.053898 0.752056
v -0.550887 -0.064637 0.714589
v -0.528969 0.021559 0.782513
v -0.618083 0.191686 0.726434
v -0.543108 0.255664 0.785462
v -0.617695 0.248003 0.708867
v -0.579318 0.168721 0.767822
v -0.578838 0.281899 0.738071
v -0.546846 0.198788 0.804382
v -0.714724 0.108852 0.475484
v -0.726142 0.103196 0.364882
v -0.716312 0.157342 0.453124
v -0.716161 0.059113 0.445957
v -0.722392 0.155867 0.397374
v -0.721963 0.054940 0.390606
v -0.090912 0.890536 0.361700
v -0.156979 0.855417 0.464542
v -0.149738 0.878378 0.361100
v -0.183473 0.866439 0.414999
v -0.063604 0.888093 0.416084
v -0.095436 0.864837 0.466315
v -0.093619 0.905150 0.010787
v -0.177911 0.924975 -0.170941
v -0.156398 0.898905 0.009885
v -0.193555 0.896394 -0.063316
v -0.064217 0.903764 -0.048788
v -0.107066 0.921430 -0.144728
v 0.088522 0.885278 0.357415
v 0.152303 0.844227 0.464023
v 0.148214 0.871589 0.355443
v 0.180537 0.852221 0.408563
v 0.059211 0.877565 0.413901
v 0.091889 0.856770 0.466136
v 0.104001 0.911267 0.008066
v 0.198138 0.920728 -0.205457
v 0.167757 0.923866 0.006586
v 0.198342 0.906116 -0.071960
v 0.075322 0.916343 -0.056034
v 0.105487 0.932728 -0.156007
v -0.427324 0.697200 0.568965
v -0.536311 0.634489 0.525892
v -0.456565 0.709556 0.518538
v -0.511204 0.675228 0.499095
v -0.450909 0.655629 0.601359
v -0.507519 0.623952 0.581706
v -0.067285 0.794236 0.609268
v 0.063553 0.794362 0.607559
v -0.035529 0.770323 0.654364
v 0.030381 0.765299 0.651331
v -0.033852 0.823061 0.562836
v 0.031594 0.823816 0.563220
v -0.334439 0.644561 0.720640
v -0.363737 0.527619 0.770061
v -0.297207 0.614431 0.761429
v -0.312218 0.555242 0.784929
v -0.387257 0.615470 0.703536
v -0.401829 0.557026 0.728818
v -0.463086 0.746856 -0.210988
v -0.480054 0.603068 -0.121835
v -0.447214 0.710388 -0.129575
v -0.461520 0.651117 -0.093289
v -0.451327 0.660586 -0.228927
v -0.463335 0.599229 -0.183133
v -0.071066 0.828981 -0.239791
v 0.074266 0.844489 -0.256309
v -0.044862 0.826010 -0.316225
v 0.025081 0.837816 -0.332227
v -0.032347 0.850992 -0.191466
v 0.044753 0.852229 -0.195307
v -0.325721 0.655919 -0.344619
v -0.336579 0.510344 -0.350047
v -0.288229 0.626786 -0.374909
v -0.300042 0.557215 -0.392270
v -0.372375 0.615520 -0.320186
v -0.375139 0.542730 -0.318249
v -0.630321 0.494086 0.148359
v -0.650234 0.507537 0.263273
v -0.617042 0.545941 0.177413
v -0.626906 0.553629 0.233776
v -0.655620 0.449961 0.176467
v -0.664838 0.456178 0.233764
v -0.522176 0.438830 -0.193117
v -0.471167 0.406892 -0.290392
v -0.538268 0.388650 -0.218179
v -0.510496 0.371887 -0.265713
v -0.487661 0.481317 -0.223469
v -0.464579 0.465642 -0.274277
v -0.658500 0.336593 0.064868
v -0.714238 0.248629 0.111779
v -0.670386 0.286271 0.035630
v -0.694536 0.242729 0.060222
v -0.677427 0.345430 0.118754
v -0.706720 0.300840 0.142575
v -0.580606 0.475687 0.609747
v -0.511407 0.430898 0.710243
v -0.592271 0.419019 0.636858
v -0.558815 0.397780 0.688209
v -0.535219 0.512468 0.636132
v -0.499447 0.489535 0.685223
v -0.704667 0.361769 0.351121
v -0.724926 0.257785 0.285802
v -0.713808 0.310648 0.380027
v -0.725515 0.258354 0.348655
v -0.703391 0.361265 0.289447
v -0.716116 0.309783 0.257416
v 0.417040 0.684703 0.565161
v 0.515948 0.613609 0.521861
v 0.441185 0.692397 0.508925
v 0.492449 0.659268 0.488577
v 0.438693 0.636563 0.595975
v 0.488102 0.600195 0.572622
v 0.318101 0.620696 0.697689
v 0.355425 0.513425 0.759699
v 0.286225 0.595754 0.742879
v 0.304807 0.541877 0.773576
v 0.371080 0.592191 0.683492
v 0.389270 0.538858 0.713426
v 0.466112 0.724104 -0.220769
v 0.473687 0.599866 -0.122417
v 0.439675 0.697690 -0.134461
v 0.457710 0.647943 -0.095923
v 0.449246 0.658481 -0.227167
v 0.458054 0.602158 -0.183734
v 0.330461 0.662640 -0.341844
v 0.357417 0.528210 -0.384741
v 0.305121 0.631589 -0.392335
v 0.313251 0.565046 -0.407262
v 0.371094 0.624268 -0.314841
v 0.382318 0.553258 -0.335172
v 0.616094 0.490655 0.149150
v 0.625199 0.499323 0.262643
v 0.598992 0.537081 0.178606
v 0.601245 0.542315 0.235629
v 0.636785 0.446584 0.176185
v 0.639353 0.450170 0.233428
v 0.522317 0.439905 -0.203092
v 0.479536 0.410973 -0.304535
v 0.536524 0.390052 -0.227346
v 0.514994 0.375303 -0.278376
v 0.482663 0.481353 -0.227606
v 0.463522 0.464628 -0.280644
v 0.651850 0.340494 0.062638
v 0.681889 0.243382 0.114920
v 0.660699 0.287903 0.034802
v 0.677911 0.239693 0.061945
v 0.658153 0.344405 0.118799
v 0.674461 0.295009 0.143634
v 0.568222 0.464759 0.603346
v 0.501386 0.422370 0.702006
v 0.579028 0.410252 0.628847
v 0.547572 0.390352 0.679890
v 0.522147 0.498600 0.627057
v 0.489149 0.477912 0.675726
v 0.675060 0.355269 0.340003
v 0.695228 0.253631 0.278348
v 0.681628 0.303501 0.366152
v 0.691365 0.253911 0.334806
v 0.675745 0.355439 0.284451
v 0.685339 0.302705 0.253760
v -0.086921 -0.707900 0.371758
v -0.156495 -0.668226 0.470941
v -0.146811 -0.686096 0.364869
v -0.182224 -0.668087 0.415301
v -0.062972 -0.730330 0.433729
v -0.091361 -0.692400 0.479078
v -0.103103 -0.672950 0.031643
v -0.164848 -0.667340 -0.078991
v -0.160812 -0.705755 0.022490
v -0.193252 -0.708120 -0.034694
v -0.070034 -0.642508 -0.012580
v -0.100052 -0.647069 -0.070258
v 0.091601 -0.722155 0.375605
v 0.165473 -0.702559 0.489890
v 0.154400 -0.701309 0.369329
v 0.189339 -0.691334 0.426724
v 0.062785 -0.742366 0.441081
v 0.109914 -0.766616 0.505562
v 0.105356 -0.670449 0.032925
v 0.176347 -0.663581 -0.075782
v 0.167240 -0.703354 0.022245
v 0.206357 -0.706002 -0.037131
v 0.072189 -0.652244 -0.018106
v 0.105145 -0.646316 -0.069371
v -0.413765 -0.480418 0.563891
v -0.502607 -0.399863 0.513069
v -0.441329 -0.492670 0.511322
v -0.482673 -0.450157 0.483394
v -0.432424 -0.428317 0.594400
v -0.480027 -0.390394 0.570000
v -0.069083 -0.645877 0.647582
v 0.072097 -0.652763 0.650502
v -0.030496 -0.627014 0.704243
v 0.036730 -0.620881 0.697962
v -0.032231 -0.672902 0.596108
v 0.035364 -0.684243 0.601939
v -0.338711 -0.448397 0.734565
v -0.371925 -0.333974 0.795515
v -0.310045 -0.431043 0.789842
v -0.325954 -0.370771 0.820667
v -0.380338 -0.405113 0.707966
v -0.398945 -0.352097 0.738124
v -0.356453 -0.425728 -0.136058
v -0.441736 -0.345366 -0.083139
v -0.384164 -0.438723 -0.083946
v -0.425323 -0.394899 -0.056660
v -0.374701 -0.373846 -0.164949
v -0.414806 -0.333960 -0.137050
v -0.065797 -0.570526 -0.206286
v 0.066671 -0.572734 -0.203959
v -0.032301 -0.544239 -0.251017
v 0.033145 -0.545175 -0.249034
v -0.032542 -0.599750 -0.161600
v 0.036030 -0.600509 -0.160656
v -0.277450 -0.383985 -0.280944
v -0.311302 -0.276802 -0.314262
v -0.251000 -0.364988 -0.310332
v -0.267432 -0.309706 -0.326707
v -0.322370 -0.347865 -0.260465
v -0.336951 -0.293720 -0.278872
v -0.604776 -0.276572 0.156434
v -0.630686 -0.298598 0.257247
v -0.584166 -0.315734 0.188394
v -0.600812 -0.329492 0.237869
v -0.631904 -0.240044 0.177401
v -0.646079 -0.252384 0.227202
v -0.483659 -0.204400 -0.157152
v -0.435270 -0.175728 -0.251837
v -0.496124 -0.158539 -0.181143
v -0.469270 -0.142474 -0.227312
v -0.444397 -0.236799 -0.181867
v -0.419414 -0.222629 -0.229797
v -0.656482 -0.139669 0.063105
v -0.700997 -0.041724 0.114729
v -0.668230 -0.089181 0.035649
v -0.691307 -0.039602 0.061630
v -0.665302 -0.145232 0.115862
v -0.687982 -0.094746 0.142475
v -0.562270 -0.262556 0.601887
v -0.499573 -0.225841 0.705190
v -0.569636 -0.205968 0.623589
v -0.539194 -0.186935 0.675292
v -0.522336 -0.296655 0.628589
v -0.489903 -0.280777 0.682866
v -0.687609 -0.150055 0.334904
v -0.719651 -0.044739 0.277303
v -0.697137 -0.096819 0.362899
v -0.717862 -0.047145 0.333454
v -0.685308 -0.150978 0.279001
v -0.700752 -0.097567 0.250730
v 0.435788 -0.506566 0.577871
v 0.508019 -0.413405 0.510033
v 0.455803 -0.504719 0.517353
v 0.502129 -0.469510 0.488950
v 0.447329 -0.450094 0.602115
v 0.480861 -0.401312 0.567215
v 0.348146 -0.458452 0.745027
v 0.377163 -0.347700 0.804762
v 0.315665 -0.437691 0.799369
v 0.338709 -0.386513 0.834511
v 0.391905 -0.419515 0.717828
v 0.403447 -0.359591 0.743678
v 0.369469 -0.438539 -0.146579
v 0.459693 -0.359900 -0.099816
v 0.395860 -0.449011 -0.092920
v 0.441083 -0.408658 -0.067798
v 0.388471 -0.387973 -0.178657
v 0.430737 -0.348153 -0.153015
v 0.283384 -0.384926 -0.274305
v 0.313334 -0.274424 -0.319273
v 0.255199 -0.359639 -0.313263
v 0.271024 -0.306512 -0.336460
v 0.327792 -0.352328 -0.257436
v 0.343027 -0.297503 -0.280040
v 0.608129 -0.278010 0.152691
v 0.616839 -0.284766 0.260226
v 0.591885 -0.329000 0.180066
v 0.596772 -0.333422 0.232513
v 0.629440 -0.231331 0.179701
v 0.637948 -0.236490 0.234514
v 0.492020 -0.210350 -0.172966
v 0.443663 -0.180022 -0.261278
v 0.504118 -0.159143 -0.193975
v 0.482513 -0.145666 -0.240719
v 0.453369 -0.245758 -0.195580
v 0.429692 -0.229987 -0.241970
v 0.643342 -0.122381 0.066836
v 0.665237 -0.030189 0.121730
v 0.650652 -0.070242 0.040937
v 0.656654 -0.024453 0.070657
v 0.650347 -0.126297 0.123219
v 0.662667 -0.079036 0.150861
v 0.538959 -0.240429 0.582973
v 0.489857 -0.212030 0.700828
v 0.554092 -0.186566 0.610595
v 0.528289 -0.171471 0.668145
v 0.501559 -0.282902 0.615570
v 0.478037 -0.269879 0.675895
v 0.657640 -0.139512 0.340866
v 0.670543 -0.044111 0.280038
v 0.663547 -0.092013 0.365160
v 0.669300 -0.045167 0.334179
v 0.658681 -0.138694 0.285614
v 0.666914 -0.090537 0.256413
v 0.173374 0.007939 1.022877
v 0.283275 -0.064171 0.984083
v 0.174686 -0.060093 1.015071
v 0.232378 -0.099229 1.002884
v 0.229236 0.039804 1.014022
v 0.283406 0.005894 0.990975
v -0.173236 0.004069 1.026520
v -0.286723 -0.070118 0.997320
v -0.177369 -0.065216 1.033447
v -0.240593 -0.108441 1.027680
v -0.228618 0.036948 1.011179
v -0.282853 0.002870 0.992170
v 0.170981 0.194570 1.014176
v 0.276322 0.256003 0.957236
v 0.167529 0.252548 0.989234
v 0.220203 0.284096 0.963317
v 0.229039 0.166437 1.012084
v 0.280435 0.195773 0.977959
v -0.172584 0.193797 1.015678
v -0.276127 0.256279 0.961245
v -0.166469 0.251761 0.988706
v -0.217638 0.283077 0.962469
v -0.230403 0.166383 1.010442
v -0.282777 0.196388 0.984716
v 0.421958 0.046449 0.903042
v 0.434614 0.168340 0.914984
v 0.463284 0.079932 0.871049
v 0.466953 0.139653 0.877867
v 0.387403 0.075540 0.947133
v 0.393060 0.136361 0.950473
v -0.420415 0.045807 0.904227
v -0.431000 0.168778 0.916610
v -0.463643 0.078301 0.875094
v -0.472514 0.139726 0.886859
v -0.383266 0.076414 0.946529
v -0.387367 0.136427 0.949438
v 0.149845 0.031634 -0.536918
v 0.235385 -0.024173 -0.475197
v 0.147451 -0.025569 -0.515608
v 0.189281 -0.050950 -0.484365
v 0.197961 0.062546 -0.527281
v 0.237927 0.033172 -0.490592
v -0.144217 0.033225 -0.529968
v -0.230562 -0.022928 -0.460051
v -0.139848 -0.023949 -0.509704
v -0.183102 -0.050730 -0.475486
v -0.192988 0.063705 -0.518611
v -0.234596 0.036351 -0.479535
v 0.170938 0.209857 -0.625229
v 0.284884 0.272574 -0.620548
v 0.179012 0.273121 -0.652623
v 0.227513 0.308076 -0.645989
v 0.212976 0.180076 -0.587150
v 0.264657 0.208122 -0.573382
v -0.166727 0.207257 -0.617752
v -0.293304 0.268255 -0.607969
v -0.176576 0.266758 -0.647963
v -0.239906 0.304335 -0.645704
v -0.212190 0.178748 -0.580612
v -0.266073 0.208551 -0.565876
v 0.364188 0.056903 -0.421444
v 0.368473 0.164544 -0.435704
v 0.402717 0.085955 -0.391568
v 0.404329 0.139553 -0.393544
v 0.325637 0.082427 -0.456585
v 0.327899 0.138232 -0.470927
v -0.368368 0.058711 -0.411637
v -0.354562 0.171524 -0.413139
v -0.400296 0.084165 -0.382133
v -0.399186 0.137018 -0.386615
v -0.322156 0.092387 -0.435138
v -0.309594 0.152118 -0.436835
v -0.362549 0.807692 0.239760
v -0.366690 0.813529 0.140366
v -0.311852 0.834605 0.247601
v -0.316545 0.840451 0.138764
v -0.438180 0.761080 0.268037
v -0.340535 0.813382 0.294149
v -0.423187 0.763399 0.325068
v -0.440235 0.769993 0.109435
v -0.348844 0.829216 0.084251
v -0.417906 0.772959 0.056250
v -0.490282 0.738225 0.192129
v -0.460745 0.739929 0.081807
v -0.515753 0.708116 0.170677
v -0.472745 0.735632 0.305526
v -0.525866 0.707352 0.225944
v 0.374666 0.837058 0.236755
v 0.372568 0.832239 0.145257
v 0.320443 0.860728 0.240092
v 0.320814 0.861316 0.141129
v 0.449592 0.782490 0.264818
v 0.348995 0.835131 0.287874
v 0.430026 0.778933 0.317438
v 0.443843 0.780801 0.119166
v 0.349532 0.839161 0.093484
v 0.427395 0.783607 0.064720
v 0.488764 0.745780 0.193980
v 0.464489 0.743000 0.086460
v 0.512859 0.703565 0.170755
v 0.480825 0.750272 0.300294
v 0.519173 0.707501 0.225554
v -0.368716 -0.629329 0.242478
v -0.359927 -0.629345 0.147024
v -0.320513 -0.651339 0.244823
v -0.316923 -0.665138 0.135891
v -0.436614 -0.568092 0.273865
v -0.349126 -0.631100 0.297344
v -0.428681 -0.577701 0.328339
v -0.413443 -0.551481 0.130805
v -0.346097 -0.648509 0.089917
v -0.397900 -0.554879 0.077923
v -0.469214 -0.520928 0.204358
v -0.438129 -0.511243 0.102950
v -0.498257 -0.477543 0.182250
v -0.471767 -0.536882 0.307963
v -0.506628 -0.487601 0.232142
v 0.378438 -0.640920 0.236551
v 0.362674 -0.671497 0.159930
v 0.327066 -0.663017 0.238015
v 0.326712 -0.699845 0.141742
v 0.444922 -0.572542 0.270067
v 0.354023 -0.636783 0.290861
v 0.433272 -0.579614 0.325654
v 0.417974 -0.556625 0.135045
v 0.343624 -0.659125 0.101031
v 0.394769 -0.549381 0.081474
v 0.471345 -0.525203 0.206253
v 0.436780 -0.508994 0.106968
v 0.497604 -0.482372 0.183394
v 0.471811 -0.537817 0.307430
v 0.509984 -0.496252 0.232691
v -0.003122 -0.444875 0.885279
v -0.082019 -0.372621 0.914752
v -0.039565 -0.483017 0.854063
v -0.118850 -0.408523 0.884596
v 0.083964 -0.382041 0.918975
v -0.002128 -0.558533 0.868768
v 0.146182 -0.457210 0.934414
v 0.051260 -0.283639 0.949264
v -0.063601 -0.287179 0.961540
v 0.059789 -0.220666 0.971865
v -0.081664 -0.231612 0.986847
v 0.147132 -0.396488 0.962083
v 0.114692 -0.283509 0.987300
v -0.142643 -0.359488 0.926802
v -0.139912 -0.271373 0.982369
v -0.001203 0.599215 0.842037
v -0.075180 0.551268 0.868339
v -0.030932 0.641800 0.816089
v -0.113455 0.589103 0.845153
v 0.074223 0.549194 0.864872
v 0.027122 0.636855 0.814275
v 0.111117 0.582478 0.836802
v 0.046402 0.472071 0.914786
v -0.045596 0.472731 0.912714
v 0.050917 0.419065 0.938326
v -0.049024 0.419083 0.934810
v 0.126872 0.529782 0.862827
v 0.099577 0.448950 0.919993
v -0.129597 0.536381 0.870188
v -0.095966 0.448980 0.916798
v -0.000018 -0.366095 -0.408713
v -0.061504 -0.310089 -0.407000
v -0.030038 -0.403484 -0.381270
v -0.100434 -0.348448 -0.382499
v 0.058582 -0.319619 -0.419798
v 0.028721 -0.407032 -0.389452
v 0.102917 -0.354632 -0.405519
v 0.029294 -0.239055 -0.457477
v -0.038349 -0.243702 -0.471792
v 0.036397 -0.184501 -0.475526
v -0.041560 -0.191802 -0.488495
v 0.116214 -0.305701 -0.424017
v 0.077804 -0.210343 -0.450178
v -0.111552 -0.297090 -0.401502
v -0.084625 -0.219174 -0.467779
v -0.005358 0.647007 -0.507852
v -0.087205 0.594213 -0.536489
v -0.037122 0.702195 -0.482405
v -0.124786 0.636262 -0.496505
v 0.084448 0.582539 -0.537444
v 0.025745 0.680714 -0.473204
v 0.117951 0.611040 -0.495755
v 0.054380 0.499899 -0.590741
v -0.052369 0.501075 -0.585346
v 0.058228 0.438102 -0.616930
v -0.055660 0.442569 -0.615809
v 0.138968 0.561378 -0.530275
v 0.107996 0.468965 -0.590636
v -0.143402 0.569914 -0.531809
v -0.106966 0.474620 -0.587631
v 0.598840 0.162999 -0.208761
v 0.628157 0.137631 -0.135587
v 0.602037 0.208741 -0.198962
v 0.640732 0.178940 -0.119377
v 0.590635 0.048086 -0.200272
v 0.614730 0.072803 -0.131183
v 0.591105 0.009777 -0.188662
v 0.613240 0.037887 -0.110406
v 0.573837 0.108851 -0.240860
v 0.575113 0.021063 -0.223752
v 0.544635 0.087267 -0.268295
v 0.579641 0.198312 -0.243961
v 0.547967 0.135265 -0.273852
v 0.642843 0.141244 -0.091952
v 0.625409 0.069381 -0.085053
v 0.626886 0.173197 0.622561
v 0.650578 0.146534 0.547604
v 0.636257 0.228087 0.608211
v 0.659732 0.194629 0.525577
v 0.619102 0.040499 0.617700
v 0.642117 0.062064 0.543879
v 0.620539 -0.009074 0.598916
v 0.644401 0.014623 0.519919
v 0.604246 0.105994 0.669091
v 0.607391 0.009293 0.651226
v 0.588581 0.080764 0.711138
v 0.618257 0.205965 0.657840
v 0.588693 0.131479 0.711241
v 0.665068 0.149749 0.495758
v 0.656412 0.055659 0.494228
v -0.607785 0.171182 -0.206863
v -0.644320 0.145165 -0.137242
v -0.607980 0.215742 -0.193830
v -0.649165 0.183156 -0.118865
v -0.594647 0.048713 -0.199929
v -0.641033 0.074225 -0.134712
v -0.589507 0.001222 -0.182275
v -0.639170 0.028622 -0.112283
v -0.580705 0.108812 -0.248820
v -0.564295 0.016969 -0.225591
v -0.548598 0.083616 -0.277460
v -0.578713 0.200674 -0.233051
v -0.550451 0.130164 -0.279428
v -0.664797 0.148082 -0.089622
v -0.662927 0.071101 -0.088859
v -0.676175 0.178883 0.642910
v -0.697028 0.152546 0.557369
v -0.677435 0.230654 0.624722
v -0.698357 0.201817 0.537469
v -0.655653 0.038649 0.627352
v -0.696605 0.064514 0.553753
v -0.649539 -0.014322 0.607305
v -0.688725 0.016956 0.528076
v -0.639385 0.110794 0.686368
v -0.623682 0.005474 0.655729
v -0.604686 0.084006 0.719366
v -0.652363 0.212906 0.677854
v -0.609791 0.139333 0.729188
v -0.707410 0.156120 0.506327
v -0.707926 0.062034 0.501278
v -0.087576 0.899421 0.249303
v -0.087632 0.906451 0.134335
v -0.144442 0.887815 0.250582
v -0.146071 0.892805 0.135923
v 0.087789 0.916586 0.247419
v 0.092731 0.925727 0.133407
v 0.147168 0.900509 0.245115
v 0.153597 0.923405 0.133537
v -0.000343 0.907362 0.304392
v -0.117548 0.890212 0.306227
v -0.030382 0.898738 0.361432
v 0.002166 0.921553 0.079459
v -0.120333 0.901895 0.074605
v -0.028050 0.900289 0.020129
v 0.117983 0.892935 0.301111
v 0.028169 0.899672 0.359824
v 0.128289 0.922439 0.073599
v 0.038851 0.905804 0.018227
v -0.251245 0.813816 0.510760
v -0.340070 0.759634 0.545863
v -0.274176 0.823502 0.462170
v -0.366682 0.769032 0.497992
v -0.164340 0.756516 0.655060
v -0.254607 0.711887 0.695186
v -0.132285 0.734353 0.701121
v -0.221675 0.686736 0.739364
v -0.162456 0.808050 0.559643
v -0.217171 0.845429 0.464784
v -0.128346 0.838260 0.513938
v -0.339643 0.707289 0.634245
v -0.398450 0.735758 0.534249
v -0.395120 0.682282 0.618847
v -0.101285 0.765149 0.656083
v -0.098020 0.815361 0.561159
v -0.279847 0.669625 0.733799
v -0.366755 0.668691 0.673649
v -0.253019 0.846528 -0.154682
v -0.353896 0.775791 -0.175864
v -0.281463 0.849184 -0.085964
v -0.372500 0.778059 -0.110394
v -0.168041 0.792794 -0.292693
v -0.261553 0.736490 -0.330247
v -0.142694 0.793438 -0.357063
v -0.233994 0.731793 -0.385855
v -0.166628 0.841014 -0.183063
v -0.227048 0.884395 -0.123860
v -0.172302 0.979889 -0.286202
v -0.358021 0.722521 -0.277572
v -0.435235 0.784155 -0.165131
v -0.443391 0.714588 -0.286994
v -0.109296 0.814745 -0.303916
v -0.115467 0.851712 -0.189419
v -0.281151 0.695225 -0.363910
v -0.377728 0.704192 -0.347822
v -0.533371 0.563760 -0.027877
v -0.578080 0.525065 0.064395
v -0.515255 0.612238 0.001865
v -0.563478 0.575445 0.092920
v -0.574226 0.408258 -0.107677
v -0.620784 0.374437 -0.022298
v -0.585305 0.358810 -0.133784
v -0.634902 0.326217 -0.050551
v -0.526617 0.504177 -0.111714
v -0.498442 0.607004 -0.059447
v -0.493204 0.549578 -0.144756
v -0.621993 0.432284 0.063183
v -0.598333 0.535144 0.120723
v -0.639750 0.441454 0.120088
v -0.554217 0.399159 -0.162977
v -0.505426 0.492957 -0.166547
v -0.646766 0.330835 0.007456
v -0.649433 0.388503 0.092655
v -0.596124 0.599203 0.446291
v -0.632800 0.556970 0.353857
v -0.571639 0.640518 0.415802
v -0.612021 0.601565 0.322378
v -0.644429 0.447424 0.527942
v -0.687906 0.410732 0.446568
v -0.658971 0.395647 0.553979
v -0.699074 0.362054 0.473021
v -0.591628 0.543635 0.527746
v -0.557443 0.638260 0.475344
v -0.554967 0.586719 0.556496
v -0.675952 0.462828 0.353198
v -0.634197 0.557240 0.292358
v -0.674618 0.461652 0.291817
v -0.620337 0.434796 0.582367
v -0.566394 0.530473 0.583206
v -0.704217 0.362113 0.413591
v -0.691486 0.412921 0.321319
v 0.245632 0.811011 0.510222
v 0.333562 0.753040 0.542878
v 0.271702 0.817292 0.453856
v 0.358302 0.760559 0.486580
v 0.156651 0.749510 0.646310
v 0.244558 0.695799 0.679035
v 0.124291 0.721132 0.688738
v 0.212933 0.668866 0.721945
v 0.158622 0.816728 0.565997
v 0.213143 0.836308 0.464226
v 0.125779 0.836585 0.518003
v 0.094801 0.759619 0.648357
v 0.096760 0.824525 0.565139
v 0.334518 0.699918 0.627287
v 0.388066 0.723704 0.527131
v 0.387907 0.670101 0.613904
v 0.268088 0.651486 0.712856
v 0.352911 0.644968 0.655058
v 0.251046 0.848617 -0.147750
v 0.342039 0.771833 -0.174040
v 0.273486 0.853869 -0.086189
v 0.365354 0.781221 -0.113780
v 0.200362 0.848327 -0.330239
v 0.273464 0.740823 -0.337267
v 0.170392 0.822915 -0.362061
v 0.240594 0.716602 -0.380898
v 0.156013 0.855136 -0.137160
v 0.223389 0.898748 -0.127960
v 0.190865 0.953377 -0.241393
v 0.115831 0.849410 -0.335093
v 0.116977 0.858573 -0.185299
v 0.363012 0.746818 -0.285983
v 0.418044 0.765208 -0.164459
v 0.437956 0.735828 -0.272863
v 0.288756 0.688225 -0.364415
v 0.381711 0.707395 -0.311401
v 0.519625 0.552288 -0.024321
v 0.574494 0.521655 0.064251
v 0.505596 0.600928 0.004248
v 0.556270 0.565768 0.093509
v 0.570718 0.408942 -0.112225
v 0.624889 0.381144 -0.025535
v 0.582365 0.360878 -0.137704
v 0.632424 0.331070 -0.051417
v 0.516752 0.494988 -0.112096
v 0.487068 0.599480 -0.058386
v 0.485088 0.545672 -0.145488
v 0.621230 0.435063 0.062833
v 0.589641 0.531243 0.121929
v 0.628822 0.440386 0.119933
v 0.552702 0.401043 -0.170092
v 0.500417 0.491478 -0.171049
v 0.642512 0.335873 0.005990
v 0.640173 0.391126 0.091784
v 0.578101 0.582070 0.433265
v 0.616022 0.547638 0.346330
v 0.557688 0.629379 0.402592
v 0.592165 0.591397 0.316239
v 0.635034 0.440262 0.523534
v 0.661463 0.402205 0.429754
v 0.643956 0.390050 0.547015
v 0.667125 0.350510 0.455968
v 0.580462 0.527959 0.523885
v 0.537736 0.621900 0.462021
v 0.535604 0.564525 0.549506
v 0.652671 0.454803 0.347307
v 0.609368 0.546115 0.290162
v 0.645588 0.452974 0.289161
v 0.613217 0.430356 0.579944
v 0.553176 0.514670 0.576755
v 0.671846 0.353390 0.397020
v 0.663329 0.405368 0.315947
v -0.085428 -0.711877 0.256797
v -0.093559 -0.704461 0.137967
v -0.146526 -0.701228 0.253151
v -0.156222 -0.705899 0.135656
v 0.089630 -0.716586 0.253302
v 0.093796 -0.706236 0.137347
v 0.149719 -0.702118 0.250099
v 0.156118 -0.704481 0.133511
v 0.003232 -0.719166 0.317208
v -0.111118 -0.705977 0.314907
v -0.026905 -0.713179 0.376137
v 0.001965 -0.694933 0.083611
v -0.128785 -0.700181 0.080650
v -0.033136 -0.665463 0.036312
v 0.120516 -0.709372 0.311103
v 0.030217 -0.727557 0.379972
v 0.130356 -0.697441 0.081451
v 0.037113 -0.664043 0.037698
v -0.253745 -0.620909 0.512838
v -0.339072 -0.557243 0.547379
v -0.280938 -0.629470 0.459748
v -0.368583 -0.571348 0.495798
v -0.189779 -0.666998 0.743779
v -0.404929 -0.624648 0.791770
v -0.114626 -0.676210 0.857671
v -0.261740 -0.564537 0.816967
v -0.168891 -0.642538 0.583988
v -0.220433 -0.648673 0.464691
v -0.129566 -0.665573 0.530441
v -0.341182 -0.511659 0.648899
v -0.397594 -0.533077 0.534517
v -0.386680 -0.469614 0.620819
v -0.098503 -0.648829 0.727171
v -0.101733 -0.657431 0.589302
v -0.316159 -0.506986 0.775950
v -0.360996 -0.459728 0.679302
v -0.249730 -0.625995 -0.119803
v -0.304485 -0.525730 -0.132844
v -0.289846 -0.666220 -0.081153
v -0.340516 -0.545597 -0.087481
v -0.156476 -0.532459 -0.248586
v -0.222639 -0.468848 -0.272446
v -0.127952 -0.501756 -0.285545
v -0.193382 -0.442420 -0.302432
v -0.162978 -0.602774 -0.165708
v -0.231339 -0.686570 -0.086026
v -0.133880 -0.635000 -0.123046
v -0.286506 -0.453342 -0.209951
v -0.345349 -0.483594 -0.111406
v -0.329987 -0.413184 -0.188668
v -0.099749 -0.542247 -0.252500
v -0.100319 -0.600758 -0.163887
v -0.234702 -0.418051 -0.295642
v -0.304737 -0.400960 -0.239015
v -0.510535 -0.318891 -0.002720
v -0.569239 -0.298215 0.078930
v -0.497200 -0.366120 0.022337
v -0.553060 -0.341242 0.109289
v -0.551011 -0.189285 -0.085011
v -0.610055 -0.168698 -0.009402
v -0.563053 -0.145757 -0.110901
v -0.621907 -0.122934 -0.035245
v -0.496216 -0.261315 -0.080335
v -0.467348 -0.353667 -0.028503
v -0.456914 -0.296975 -0.108812
v -0.612359 -0.223108 0.072463
v -0.579520 -0.308988 0.134519
v -0.622704 -0.232141 0.124213
v -0.522565 -0.173478 -0.133336
v -0.470274 -0.250288 -0.132139
v -0.643700 -0.131410 0.013599
v -0.638534 -0.186831 0.094572
v -0.562530 -0.369729 0.426236
v -0.612458 -0.339490 0.338406
v -0.542668 -0.415285 0.395622
v -0.591368 -0.377132 0.306730
v -0.612849 -0.236611 0.516066
v -0.654866 -0.194333 0.425027
v -0.623584 -0.180553 0.538650
v -0.664520 -0.142711 0.450477
v -0.564712 -0.316716 0.517148
v -0.521293 -0.404250 0.453892
v -0.522824 -0.352586 0.542914
v -0.656064 -0.252398 0.338783
v -0.610784 -0.339042 0.282595
v -0.656115 -0.255675 0.282039
v -0.597658 -0.223408 0.572056
v -0.546712 -0.308261 0.574830
v -0.678918 -0.147766 0.393657
v -0.671984 -0.202964 0.308667
v 0.263196 -0.652799 0.534753
v 0.356408 -0.594294 0.574076
v 0.284942 -0.643246 0.471476
v 0.374581 -0.582529 0.505838
v 0.174138 -0.609501 0.692366
v 0.274422 -0.552683 0.736290
v 0.136957 -0.573736 0.734713
v 0.234300 -0.514291 0.774606
v 0.185279 -0.717062 0.618231
v 0.225546 -0.672980 0.480684
v 0.139222 -0.699573 0.548680
v 0.105486 -0.616555 0.694652
v 0.107168 -0.679214 0.602803
v 0.371589 -0.557354 0.676257
v 0.404247 -0.543082 0.544462
v 0.411538 -0.501253 0.637476
v 0.294931 -0.497867 0.771870
v 0.384692 -0.488403 0.699166
v 0.250034 -0.629799 -0.121617
v 0.309549 -0.533874 -0.135726
v 0.293043 -0.663594 -0.081423
v 0.341819 -0.550461 -0.088450
v 0.153981 -0.528232 -0.240927
v 0.227067 -0.467425 -0.270149
v 0.121405 -0.498784 -0.281438
v 0.195220 -0.438369 -0.304597
v 0.162755 -0.604442 -0.165075
v 0.238866 -0.674492 -0.081018
v 0.135810 -0.628589 -0.117146
v 0.095373 -0.538352 -0.244031
v 0.102671 -0.596324 -0.157078
v 0.296410 -0.462743 -0.211391
v 0.350611 -0.491046 -0.114978
v 0.343119 -0.427658 -0.196866
v 0.240277 -0.413740 -0.290959
v 0.309759 -0.405837 -0.234352
v 0.512534 -0.331735 -0.012211
v 0.565279 -0.305879 0.069683
v 0.493409 -0.373765 0.020794
v 0.549217 -0.352734 0.100088
v 0.546532 -0.185295 -0.093839
v 0.598624 -0.155976 -0.013490
v 0.560623 -0.135536 -0.120549
v 0.609975 -0.104464 -0.041355
v 0.505721 -0.274550 -0.099188
v 0.478727 -0.369447 -0.040231
v 0.474294 -0.310964 -0.128717
v 0.606711 -0.217750 0.068223
v 0.581080 -0.317786 0.126533
v 0.620097 -0.225656 0.123807
v 0.529791 -0.175751 -0.149330
v 0.481794 -0.260496 -0.150469
v 0.629108 -0.114209 0.011781
v 0.631461 -0.173035 0.095832
v 0.556090 -0.371842 0.425630
v 0.592037 -0.330767 0.342965
v 0.542729 -0.422184 0.401778
v 0.574391 -0.379079 0.315679
v 0.602724 -0.215291 0.502573
v 0.641871 -0.183068 0.424679
v 0.616984 -0.163460 0.525641
v 0.648520 -0.134818 0.449297
v 0.551314 -0.310424 0.502702
v 0.528374 -0.418564 0.456841
v 0.515172 -0.354544 0.532237
v 0.639430 -0.235706 0.342755
v 0.595860 -0.332900 0.287145
v 0.638368 -0.236972 0.287455
v 0.577143 -0.200752 0.553486
v 0.523908 -0.296113 0.555196
v 0.654253 -0.138422 0.396330
v 0.654822 -0.187933 0.315746
v 0.057741 0.009988 1.036682
v -0.057824 0.008015 1.038444
v 0.057397 -0.054098 1.026218
v -0.059587 -0.056261 1.033929
v 0.057580 0.191478 1.032425
v -0.056353 0.191086 1.032288
v 0.056774 0.248518 1.007946
v -0.055377 0.247393 1.007603
v 0.116121 0.106145 1.049185
v 0.116003 -0.023759 1.026425
v 0.173270 0.073667 1.032329
v -0.115153 0.104526 1.042811
v -0.117188 -0.027045 1.034865
v -0.172456 0.070878 1.026551
v 0.113374 0.221613 1.014049
v 0.173939 0.136423 1.037557
v -0.112349 0.221061 1.011111
v -0.173684 0.135304 1.028697
v 0.304812 -0.297919 0.884090
v 0.336328 -0.177795 0.956836
v 0.299200 -0.304075 0.887172
v 0.286643 -0.210563 0.980223
v 0.471810 -0.136060 0.777675
v 0.447541 -0.048290 0.842704
v 0.517528 -0.097661 0.748559
v 0.492556 -0.011425 0.814162
v 0.421527 -0.244429 0.794032
v 0.334865 -0.335141 0.855332
v 0.413661 -0.303775 0.770979
v 0.502426 -0.155138 0.724556
v 0.453216 -0.255342 0.736184
v 0.369583 -0.059480 0.921507
v 0.287549 -0.138090 0.985063
v 0.330746 -0.027617 0.960495
v 0.457533 0.016470 0.858518
v 0.377271 0.009544 0.933314
v -0.355937 -0.257285 0.881940
v -0.323075 -0.181628 0.962024
v -0.321274 -0.297504 0.920620
v -0.310608 -0.252987 1.042182
v -0.471087 -0.137591 0.774448
v -0.446374 -0.047158 0.842605
v -0.512311 -0.101149 0.744578
v -0.488534 -0.012214 0.812851
v -0.423421 -0.236576 0.786846
v -0.344358 -0.314903 0.854182
v -0.414327 -0.295670 0.765003
v -0.505052 -0.163500 0.724992
v -0.456501 -0.259051 0.734445
v -0.367816 -0.058929 0.921220
v -0.298709 -0.154594 1.015273
v -0.330542 -0.029030 0.962855
v -0.455472 0.015879 0.860256
v -0.375182 0.009243 0.932811
v 0.340269 0.434703 0.837607
v 0.312007 0.346215 0.899651
v 0.288307 0.461288 0.847606
v 0.259832 0.374050 0.910715
v 0.481496 0.342109 0.780105
v 0.460694 0.256817 0.851851
v 0.524907 0.309159 0.755600
v 0.504457 0.223186 0.828048
v 0.422246 0.429761 0.772832
v 0.322462 0.487545 0.803724
v 0.406582 0.484397 0.743164
v 0.513430 0.366084 0.729016
v 0.454291 0.454045 0.723541
v 0.373762 0.257809 0.909058
v 0.270180 0.315794 0.935685
v 0.329044 0.226435 0.944220
v 0.467662 0.196975 0.871242
v 0.382658 0.197061 0.930886
v -0.338409 0.436559 0.834673
v -0.309712 0.346219 0.898901
v -0.287300 0.464647 0.848078
v -0.257772 0.373961 0.909529
v -0.487148 0.346611 0.782782
v -0.462175 0.258831 0.855261
v -0.535116 0.314361 0.762366
v -0.508186 0.228535 0.832596
v -0.425581 0.435568 0.775192
v -0.326094 0.496376 0.809632
v -0.413522 0.495848 0.750828
v -0.523066 0.372434 0.735810
v -0.462544 0.463495 0.730915
v -0.371710 0.258029 0.911276
v -0.266449 0.314876 0.934222
v -0.327665 0.227238 0.947198
v -0.468796 0.199336 0.873591
v -0.381705 0.198326 0.935243
v 0.051921 0.031476 -0.558468
v -0.048880 0.029379 -0.560781
v 0.049904 -0.022769 -0.532726
v -0.046833 -0.024562 -0.537648
v 0.057251 0.203305 -0.636160
v -0.059425 0.204478 -0.654602
v 0.059942 0.263599 -0.652919
v -0.061342 0.263666 -0.649004
v 0.107361 0.116461 -0.590319
v 0.100326 0.003358 -0.538995
v 0.154419 0.090617 -0.561307
v -0.102629 0.118183 -0.585607
v -0.095907 0.003262 -0.539432
v -0.150075 0.090645 -0.555071
v 0.118323 0.234566 -0.649035
v 0.161569 0.149757 -0.591067
v -0.117242 0.232801 -0.653814
v -0.157023 0.148415 -0.584302
v 0.295641 -0.196766 -0.379563
v 0.269823 -0.110247 -0.428242
v 0.252048 -0.225606 -0.392606
v 0.223701 -0.134480 -0.431150
v 0.423011 -0.101798 -0.322122
v 0.395844 -0.021912 -0.375801
v 0.466832 -0.071038 -0.302570
v 0.437495 0.008214 -0.351537
v 0.369223 -0.188499 -0.322195
v 0.283463 -0.251674 -0.358206
v 0.355789 -0.242529 -0.300444
v 0.455632 -0.126125 -0.282433
v 0.400416 -0.211259 -0.282440
v 0.324368 -0.026885 -0.438948
v 0.230588 -0.078947 -0.454828
v 0.280167 0.002832 -0.461534
v 0.400646 0.032350 -0.385803
v 0.323499 0.029444 -0.446086
v -0.295492 -0.198824 -0.364052
v -0.266513 -0.111927 -0.410710
v -0.251896 -0.228505 -0.374086
v -0.220607 -0.139464 -0.427212
v -0.427065 -0.111720 -0.321369
v -0.398919 -0.028440 -0.366033
v -0.462589 -0.079098 -0.297810
v -0.437750 0.000182 -0.346247
v -0.371865 -0.192759 -0.316720
v -0.283845 -0.255905 -0.346228
v -0.352888 -0.242578 -0.295840
v -0.448463 -0.127837 -0.275860
v -0.395428 -0.208424 -0.274221
v -0.318524 -0.025385 -0.411876
v -0.225444 -0.080806 -0.441870
v -0.276672 0.006290 -0.443512
v -0.402029 0.028441 -0.377503
v -0.323730 0.033766 -0.426820
v 0.328845 0.441214 -0.448218
v 0.309553 0.357512 -0.526722
v 0.291111 0.477968 -0.482454
v 0.282199 0.396149 -0.574404
v 0.460487 0.338506 -0.361000
v 0.417032 0.251557 -0.405984
v 0.491893 0.302201 -0.332971
v 0.457142 0.222336 -0.374757
v 0.408290 0.429001 -0.375641
v 0.323092 0.502900 -0.430347
v 0.396638 0.488851 -0.355972
v 0.490221 0.358109 -0.323137
v 0.441242 0.449580 -0.331170
v 0.337590 0.254936 -0.485625
v 0.279323 0.340238 -0.599833
v 0.310148 0.230327 -0.543423
v 0.411221 0.192515 -0.402953
v 0.328814 0.196394 -0.477707
v -0.324673 0.432309 -0.443626
v -0.310442 0.355243 -0.538834
v -0.289333 0.474198 -0.480140
v -0.278198 0.392167 -0.576076
v -0.440392 0.325062 -0.347300
v -0.401854 0.245563 -0.396611
v -0.480865 0.292674 -0.320960
v -0.441616 0.212626 -0.363487
v -0.392194 0.415994 -0.355234
v -0.313387 0.492866 -0.416528
v -0.383006 0.474253 -0.330865
v -0.476176 0.349481 -0.306907
v -0.427821 0.441457 -0.312579
v -0.336585 0.257888 -0.484431
v -0.285822 0.335600 -0.609326
v -0.318736 0.229925 -0.541914
v -0.399577 0.191340 -0.390821
v -0.321258 0.206600 -0.462961
v 0.689803 0.147758 0.108914
v 0.675764 0.057521 0.116203
v 0.683551 0.142643 0.062653
v 0.662053 0.059784 0.068201
v 0.705306 0.153362 0.273879
v 0.686405 0.052145 0.275172
v 0.699919 0.152572 0.330678
v 0.684166 0.051581 0.331540
v 0.697656 0.200308 0.193156
v 0.692788 0.191453 0.085362
v 0.684688 0.246812 0.168245
v 0.699913 0.203312 0.303646
v 0.692295 0.251142 0.223364
v 0.681852 0.004485 0.193757
v 0.666815 0.015953 0.094657
v 0.670608 -0.036455 0.172434
v 0.676101 0.002905 0.304521
v 0.669928 -0.042256 0.224352
v -0.733040 0.150624 0.110473
v -0.731711 0.055871 0.112329
v -0.720341 0.149223 0.057055
v -0.723918 0.059531 0.059424
v -0.734879 0.153109 0.280411
v -0.733368 0.051145 0.277831
v -0.731971 0.153766 0.339195
v -0.728282 0.051932 0.334225
v -0.734943 0.203315 0.192819
v -0.718349 0.197606 0.083560
v -0.727141 0.253697 0.165121
v -0.730321 0.205592 0.313439
v -0.725606 0.257472 0.224770
v -0.725529 0.006258 0.195508
v -0.710681 0.009682 0.088001
v -0.708149 -0.043160 0.168466
v -0.730253 0.001838 0.305085
v -0.714052 -0.044712 0.223190
v -0.232897 0.860330 0.304921
v -0.264067 0.843920 0.357576
v -0.238043 0.870226 0.080355
v -0.272696 0.860923 0.026372
v -0.208012 0.864115 0.360050
v -0.215388 0.881957 0.015205
v -0.442032 0.738404 0.426347
v -0.496018 0.709799 0.408593
v -0.480643 0.711056 0.467627
v -0.425767 0.738069 -0.028327
v -0.460977 0.698781 -0.000324
v -0.445923 0.700219 -0.061498
v -0.569726 0.632060 0.177578
v -0.585768 0.640563 0.233122
v -0.601440 0.593743 0.205877
v 0.234686 0.866210 0.295555
v 0.266790 0.850316 0.348308
v 0.242338 0.898482 0.081752
v 0.273245 0.875586 0.026408
v 0.207514 0.859063 0.351940
v 0.221072 0.905226 0.014695
v 0.436972 0.738324 0.412492
v 0.490464 0.709124 0.394276
v 0.466086 0.701125 0.451822
v 0.423679 0.737720 -0.030412
v 0.456148 0.692589 -0.001113
v 0.434277 0.689889 -0.063348
v 0.555047 0.619891 0.177370
v 0.563089 0.624163 0.232637
v 0.578185 0.582069 0.208566
v -0.236508 -0.665244 0.303183
v -0.268508 -0.642672 0.356818
v -0.255776 -0.729175 0.073552
v -0.287218 -0.716776 0.019528
v -0.206424 -0.660449 0.359233
v -0.226867 -0.733710 0.011190
v -0.445209 -0.551722 0.425589
v -0.483290 -0.503896 0.394303
v -0.461179 -0.499162 0.453264
v -0.399758 -0.505342 -0.005905
v -0.438956 -0.458857 0.021171
v -0.412416 -0.448932 -0.032785
v -0.545734 -0.392071 0.191828
v -0.553659 -0.401861 0.238469
v -0.565952 -0.356129 0.217435
v 0.241761 -0.681234 0.302498
v 0.272322 -0.662164 0.358755
v 0.253241 -0.722590 0.070355
v 0.295795 -0.714154 0.014989
v 0.215728 -0.687246 0.365025
v 0.232105 -0.731735 0.011207
v 0.448437 -0.547469 0.427979
v 0.489917 -0.505180 0.402976
v 0.478021 -0.508823 0.463395
v 0.400181 -0.505246 -0.005921
v 0.437531 -0.459425 0.023662
v 0.420020 -0.457285 -0.035907
v 0.546561 -0.410995 0.182636
v 0.555291 -0.420103 0.233193
v 0.573904 -0.377389 0.205778
v -0.029451 -0.569600 0.800753
v 0.033248 -0.561404 0.789690
v -0.220557 -0.430092 0.849509
v -0.242091 -0.375124 0.890677
v 0.003842 -0.594034 0.748315
v -0.276206 -0.404962 0.840496
v 0.235522 -0.440101 0.871742
v 0.256227 -0.402534 0.915753
v 0.289173 -0.418496 0.856208
v 0.120286 -0.152971 1.012084
v 0.182540 -0.202026 1.018536
v -0.138984 -0.157857 1.038080
v -0.208400 -0.202365 1.050502
v 0.178271 -0.129584 1.014107
v -0.184899 -0.136966 1.050739
v -0.034330 0.705044 0.738403
v 0.028820 0.700679 0.735303
v -0.205596 0.604451 0.808560
v -0.222518 0.549417 0.834921
v -0.003047 0.735370 0.695167
v -0.260105 0.582105 0.798930
v 0.203975 0.593467 0.797663
v 0.219944 0.539744 0.824687
v 0.253856 0.569672 0.787499
v 0.108015 0.337043 0.965357
v 0.158742 0.368434 0.943606
v -0.105887 0.336070 0.963667
v -0.156049 0.367354 0.940193
v 0.163639 0.310675 0.965905
v -0.161194 0.309511 0.963768
v -0.035149 -0.474533 -0.322374
v 0.028020 -0.474332 -0.321432
v -0.174077 -0.356623 -0.310231
v -0.192397 -0.309430 -0.346112
v -0.001878 -0.510829 -0.288043
v -0.221269 -0.336638 -0.325852
v 0.183425 -0.363717 -0.363951
v 0.199777 -0.311011 -0.379687
v 0.227600 -0.336221 -0.350339
v 0.092412 -0.102550 -0.488862
v 0.134828 -0.128089 -0.460691
v -0.088259 -0.100885 -0.490691
v -0.132909 -0.134140 -0.469399
v 0.145264 -0.079567 -0.494420
v -0.135211 -0.075873 -0.487631
v -0.045770 0.792822 -0.432008
v 0.026987 0.769859 -0.415773
v -0.227569 0.647471 -0.467906
v -0.241552 0.578481 -0.487544
v -0.019624 0.820893 -0.395808
v -0.263984 0.602620 -0.430654
v 0.219508 0.627921 -0.454296
v 0.236154 0.577097 -0.491847
v 0.278479 0.606212 -0.445385
v 0.122775 0.347712 -0.660478
v 0.171369 0.375482 -0.619481
v -0.121483 0.355053 -0.651014
v -0.175103 0.390617 -0.626822
v 0.182896 0.328427 -0.665201
v -0.187400 0.333544 -0.656611
v 0.572581 0.299666 -0.215298
v 0.553755 0.286030 -0.265491
v 0.656243 0.231904 -0.045554
v 0.666324 0.185939 -0.015070
v 0.545495 0.340358 -0.248870
v 0.668071 0.236179 0.008353
v 0.557494 -0.074411 -0.197352
v 0.532166 -0.058117 -0.237756
v 0.637666 -0.009654 -0.039666
v 0.639385 0.027476 -0.008125
v 0.520385 -0.111613 -0.218205
v 0.646835 -0.019125 0.016702
v 0.478084 0.088464 -0.329919
v 0.478292 0.141085 -0.331868
v 0.441392 0.114363 -0.362090
v 0.622149 0.319595 0.622792
v 0.593972 0.297678 0.674598
v 0.680169 0.251630 0.448108
v 0.688998 0.201931 0.417332
v 0.588912 0.355468 0.653267
v 0.686341 0.252468 0.391565
v 0.603258 -0.096329 0.608140
v 0.578379 -0.079473 0.662889
v 0.657322 -0.043525 0.443928
v 0.666631 0.003869 0.415399
v 0.566381 -0.133385 0.637802
v 0.663949 -0.045440 0.389332
v 0.532808 0.082002 0.797164
v 0.530806 0.135596 0.797220
v 0.498757 0.107596 0.835402
v -0.576336 0.301430 -0.208433
v -0.556034 0.286495 -0.258415
v -0.671766 0.232904 -0.048753
v -0.689011 0.188402 -0.020477
v -0.548985 0.338911 -0.239487
v -0.683402 0.237664 0.006084
v -0.547531 -0.082134 -0.185360
v -0.515889 -0.063747 -0.226667
v -0.658727 -0.029261 -0.039044
v -0.686347 0.016357 -0.016464
v -0.505838 -0.111052 -0.204135
v -0.678666 -0.036181 0.011081
v -0.476618 0.081295 -0.327903
v -0.477178 0.132009 -0.332556
v -0.439691 0.107876 -0.357856
v -0.646652 0.328335 0.636811
v -0.614927 0.307423 0.689572
v -0.712058 0.258719 0.464112
v -0.720944 0.207662 0.432014
v -0.606085 0.365873 0.665287
v -0.719402 0.259170 0.406664
v -0.609832 -0.107438 0.614108
v -0.581148 -0.087500 0.664014
v -0.692692 -0.039646 0.446552
v -0.713789 0.007393 0.418599
v -0.574542 -0.146504 0.644091
v -0.708186 -0.045133 0.389654
v -0.538269 0.081345 0.798372
v -0.540604 0.141037 0.806284
v -0.506203 0.111894 0.847892
v -0.032477 0.867545 0.466111
v 0.030521 0.864007 0.465926
v -0.001711 0.847528 0.515720
v -0.031614 0.889292 -0.104282
v 0.045630 0.896321 -0.104788
v 0.008275 0.862501 -0.147925
v -0.475636 0.608499 0.637008
v -0.438788 0.585066 0.685800
v -0.488099 0.548766 0.660930
v -0.446629 0.590428 -0.241620
v -0.414325 0.569865 -0.286734
v -0.453869 0.526275 -0.255840
v -0.681196 0.405750 0.202723
v -0.694560 0.354332 0.173095
v -0.699561 0.359819 0.229649
v 0.456298 0.582483 0.620954
v 0.422573 0.561118 0.667682
v 0.475836 0.531252 0.650128
v 0.435860 0.594488 -0.234990
v 0.399427 0.574086 -0.279583
v 0.444184 0.527117 -0.254520
v 0.652241 0.399819 0.203884
v 0.663493 0.347905 0.173587
v 0.670119 0.351733 0.229777
v -0.033058 -0.733657 0.492352
v 0.032277 -0.759063 0.504909
v 0.001343 -0.709489 0.548295
v -0.031980 -0.641078 -0.067238
v 0.036084 -0.639195 -0.067745
v 0.002598 -0.624033 -0.115785
v -0.452466 -0.378729 0.625000
v -0.425435 -0.365772 0.680758
v -0.472560 -0.328967 0.654669
v -0.388746 -0.321789 -0.190651
v -0.362343 -0.308807 -0.235984
v -0.404472 -0.271910 -0.210146
v -0.659935 -0.201900 0.196069
v -0.673275 -0.147434 0.169605
v -0.678830 -0.149705 0.223696
v 0.455863 -0.388561 0.625808
v 0.430311 -0.374497 0.684558
v 0.466189 -0.328644 0.650333
v 0.405237 -0.338110 -0.201562
v 0.374277 -0.318389 -0.240288
v 0.416949 -0.283016 -0.221647
v 0.650285 -0.183858 0.207901
v 0.658833 -0.130522 0.179619
v 0.659472 -0.135844 0.232298
v 0.285911 0.071721 1.000399
v 0.286169 0.135109 0.998832
v 0.344059 0.103802 0.982361
v -0.283658 0.071627 0.993909
v -0.284896 0.136736 0.997188
v -0.338332 0.105958 0.978023
v 0.243408 0.091256 -0.511313
v 0.251113 0.148626 -0.538187
v 0.287133 0.116376 -0.493080
v -0.240607 0.094438 -0.503756
v -0.247561 0.150964 -0.529298
v -0.280437 0.123618 -0.476246
f 1 647 644
f 1 644 643
f 1 643 645
f 1 645 646
f 1 646 647
f 2 649 652
f 6 672 670
f 12 702 699
f 11 696 695
f 8 679 681
f 4 662 659
f 4 659 658
f 4 658 660
f 4 660 661
f 4 661 662
f 5 666 665
f 3 654 657
f 7 673 677
f 9 685 686
f 10 692 688
f 12 701 698
f 6 669 668
f 2 650 648
f 8 682 678
f 11 697 693
f 6 671 669
f 12 700 701
f 11 694 697
f 8 680 682
f 2 651 650
f 10 690 689
f 5 663 664
f 3 655 653
f 7 676 674
f 9 687 684
f 10 691 690
f 5 667 663
f 3 656 655
f 7 675 676
f 9 683 687
f 6 668 672
f 2 648 649
f 8 678 679
f 11 693 696
f 12 698 702
f 10 688 691
f 5 665 667
f 3 657 656
f 7 677 675
f 9 686 683
f 5 664 666
f 3 653 654
f 7 674 673
f 9 684 685
f 10 689 692
f 6 670 671
f 12 699 700
f 11 695 694
f 8 681 680
f 2 652 651
f 35 837 838
f 18 735 736
f 19 742 741
f 40 868 867
f 42 880 879
f 34 832 831
f 33 827 828
f 25 778 780
f 36 844 846
f 20 749 747
f 32 819 820
f 23 765 767
f 24 773 771
f 37 850 849
f 41 876 875
f 34 833 834
f 33 826 825
f 25 779 777
f 36 845 843
f 20 748 750
f 17 729 727
f 14 711 709
f 13 706 703
f 15 718 715
f 16 724 721
f 18 737 733
f 35 839 835
f 42 882 878
f 40 870 866
f 19 744 740
f 30 807 805
f 27 789 787
f 22 762 758
f 28 797 793
f 29 802 799
f 32 821 817
f 23 766 763
f 24 774 770
f 37 852 848
f 41 874 872
f 35 838 836
f 18 736 734
f 19 741 739
f 40 867 865
f 42 879 877
f 34 831 829
f 33 828 824
f 25 780 776
f 36 846 842
f 20 747 745
f 32 820 818
f 23 767 764
f 24 771 769
f 37 849 847
f 41 875 871
f 34 834 830
f 33 825 823
f 25 777 775
f 36 843 841
f 20 750 746
f 14 714 710
f 13 707 704
f 15 719 716
f 16 725 722
f 17 732 728
f 21 755 752
f 31 814 811
f 26 784 781
f 38 857 853
f 39 862 860
f 27 792 788
f 22 759 757
f 28 796 794
f 29 803 800
f 30 810 806
f 31 815 812
f 26 785 782
f 38 856 854
f 39 863 859
f 21 754 751
f 14 712 714
f 13 705 707
f 15 717 719
f 16 723 725
f 17 730 732
f 21 753 755
f 31 816 814
f 26 786 784
f 38 858 857
f 39 861 862
f 27 791 792
f 22 761 759
f 28 795 796
f 29 801 803
f 30 808 810
f 31 813 815
f 26 783 785
f 38 855 856
f 39 864 863
f 21 756 754
f 14 709 712
f 13 703 705
f 15 715 717
f 16 721 723
f 17 727 730
f 21 751 753
f 31 812 816
f 26 782 786
f 38 854 858
f 39 859 861
f 27 787 791
f 22 758 761
f 28 793 795
f 29 799 801
f 30 805 808
f 31 811 813
f 26 781 783
f 38 853 855
f 39 860 864
f 21 752 756
f 17 728 731
f 14 710 713
f 13 704 708
f 15 716 720
f 16 722 726
f 18 734 738
f 35 836 840
f 42 877 881
f 40 865 869
f 19 739 743
f 30 806 809
f 27 788 790
f 22 757 760
f 28 794 798
f 29 800 804
f 32 818 822
f 23 764 768
f 24 769 772
f 37 847 851
f 41 871 873
f 35 835 837
f 18 733 735
f 19 740 742
f 40 866 868
f 42 878 880
f 34 830 832
f 33 823 827
f 25 775 778
f 36 841 844
f 20 746 749
f 32 817 819
f 23 763 765
f 24 770 773
f 37 848 850
f 41 872 876
f 34 829 833
f 33 824 826
f 25 776 779
f 36 842 845
f 20 745 748
f 17 731 729
f 14 713 711
f 13 708 706
f 15 720 718
f 16 726 724
f 18 738 737
f 35 840 839
f 42 881 882
f 40 869 870
f 19 743 744
f 30 809 807
f 27 790 789
f 22 760 762
f 28 798 797
f 29 804 802
f 32 822 821
f 23 768 766
f 24 772 774
f 37 851 852
f 41 873 874
f 107 1269 1270
f 103 1245 1246
f 104 1252 1251
f 110 1288 1287
f 113 1306 1305
f 118 1336 1335
f 154 1551 1552
f 141 1473 1474
f 162 1599 1600
f 121 1354 1353
f 142 1479 1480
f 129 1401 1402
f 130 1408 1407
f 144 1492 1491
f 146 1504 1503
f 151 1533 1534
f 131 1414 1413
f 136 1444 1443
f 161 1594 1593
f 126 1383 1384
f 116 1323 1324
f 108 1275 1276
f 106 1263 1264
f 112 1299 1300
f 115 1317 1318
f 119 1341 1342
f 156 1564 1563
f 139 1462 1461
f 160 1588 1587
f 120 1347 1348
f 149 1521 1522
f 132 1420 1419
f 128 1395 1396
f 145 1497 1498
f 148 1515 1516
f 155 1557 1558
f 133 1425 1426
f 134 1431 1432
f 157 1570 1569
f 124 1372 1371
f 109 1282 1281
f 105 1258 1257
f 111 1294 1293
f 114 1312 1311
f 117 1330 1329
f 125 1378 1377
f 152 1540 1539
f 137 1449 1450
f 158 1575 1576
f 123 1365 1366
f 143 1486 1485
f 127 1390 1389
f 135 1437 1438
f 147 1510 1509
f 150 1528 1527
f 153 1546 1545
f 140 1468 1467
f 138 1455 1456
f 159 1581 1582
f 122 1359 1360
f 107 1272 1271
f 103 1248 1247
f 104 1253 1254
f 110 1289 1290
f 113 1307 1308
f 118 1337 1338
f 154 1554 1553
f 141 1476 1475
f 162 1602 1601
f 121 1355 1356
f 142 1482 1481
f 129 1404 1403
f 130 1409 1410
f 144 1493 1494
f 146 1505 1506
f 151 1536 1535
f 131 1415 1416
f 136 1445 1446
f 161 1595 1596
f 126 1386 1385
f 47 909 907
f 44 891 889
f 43 886 883
f 45 898 895
f 46 904 901
f 49 922 919
f 72 1060 1057
f 102 1240 1237
f 96 1204 1201
f 79 1102 1099
f 62 999 997
f 59 981 979
f 58 976 973
f 60 988 985
f 61 994 991
f 66 1024 1021
f 54 952 949
f 73 1066 1063
f 85 1138 1135
f 92 1179 1177
f 101 1233 1231
f 69 1041 1039
f 50 927 925
f 82 1119 1117
f 97 1209 1207
f 71 1053 1051
f 100 1228 1225
f 94 1192 1189
f 80 1108 1105
f 51 933 931
f 90 1167 1165
f 63 1005 1003
f 55 957 955
f 76 1083 1081
f 87 1150 1147
f 91 1174 1171
f 67 1029 1027
f 56 963 961
f 75 1077 1075
f 83 1126 1123
f 68 1036 1033
f 48 915 913
f 78 1095 1093
f 93 1185 1183
f 98 1216 1213
f 88 1155 1153
f 65 1018 1015
f 57 970 967
f 77 1090 1087
f 86 1143 1141
f 64 1012 1009
f 53 945 943
f 74 1071 1069
f 84 1131 1129
f 89 1162 1159
f 70 1047 1045
f 99 1221 1219
f 95 1197 1195
f 81 1114 1111
f 52 940 937
f 109 1284 1280
f 105 1260 1256
f 111 1296 1292
f 114 1314 1310
f 117 1332 1328
f 125 1380 1376
f 152 1542 1538
f 137 1451 1447
f 158 1577 1573
f 123 1367 1363
f 143 1488 1484
f 127 1392 1388
f 135 1439 1435
f 147 1512 1508
f 150 1530 1526
f 153 1548 1544
f 140 1470 1466
f 138 1457 1453
f 159 1583 1579
f 122 1361 1357
f 107 1270 1268
f 103 1246 1244
f 104 1251 1249
f 110 1287 1285
f 113 1305 1303
f 118 1335 1333
f 154 1552 1550
f 141 1474 1472
f 162 1600 1598
f 121 1353 1351
f 142 1480 1478
f 129 1402 1400
f 130 1407 1405
f 144 1491 1489
f 146 1503 1501
f 151 1534 1532
f 131 1413 1411
f 136 1443 1441
f 161 1593 1591
f 126 1384 1382
f 116 1324 1322
f 108 1276 1274
f 106 1264 1262
f 112 1300 1298
f 115 1318 1316
f 119 1342 1340
f 156 1563 1561
f 139 1461 1459
f 160 1587 1585
f 120 1348 1346
f 149 1522 1520
f 132 1419 1417
f 128 1396 1394
f 145 1498 1496
f 148 1516 1514
f 155 1558 1556
f 133 1426 1424
f 134 1432 1430
f 157 1569 1567
f 124 1371 1369
f 109 1281 1279
f 105 1257 1255
f 111 1293 1291
f 114 1311 1309
f 117 1329 1327
f 125 1377 1375
f 152 1539 1537
f 137 1450 1448
f 158 1576 1574
f 123 1366 1364
f 143 1485 1483
f 127 1389 1387
f 135 1438 1436
f 147 1509 1507
f 150 1527 1525
f 153 1545 1543
f 140 1467 1465
f 138 1456 1454
f 159 1582 1580
f 122 1360 1358
f 107 1271 1267
f 103 1247 1243
f 104 1254 1250
f 110 1290 1286
f 113 1308 1304
f 118 1338 1334
f 154 1553 1549
f 141 1475 1471
f 162 1601 1597
f 121 1356 1352
f 142 1481 1477
f 129 1403 1399
f 130 1410 1406
f 144 1494 1490
f 146 1506 1502
f 151 1535 1531
f 131 1416 1412
f 136 1446 1442
f 161 1596 1592
f 126 1385 1381
f 44 894 890
f 43 887 884
f 45 899 896
f 46 905 902
f 47 912 908
f 52 941 938
f 70 1050 1046
f 99 1224 1220
f 95 1200 1196
f 81 1115 1112
f 59 984 980
f 58 977 974
f 60 989 986
f 61 995 992
f 62 1002 998
f 65 1019 1016
f 57 971 968
f 77 1091 1088
f 86 1146 1142
f 88 1158 1154
f 98 1217 1214
f 68 1037 1034
f 48 918 914
f 78 1098 1094
f 93 1188 1184
f 69 1044 1040
f 101 1236 1232
f 97 1212 1208
f 82 1122 1118
f 50 930 926
f 89 1163 1160
f 64 1013 1010
f 53 948 944
f 74 1074 1070
f 84 1134 1130
f 90 1170 1166
f 63 1008 1004
f 55 960 956
f 76 1086 1082
f 87 1151 1148
f 72 1061 1058
f 49 923 920
f 79 1103 1100
f 96 1205 1202
f 102 1241 1238
f 91 1175 1172
f 67 1032 1028
f 56 966 962
f 75 1080 1076
f 83 1127 1124
f 66 1025 1022
f 54 953 950
f 73 1067 1064
f 85 1139 1136
f 92 1182 1178
f 71 1056 1052
f 100 1229 1226
f 94 1193 1190
f 80 1109 1106
f 51 936 932
f 116 1325 1321
f 108 1277 1273
f 106 1265 1261
f 112 1301 1297
f 115 1319 1315
f 119 1343 1339
f 156 1566 1562
f 139 1464 1460
f 160 1590 1586
f 120 1349 1345
f 149 1523 1519
f 132 1422 1418
f 128 1397 1393
f 145 1499 1495
f 148 1517 1513
f 155 1559 1555
f 133 1427 1423
f 134 1433 1429
f 157 1572 1568
f 124 1374 1370
f 44 892 894
f 43 885 887
f 45 897 899
f 46 903 905
f 47 910 912
f 52 939 941
f 70 1048 1050
f 99 1222 1224
f 95 1198 1200
f 81 1113 1115
f 59 982 984
f 58 975 977
f 60 987 989
f 61 993 995
f 62 1000 1002
f 65 1017 1019
f 57 969 971
f 77 1089 1091
f 86 1144 1146
f 88 1156 1158
f 98 1215 1217
f 68 1035 1037
f 48 916 918
f 78 1096 1098
f 93 1186 1188
f 69 1042 1044
f 101 1234 1236
f 97 1210 1212
f 82 1120 1122
f 50 928 930
f 89 1161 1163
f 64 1011 1013
f 53 946 948
f 74 1072 1074
f 84 1132 1134
f 90 1168 1170
f 63 1006 1008
f 55 958 960
f 76 1084 1086
f 87 1149 1151
f 72 1059 1061
f 49 921 923
f 79 1101 1103
f 96 1203 1205
f 102 1239 1241
f 91 1173 1175
f 67 1030 1032
f 56 964 966
f 75 1078 1080
f 83 1125 1127
f 66 1023 1025
f 54 951 953
f 73 1065 1067
f 85 1137 1139
f 92 1180 1182
f 71 1054 1056
f 100 1227 1229
f 94 1191 1193
f 80 1107 1109
f 51 934 936
f 116 1326 1325
f 108 1278 1277
f 106 1266 1265
f 112 1302 1301
f 115 1320 1319
f 119 1344 1343
f 156 1565 1566
f 139 1463 1464
f 160 1589 1590
f 120 1350 1349
f 149 1524 1523
f 132 1421 1422
f 128 1398 1397
f 145 1500 1499
f 148 1518 1517
f 155 1560 1559
f 133 1428 1427
f 134 1434 1433
f 157 1571 1572
f 124 1373 1374
f 44 889 892
f 43 883 885
f 45 895 897
f 46 901 903
f 47 907 910
f 52 937 939
f 70 1045 1048
f 99 1219 1222
f 95 1195 1198
f 81 1111 1113
f 59 979 982
f 58 973 975
f 60 985 987
f 61 991 993
f 62 997 1000
f 65 1015 1017
f 57 967 969
f 77 1087 1089
f 86 1141 1144
f 88 1153 1156
f 98 1213 1215
f 68 1033 1035
f 48 913 916
f 78 1093 1096
f 93 1183 1186
f 69 1039 1042
f 101 1231 1234
f 97 1207 1210
f 82 1117 1120
f 50 925 928
f 89 1159 1161
f 64 1009 1011
f 53 943 946
f 74 1069 1072
f 84 1129 1132
f 90 1165 1168
f 63 1003 1006
f 55 955 958
f 76 1081 1084
f 87 1147 1149
f 72 1057 1059
f 49 919 921
f 79 1099 1101
f 96 1201 1203
f 102 1237 1239
f 91 1171 1173
f 67 1027 1030
f 56 961 964
f 75 1075 1078
f 83 1123 1125
f 66 1021 1023
f 54 949 951
f 73 1063 1065
f 85 1135 1137
f 92 1177 1180
f 71 1051 1054
f 100 1225 1227
f 94 1189 1191
f 80 1105 1107
f 51 931 934
f 116 1322 1326
f 108 1274 1278
f 106 1262 1266
f 112 1298 1302
f 115 1316 1320
f 119 1340 1344
f 156 1561 1565
f 139 1459 1463
f 160 1585 1589
f 120 1346 1350
f 149 1520 1524
f 132 1417 1421
f 128 1394 1398
f 145 1496 1500
f 148 1514 1518
f 155 1556 1560
f 133 1424 1428
f 134 1430 1434
f 157 1567 1571
f 124 1369 1373
f 47 908 911
f 44 890 893
f 43 884 888
f 45 896 900
f 46 902 906
f 49 920 924
f 72 1058 1062
f 102 1238 1242
f 96 1202 1206
f 79 1100 1104
f 62 998 1001
f 59 980 983
f 58 974 978
f 60 986 990
f 61 992 996
f 66 1022 1026
f 54 950 954
f 73 1064 1068
f 85 1136 1140
f 92 1178 1181
f 101 1232 1235
f 69 1040 1043
f 50 926 929
f 82 1118 1121
f 97 1208 1211
f 71 1052 1055
f 100 1226 1230
f 94 1190 1194
f 80 1106 1110
f 51 932 935
f 90 1166 1169
f 63 1004 1007
f 55 956 959
f 76 1082 1085
f 87 1148 1152
f 91 1172 1176
f 67 1028 1031
f 56 962 965
f 75 1076 1079
f 83 1124 1128
f 68 1034 1038
f 48 914 917
f 78 1094 1097
f 93 1184 1187
f 98 1214 1218
f 88 1154 1157
f 65 1016 1020
f 57 968 972
f 77 1088 1092
f 86 1142 1145
f 64 1010 1014
f 53 944 947
f 74 1070 1073
f 84 1130 1133
f 89 1160 1164
f 70 1046 1049
f 99 1220 1223
f 95 1196 1199
f 81 1112 1116
f 52 938 942
f 109 1279 1283
f 105 1255 1259
f 111 1291 1295
f 114 1309 1313
f 117 1327 1331
f 125 1375 1379
f 152 1537 1541
f 137 1448 1452
f 158 1574 1578
f 123 1364 1368
f 143 1483 1487
f 127 1387 1391
f 135 1436 1440
f 147 1507 1511
f 150 1525 1529
f 153 1543 1547
f 140 1465 1469
f 138 1454 1458
f 159 1580 1584
f 122 1358 1362
f 107 1267 1269
f 103 1243 1245
f 104 1250 1252
f 110 1286 1288
f 113 1304 1306
f 118 1334 1336
f 154 1549 1551
f 141 1471 1473
f 162 1597 1599
f 121 1352 1354
f 142 1477 1479
f 129 1399 1401
f 130 1406 1408
f 144 1490 1492
f 146 1502 1504
f 151 1531 1533
f 131 1412 1414
f 136 1442 1444
f 161 1592 1594
f 126 1381 1383
f 116 1321 1323
f 108 1273 1275
f 106 1261 1263
f 112 1297 1299
f 115 1315 1317
f 119 1339 1341
f 156 1562 1564
f 139 1460 1462
f 160 1586 1588
f 120 1345 1347
f 149 1519 1521
f 132 1418 1420
f 128 1393 1395
f 145 1495 1497
f 148 1513 1515
f 155 1555 1557
f 133 1423 1425
f 134 1429 1431
f 157 1568 1570
f 124 1370 1372
f 109 1280 1282
f 105 1256 1258
f 111 1292 1294
f 114 1310 1312
f 117 1328 1330
f 125 1376 1378
f 152 1538 1540
f 137 1447 1449
f 158 1573 1575
f 123 1363 1365
f 143 1484 1486
f 127 1388 1390
f 135 1435 1437
f 147 1508 1510
f 150 1526 1528
f 153 1544 1546
f 140 1466 1468
f 138 1453 1455
f 159 1579 1581
f 122 1357 1359
f 107 1268 1272
f 103 1244 1248
f 104 1249 1253
f 110 1285 1289
f 113 1303 1307
f 118 1333 1337
f 154 1550 1554
f 141 1472 1476
f 162 1598 1602
f 121 1351 1355
f 142 1478 1482
f 129 1400 1404
f 130 1405 1409
f 144 1489 1493
f 146 1501 1505
f 151 1532 1536
f 131 1411 1415
f 136 1441 1445
f 161 1591 1595
f 126 1382 1386
f 47 911 909
f 44 893 891
f 43 888 886
f 45 900 898
f 46 906 904
f 49 924 922
f 72 1062 1060
f 102 1242 1240
f 96 1206 1204
f 79 1104 1102
f 62 1001 999
f 59 983 981
f 58 978 976
f 60 990 988
f 61 996 994
f 66 1026 1024
f 54 954 952
f 73 1068 1066
f 85 1140 1138
f 92 1181 1179
f 101 1235 1233
f 69 1043 1041
f 50 929 927
f 82 1121 1119
f 97 1211 1209
f 71 1055 1053
f 100 1230 1228
f 94 1194 1192
f 80 1110 1108
f 51 935 933
f 90 1169 1167
f 63 1007 1005
f 55 959 957
f 76 1085 1083
f 87 1152 1150
f 91 1176 1174
f 67 1031 1029
f 56 965 963
f 75 1079 1077
f 83 1128 1126
f 68 1038 1036
f 48 917 915
f 78 1097 1095
f 93 1187 1185
f 98 1218 1216
f 88 1157 1155
f 65 1020 1018
f 57 972 970
f 77 1092 1090
f 86 1145 1143
f 64 1014 1012
f 53 947 945
f 74 1073 1071
f 84 1133 1131
f 89 1164 1162
f 70 1049 1047
f 99 1223 1221
f 95 1199 1197
f 81 1116 1114
f 52 942 940
f 109 1283 1284
f 105 1259 1260
f 111 1295 1296
f 114 1313 1314
f 117 1331 1332
f 125 1379 1380
f 152 1541 1542
f 137 1452 1451
f 158 1578 1577
f 123 1368 1367
f 143 1487 1488
f 127 1391 1392
f 135 1440 1439
f 147 1511 1512
f 150 1529 1530
f 153 1547 1548
f 140 1469 1470
f 138 1458 1457
f 159 1584 1583
f 122 1362 1361
f 407 1609 1616
f 403 1605 1608
f 404 1611 1606
f 410 1614 1612
f 413 1617 1615
f 422 1631 1624
f 486 1688 1692
f 573 1775 1782
f 561 1763 1765
f 512 1719 1714
f 452 1654 1661
f 448 1650 1653
f 449 1656 1651
f 455 1659 1657
f 458 1662 1660
f 470 1672 1675
f 437 1646 1639
f 494 1706 1696
f 531 1735 1733
f 539 1741 1751
f 568 1770 1779
f 478 1680 1683
f 419 1621 1626
f 509 1711 1721
f 554 1756 1766
f 482 1684 1689
f 576 1780 1778
f 558 1767 1760
f 516 1722 1718
f 425 1627 1629
f 542 1744 1747
f 463 1668 1665
f 434 1636 1641
f 497 1699 1704
f 528 1730 1737
f 546 1748 1750
f 464 1666 1676
f 440 1642 1644
f 500 1705 1702
f 524 1736 1726
f 479 1691 1681
f 418 1623 1620
f 508 1713 1710
f 553 1764 1755
f 569 1781 1771
f 538 1749 1740
f 471 1677 1673
f 443 1645 1647
f 501 1703 1707
f 523 1725 1734
f 467 1674 1669
f 433 1638 1635
f 493 1695 1698
f 527 1732 1729
f 543 1752 1745
f 485 1690 1687
f 572 1777 1774
f 557 1759 1762
f 515 1717 1720
f 428 1630 1632
f 591 2191 2189
f 587 1885 1883
f 588 1901 1903
f 594 2279 2281
f 597 2315 2317
f 600 2171 2173
f 634 2160 2158
f 619 2016 2012
f 639 2214 2210
f 602 1919 1924
f 624 2137 2135
f 608 1978 1973
f 610 1991 1996
f 627 2225 2227
f 630 2302 2304
f 635 2178 2176
f 615 2153 2155
f 617 2009 2014
f 637 2207 2212
f 604 1926 1922
f 416 1857 1864
f 408 1803 1810
f 406 1786 1795
f 412 1822 1831
f 415 1840 1849
f 424 1876 1887
f 492 2182 2193
f 582 2312 2321
f 565 2276 2285
f 514 1898 1907
f 461 2091 2098
f 453 2037 2044
f 451 1952 1961
f 457 2056 2067
f 460 2074 2083
f 475 2128 2139
f 439 1966 1975
f 496 1988 1997
f 533 2222 2231
f 551 2293 2298
f 579 2185 2190
f 483 1879 1884
f 426 1893 1900
f 521 2271 2278
f 566 2307 2314
f 489 2163 2170
f 578 2150 2159
f 560 2006 2015
f 518 2204 2213
f 429 1911 1918
f 547 2131 2136
f 465 1969 1977
f 441 1983 1990
f 504 2217 2224
f 537 2290 2301
f 550 2168 2177
f 476 2145 2152
f 444 2001 2008
f 502 2199 2206
f 526 1916 1925
f 481 1808 1817
f 420 1789 1797
f 510 1825 1833
f 555 1843 1851
f 571 1862 1871
f 540 1933 1941
f 473 2110 2119
f 447 2020 2029
f 507 2236 2247
f 534 2257 2262
f 469 2042 2051
f 435 1947 1954
f 498 2059 2064
f 529 2077 2085
f 545 2096 2105
f 487 2113 2121
f 574 2023 2031
f 562 2239 2244
f 520 2254 2265
f 432 1930 1939
f 589 1818 1814
f 583 1798 1793
f 586 1834 1829
f 593 1852 1847
f 596 1872 1868
f 599 1942 1937
f 633 2120 2124
f 620 2030 2034
f 640 2248 2250
f 603 2263 2261
f 622 2052 2050
f 607 1955 1960
f 612 2065 2063
f 626 2086 2081
f 629 2106 2102
f 631 2122 2117
f 614 2032 2027
f 618 2245 2243
f 641 2266 2268
f 605 1940 1944
f 409 1813 1804
f 405 1792 1785
f 411 1828 1821
f 414 1846 1839
f 417 1867 1858
f 431 1936 1929
f 488 2123 2114
f 575 2033 2024
f 563 2249 2240
f 519 2260 2253
f 454 2049 2038
f 450 1959 1951
f 456 2062 2055
f 459 2080 2073
f 462 2101 2092
f 472 2116 2109
f 446 2026 2019
f 506 2242 2235
f 535 2267 2258
f 541 1943 1934
f 570 1869 1861
f 480 1815 1807
f 421 1799 1790
f 511 1835 1826
f 556 1853 1844
f 484 1889 1880
f 580 2195 2186
f 567 2319 2308
f 522 2283 2272
f 427 1905 1894
f 544 2103 2095
f 468 2046 2041
f 436 1957 1948
f 499 2069 2060
f 530 2087 2078
f 548 2141 2132
f 466 1979 1970
f 442 1993 1984
f 505 2229 2218
f 536 2296 2289
f 491 2188 2181
f 423 1882 1875
f 513 1902 1897
f 564 2280 2275
f 581 2316 2311
f 549 2172 2167
f 477 2157 2146
f 445 2011 2002
f 503 2209 2200
f 525 1923 1915
f 474 2134 2127
f 438 1972 1965
f 495 1995 1987
f 532 2226 2221
f 552 2303 2294
f 490 2175 2164
f 577 2154 2149
f 559 2013 2005
f 517 2211 2203
f 430 1921 1912
f 590 1865 1870
f 584 1811 1816
f 585 1796 1800
f 592 1832 1836
f 595 1850 1854
f 598 1888 1890
f 636 2194 2196
f 621 2322 2320
f 642 2286 2284
f 601 1908 1906
f 623 2099 2104
f 611 2045 2047
f 609 1962 1958
f 625 2068 2070
f 628 2084 2088
f 632 2140 2142
f 613 1976 1980
f 616 1998 1994
f 638 2232 2230
f 606 2299 2297
f 407 2330 2329
f 403 2324 2323
f 404 2325 2326
f 410 2332 2333
f 413 2335 2336
f 422 2344 2345
f 486 2410 2409
f 573 2497 2496
f 561 2486 2485
f 512 2434 2435
f 452 2375 2374
f 448 2369 2368
f 449 2370 2371
f 455 2377 2378
f 458 2380 2381
f 470 2393 2392
f 437 2359 2360
f 494 2415 2416
f 531 2455 2456
f 539 2461 2460
f 568 2489 2488
f 478 2399 2398
f 419 2341 2340
f 509 2431 2430
f 554 2476 2475
f 482 2405 2404
f 576 2500 2501
f 558 2481 2482
f 516 2439 2440
f 425 2348 2347
f 542 2465 2464
f 463 2383 2384
f 434 2356 2355
f 497 2420 2419
f 528 2452 2451
f 546 2471 2470
f 464 2386 2385
f 440 2363 2362
f 500 2422 2423
f 524 2445 2446
f 479 2400 2401
f 418 2338 2339
f 508 2428 2429
f 553 2473 2474
f 569 2490 2491
f 538 2458 2459
f 471 2394 2395
f 443 2366 2365
f 501 2425 2424
f 523 2444 2443
f 467 2389 2390
f 433 2353 2354
f 493 2414 2413
f 527 2449 2450
f 543 2466 2467
f 485 2407 2408
f 572 2494 2495
f 557 2480 2479
f 515 2438 2437
f 428 2351 2350
f 591 2510 2511
f 587 2504 2505
f 588 2508 2507
f 594 2514 2513
f 597 2517 2516
f 600 2520 2519
f 634 2554 2556
f 619 2539 2540
f 639 2560 2561
f 602 2523 2521
f 624 2543 2544
f 608 2527 2529
f 610 2532 2530
f 627 2547 2546
f 630 2550 2549
f 635 2552 2553
f 615 2535 2534
f 617 2538 2536
f 637 2558 2557
f 604 2524 2525
f 167 1607 647
f 164 1603 644
f 163 1604 643
f 165 1610 645
f 166 1613 646
f 169 1622 649
f 192 1686 672
f 222 1773 702
f 216 1761 696
f 199 1712 679
f 182 1652 662
f 179 1648 659
f 178 1649 658
f 180 1655 660
f 181 1658 661
f 186 1670 666
f 174 1637 654
f 193 1694 673
f 205 1731 685
f 212 1739 692
f 221 1768 701
f 189 1678 669
f 170 1619 650
f 202 1709 682
f 217 1754 697
f 191 1682 671
f 220 1776 700
f 214 1758 694
f 200 1716 680
f 171 1625 651
f 210 1742 690
f 183 1663 663
f 175 1634 655
f 196 1697 676
f 207 1728 687
f 211 1746 691
f 187 1664 667
f 176 1640 656
f 195 1700 675
f 203 1724 683
f 188 1679 668
f 168 1618 648
f 198 1708 678
f 213 1753 693
f 218 1769 698
f 208 1738 688
f 185 1671 665
f 177 1643 657
f 197 1701 677
f 206 1723 686
f 184 1667 664
f 173 1633 653
f 194 1693 674
f 204 1727 684
f 209 1743 689
f 190 1685 670
f 219 1772 699
f 215 1757 695
f 201 1715 681
f 172 1628 652
f 357 2187 837
f 255 1881 735
f 262 1899 742
f 388 2277 868
f 400 2313 880
f 352 2169 832
f 347 2156 827
f 298 2010 778
f 364 2208 844
f 269 1917 749
f 339 2133 819
f 285 1971 765
f 293 1989 773
f 370 2223 850
f 396 2300 876
f 353 2174 833
f 346 2151 826
f 299 2007 779
f 365 2205 845
f 268 1920 748
f 249 1855 729
f 231 1801 711
f 226 1784 706
f 238 1820 718
f 244 1838 724
f 257 1874 737
f 359 2180 839
f 402 2310 882
f 390 2274 870
f 264 1896 744
f 327 2089 807
f 309 2035 789
f 282 1950 762
f 317 2054 797
f 322 2072 802
f 341 2126 821
f 286 1964 766
f 294 1986 774
f 372 2220 852
f 394 2291 874
f 358 2183 838
f 256 1877 736
f 261 1891 741
f 387 2269 867
f 399 2305 879
f 351 2161 831
f 348 2148 828
f 300 2004 780
f 366 2202 846
f 267 1909 747
f 340 2129 820
f 287 1967 767
f 291 1981 771
f 369 2215 849
f 395 2288 875
f 354 2166 834
f 345 2143 825
f 297 1999 777
f 363 2197 843
f 270 1914 750
f 234 1806 714
f 227 1787 707
f 239 1823 719
f 245 1841 725
f 252 1860 732
f 275 1931 755
f 334 2108 814
f 304 2018 784
f 377 2234 857
f 382 2255 862
f 312 2040 792
f 279 1945 759
f 316 2057 796
f 323 2075 803
f 330 2094 810
f 335 2111 815
f 305 2021 785
f 376 2237 856
f 383 2252 863
f 274 1928 754
f 232 1812 712
f 225 1791 705
f 237 1827 717
f 243 1845 723
f 250 1866 730
f 273 1935 753
f 336 2118 816
f 306 2028 786
f 378 2246 858
f 381 2259 861
f 311 2048 791
f 281 1953 761
f 315 2061 795
f 321 2079 801
f 328 2100 808
f 333 2115 813
f 303 2025 783
f 375 2241 855
f 384 2264 864
f 276 1938 756
f 229 1802 709
f 223 1783 703
f 235 1819 715
f 241 1837 721
f 247 1856 727
f 271 1927 751
f 332 2112 812
f 302 2022 782
f 374 2238 854
f 379 2251 859
f 307 2036 787
f 278 1949 758
f 313 2053 793
f 319 2071 799
f 325 2090 805
f 331 2107 811
f 301 2017 781
f 373 2233 853
f 380 2256 860
f 272 1932 752
f 248 1859 728
f 230 1805 710
f 224 1788 704
f 236 1824 716
f 242 1842 722
f 254 1878 734
f 356 2184 836
f 397 2306 877
f 385 2270 865
f 259 1892 739
f 326 2093 806
f 308 2039 788
f 277 1946 757
f 314 2058 794
f 320 2076 800
f 338 2130 818
f 284 1968 764
f 289 1982 769
f 367 2216 847
f 391 2287 871
f 355 2179 835
f 253 1873 733
f 260 1895 740
f 386 2273 866
f 398 2309 878
f 350 2165 830
f 343 2144 823
f 295 2000 775
f 361 2198 841
f 266 1913 746
f 337 2125 817
f 283 1963 763
f 290 1985 770
f 368 2219 848
f 392 2292 872
f 349 2162 829
f 344 2147 824
f 296 2003 776
f 362 2201 842
f 265 1910 745
f 251 1863 731
f 233 1809 713
f 228 1794 708
f 240 1830 720
f 246 1848 726
f 258 1886 738
f 360 2192 840
f 401 2318 881
f 389 2282 869
f 263 1904 743
f 329 2097 809
f 310 2043 790
f 280 1956 760
f 318 2066 798
f 324 2082 804
f 342 2138 822
f 288 1974 768
f 292 1992 772
f 371 2228 851
f 393 2295 873
f 409 2331 1269
f 405 2327 1245
f 411 2328 1252
f 414 2334 1288
f 417 2337 1306
f 431 2346 1336
f 488 2412 1551
f 575 2499 1473
f 563 2487 1599
f 519 2436 1354
f 454 2376 1479
f 450 2372 1401
f 456 2373 1408
f 459 2379 1492
f 462 2382 1504
f 472 2396 1533
f 446 2361 1414
f 506 2418 1444
f 535 2457 1594
f 541 2463 1383
f 570 2492 1323
f 480 2402 1275
f 421 2343 1263
f 511 2433 1299
f 556 2478 1317
f 484 2406 1341
f 580 2502 1564
f 567 2484 1462
f 522 2442 1588
f 427 2349 1347
f 544 2468 1521
f 468 2387 1420
f 436 2358 1395
f 499 2421 1497
f 530 2454 1515
f 548 2472 1557
f 466 2388 1425
f 442 2364 1431
f 505 2426 1570
f 536 2448 1372
f 491 2403 1282
f 423 2342 1258
f 513 2432 1294
f 564 2477 1312
f 581 2493 1330
f 549 2462 1378
f 477 2397 1540
f 445 2367 1449
f 503 2427 1575
f 525 2447 1365
f 474 2391 1486
f 438 2357 1390
f 495 2417 1437
f 532 2453 1510
f 552 2469 1528
f 490 2411 1546
f 577 2498 1468
f 559 2483 1455
f 517 2441 1581
f 430 2352 1359
f 590 2509 1272
f 584 2503 1248
f 585 2506 1253
f 592 2512 1289
f 595 2515 1307
f 598 2518 1337
f 636 2555 1554
f 621 2541 1476
f 642 2562 1602
f 601 2522 1355
f 623 2542 1482
f 611 2528 1404
f 609 2531 1409
f 625 2545 1493
f 628 2548 1505
f 632 2551 1536
f 613 2533 1415
f 616 2537 1445
f 638 2559 1595
f 606 2526 1386
f 407 1616 909
f 403 1608 891
f 404 1606 886
f 410 1612 898
f 413 1615 904
f 422 1624 922
f 486 1692 1060
f 573 1782 1240
f 561 1765 1204
f 512 1714 1102
f 452 1661 999
f 448 1653 981
f 449 1651 976
f 455 1657 988
f 458 1660 994
f 470 1675 1024
f 437 1639 952
f 494 1696 1066
f 531 1733 1138
f 539 1751 1179
f 568 1779 1233
f 478 1683 1041
f 419 1626 927
f 509 1721 1119
f 554 1766 1209
f 482 1689 1053
f 576 1778 1228
f 558 1760 1192
f 516 1718 1108
f 425 1629 933
f 542 1747 1167
f 463 1665 1005
f 434 1641 957
f 497 1704 1083
f 528 1737 1150
f 546 1750 1174
f 464 1676 1029
f 440 1644 963
f 500 1702 1077
f 524 1726 1126
f 479 1681 1036
f 418 1620 915
f 508 1710 1095
f 553 1755 1185
f 569 1771 1216
f 538 1740 1155
f 471 1673 1018
f 443 1647 970
f 501 1707 1090
f 523 1734 1143
f 467 1669 1012
f 433 1635 945
f 493 1698 1071
f 527 1729 1131
f 543 1745 1162
f 485 1687 1047
f 572 1774 1221
f 557 1762 1197
f 515 1720 1114
f 428 1632 940
f 591 2189 1284
f 587 1883 1260
f 588 1903 1296
f 594 2281 1314
f 597 2317 1332
f 600 2173 1380
f 634 2158 1542
f 619 2012 1451
f 639 2210 1577
f 602 1924 1367
f 624 2135 1488
f 608 1973 1392
f 610 1996 1439
f 627 2227 1512
f 630 2304 1530
f 635 2176 1548
f 615 2155 1470
f 617 2014 1457
f 637 2212 1583
f 604 1922 1361
f 416 1864 1270
f 408 1810 1246
f 406 1795 1251
f 412 1831 1287
f 415 1849 1305
f 424 1887 1335
f 492 2193 1552
f 582 2321 1474
f 565 2285 1600
f 514 1907 1353
f 461 2098 1480
f 453 2044 1402
f 451 1961 1407
f 457 2067 1491
f 460 2083 1503
f 475 2139 1534
f 439 1975 1413
f 496 1997 1443
f 533 2231 1593
f 551 2298 1384
f 579 2190 1324
f 483 1884 1276
f 426 1900 1264
f 521 2278 1300
f 566 2314 1318
f 489 2170 1342
f 578 2159 1563
f 560 2015 1461
f 518 2213 1587
f 429 1918 1348
f 547 2136 1522
f 465 1977 1419
f 441 1990 1396
f 504 2224 1498
f 537 2301 1516
f 550 2177 1558
f 476 2152 1426
f 444 2008 1432
f 502 2206 1569
f 526 1925 1371
f 481 1817 1281
f 420 1797 1257
f 510 1833 1293
f 555 1851 1311
f 571 1871 1329
f 540 1941 1377
f 473 2119 1539
f 447 2029 1450
f 507 2247 1576
f 534 2262 1366
f 469 2051 1485
f 435 1954 1389
f 498 2064 1438
f 529 2085 1509
f 545 2105 1527
f 487 2121 1545
f 574 2031 1467
f 562 2244 1456
f 520 2265 1582
f 432 1939 1360
f 589 1814 1271
f 583 1793 1247
f 586 1829 1254
f 593 1847 1290
f 596 1868 1308
f 599 1937 1338
f 633 2124 1553
f 620 2034 1475
f 640 2250 1601
f 603 2261 1356
f 622 2050 1481
f 607 1960 1403
f 612 2063 1410
f 626 2081 1494
f 629 2102 1506
f 631 2117 1535
f 614 2027 1416
f 618 2243 1446
f 641 2268 1596
f 605 1944 1385
f 409 1804 894
f 405 1785 887
f 411 1821 899
f 414 1839 905
f 417 1858 912
f 431 1929 941
f 488 2114 1050
f 575 2024 1224
f 563 2240 1200
f 519 2253 1115
f 454 2038 984
f 450 1951 977
f 456 2055 989
f 459 2073 995
f 462 2092 1002
f 472 2109 1019
f 446 2019 971
f 506 2235 1091
f 535 2258 1146
f 541 1934 1158
f 570 1861 1217
f 480 1807 1037
f 421 1790 918
f 511 1826 1098
f 556 1844 1188
f 484 1880 1044
f 580 2186 1236
f 567 2308 1212
f 522 2272 1122
f 427 1894 930
f 544 2095 1163
f 468 2041 1013
f 436 1948 948
f 499 2060 1074
f 530 2078 1134
f 548 2132 1170
f 466 1970 1008
f 442 1984 960
f 505 2218 1086
f 536 2289 1151
f 491 2181 1061
f 423 1875 923
f 513 1897 1103
f 564 2275 1205
f 581 2311 1241
f 549 2167 1175
f 477 2146 1032
f 445 2002 966
f 503 2200 1080
f 525 1915 1127
f 474 2127 1025
f 438 1965 953
f 495 1987 1067
f 532 2221 1139
f 552 2294 1182
f 490 2164 1056
f 577 2149 1229
f 559 2005 1193
f 517 2203 1109
f 430 1912 936
f 590 1870 1325
f 584 1816 1277
f 585 1800 1265
f 592 1836 1301
f 595 1854 1319
f 598 1890 1343
f 636 2196 1566
f 621 2320 1464
f 642 2284 1590
f 601 1906 1349
f 623 2104 1523
f 611 2047 1422
f 609 1958 1397
f 625 2070 1499
f 628 2088 1517
f 632 2142 1559
f 613 1980 1427
f 616 1994 1433
f 638 2230 1572
f 606 2297 1374
f 407 2329 892
f 403 2323 885
f 404 2326 897
f 410 2333 903
f 413 2336 910
f 422 2345 939
f 486 2409 1048
f 573 2496 1222
f 561 2485 1198
f 512 2435 1113
f 452 2374 982
f 448 2368 975
f 449 2371 987
f 455 2378 993
f 458 2381 1000
f 470 2392 1017
f 437 2360 969
f 494 2416 1089
f 531 2456 1144
f 539 2460 1156
f 568 2488 1215
f 478 2398 1035
f 419 2340 916
f 509 2430 1096
f 554 2475 1186
f 482 2404 1042
f 576 2501 1234
f 558 2482 1210
f 516 2440 1120
f 425 2347 928
f 542 2464 1161
f 463 2384 1011
f 434 2355 946
f 497 2419 1072
f 528 2451 1132
f 546 2470 1168
f 464 2385 1006
f 440 2362 958
f 500 2423 1084
f 524 2446 1149
f 479 2401 1059
f 418 2339 921
f 508 2429 1101
f 553 2474 1203
f 569 2491 1239
f 538 2459 1173
f 471 2395 1030
f 443 2365 964
f 501 2424 1078
f 523 2443 1125
f 467 2390 1023
f 433 2354 951
f 493 2413 1065
f 527 2450 1137
f 543 2467 1180
f 485 2408 1054
f 572 2495 1227
f 557 2479 1191
f 515 2437 1107
f 428 2350 934
f 591 2511 1326
f 587 2505 1278
f 588 2507 1266
f 594 2513 1302
f 597 2516 1320
f 600 2519 1344
f 634 2556 1565
f 619 2540 1463
f 639 2561 1589
f 602 2521 1350
f 624 2544 1524
f 608 2529 1421
f 610 2530 1398
f 627 2546 1500
f 630 2549 1518
f 635 2553 1560
f 615 2534 1428
f 617 2536 1434
f 637 2557 1571
f 604 2525 1373
f 164 1609 889
f 163 1605 883
f 165 1611 895
f 166 1614 901
f 167 1617 907
f 172 1631 937
f 190 1688 1045
f 219 1775 1219
f 215 1763 1195
f 201 1719 1111
f 179 1654 979
f 178 1650 973
f 180 1656 985
f 181 1659 991
f 182 1662 997
f 185 1672 1015
f 177 1646 967
f 197 1706 1087
f 206 1735 1141
f 208 1741 1153
f 218 1770 1213
f 188 1680 1033
f 168 1621 913
f 198 1711 1093
f 213 1756 1183
f 189 1684 1039
f 221 1780 1231
f 217 1767 1207
f 202 1722 1117
f 170 1627 925
f 209 1744 1159
f 184 1668 1009
f 173 1636 943
f 194 1699 1069
f 204 1730 1129
f 210 1748 1165
f 183 1666 1003
f 175 1642 955
f 196 1705 1081
f 207 1736 1147
f 192 1691 1057
f 169 1623 919
f 199 1713 1099
f 216 1764 1201
f 222 1781 1237
f 211 1749 1171
f 187 1677 1027
f 176 1645 961
f 195 1703 1075
f 203 1725 1123
f 186 1674 1021
f 174 1638 949
f 193 1695 1063
f 205 1732 1135
f 212 1752 1177
f 191 1690 1051
f 220 1777 1225
f 214 1759 1189
f 200 1717 1105
f 171 1630 931
f 358 2191 1322
f 256 1885 1274
f 261 1901 1262
f 387 2279 1298
f 399 2315 1316
f 351 2171 1340
f 348 2160 1561
f 300 2016 1459
f 366 2214 1585
f 267 1919 1346
f 340 2137 1520
f 287 1978 1417
f 291 1991 1394
f 369 2225 1496
f 395 2302 1514
f 354 2178 1556
f 345 2153 1424
f 297 2009 1430
f 363 2207 1567
f 270 1926 1369
f 247 1857 908
f 229 1803 890
f 223 1786 884
f 235 1822 896
f 241 1840 902
f 253 1876 920
f 355 2182 1058
f 398 2312 1238
f 386 2276 1202
f 260 1898 1100
f 325 2091 998
f 307 2037 980
f 278 1952 974
f 313 2056 986
f 319 2074 992
f 337 2128 1022
f 283 1966 950
f 290 1988 1064
f 368 2222 1136
f 392 2293 1178
f 356 2185 1232
f 254 1879 1040
f 259 1893 926
f 385 2271 1118
f 397 2307 1208
f 349 2163 1052
f 344 2150 1226
f 296 2006 1190
f 362 2204 1106
f 265 1911 932
f 338 2131 1166
f 284 1969 1004
f 289 1983 956
f 367 2217 1082
f 391 2290 1148
f 350 2168 1172
f 343 2145 1028
f 295 2001 962
f 361 2199 1076
f 266 1916 1124
f 230 1808 1034
f 224 1789 914
f 236 1825 1094
f 242 1843 1184
f 248 1862 1214
f 272 1933 1154
f 331 2110 1016
f 301 2020 968
f 373 2236 1088
f 380 2257 1142
f 308 2042 1010
f 277 1947 944
f 314 2059 1070
f 320 2077 1130
f 326 2096 1160
f 332 2113 1046
f 302 2023 1220
f 374 2239 1196
f 379 2254 1112
f 271 1930 938
f 234 1818 1279
f 227 1798 1255
f 239 1834 1291
f 245 1852 1309
f 252 1872 1327
f 275 1942 1375
f 334 2120 1537
f 304 2030 1448
f 377 2248 1574
f 382 2263 1364
f 312 2052 1483
f 279 1955 1387
f 316 2065 1436
f 323 2086 1507
f 330 2106 1525
f 335 2122 1543
f 305 2032 1465
f 376 2245 1454
f 383 2266 1580
f 274 1940 1358
f 232 1813 1267
f 225 1792 1243
f 237 1828 1250
f 243 1846 1286
f 250 1867 1304
f 273 1936 1334
f 336 2123 1549
f 306 2033 1471
f 378 2249 1597
f 381 2260 1352
f 311 2049 1477
f 281 1959 1399
f 315 2062 1406
f 321 2080 1490
f 328 2101 1502
f 333 2116 1531
f 303 2026 1412
f 375 2242 1442
f 384 2267 1592
f 276 1943 1381
f 251 1869 1321
f 233 1815 1273
f 228 1799 1261
f 240 1835 1297
f 246 1853 1315
f 258 1889 1339
f 360 2195 1562
f 401 2319 1460
f 389 2283 1586
f 263 1905 1345
f 329 2103 1519
f 310 2046 1418
f 280 1957 1393
f 318 2069 1495
f 324 2087 1513
f 342 2141 1555
f 288 1979 1423
f 292 1993 1429
f 371 2229 1568
f 393 2296 1370
f 357 2188 1280
f 255 1882 1256
f 262 1902 1292
f 388 2280 1310
f 400 2316 1328
f 352 2172 1376
f 347 2157 1538
f 298 2011 1447
f 364 2209 1573
f 269 1923 1363
f 339 2134 1484
f 285 1972 1388
f 293 1995 1435
f 370 2226 1508
f 396 2303 1526
f 353 2175 1544
f 346 2154 1466
f 299 2013 1453
f 365 2211 1579
f 268 1921 1357
f 249 1865 1268
f 231 1811 1244
f 226 1796 1249
f 238 1832 1285
f 244 1850 1303
f 257 1888 1333
f 359 2194 1550
f 402 2322 1472
f 390 2286 1598
f 264 1908 1351
f 327 2099 1478
f 309 2045 1400
f 282 1962 1405
f 317 2068 1489
f 322 2084 1501
f 341 2140 1532
f 286 1976 1411
f 294 1998 1441
f 372 2232 1591
f 394 2299 1382
f 416 2330 911
f 408 2324 893
f 406 2325 888
f 412 2332 900
f 415 2335 906
f 424 2344 924
f 492 2410 1062
f 582 2497 1242
f 565 2486 1206
f 514 2434 1104
f 461 2375 1001
f 453 2369 983
f 451 2370 978
f 457 2377 990
f 460 2380 996
f 475 2393 1026
f 439 2359 954
f 496 2415 1068
f 533 2455 1140
f 551 2461 1181
f 579 2489 1235
f 483 2399 1043
f 426 2341 929
f 521 2431 1121
f 566 2476 1211
f 489 2405 1055
f 578 2500 1230
f 560 2481 1194
f 518 2439 1110
f 429 2348 935
f 547 2465 1169
f 465 2383 1007
f 441 2356 959
f 504 2420 1085
f 537 2452 1152
f 550 2471 1176
f 476 2386 1031
f 444 2363 965
f 502 2422 1079
f 526 2445 1128
f 481 2400 1038
f 420 2338 917
f 510 2428 1097
f 555 2473 1187
f 571 2490 1218
f 540 2458 1157
f 473 2394 1020
f 447 2366 972
f 507 2425 1092
f 534 2444 1145
f 469 2389 1014
f 435 2353 947
f 498 2414 1073
f 529 2449 1133
f 545 2466 1164
f 487 2407 1049
f 574 2494 1223
f 562 2480 1199
f 520 2438 1116
f 432 2351 942
f 589 2510 1283
f 583 2504 1259
f 586 2508 1295
f 593 2514 1313
f 596 2517 1331
f 599 2520 1379
f 633 2554 1541
f 620 2539 1452
f 640 2560 1578
f 603 2523 1368
f 622 2543 1487
f 607 2527 1391
f 612 2532 1440
f 626 2547 1511
f 629 2550 1529
f 631 2552 1547
f 614 2535 1469
f 618 2538 1458
f 641 2558 1584
f 605 2524 1362
f 164 1607 1609
f 163 1603 1605
f 165 1604 1611
f 166 1610 1614
f 167 1613 1617
f 172 1622 1631
f 190 1686 1688
f 219 1773 1775
f 215 1761 1763
f 201 1712 1719
f 179 1652 1654
f 178 1648 1650
f 180 1649 1656
f 181 1655 1659
f 182 1658 1662
f 185 1670 1672
f 177 1637 1646
f 197 1694 1706
f 206 1731 1735
f 208 1739 1741
f 218 1768 1770
f 188 1678 1680
f 168 1619 1621
f 198 1709 1711
f 213 1754 1756
f 189 1682 1684
f 221 1776 1780
f 217 1758 1767
f 202 1716 1722
f 170 1625 1627
f 209 1742 1744
f 184 1663 1668
f 173 1634 1636
f 194 1697 1699
f 204 1728 1730
f 210 1746 1748
f 183 1664 1666
f 175 1640 1642
f 196 1700 1705
f 207 1724 1736
f 192 1679 1691
f 169 1618 1623
f 199 1708 1713
f 216 1753 1764
f 222 1769 1781
f 211 1738 1749
f 187 1671 1677
f 176 1643 1645
f 195 1701 1703
f 203 1723 1725
f 186 1667 1674
f 174 1633 1638
f 193 1693 1695
f 205 1727 1732
f 212 1743 1752
f 191 1685 1690
f 220 1772 1777
f 214 1757 1759
f 200 1715 1717
f 171 1628 1630
f 358 2187 2191
f 256 1881 1885
f 261 1899 1901
f 387 2277 2279
f 399 2313 2315
f 351 2169 2171
f 348 2156 2160
f 300 2010 2016
f 366 2208 2214
f 267 1917 1919
f 340 2133 2137
f 287 1971 1978
f 291 1989 1991
f 369 2223 2225
f 395 2300 2302
f 354 2174 2178
f 345 2151 2153
f 297 2007 2009
f 363 2205 2207
f 270 1920 1926
f 247 1855 1857
f 229 1801 1803
f 223 1784 1786
f 235 1820 1822
f 241 1838 1840
f 253 1874 1876
f 355 2180 2182
f 398 2310 2312
f 386 2274 2276
f 260 1896 1898
f 325 2089 2091
f 307 2035 2037
f 278 1950 1952
f 313 2054 2056
f 319 2072 2074
f 337 2126 2128
f 283 1964 1966
f 290 1986 1988
f 368 2220 2222
f 392 2291 2293
f 356 2183 2185
f 254 1877 1879
f 259 1891 1893
f 385 2269 2271
f 397 2305 2307
f 349 2161 2163
f 344 2148 2150
f 296 2004 2006
f 362 2202 2204
f 265 1909 1911
f 338 2129 2131
f 284 1967 1969
f 289 1981 1983
f 367 2215 2217
f 391 2288 2290
f 350 2166 2168
f 343 2143 2145
f 295 1999 2001
f 361 2197 2199
f 266 1914 1916
f 230 1806 1808
f 224 1787 1789
f 236 1823 1825
f 242 1841 1843
f 248 1860 1862
f 272 1931 1933
f 331 2108 2110
f 301 2018 2020
f 373 2234 2236
f 380 2255 2257
f 308 2040 2042
f 277 1945 1947
f 314 2057 2059
f 320 2075 2077
f 326 2094 2096
f 332 2111 2113
f 302 2021 2023
f 374 2237 2239
f 379 2252 2254
f 271 1928 1930
f 234 1812 1818
f 227 1791 1798
f 239 1827 1834
f 245 1845 1852
f 252 1866 1872
f 275 1935 1942
f 334 2118 2120
f 304 2028 2030
f 377 2246 2248
f 382 2259 2263
f 312 2048 2052
f 279 1953 1955
f 316 2061 2065
f 323 2079 2086
f 330 2100 2106
f 335 2115 2122
f 305 2025 2032
f 376 2241 2245
f 383 2264 2266
f 274 1938 1940
f 232 1802 1813
f 225 1783 1792
f 237 1819 1828
f 243 1837 1846
f 250 1856 1867
f 273 1927 1936
f 336 2112 2123
f 306 2022 2033
f 378 2238 2249
f 381 2251 2260
f 311 2036 2049
f 281 1949 1959
f 315 2053 2062
f 321 2071 2080
f 328 2090 2101
f 333 2107 2116
f 303 2017 2026
f 375 2233 2242
f 384 2256 2267
f 276 1932 1943
f 251 1859 1869
f 233 1805 1815
f 228 1788 1799
f 240 1824 1835
f 246 1842 1853
f 258 1878 1889
f 360 2184 2195
f 401 2306 2319
f 389 2270 2283
f 263 1892 1905
f 329 2093 2103
f 310 2039 2046
f 280 1946 1957
f 318 2058 2069
f 324 2076 2087
f 342 2130 2141
f 288 1968 1979
f 292 1982 1993
f 371 2216 2229
f 393 2287 2296
f 357 2179 2188
f 255 1873 1882
f 262 1895 1902
f 388 2273 2280
f 400 2309 2316
f 352 2165 2172
f 347 2144 2157
f 298 2000 2011
f 364 2198 2209
f 269 1913 1923
f 339 2125 2134
f 285 1963 1972
f 293 1985 1995
f 370 2219 2226
f 396 2292 2303
f 353 2162 2175
f 346 2147 2154
f 299 2003 2013
f 365 2201 2211
f 268 1910 1921
f 249 1863 1865
f 231 1809 1811
f 226 1794 1796
f 238 1830 1832
f 244 1848 1850
f 257 1886 1888
f 359 2192 2194
f 402 2318 2322
f 390 2282 2286
f 264 1904 1908
f 327 2097 2099
f 309 2043 2045
f 282 1956 1962
f 317 2066 2068
f 322 2082 2084
f 341 2138 2140
f 286 1974 1976
f 294 1992 1998
f 372 2228 2232
f 394 2295 2299
f 416 2331 2330
f 408 2327 2324
f 406 2328 2325
f 412 2334 2332
f 415 2337 2335
f 424 2346 2344
f 492 2412 2410
f 582 2499 2497
f 565 2487 2486
f 514 2436 2434
f 461 2376 2375
f 453 2372 2369
f 451 2373 2370
f 457 2379 2377
f 460 2382 2380
f 475 2396 2393
f 439 2361 2359
f 496 2418 2415
f 533 2457 2455
f 551 2463 2461
f 579 2492 2489
f 483 2402 2399
f 426 2343 2341
f 521 2433 2431
f 566 2478 2476
f 489 2406 2405
f 578 2502 2500
f 560 2484 2481
f 518 2442 2439
f 429 2349 2348
f 547 2468 2465
f 465 2387 2383
f 441 2358 2356
f 504 2421 2420
f 537 2454 2452
f 550 2472 2471
f 476 2388 2386
f 444 2364 2363
f 502 2426 2422
f 526 2448 2445
f 481 2403 2400
f 420 2342 2338
f 510 2432 2428
f 555 2477 2473
f 571 2493 2490
f 540 2462 2458
f 473 2397 2394
f 447 2367 2366
f 507 2427 2425
f 534 2447 2444
f 469 2391 2389
f 435 2357 2353
f 498 2417 2414
f 529 2453 2449
f 545 2469 2466
f 487 2411 2407
f 574 2498 2494
f 562 2483 2480
f 520 2441 2438
f 432 2352 2351
f 589 2509 2510
f 583 2503 2504
f 586 2506 2508
f 593 2512 2514
f 596 2515 2517
f 599 2518 2520
f 633 2555 2554
f 620 2541 2539
f 640 2562 2560
f 603 2522 2523
f 622 2542 2543
f 607 2528 2527
f 612 2531 2532
f 626 2545 2547
f 629 2548 2550
f 631 2551 2552
f 614 2533 2535
f 618 2537 2538
f 641 2559 2558
f 605 2526 2524
f 164 644 1607
f 163 643 1603
f 165 645 1604
f 166 646 1610
f 167 647 1613
f 172 652 1622
f 190 670 1686
f 219 699 1773
f 215 695 1761
f 201 681 1712
f 179 659 1652
f 178 658 1648
f 180 660 1649
f 181 661 1655
f 182 662 1658
f 185 665 1670
f 177 657 1637
f 197 677 1694
f 206 686 1731
f 208 688 1739
f 218 698 1768
f 188 668 1678
f 168 648 1619
f 198 678 1709
f 213 693 1754
f 189 669 1682
f 221 701 1776
f 217 697 1758
f 202 682 1716
f 170 650 1625
f 209 689 1742
f 184 664 1663
f 173 653 1634
f 194 674 1697
f 204 684 1728
f 210 690 1746
f 183 663 1664
f 175 655 1640
f 196 676 1700
f 207 687 1724
f 192 672 1679
f 169 649 1618
f 199 679 1708
f 216 696 1753
f 222 702 1769
f 211 691 1738
f 187 667 1671
f 176 656 1643
f 195 675 1701
f 203 683 1723
f 186 666 1667
f 174 654 1633
f 193 673 1693
f 205 685 1727
f 212 692 1743
f 191 671 1685
f 220 700 1772
f 214 694 1757
f 200 680 1715
f 171 651 1628
f 358 838 2187
f 256 736 1881
f 261 741 1899
f 387 867 2277
f 399 879 2313
f 351 831 2169
f 348 828 2156
f 300 780 2010
f 366 846 2208
f 267 747 1917
f 340 820 2133
f 287 767 1971
f 291 771 1989
f 369 849 2223
f 395 875 2300
f 354 834 2174
f 345 825 2151
f 297 777 2007
f 363 843 2205
f 270 750 1920
f 247 727 1855
f 229 709 1801
f 223 703 1784
f 235 715 1820
f 241 721 1838
f 253 733 1874
f 355 835 2180
f 398 878 2310
f 386 866 2274
f 260 740 1896
f 325 805 2089
f 307 787 2035
f 278 758 1950
f 313 793 2054
f 319 799 2072
f 337 817 2126
f 283 763 1964
f 290 770 1986
f 368 848 2220
f 392 872 2291
f 356 836 2183
f 254 734 1877
f 259 739 1891
f 385 865 2269
f 397 877 2305
f 349 829 2161
f 344 824 2148
f 296 776 2004
f 362 842 2202
f 265 745 1909
f 338 818 2129
f 284 764 1967
f 289 769 1981
f 367 847 2215
f 391 871 2288
f 350 830 2166
f 343 823 2143
f 295 775 1999
f 361 841 2197
f 266 746 1914
f 230 710 1806
f 224 704 1787
f 236 716 1823
f 242 722 1841
f 248 728 1860
f 272 752 1931
f 331 811 2108
f 301 781 2018
f 373 853 2234
f 380 860 2255
f 308 788 2040
f 277 757 1945
f 314 794 2057
f 320 800 2075
f 326 806 2094
f 332 812 2111
f 302 782 2021
f 374 854 2237
f 379 859 2252
f 271 751 1928
f 234 714 1812
f 227 707 1791
f 239 719 1827
f 245 725 1845
f 252 732 1866
f 275 755 1935
f 334 814 2118
f 304 784 2028
f 377 857 2246
f 382 862 2259
f 312 792 2048
f 279 759 1953
f 316 796 2061
f 323 803 2079
f 330 810 2100
f 335 815 2115
f 305 785 2025
f 376 856 2241
f 383 863 2264
f 274 754 1938
f 232 712 1802
f 225 705 1783
f 237 717 1819
f 243 723 1837
f 250 730 1856
f 273 753 1927
f 336 816 2112
f 306 786 2022
f 378 858 2238
f 381 861 2251
f 311 791 2036
f 281 761 1949
f 315 795 2053
f 321 801 2071
f 328 808 2090
f 333 813 2107
f 303 783 2017
f 375 855 2233
f 384 864 2256
f 276 756 1932
f 251 731 1859
f 233 713 1805
f 228 708 1788
f 240 720 1824
f 246 726 1842
f 258 738 1878
f 360 840 2184
f 401 881 2306
f 389 869 2270
f 263 743 1892
f 329 809 2093
f 310 790 2039
f 280 760 1946
f 318 798 2058
f 324 804 2076
f 342 822 2130
f 288 768 1968
f 292 772 1982
f 371 851 2216
f 393 873 2287
f 357 837 2179
f 255 735 1873
f 262 742 1895
f 388 868 2273
f 400 880 2309
f 352 832 2165
f 347 827 2144
f 298 778 2000
f 364 844 2198
f 269 749 1913
f 339 819 2125
f 285 765 1963
f 293 773 1985
f 370 850 2219
f 396 876 2292
f 353 833 2162
f 346 826 2147
f 299 779 2003
f 365 845 2201
f 268 748 1910
f 249 729 1863
f 231 711 1809
f 226 706 1794
f 238 718 1830
f 244 724 1848
f 257 737 1886
f 359 839 2192
f 402 882 2318
f 390 870 2282
f 264 744 1904
f 327 807 2097
f 309 789 2043
f 282 762 1956
f 317 797 2066
f 322 802 2082
f 341 821 2138
f 286 766 1974
f 294 774 1992
f 372 852 2228
f 394 874 2295
f 416 1270 2331
f 408 1246 2327
f 406 1251 2328
f 412 1287 2334
f 415 1305 2337
f 424 1335 2346
f 492 1552 2412
f 582 1474 2499
f 565 1600 2487
f 514 1353 2436
f 461 1480 2376
f 453 1402 2372
f 451 1407 2373
f 457 1491 2379
f 460 1503 2382
f 475 1534 2396
f 439 1413 2361
f 496 1443 2418
f 533 1593 2457
f 551 1384 2463
f 579 1324 2492
f 483 1276 2402
f 426 1264 2343
f 521 1300 2433
f 566 1318 2478
f 489 1342 2406
f 578 1563 2502
f 560 1461 2484
f 518 1587 2442
f 429 1348 2349
f 547 1522 2468
f 465 1419 2387
f 441 1396 2358
f 504 1498 2421
f 537 1516 2454
f 550 1558 2472
f 476 1426 2388
f 444 1432 2364
f 502 1569 2426
f 526 1371 2448
f 481 1281 2403
f 420 1257 2342
f 510 1293 2432
f 555 1311 2477
f 571 1329 2493
f 540 1377 2462
f 473 1539 2397
f 447 1450 2367
f 507 1576 2427
f 534 1366 2447
f 469 1485 2391
f 435 1389 2357
f 498 1438 2417
f 529 1509 2453
f 545 1527 2469
f 487 1545 2411
f 574 1467 2498
f 562 1456 2483
f 520 1582 2441
f 432 1360 2352
f 589 1271 2509
f 583 1247 2503
f 586 1254 2506
f 593 1290 2512
f 596 1308 2515
f 599 1338 2518
f 633 1553 2555
f 620 1475 2541
f 640 1601 2562
f 603 1356 2522
f 622 1481 2542
f 607 1403 2528
f 612 1410 2531
f 626 1494 2545
f 629 1506 2548
f 631 1535 2551
f 614 1416 2533
f 618 1446 2537
f 641 1596 2559
f 605 1385 2526
f 167 907 1616
f 164 889 1608
f 163 883 1606
f 165 895 1612
f 166 901 1615
f 169 919 1624
f 192 1057 1692
f 222 1237 1782
f 216 1201 1765
f 199 1099 1714
f 182 997 1661
f 179 979 1653
f 178 973 1651
f 180 985 1657
f 181 991 1660
f 186 1021 1675
f 174 949 1639
f 193 1063 1696
f 205 1135 1733
f 212 1177 1751
f 221 1231 1779
f 189 1039 1683
f 170 925 1626
f 202 1117 1721
f 217 1207 1766
f 191 1051 1689
f 220 1225 1778
f 214 1189 1760
f 200 1105 1718
f 171 931 1629
f 210 1165 1747
f 183 1003 1665
f 175 955 1641
f 196 1081 1704
f 207 1147 1737
f 211 1171 1750
f 187 1027 1676
f 176 961 1644
f 195 1075 1702
f 203 1123 1726
f 188 1033 1681
f 168 913 1620
f 198 1093 1710
f 213 1183 1755
f 218 1213 1771
f 208 1153 1740
f 185 1015 1673
f 177 967 1647
f 197 1087 1707
f 206 1141 1734
f 184 1009 1669
f 173 943 1635
f 194 1069 1698
f 204 1129 1729
f 209 1159 1745
f 190 1045 1687
f 219 1219 1774
f 215 1195 1762
f 201 1111 1720
f 172 937 1632
f 357 1280 2189
f 255 1256 1883
f 262 1292 1903
f 388 1310 2281
f 400 1328 2317
f 352 1376 2173
f 347 1538 2158
f 298 1447 2012
f 364 1573 2210
f 269 1363 1924
f 339 1484 2135
f 285 1388 1973
f 293 1435 1996
f 370 1508 2227
f 396 1526 2304
f 353 1544 2176
f 346 1466 2155
f 299 1453 2014
f 365 1579 2212
f 268 1357 1922
f 249 1268 1864
f 231 1244 1810
f 226 1249 1795
f 238 1285 1831
f 244 1303 1849
f 257 1333 1887
f 359 1550 2193
f 402 1472 2321
f 390 1598 2285
f 264 1351 1907
f 327 1478 2098
f 309 1400 2044
f 282 1405 1961
f 317 1489 2067
f 322 1501 2083
f 341 1532 2139
f 286 1411 1975
f 294 1441 1997
f 372 1591 2231
f 394 1382 2298
f 358 1322 2190
f 256 1274 1884
f 261 1262 1900
f 387 1298 2278
f 399 1316 2314
f 351 1340 2170
f 348 1561 2159
f 300 1459 2015
f 366 1585 2213
f 267 1346 1918
f 340 1520 2136
f 287 1417 1977
f 291 1394 1990
f 369 1496 2224
f 395 1514 2301
f 354 1556 2177
f 345 1424 2152
f 297 1430 2008
f 363 1567 2206
f 270 1369 1925
f 234 1279 1817
f 227 1255 1797
f 239 1291 1833
f 245 1309 1851
f 252 1327 1871
f 275 1375 1941
f 334 1537 2119
f 304 1448 2029
f 377 1574 2247
f 382 1364 2262
f 312 1483 2051
f 279 1387 1954
f 316 1436 2064
f 323 1507 2085
f 330 1525 2105
f 335 1543 2121
f 305 1465 2031
f 376 1454 2244
f 383 1580 2265
f 274 1358 1939
f 232 1267 1814
f 225 1243 1793
f 237 1250 1829
f 243 1286 1847
f 250 1304 1868
f 273 1334 1937
f 336 1549 2124
f 306 1471 2034
f 378 1597 2250
f 381 1352 2261
f 311 1477 2050
f 281 1399 1960
f 315 1406 2063
f 321 1490 2081
f 328 1502 2102
f 333 1531 2117
f 303 1412 2027
f 375 1442 2243
f 384 1592 2268
f 276 1381 1944
f 229 890 1804
f 223 884 1785
f 235 896 1821
f 241 902 1839
f 247 908 1858
f 271 938 1929
f 332 1046 2114
f 302 1220 2024
f 374 1196 2240
f 379 1112 2253
f 307 980 2038
f 278 974 1951
f 313 986 2055
f 319 992 2073
f 325 998 2092
f 331 1016 2109
f 301 968 2019
f 373 1088 2235
f 380 1142 2258
f 272 1154 1934
f 248 1214 1861
f 230 1034 1807
f 224 914 1790
f 236 1094 1826
f 242 1184 1844
f 254 1040 1880
f 356 1232 2186
f 397 1208 2308
f 385 1118 2272
f 259 926 1894
f 326 1160 2095
f 308 1010 2041
f 277 944 1948
f 314 1070 2060
f 320 1130 2078
f 338 1166 2132
f 284 1004 1970
f 289 956 1984
f 367 1082 2218
f 391 1148 2289
f 355 1058 2181
f 253 920 1875
f 260 1100 1897
f 386 1202 2275
f 398 1238 2311
f 350 1172 2167
f 343 1028 2146
f 295 962 2002
f 361 1076 2200
f 266 1124 1915
f 337 1022 2127
f 283 950 1965
f 290 1064 1987
f 368 1136 2221
f 392 1178 2294
f 349 1052 2164
f 344 1226 2149
f 296 1190 2005
f 362 1106 2203
f 265 932 1912
f 251 1321 1870
f 233 1273 1816
f 228 1261 1800
f 240 1297 1836
f 246 1315 1854
f 258 1339 1890
f 360 1562 2196
f 401 1460 2320
f 389 1586 2284
f 263 1345 1906
f 329 1519 2104
f 310 1418 2047
f 280 1393 1958
f 318 1495 2070
f 324 1513 2088
f 342 1555 2142
f 288 1423 1980
f 292 1429 1994
f 371 1568 2230
f 393 1370 2297
f 409 894 2329
f 405 887 2323
f 411 899 2326
f 414 905 2333
f 417 912 2336
f 431 941 2345
f 488 1050 2409
f 575 1224 2496
f 563 1200 2485
f 519 1115 2435
f 454 984 2374
f 450 977 2368
f 456 989 2371
f 459 995 2378
f 462 1002 2381
f 472 1019 2392
f 446 971 2360
f 506 1091 2416
f 535 1146 2456
f 541 1158 2460
f 570 1217 2488
f 480 1037 2398
f 421 918 2340
f 511 1098 2430
f 556 1188 2475
f 484 1044 2404
f 580 1236 2501
f 567 1212 2482
f 522 1122 2440
f 427 930 2347
f 544 1163 2464
f 468 1013 2384
f 436 948 2355
f 499 1074 2419
f 530 1134 2451
f 548 1170 2470
f 466 1008 2385
f 442 960 2362
f 505 1086 2423
f 536 1151 2446
f 491 1061 2401
f 423 923 2339
f 513 1103 2429
f 564 1205 2474
f 581 1241 2491
f 549 1175 2459
f 477 1032 2395
f 445 966 2365
f 503 1080 2424
f 525 1127 2443
f 474 1025 2390
f 438 953 2354
f 495 1067 2413
f 532 1139 2450
f 552 1182 2467
f 490 1056 2408
f 577 1229 2495
f 559 1193 2479
f 517 1109 2437
f 430 936 2350
f 590 1325 2511
f 584 1277 2505
f 585 1265 2507
f 592 1301 2513
f 595 1319 2516
f 598 1343 2519
f 636 1566 2556
f 621 1464 2540
f 642 1590 2561
f 601 1349 2521
f 623 1523 2544
f 611 1422 2529
f 609 1397 2530
f 625 1499 2546
f 628 1517 2549
f 632 1559 2553
f 613 1427 2534
f 616 1433 2536
f 638 1572 2557
f 606 1374 2525
f 407 892 1609
f 403 885 1605
f 404 897 1611
f 410 903 1614
f 413 910 1617
f 422 939 1631
f 486 1048 1688
f 573 1222 1775
f 561 1198 1763
f 512 1113 1719
f 452 982 1654
f 448 975 1650
f 449 987 1656
f 455 993 1659
f 458 1000 1662
f 470 1017 1672
f 437 969 1646
f 494 1089 1706
f 531 1144 1735
f 539 1156 1741
f 568 1215 1770
f 478 1035 1680
f 419 916 1621
f 509 1096 1711
f 554 1186 1756
f 482 1042 1684
f 576 1234 1780
f 558 1210 1767
f 516 1120 1722
f 425 928 1627
f 542 1161 1744
f 463 1011 1668
f 434 946 1636
f 497 1072 1699
f 528 1132 1730
f 546 1168 1748
f 464 1006 1666
f 440 958 1642
f 500 1084 1705
f 524 1149 1736
f 479 1059 1691
f 418 921 1623
f 508 1101 1713
f 553 1203 1764
f 569 1239 1781
f 538 1173 1749
f 471 1030 1677
f 443 964 1645
f 501 1078 1703
f 523 1125 1725
f 467 1023 1674
f 433 951 1638
f 493 1065 1695
f 527 1137 1732
f 543 1180 1752
f 485 1054 1690
f 572 1227 1777
f 557 1191 1759
f 515 1107 1717
f 428 934 1630
f 591 1326 2191
f 587 1278 1885
f 588 1266 1901
f 594 1302 2279
f 597 1320 2315
f 600 1344 2171
f 634 1565 2160
f 619 1463 2016
f 639 1589 2214
f 602 1350 1919
f 624 1524 2137
f 608 1421 1978
f 610 1398 1991
f 627 1500 2225
f 630 1518 2302
f 635 1560 2178
f 615 1428 2153
f 617 1434 2009
f 637 1571 2207
f 604 1373 1926
f 416 911 1857
f 408 893 1803
f 406 888 1786
f 412 900 1822
f 415 906 1840
f 424 924 1876
f 492 1062 2182
f 582 1242 2312
f 565 1206 2276
f 514 1104 1898
f 461 1001 2091
f 453 983 2037
f 451 978 1952
f 457 990 2056
f 460 996 2074
f 475 1026 2128
f 439 954 1966
f 496 1068 1988
f 533 1140 2222
f 551 1181 2293
f 579 1235 2185
f 483 1043 1879
f 426 929 1893
f 521 1121 2271
f 566 1211 2307
f 489 1055 2163
f 578 1230 2150
f 560 1194 2006
f 518 1110 2204
f 429 935 1911
f 547 1169 2131
f 465 1007 1969
f 441 959 1983
f 504 1085 2217
f 537 1152 2290
f 550 1176 2168
f 476 1031 2145
f 444 965 2001
f 502 1079 2199
f 526 1128 1916
f 481 1038 1808
f 420 917 1789
f 510 1097 1825
f 555 1187 1843
f 571 1218 1862
f 540 1157 1933
f 473 1020 2110
f 447 972 2020
f 507 1092 2236
f 534 1145 2257
f 469 1014 2042
f 435 947 1947
f 498 1073 2059
f 529 1133 2077
f 545 1164 2096
f 487 1049 2113
f 574 1223 2023
f 562 1199 2239
f 520 1116 2254
f 432 942 1930
f 589 1283 1818
f 583 1259 1798
f 586 1295 1834
f 593 1313 1852
f 596 1331 1872
f 599 1379 1942
f 633 1541 2120
f 620 1452 2030
f 640 1578 2248
f 603 1368 2263
f 622 1487 2052
f 607 1391 1955
f 612 1440 2065
f 626 1511 2086
f 629 1529 2106
f 631 1547 2122
f 614 1469 2032
f 618 1458 2245
f 641 1584 2266
f 605 1362 1940
f 409 1269 1813
f 405 1245 1792
f 411 1252 1828
f 414 1288 1846
f 417 1306 1867
f 431 1336 1936
f 488 1551 2123
f 575 1473 2033
f 563 1599 2249
f 519 1354 2260
f 454 1479 2049
f 450 1401 1959
f 456 1408 2062
f 459 1492 2080
f 462 1504 2101
f 472 1533 2116
f 446 1414 2026
f 506 1444 2242
f 535 1594 2267
f 541 1383 1943
f 570 1323 1869
f 480 1275 1815
f 421 1263 1799
f 511 1299 1835
f 556 1317 1853
f 484 1341 1889
f 580 1564 2195
f 567 1462 2319
f 522 1588 2283
f 427 1347 1905
f 544 1521 2103
f 468 1420 2046
f 436 1395 1957
f 499 1497 2069
f 530 1515 2087
f 548 1557 2141
f 466 1425 1979
f 442 1431 1993
f 505 1570 2229
f 536 1372 2296
f 491 1282 2188
f 423 1258 1882
f 513 1294 1902
f 564 1312 2280
f 581 1330 2316
f 549 1378 2172
f 477 1540 2157
f 445 1449 2011
f 503 1575 2209
f 525 1365 1923
f 474 1486 2134
f 438 1390 1972
f 495 1437 1995
f 532 1510 2226
f 552 1528 2303
f 490 1546 2175
f 577 1468 2154
f 559 1455 2013
f 517 1581 2211
f 430 1359 1921
f 590 1272 1865
f 584 1248 1811
f 585 1253 1796
f 592 1289 1832
f 595 1307 1850
f 598 1337 1888
f 636 1554 2194
f 621 1476 2322
f 642 1602 2286
f 601 1355 1908
f 623 1482 2099
f 611 1404 2045
f 609 1409 1962
f 625 1493 2068
f 628 1505 2084
f 632 1536 2140
f 613 1415 1976
f 616 1445 1998
f 638 1595 2232
f 606 1386 2299
f 407 909 2330
f 403 891 2324
f 404 886 2325
f 410 898 2332
f 413 904 2335
f 422 922 2344
f 486 1060 2410
f 573 1240 2497
f 561 1204 2486
f 512 1102 2434
f 452 999 2375
f 448 981 2369
f 449 976 2370
f 455 988 2377
f 458 994 2380
f 470 1024 2393
f 437 952 2359
f 494 1066 2415
f 531 1138 2455
f 539 1179 2461
f 568 1233 2489
f 478 1041 2399
f 419 927 2341
f 509 1119 2431
f 554 1209 2476
f 482 1053 2405
f 576 1228 2500
f 558 1192 2481
f 516 1108 2439
f 425 933 2348
f 542 1167 2465
f 463 1005 2383
f 434 957 2356
f 497 1083 2420
f 528 1150 2452
f 546 1174 2471
f 464 1029 2386
f 440 963 2363
f 500 1077 2422
f 524 1126 2445
f 479 1036 2400
f 418 915 2338
f 508 1095 2428
f 553 1185 2473
f 569 1216 2490
f 538 1155 2458
f 471 1018 2394
f 443 970 2366
f 501 1090 2425
f 523 1143 2444
f 467 1012 2389
f 433 945 2353
f 493 1071 2414
f 527 1131 2449
f 543 1162 2466
f 485 1047 2407
f 572 1221 2494
f 557 1197 2480
f 515 1114 2438
f 428 940 2351
f 591 1284 2510
f 587 1260 2504
f 588 1296 2508
f 594 1314 2514
f 597 1332 2517
f 600 1380 2520
f 634 1542 2554
f 619 1451 2539
f 639 1577 2560
f 602 1367 2523
f 624 1488 2543
f 608 1392 2527
f 610 1439 2532
f 627 1512 2547
f 630 1530 2550
f 635 1548 2552
f 615 1470 2535
f 617 1457 2538
f 637 1583 2558
f 604 1361 2524
f 167 1616 1607
f 164 1608 1603
f 163 1606 1604
f 165 1612 1610
f 166 1615 1613
f 169 1624 1622
f 192 1692 1686
f 222 1782 1773
f 216 1765 1761
f 199 1714 1712
f 182 1661 1652
f 179 1653 1648
f 178 1651 1649
f 180 1657 1655
f 181 1660 1658
f 186 1675 1670
f 174 1639 1637
f 193 1696 1694
f 205 1733 1731
f 212 1751 1739
f 221 1779 1768
f 189 1683 1678
f 170 1626 1619
f 202 1721 1709
f 217 1766 1754
f 191 1689 1682
f 220 1778 1776
f 214 1760 1758
f 200 1718 1716
f 171 1629 1625
f 210 1747 1742
f 183 1665 1663
f 175 1641 1634
f 196 1704 1697
f 207 1737 1728
f 211 1750 1746
f 187 1676 1664
f 176 1644 1640
f 195 1702 1700
f 203 1726 1724
f 188 1681 1679
f 168 1620 1618
f 198 1710 1708
f 213 1755 1753
f 218 1771 1769
f 208 1740 1738
f 185 1673 1671
f 177 1647 1643
f 197 1707 1701
f 206 1734 1723
f 184 1669 1667
f 173 1635 1633
f 194 1698 1693
f 204 1729 1727
f 209 1745 1743
f 190 1687 1685
f 219 1774 1772
f 215 1762 1757
f 201 1720 1715
f 172 1632 1628
f 357 2189 2187
f 255 1883 1881
f 262 1903 1899
f 388 2281 2277
f 400 2317 2313
f 352 2173 2169
f 347 2158 2156
f 298 2012 2010
f 364 2210 2208
f 269 1924 1917
f 339 2135 2133
f 285 1973 1971
f 293 1996 1989
f 370 2227 2223
f 396 2304 2300
f 353 2176 2174
f 346 2155 2151
f 299 2014 2007
f 365 2212 2205
f 268 1922 1920
f 249 1864 1855
f 231 1810 1801
f 226 1795 1784
f 238 1831 1820
f 244 1849 1838
f 257 1887 1874
f 359 2193 2180
f 402 2321 2310
f 390 2285 2274
f 264 1907 1896
f 327 2098 2089
f 309 2044 2035
f 282 1961 1950
f 317 2067 2054
f 322 2083 2072
f 341 2139 2126
f 286 1975 1964
f 294 1997 1986
f 372 2231 2220
f 394 2298 2291
f 358 2190 2183
f 256 1884 1877
f 261 1900 1891
f 387 2278 2269
f 399 2314 2305
f 351 2170 2161
f 348 2159 2148
f 300 2015 2004
f 366 2213 2202
f 267 1918 1909
f 340 2136 2129
f 287 1977 1967
f 291 1990 1981
f 369 2224 2215
f 395 2301 2288
f 354 2177 2166
f 345 2152 2143
f 297 2008 1999
f 363 2206 2197
f 270 1925 1914
f 234 1817 1806
f 227 1797 1787
f 239 1833 1823
f 245 1851 1841
f 252 1871 1860
f 275 1941 1931
f 334 2119 2108
f 304 2029 2018
f 377 2247 2234
f 382 2262 2255
f 312 2051 2040
f 279 1954 1945
f 316 2064 2057
f 323 2085 2075
f 330 2105 2094
f 335 2121 2111
f 305 2031 2021
f 376 2244 2237
f 383 2265 2252
f 274 1939 1928
f 232 1814 1812
f 225 1793 1791
f 237 1829 1827
f 243 1847 1845
f 250 1868 1866
f 273 1937 1935
f 336 2124 2118
f 306 2034 2028
f 378 2250 2246
f 381 2261 2259
f 311 2050 2048
f 281 1960 1953
f 315 2063 2061
f 321 2081 2079
f 328 2102 2100
f 333 2117 2115
f 303 2027 2025
f 375 2243 2241
f 384 2268 2264
f 276 1944 1938
f 229 1804 1802
f 223 1785 1783
f 235 1821 1819
f 241 1839 1837
f 247 1858 1856
f 271 1929 1927
f 332 2114 2112
f 302 2024 2022
f 374 2240 2238
f 379 2253 2251
f 307 2038 2036
f 278 1951 1949
f 313 2055 2053
f 319 2073 2071
f 325 2092 2090
f 331 2109 2107
f 301 2019 2017
f 373 2235 2233
f 380 2258 2256
f 272 1934 1932
f 248 1861 1859
f 230 1807 1805
f 224 1790 1788
f 236 1826 1824
f 242 1844 1842
f 254 1880 1878
f 356 2186 2184
f 397 2308 2306
f 385 2272 2270
f 259 1894 1892
f 326 2095 2093
f 308 2041 2039
f 277 1948 1946
f 314 2060 2058
f 320 2078 2076
f 338 2132 2130
f 284 1970 1968
f 289 1984 1982
f 367 2218 2216
f 391 2289 2287
f 355 2181 2179
f 253 1875 1873
f 260 1897 1895
f 386 2275 2273
f 398 2311 2309
f 350 2167 2165
f 343 2146 2144
f 295 2002 2000
f 361 2200 2198
f 266 1915 1913
f 337 2127 2125
f 283 1965 1963
f 290 1987 1985
f 368 2221 2219
f 392 2294 2292
f 349 2164 2162
f 344 2149 2147
f 296 2005 2003
f 362 2203 2201
f 265 1912 1910
f 251 1870 1863
f 233 1816 1809
f 228 1800 1794
f 240 1836 1830
f 246 1854 1848
f 258 1890 1886
f 360 2196 2192
f 401 2320 2318
f 389 2284 2282
f 263 1906 1904
f 329 2104 2097
f 310 2047 2043
f 280 1958 1956
f 318 2070 2066
f 324 2088 2082
f 342 2142 2138
f 288 1980 1974
f 292 1994 1992
f 371 2230 2228
f 393 2297 2295
f 409 2329 2331
f 405 2323 2327
f 411 2326 2328
f 414 2333 2334
f 417 2336 2337
f 431 2345 2346
f 488 2409 2412
f 575 2496 2499
f 563 2485 2487
f 519 2435 2436
f 454 2374 2376
f 450 2368 2372
f 456 2371 2373
f 459 2378 2379
f 462 2381 2382
f 472 2392 2396
f 446 2360 2361
f 506 2416 2418
f 535 2456 2457
f 541 2460 2463
f 570 2488 2492
f 480 2398 2402
f 421 2340 2343
f 511 2430 2433
f 556 2475 2478
f 484 2404 2406
f 580 2501 2502
f 567 2482 2484
f 522 2440 2442
f 427 2347 2349
f 544 2464 2468
f 468 2384 2387
f 436 2355 2358
f 499 2419 2421
f 530 2451 2454
f 548 2470 2472
f 466 2385 2388
f 442 2362 2364
f 505 2423 2426
f 536 2446 2448
f 491 2401 2403
f 423 2339 2342
f 513 2429 2432
f 564 2474 2477
f 581 2491 2493
f 549 2459 2462
f 477 2395 2397
f 445 2365 2367
f 503 2424 2427
f 525 2443 2447
f 474 2390 2391
f 438 2354 2357
f 495 2413 2417
f 532 2450 2453
f 552 2467 2469
f 490 2408 2411
f 577 2495 2498
f 559 2479 2483
f 517 2437 2441
f 430 2350 2352
f 590 2511 2509
f 584 2505 2503
f 585 2507 2506
f 592 2513 2512
f 595 2516 2515
f 598 2519 2518
f 636 2556 2555
f 621 2540 2541
f 642 2561 2562
f 601 2521 2522
f 623 2544 2542
f 611 2529 2528
f 609 2530 2531
f 625 2546 2545
f 628 2549 2548
f 632 2553 2551
f 613 2534 2533
f 616 2536 2537
f 638 2557 2559
f 606 2525 2526
f 1607 644 647
f 1603 643 644
f 1604 645 643
f 1610 646 645
f 1613 647 646
f 1622 652 649
f 1686 670 672
f 1773 699 702
f 1761 695 696
f 1712 681 679
f 1652 659 662
f 1648 658 659
f 1649 660 658
f 1655 661 660
f 1658 662 661
f 1670 665 666
f 1637 657 654
f 1694 677 673
f 1731 686 685
f 1739 688 692
f 1768 698 701
f 1678 668 669
f 1619 648 650
f 1709 678 682
f 1754 693 697
f 1682 669 671
f 1776 701 700
f 1758 697 694
f 1716 682 680
f 1625 650 651
f 1742 689 690
f 1663 664 663
f 1634 653 655
f 1697 674 676
f 1728 684 687
f 1746 690 691
f 1664 663 667
f 1640 655 656
f 1700 676 675
f 1724 687 683
f 1679 672 668
f 1618 649 648
f 1708 679 678
f 1753 696 693
f 1769 702 698
f 1738 691 688
f 1671 667 665
f 1643 656 657
f 1701 675 677
f 1723 683 686
f 1667 666 664
f 1633 654 653
f 1693 673 674
f 1727 685 684
f 1743 692 689
f 1685 671 670
f 1772 700 699
f 1757 694 695
f 1715 680 681
f 1628 651 652
f 2187 838 837
f 1881 736 735
f 1899 741 742
f 2277 867 868
f 2313 879 880
f 2169 831 832
f 2156 828 827
f 2010 780 778
f 2208 846 844
f 1917 747 749
f 2133 820 819
f 1971 767 765
f 1989 771 773
f 2223 849 850
f 2300 875 876
f 2174 834 833
f 2151 825 826
f 2007 777 779
f 2205 843 845
f 1920 750 748
f 1855 727 729
f 1801 709 711
f 1784 703 706
f 1820 715 718
f 1838 721 724
f 1874 733 737
f 2180 835 839
f 2310 878 882
f 2274 866 870
f 1896 740 744
f 2089 805 807
f 2035 787 789
f 1950 758 762
f 2054 793 797
f 2072 799 802
f 2126 817 821
f 1964 763 766
f 1986 770 774
f 2220 848 852
f 2291 872 874
f 2183 836 838
f 1877 734 736
f 1891 739 741
f 2269 865 867
f 2305 877 879
f 2161 829 831
f 2148 824 828
f 2004 776 780
f 2202 842 846
f 1909 745 747
f 2129 818 820
f 1967 764 767
f 1981 769 771
f 2215 847 849
f 2288 871 875
f 2166 830 834
f 2143 823 825
f 1999 775 777
f 2197 841 843
f 1914 746 750
f 1806 710 714
f 1787 704 707
f 1823 716 719
f 1841 722 725
f 1860 728 732
f 1931 752 755
f 2108 811 814
f 2018 781 784
f 2234 853 857
f 2255 860 862
f 2040 788 792
f 1945 757 759
f 2057 794 796
f 2075 800 803
f 2094 806 810
f 2111 812 815
f 2021 782 785
f 2237 854 856
f 2252 859 863
f 1928 751 754
f 1812 714 712
f 1791 707 705
f 1827 719 717
f 1845 725 723
f 1866 732 730
f 1935 755 753
f 2118 814 816
f 2028 784 786
f 2246 857 858
f 2259 862 861
f 2048 792 791
f 1953 759 761
f 2061 796 795
f 2079 803 801
f 2100 810 808
f 2115 815 813
f 2025 785 783
f 2241 856 855
f 2264 863 864
f 1938 754 756
f 1802 712 709
f 1783 705 703
f 1819 717 715
f 1837 723 721
f 1856 730 727
f 1927 753 751
f 2112 816 812
f 2022 786 782
f 2238 858 854
f 2251 861 859
f 2036 791 787
f 1949 761 758
f 2053 795 793
f 2071 801 799
f 2090 808 805
f 2107 813 811
f 2017 783 781
f 2233 855 853
f 2256 864 860
f 1932 756 752
f 1859 731 728
f 1805 713 710
f 1788 708 704
f 1824 720 716
f 1842 726 722
f 1878 738 734
f 2184 840 836
f 2306 881 877
f 2270 869 865
f 1892 743 739
f 2093 809 806
f 2039 790 788
f 1946 760 757
f 2058 798 794
f 2076 804 800
f 2130 822 818
f 1968 768 764
f 1982 772 769
f 2216 851 847
f 2287 873 871
f 2179 837 835
f 1873 735 733
f 1895 742 740
f 2273 868 866
f 2309 880 878
f 2165 832 830
f 2144 827 823
f 2000 778 775
f 2198 844 841
f 1913 749 746
f 2125 819 817
f 1963 765 763
f 1985 773 770
f 2219 850 848
f 2292 876 872
f 2162 833 829
f 2147 826 824
f 2003 779 776
f 2201 845 842
f 1910 748 745
f 1863 729 731
f 1809 711 713
f 1794 706 708
f 1830 718 720
f 1848 724 726
f 1886 737 738
f 2192 839 840
f 2318 882 881
f 2282 870 869
f 1904 744 743
f 2097 807 809
f 2043 789 790
f 1956 762 760
f 2066 797 798
f 2082 802 804
f 2138 821 822
f 1974 766 768
f 1992 774 772
f 2228 852 851
f 2295 874 873
f 2331 1270 1269
f 2327 1246 1245
f 2328 1251 1252
f 2334 1287 1288
f 2337 1305 1306
f 2346 1335 1336
f 2412 1552 1551
f 2499 1474 1473
f 2487 1600 1599
f 2436 1353 1354
f 2376 1480 1479
f 2372 1402 1401
f 2373 1407 1408
f 2379 1491 1492
f 2382 1503 1504
f 2396 1534 1533
f 2361 1413 1414
f 2418 1443 1444
f 2457 1593 1594
f 2463 1384 1383
f 2492 1324 1323
f 2402 1276 1275
f 2343 1264 1263
f 2433 1300 1299
f 2478 1318 1317
f 2406 1342 1341
f 2502 1563 1564
f 2484 1461 1462
f 2442 1587 1588
f 2349 1348 1347
f 2468 1522 1521
f 2387 1419 1420
f 2358 1396 1395
f 2421 1498 1497
f 2454 1516 1515
f 2472 1558 1557
f 2388 1426 1425
f 2364 1432 1431
f 2426 1569 1570
f 2448 1371 1372
f 2403 1281 1282
f 2342 1257 1258
f 2432 1293 1294
f 2477 1311 1312
f 2493 1329 1330
f 2462 1377 1378
f 2397 1539 1540
f 2367 1450 1449
f 2427 1576 1575
f 2447 1366 1365
f 2391 1485 1486
f 2357 1389 1390
f 2417 1438 1437
f 2453 1509 1510
f 2469 1527 1528
f 2411 1545 1546
f 2498 1467 1468
f 2483 1456 1455
f 2441 1582 1581
f 2352 1360 1359
f 2509 1271 1272
f 2503 1247 1248
f 2506 1254 1253
f 2512 1290 1289
f 2515 1308 1307
f 2518 1338 1337
f 2555 1553 1554
f 2541 1475 1476
f 2562 1601 1602
f 2522 1356 1355
f 2542 1481 1482
f 2528 1403 1404
f 2531 1410 1409
f 2545 1494 1493
f 2548 1506 1505
f 2551 1535 1536
f 2533 1416 1415
f 2537 1446 1445
f 2559 1596 1595
f 2526 1385 1386
f 1616 907 909
f 1608 889 891
f 1606 883 886
f 1612 895 898
f 1615 901 904
f 1624 919 922
f 1692 1057 1060
f 1782 1237 1240
f 1765 1201 1204
f 1714 1099 1102
f 1661 997 999
f 1653 979 981
f 1651 973 976
f 1657 985 988
f 1660 991 994
f 1675 1021 1024
f 1639 949 952
f 1696 1063 1066
f 1733 1135 1138
f 1751 1177 1179
f 1779 1231 1233
f 1683 1039 1041
f 1626 925 927
f 1721 1117 1119
f 1766 1207 1209
f 1689 1051 1053
f 1778 1225 1228
f 1760 1189 1192
f 1718 1105 1108
f 1629 931 933
f 1747 1165 1167
f 1665 1003 1005
f 1641 955 957
f 1704 1081 1083
f 1737 1147 1150
f 1750 1171 1174
f 1676 1027 1029
f 1644 961 963
f 1702 1075 1077
f 1726 1123 1126
f 1681 1033 1036
f 1620 913 915
f 1710 1093 1095
f 1755 1183 1185
f 1771 1213 1216
f 1740 1153 1155
f 1673 1015 1018
f 1647 967 970
f 1707 1087 1090
f 1734 1141 1143
f 1669 1009 1012
f 1635 943 945
f 1698 1069 1071
f 1729 1129 1131
f 1745 1159 1162
f 1687 1045 1047
f 1774 1219 1221
f 1762 1195 1197
f 1720 1111 1114
f 1632 937 940
f 2189 1280 1284
f 1883 1256 1260
f 1903 1292 1296
f 2281 1310 1314
f 2317 1328 1332
f 2173 1376 1380
f 2158 1538 1542
f 2012 1447 1451
f 2210 1573 1577
f 1924 1363 1367
f 2135 1484 1488
f 1973 1388 1392
f 1996 1435 1439
f 2227 1508 1512
f 2304 1526 1530
f 2176 1544 1548
f 2155 1466 1470
f 2014 1453 1457
f 2212 1579 1583
f 1922 1357 1361
f 1864 1268 1270
f 1810 1244 1246
f 1795 1249 1251
f 1831 1285 1287
f 1849 1303 1305
f 1887 1333 1335
f 2193 1550 1552
f 2321 1472 1474
f 2285 1598 1600
f 1907 1351 1353
f 2098 1478 1480
f 2044 1400 1402
f 1961 1405 1407
f 2067 1489 1491
f 2083 1501 1503
f 2139 1532 1534
f 1975 1411 1413
f 1997 1441 1443
f 2231 1591 1593
f 2298 1382 1384
f 2190 1322 1324
f 1884 1274 1276
f 1900 1262 1264
f 2278 1298 1300
f 2314 1316 1318
f 2170 1340 1342
f 2159 1561 1563
f 2015 1459 1461
f 2213 1585 1587
f 1918 1346 1348
f 2136 1520 1522
f 1977 1417 1419
f 1990 1394 1396
f 2224 1496 1498
f 2301 1514 1516
f 2177 1556 1558
f 2152 1424 1426
f 2008 1430 1432
f 2206 1567 1569
f 1925 1369 1371
f 1817 1279 1281
f 1797 1255 1257
f 1833 1291 1293
f 1851 1309 1311
f 1871 1327 1329
f 1941 1375 1377
f 2119 1537 1539
f 2029 1448 1450
f 2247 1574 1576
f 2262 1364 1366
f 2051 1483 1485
f 1954 1387 1389
f 2064 1436 1438
f 2085 1507 1509
f 2105 1525 1527
f 2121 1543 1545
f 2031 1465 1467
f 2244 1454 1456
f 2265 1580 1582
f 1939 1358 1360
f 1814 1267 1271
f 1793 1243 1247
f 1829 1250 1254
f 1847 1286 1290
f 1868 1304 1308
f 1937 1334 1338
f 2124 1549 1553
f 2034 1471 1475
f 2250 1597 1601
f 2261 1352 1356
f 2050 1477 1481
f 1960 1399 1403
f 2063 1406 1410
f 2081 1490 1494
f 2102 1502 1506
f 2117 1531 1535
f 2027 1412 1416
f 2243 1442 1446
f 2268 1592 1596
f 1944 1381 1385
f 1804 890 894
f 1785 884 887
f 1821 896 899
f 1839 902 905
f 1858 908 912
f 1929 938 941
f 2114 1046 1050
f 2024 1220 1224
f 2240 1196 1200
f 2253 1112 1115
f 2038 980 984
f 1951 974 977
f 2055 986 989
f 2073 992 995
f 2092 998 1002
f 2109 1016 1019
f 2019 968 971
f 2235 1088 1091
f 2258 1142 1146
f 1934 1154 1158
f 1861 1214 1217
f 1807 1034 1037
f 1790 914 918
f 1826 1094 1098
f 1844 1184 1188
f 1880 1040 1044
f 2186 1232 1236
f 2308 1208 1212
f 2272 1118 1122
f 1894 926 930
f 2095 1160 1163
f 2041 1010 1013
f 1948 944 948
f 2060 1070 1074
f 2078 1130 1134
f 2132 1166 1170
f 1970 1004 1008
f 1984 956 960
f 2218 1082 1086
f 2289 1148 1151
f 2181 1058 1061
f 1875 920 923
f 1897 1100 1103
f 2275 1202 1205
f 2311 1238 1241
f 2167 1172 1175
f 2146 1028 1032
f 2002 962 966
f 2200 1076 1080
f 1915 1124 1127
f 2127 1022 1025
f 1965 950 953
f 1987 1064 1067
f 2221 1136 1139
f 2294 1178 1182
f 2164 1052 1056
f 2149 1226 1229
f 2005 1190 1193
f 2203 1106 1109
f 1912 932 936
f 1870 1321 1325
f 1816 1273 1277
f 1800 1261 1265
f 1836 1297 1301
f 1854 1315 1319
f 1890 1339 1343
f 2196 1562 1566
f 2320 1460 1464
f 2284 1586 1590
f 1906 1345 1349
f 2104 1519 1523
f 2047 1418 1422
f 1958 1393 1397
f 2070 1495 1499
f 2088 1513 1517
f 2142 1555 1559
f 1980 1423 1427
f 1994 1429 1433
f 2230 1568 1572
f 2297 1370 1374
f 2329 894 892
f 2323 887 885
f 2326 899 897
f 2333 905 903
f 2336 912 910
f 2345 941 939
f 2409 1050 1048
f 2496 1224 1222
f 2485 1200 1198
f 2435 1115 1113
f 2374 984 982
f 2368 977 975
f 2371 989 987
f 2378 995 993
f 2381 1002 1000
f 2392 1019 1017
f 2360 971 969
f 2416 1091 1089
f 2456 1146 1144
f 2460 1158 1156
f 2488 1217 1215
f 2398 1037 1035
f 2340 918 916
f 2430 1098 1096
f 2475 1188 1186
f 2404 1044 1042
f 2501 1236 1234
f 2482 1212 1210
f 2440 1122 1120
f 2347 930 928
f 2464 1163 1161
f 2384 1013 1011
f 2355 948 946
f 2419 1074 1072
f 2451 1134 1132
f 2470 1170 1168
f 2385 1008 1006
f 2362 960 958
f 2423 1086 1084
f 2446 1151 1149
f 2401 1061 1059
f 2339 923 921
f 2429 1103 1101
f 2474 1205 1203
f 2491 1241 1239
f 2459 1175 1173
f 2395 1032 1030
f 2365 966 964
f 2424 1080 1078
f 2443 1127 1125
f 2390 1025 1023
f 2354 953 951
f 2413 1067 1065
f 2450 1139 1137
f 2467 1182 1180
f 2408 1056 1054
f 2495 1229 1227
f 2479 1193 1191
f 2437 1109 1107
f 2350 936 934
f 2511 1325 1326
f 2505 1277 1278
f 2507 1265 1266
f 2513 1301 1302
f 2516 1319 1320
f 2519 1343 1344
f 2556 1566 1565
f 2540 1464 1463
f 2561 1590 1589
f 2521 1349 1350
f 2544 1523 1524
f 2529 1422 1421
f 2530 1397 1398
f 2546 1499 1500
f 2549 1517 1518
f 2553 1559 1560
f 2534 1427 1428
f 2536 1433 1434
f 2557 1572 1571
f 2525 1374 1373
f 1609 892 889
f 1605 885 883
f 1611 897 895
f 1614 903 901
f 1617 910 907
f 1631 939 937
f 1688 1048 1045
f 1775 1222 1219
f 1763 1198 1195
f 1719 1113 1111
f 1654 982 979
f 1650 975 973
f 1656 987 985
f 1659 993 991
f 1662 1000 997
f 1672 1017 1015
f 1646 969 967
f 1706 1089 1087
f 1735 1144 1141
f 1741 1156 1153
f 1770 1215 1213
f 1680 1035 1033
f 1621 916 913
f 1711 1096 1093
f 1756 1186 1183
f 1684 1042 1039
f 1780 1234 1231
f 1767 1210 1207
f 1722 1120 1117
f 1627 928 925
f 1744 1161 1159
f 1668 1011 1009
f 1636 946 943
f 1699 1072 1069
f 1730 1132 1129
f 1748 1168 1165
f 1666 1006 1003
f 1642 958 955
f 1705 1084 1081
f 1736 1149 1147
f 1691 1059 1057
f 1623 921 919
f 1713 1101 1099
f 1764 1203 1201
f 1781 1239 1237
f 1749 1173 1171
f 1677 1030 1027
f 1645 964 961
f 1703 1078 1075
f 1725 1125 1123
f 1674 1023 1021
f 1638 951 949
f 1695 1065 1063
f 1732 1137 1135
f 1752 1180 1177
f 1690 1054 1051
f 1777 1227 1225
f 1759 1191 1189
f 1717 1107 1105
f 1630 934 931
f 2191 1326 1322
f 1885 1278 1274
f 1901 1266 1262
f 2279 1302 1298
f 2315 1320 1316
f 2171 1344 1340
f 2160 1565 1561
f 2016 1463 1459
f 2214 1589 1585
f 1919 1350 1346
f 2137 1524 1520
f 1978 1421 1417
f 1991 1398 1394
f 2225 1500 1496
f 2302 1518 1514
f 2178 1560 1556
f 2153 1428 1424
f 2009 1434 1430
f 2207 1571 1567
f 1926 1373 1369
f 1857 911 908
f 1803 893 890
f 1786 888 884
f 1822 900 896
f 1840 906 902
f 1876 924 920
f 2182 1062 1058
f 2312 1242 1238
f 2276 1206 1202
f 1898 1104 1100
f 2091 1001 998
f 2037 983 980
f 1952 978 974
f 2056 990 986
f 2074 996 992
f 2128 1026 1022
f 1966 954 950
f 1988 1068 1064
f 2222 1140 1136
f 2293 1181 1178
f 2185 1235 1232
f 1879 1043 1040
f 1893 929 926
f 2271 1121 1118
f 2307 1211 1208
f 2163 1055 1052
f 2150 1230 1226
f 2006 1194 1190
f 2204 1110 1106
f 1911 935 932
f 2131 1169 1166
f 1969 1007 1004
f 1983 959 956
f 2217 1085 1082
f 2290 1152 1148
f 2168 1176 1172
f 2145 1031 1028
f 2001 965 962
f 2199 1079 1076
f 1916 1128 1124
f 1808 1038 1034
f 1789 917 914
f 1825 1097 1094
f 1843 1187 1184
f 1862 1218 1214
f 1933 1157 1154
f 2110 1020 1016
f 2020 972 968
f 2236 1092 1088
f 2257 1145 1142
f 2042 1014 1010
f 1947 947 944
f 2059 1073 1070
f 2077 1133 1130
f 2096 1164 1160
f 2113 1049 1046
f 2023 1223 1220
f 2239 1199 1196
f 2254 1116 1112
f 1930 942 938
f 1818 1283 1279
f 1798 1259 1255
f 1834 1295 1291
f 1852 1313 1309
f 1872 1331 1327
f 1942 1379 1375
f 2120 1541 1537
f 2030 1452 1448
f 2248 1578 1574
f 2263 1368 1364
f 2052 1487 1483
f 1955 1391 1387
f 2065 1440 1436
f 2086 1511 1507
f 2106 1529 1525
f 2122 1547 1543
f 2032 1469 1465
f 2245 1458 1454
f 2266 1584 1580
f 1940 1362 1358
f 1813 1269 1267
f 1792 1245 1243
f 1828 1252 1250
f 1846 1288 1286
f 1867 1306 1304
f 1936 1336 1334
f 2123 1551 1549
f 2033 1473 1471
f 2249 1599 1597
f 2260 1354 1352
f 2049 1479 1477
f 1959 1401 1399
f 2062 1408 1406
f 2080 1492 1490
f 2101 1504 1502
f 2116 1533 1531
f 2026 1414 1412
f 2242 1444 1442
f 2267 1594 1592
f 1943 1383 1381
f 1869 1323 1321
f 1815 1275 1273
f 1799 1263 1261
f 1835 1299 1297
f 1853 1317 1315
f 1889 1341 1339
f 2195 1564 1562
f 2319 1462 1460
f 2283 1588 1586
f 1905 1347 1345
f 2103 1521 1519
f 2046 1420 1418
f 1957 1395 1393
f 2069 1497 1495
f 2087 1515 1513
f 2141 1557 1555
f 1979 1425 1423
f 1993 1431 1429
f 2229 1570 1568
f 2296 1372 1370
f 2188 1282 1280
f 1882 1258 1256
f 1902 1294 1292
f 2280 1312 1310
f 2316 1330 1328
f 2172 1378 1376
f 2157 1540 1538
f 2011 1449 1447
f 2209 1575 1573
f 1923 1365 1363
f 2134 1486 1484
f 1972 1390 1388
f 1995 1437 1435
f 2226 1510 1508
f 2303 1528 1526
f 2175 1546 1544
f 2154 1468 1466
f 2013 1455 1453
f 2211 1581 1579
f 1921 1359 1357
f 1865 1272 1268
f 1811 1248 1244
f 1796 1253 1249
f 1832 1289 1285
f 1850 1307 1303
f 1888 1337 1333
f 2194 1554 1550
f 2322 1476 1472
f 2286 1602 1598
f 1908 1355 1351
f 2099 1482 1478
f 2045 1404 1400
f 1962 1409 1405
f 2068 1493 1489
f 2084 1505 1501
f 2140 1536 1532
f 1976 1415 1411
f 1998 1445 1441
f 2232 1595 1591
f 2299 1386 1382
f 2330 909 911
f 2324 891 893
f 2325 886 888
f 2332 898 900
f 2335 904 906
f 2344 922 924
f 2410 1060 1062
f 2497 1240 1242
f 2486 1204 1206
f 2434 1102 1104
f 2375 999 1001
f 2369 981 983
f 2370 976 978
f 2377 988 990
f 2380 994 996
f 2393 1024 1026
f 2359 952 954
f 2415 1066 1068
f 2455 1138 1140
f 2461 1179 1181
f 2489 1233 1235
f 2399 1041 1043
f 2341 927 929
f 2431 1119 1121
f 2476 1209 1211
f 2405 1053 1055
f 2500 1228 1230
f 2481 1192 1194
f 2439 1108 1110
f 2348 933 935
f 2465 1167 1169
f 2383 1005 1007
f 2356 957 959
f 2420 1083 1085
f 2452 1150 1152
f 2471 1174 1176
f 2386 1029 1031
f 2363 963 965
f 2422 1077 1079
f 2445 1126 1128
f 2400 1036 1038
f 2338 915 917
f 2428 1095 1097
f 2473 1185 1187
f 2490 1216 1218
f 2458 1155 1157
f 2394 1018 1020
f 2366 970 972
f 2425 1090 1092
f 2444 1143 1145
f 2389 1012 1014
f 2353 945 947
f 2414 1071 1073
f 2449 1131 1133
f 2466 1162 1164
f 2407 1047 1049
f 2494 1221 1223
f 2480 1197 1199
f 2438 1114 1116
f 2351 940 942
f 2510 1284 1283
f 2504 1260 1259
f 2508 1296 1295
f 2514 1314 1313
f 2517 1332 1331
f 2520 1380 1379
f 2554 1542 1541
f 2539 1451 1452
f 2560 1577 1578
f 2523 1367 1368
f 2543 1488 1487
f 2527 1392 1391
f 2532 1439 1440
f 2547 1512 1511
f 2550 1530 1529
f 2552 1548 1547
f 2535 1470 1469
f 2538 1457 1458
f 2558 1583 1584
f 2524 1361 1362
f 1607 1616 1609
f 1603 1608 1605
f 1604 1606 1611
f 1610 1612 1614
f 1613 1615 1617
f 1622 1624 1631
f 1686 1692 1688
f 1773 1782 1775
f 1761 1765 1763
f 1712 1714 1719
f 1652 1661 1654
f 1648 1653 1650
f 1649 1651 1656
f 1655 1657 1659
f 1658 1660 1662
f 1670 1675 1672
f 1637 1639 1646
f 1694 1696 1706
f 1731 1733 1735
f 1739 1751 1741
f 1768 1779 1770
f 1678 1683 1680
f 1619 1626 1621
f 1709 1721 1711
f 1754 1766 1756
f 1682 1689 1684
f 1776 1778 1780
f 1758 1760 1767
f 1716 1718 1722
f 1625 1629 1627
f 1742 1747 1744
f 1663 1665 1668
f 1634 1641 1636
f 1697 1704 1699
f 1728 1737 1730
f 1746 1750 1748
f 1664 1676 1666
f 1640 1644 1642
f 1700 1702 1705
f 1724 1726 1736
f 1679 1681 1691
f 1618 1620 1623
f 1708 1710 1713
f 1753 1755 1764
f 1769 1771 1781
f 1738 1740 1749
f 1671 1673 1677
f 1643 1647 1645
f 1701 1707 1703
f 1723 1734 1725
f 1667 1669 1674
f 1633 1635 1638
f 1693 1698 1695
f 1727 1729 1732
f 1743 1745 1752
f 1685 1687 1690
f 1772 1774 1777
f 1757 1762 1759
f 1715 1720 1717
f 1628 1632 1630
f 2187 2189 2191
f 1881 1883 1885
f 1899 1903 1901
f 2277 2281 2279
f 2313 2317 2315
f 2169 2173 2171
f 2156 2158 2160
f 2010 2012 2016
f 2208 2210 2214
f 1917 1924 1919
f 2133 2135 2137
f 1971 1973 1978
f 1989 1996 1991
f 2223 2227 2225
f 2300 2304 2302
f 2174 2176 2178
f 2151 2155 2153
f 2007 2014 2009
f 2205 2212 2207
f 1920 1922 1926
f 1855 1864 1857
f 1801 1810 1803
f 1784 1795 1786
f 1820 1831 1822
f 1838 1849 1840
f 1874 1887 1876
f 2180 2193 2182
f 2310 2321 2312
f 2274 2285 2276
f 1896 1907 1898
f 2089 2098 2091
f 2035 2044 2037
f 1950 1961 1952
f 2054 2067 2056
f 2072 2083 2074
f 2126 2139 2128
f 1964 1975 1966
f 1986 1997 1988
f 2220 2231 2222
f 2291 2298 2293
f 2183 2190 2185
f 1877 1884 1879
f 1891 1900 1893
f 2269 2278 2271
f 2305 2314 2307
f 2161 2170 2163
f 2148 2159 2150
f 2004 2015 2006
f 2202 2213 2204
f 1909 1918 1911
f 2129 2136 2131
f 1967 1977 1969
f 1981 1990 1983
f 2215 2224 2217
f 2288 2301 2290
f 2166 2177 2168
f 2143 2152 2145
f 1999 2008 2001
f 2197 2206 2199
f 1914 1925 1916
f 1806 1817 1808
f 1787 1797 1789
f 1823 1833 1825
f 1841 1851 1843
f 1860 1871 1862
f 1931 1941 1933
f 2108 2119 2110
f 2018 2029 2020
f 2234 2247 2236
f 2255 2262 2257
f 2040 2051 2042
f 1945 1954 1947
f 2057 2064 2059
f 2075 2085 2077
f 2094 2105 2096
f 2111 2121 2113
f 2021 2031 2023
f 2237 2244 2239
f 2252 2265 2254
f 1928 1939 1930
f 1812 1814 1818
f 1791 1793 1798
f 1827 1829 1834
f 1845 1847 1852
f 1866 1868 1872
f 1935 1937 1942
f 2118 2124 2120
f 2028 2034 2030
f 2246 2250 2248
f 2259 2261 2263
f 2048 2050 2052
f 1953 1960 1955
f 2061 2063 2065
f 2079 2081 2086
f 2100 2102 2106
f 2115 2117 2122
f 2025 2027 2032
f 2241 2243 2245
f 2264 2268 2266
f 1938 1944 1940
f 1802 1804 1813
f 1783 1785 1792
f 1819 1821 1828
f 1837 1839 1846
f 1856 1858 1867
f 1927 1929 1936
f 2112 2114 2123
f 2022 2024 2033
f 2238 2240 2249
f 2251 2253 2260
f 2036 2038 2049
f 1949 1951 1959
f 2053 2055 2062
f 2071 2073 2080
f 2090 2092 2101
f 2107 2109 2116
f 2017 2019 2026
f 2233 2235 2242
f 2256 2258 2267
f 1932 1934 1943
f 1859 1861 1869
f 1805 1807 1815
f 1788 1790 1799
f 1824 1826 1835
f 1842 1844 1853
f 1878 1880 1889
f 2184 2186 2195
f 2306 2308 2319
f 2270 2272 2283
f 1892 1894 1905
f 2093 2095 2103
f 2039 2041 2046
f 1946 1948 1957
f 2058 2060 2069
f 2076 2078 2087
f 2130 2132 2141
f 1968 1970 1979
f 1982 1984 1993
f 2216 2218 2229
f 2287 2289 2296
f 2179 2181 2188
f 1873 1875 1882
f 1895 1897 1902
f 2273 2275 2280
f 2309 2311 2316
f 2165 2167 2172
f 2144 2146 2157
f 2000 2002 2011
f 2198 2200 2209
f 1913 1915 1923
f 2125 2127 2134
f 1963 1965 1972
f 1985 1987 1995
f 2219 2221 2226
f 2292 2294 2303
f 2162 2164 2175
f 2147 2149 2154
f 2003 2005 2013
f 2201 2203 2211
f 1910 1912 1921
f 1863 1870 1865
f 1809 1816 1811
f 1794 1800 1796
f 1830 1836 1832
f 1848 1854 1850
f 1886 1890 1888
f 2192 2196 2194
f 2318 2320 2322
f 2282 2284 2286
f 1904 1906 1908
f 2097 2104 2099
f 2043 2047 2045
f 1956 1958 1962
f 2066 2070 2068
f 2082 2088 2084
f 2138 2142 2140
f 1974 1980 1976
f 1992 1994 1998
f 2228 2230 2232
f 2295 2297 2299
f 2331 2329 2330
f 2327 2323 2324
f 2328 2326 2325
f 2334 2333 2332
f 2337 2336 2335
f 2346 2345 2344
f 2412 2409 2410
f 2499 2496 2497
f 2487 2485 2486
f 2436 2435 2434
f 2376 2374 2375
f 2372 2368 2369
f 2373 2371 2370
f 2379 2378 2377
f 2382 2381 2380
f 2396 2392 2393
f 2361 2360 2359
f 2418 2416 2415
f 2457 2456 2455
f 2463 2460 2461
f 2492 2488 2489
f 2402 2398 2399
f 2343 2340 2341
f 2433 2430 2431
f 2478 2475 2476
f 2406 2404 2405
f 2502 2501 2500
f 2484 2482 2481
f 2442 2440 2439
f 2349 2347 2348
f 2468 2464 2465
f 2387 2384 2383
f 2358 2355 2356
f 2421 2419 2420
f 2454 2451 2452
f 2472 2470 2471
f 2388 2385 2386
f 2364 2362 2363
f 2426 2423 2422
f 2448 2446 2445
f 2403 2401 2400
f 2342 2339 2338
f 2432 2429 2428
f 2477 2474 2473
f 2493 2491 2490
f 2462 2459 2458
f 2397 2395 2394
f 2367 2365 2366
f 2427 2424 2425
f 2447 2443 2444
f 2391 2390 2389
f 2357 2354 2353
f 2417 2413 2414
f 2453 2450 2449
f 2469 2467 2466
f 2411 2408 2407
f 2498 2495 2494
f 2483 2479 2480
f 2441 2437 2438
f 2352 2350 2351
f 2509 2511 2510
f 2503 2505 2504
f 2506 2507 2508
f 2512 2513 2514
f 2515 2516 2517
f 2518 2519 2520
f 2555 2556 2554
f 2541 2540 2539
f 2562 2561 2560
f 2522 2521 2523
f 2542 2544 2543
f 2528 2529 2527
f 2531 2530 2532
f 2545 2546 2547
f 2548 2549 2550
f 2551 2553 2552
f 2533 2534 2535
f 2537 2536 2538
f 2559 2557 2558
f 2526 2525 2524