v -0.445776 0.824571 0.193662
v 0.453271 0.835718 0.192751
v -0.449309 -0.625077 0.193730
v 0.449521 -0.625587 0.192705
v -0.000780 -0.355770 0.935471
v 0.000249 0.549406 0.916555
v -0.000654 -0.348603 -0.538120
v 0.000070 0.561105 -0.547356
v 0.717603 0.102580 -0.249220
v 0.725854 0.102765 0.643089
v -0.725162 0.103056 -0.254106
v -0.732360 0.103640 0.645731
v -0.000681 0.967416 0.193286
v -0.265682 0.798272 0.623085
v -0.264952 0.795896 -0.235247
v -0.683049 0.525137 -0.066467
v -0.696370 0.533757 0.459459
v 0.265907 0.798992 0.623201
v 0.268339 0.805035 -0.241263
v 0.690227 0.528910 -0.069827
v 0.696527 0.533817 0.459861
v -0.000018 -0.755190 0.193548
v -0.264759 -0.592768 0.624565
v -0.263202 -0.587009 -0.232264
v -0.692038 -0.325250 -0.070962
v -0.689854 -0.323362 0.457063
v 0.265922 -0.594003 0.623628
v 0.265335 -0.591699 -0.236238
v 0.684780 -0.318939 -0.066924
v 0.696583 -0.327227 0.459068
v -0.000020 0.102985 1.054853
v 0.428620 -0.161749 0.887666
v -0.427844 -0.162422 0.886931
v 0.428788 0.368055 0.887430
v -0.430406 0.368986 0.890350
v 0.000673 0.104611 -0.643650
v 0.420956 -0.156876 -0.490547
v -0.426231 -0.160193 -0.496053
v 0.426628 0.367290 -0.497165
v -0.423160 0.363652 -0.492887
v 0.834670 0.102306 0.192718
v -0.841870 0.103102 0.193059
v -0.239057 0.923044 0.193451
v -0.374256 0.843837 0.411641
v -0.375434 0.846212 -0.026357
v -0.585102 0.701081 0.061033
v -0.579445 0.694612 0.326814
v 0.239097 0.931656 0.194510
v 0.377023 0.849257 0.413977
v 0.375236 0.848861 -0.027494
v 0.593775 0.708104 0.057644
v 0.596370 0.712755 0.329113
v -0.239321 -0.723723 0.193610
v -0.377302 -0.646030 0.416141
v -0.371051 -0.632859 -0.023551
v -0.580749 -0.489572 0.061028
v -0.595641 -0.504277 0.329058
v 0.239941 -0.719026 0.193058
v 0.376924 -0.643450 0.413233
v 0.371861 -0.634612 -0.024055
v 0.589777 -0.500038 0.058832
v 0.583254 -0.493009 0.327317
v -0.136906 -0.497939 0.805981
v 0.138038 -0.500213 0.810041
v -0.000006 -0.137150 1.023726
v 0.221357 -0.274265 0.940522
v -0.228119 -0.284304 0.961250
v -0.134504 0.695661 0.796838
v 0.136325 0.698748 0.801351
v -0.000281 0.343883 1.023991
v 0.215711 0.471920 0.924191
v -0.220210 0.479854 0.939529
v -0.136593 -0.490286 -0.411856
v 0.134385 -0.485513 -0.408279
v -0.000353 -0.135444 -0.624073
v 0.213511 -0.267681 -0.538584
v -0.220433 -0.273767 -0.550109
v -0.141158 0.717176 -0.432801
v 0.135428 0.698653 -0.414411
v 0.000053 0.347653 -0.650785
v 0.219065 0.479537 -0.552009
v -0.220158 0.477971 -0.550178
v 0.733175 0.319894 -0.176387
v 0.729937 -0.111415 -0.174969
v 0.599490 -0.030527 -0.392479
v 0.596133 0.237358 -0.393480
v 0.808820 0.103665 -0.042860
v 0.737298 0.322006 0.565121
v 0.743323 -0.117828 0.568402
v 0.606107 -0.032180 0.788533
v 0.598933 0.235585 0.780747
v 0.802242 0.102536 0.426884
v -0.736158 0.320401 -0.178847
v -0.740802 -0.115994 -0.180324
v -0.608023 -0.033638 -0.402548
v -0.602468 0.236090 -0.394562
v -0.811579 0.101817 -0.043203
v -0.746189 0.324371 0.570771
v -0.741573 -0.116705 0.567453
v -0.602155 -0.031905 0.785515
v -0.609744 0.239534 0.791974
v -0.824793 0.103390 0.430647
v -0.137659 0.923349 0.421725
v -0.137201 0.926453 -0.037541
v 0.137703 0.924618 0.421687
v 0.140046 0.935787 -0.038870
v -0.496877 0.682079 0.555094
v -0.000140 0.829130 0.637490
v -0.366060 0.602940 0.779414
v -0.501212 0.690867 -0.175371
v 0.000037 0.847856 -0.263087
v -0.361483 0.602306 -0.386491
v -0.728421 0.550551 0.192639
v -0.594870 0.473567 -0.315953
v -0.805377 0.327902 0.057579
v -0.592922 0.473057 0.700729
v -0.820191 0.331599 0.331486
v 0.507781 0.695568 0.563607
v 0.364569 0.603721 0.779386
v 0.502082 0.690761 -0.172652
v 0.369036 0.610467 -0.399821
v 0.736103 0.553719 0.193354
v 0.578010 0.463810 -0.302757
v 0.798980 0.326142 0.060315
v 0.585518 0.468055 0.694869
v 0.819322 0.331374 0.330515
v -0.135884 -0.713535 0.421205
v -0.135594 -0.708519 -0.033647
v 0.137779 -0.717695 0.422147
v 0.137206 -0.713409 -0.034406
v -0.506996 -0.489061 0.562914
v 0.000151 -0.632788 0.644643
v -0.369376 -0.404457 0.786026
v -0.490052 -0.471047 -0.165513
v 0.001020 -0.626792 -0.253988
v -0.367585 -0.402364 -0.397522
v -0.733985 -0.347781 0.194184
v -0.581535 -0.258522 -0.305083
v -0.800387 -0.120003 0.060782
v -0.590681 -0.266639 0.700019
v -0.812789 -0.123094 0.330258
v 0.500928 -0.480404 0.557798
v 0.368453 -0.404271 0.784815
v 0.489359 -0.469167 -0.165169
v 0.365852 -0.400900 -0.394129
v 0.725490 -0.343165 0.192526
v 0.582503 -0.259886 -0.306798
v 0.808043 -0.122621 0.059023
v 0.590993 -0.265323 0.698976
v 0.817574 -0.124174 0.331025
v 0.228098 -0.034620 1.014627
v -0.228204 -0.034842 1.013717
v 0.228317 0.240515 1.014676
v -0.227841 0.241403 1.015469
v 0.451443 0.103089 0.929634
v -0.451197 0.102816 0.929679
v 0.225063 -0.031268 -0.611976
v -0.224881 -0.030308 -0.606122
v 0.231792 0.242191 -0.640710
v -0.230362 0.240676 -0.630853
v 0.436214 0.101551 -0.516395
v -0.443489 0.103255 -0.530376
v -0.347077 0.881715 0.192530
v -0.411866 0.834742 0.300419
v -0.417169 0.845399 0.084982
v -0.524235 0.776360 0.125956
v -0.520160 0.771391 0.259839
v 0.352318 0.892330 0.192935
v 0.419678 0.849817 0.302335
v 0.417240 0.844807 0.084923
v 0.526275 0.779241 0.126233
v 0.530271 0.782699 0.261329
v -0.351615 -0.683963 0.193218
v -0.416267 -0.638850 0.301441
v -0.412807 -0.630358 0.087376
v -0.517466 -0.562222 0.126800
v -0.522796 -0.569297 0.259374
v 0.358026 -0.697939 0.193664
v 0.416463 -0.636569 0.301922
v 0.419467 -0.645462 0.083746
v 0.526845 -0.574570 0.125264
v 0.518700 -0.564762 0.259473
v -0.067909 -0.428072 0.875819
v 0.070319 -0.441022 0.890476
v -0.000082 -0.249162 0.981646
v 0.109480 -0.317104 0.940851
v -0.111906 -0.327455 0.959668
v -0.066085 0.625064 0.863165
v 0.066758 0.627528 0.866414
v -0.000270 0.453950 0.980079
v 0.106854 0.513687 0.924909
v -0.109274 0.519514 0.935015
v -0.067970 -0.425877 -0.486759
v 0.066888 -0.423215 -0.483288
v -0.001125 -0.245523 -0.586584
v 0.109410 -0.314893 -0.548959
v -0.108537 -0.316029 -0.552955
v -0.067498 0.635018 -0.490972
v 0.067511 0.633686 -0.489145
v -0.000119 0.453981 -0.592489
v 0.111863 0.532615 -0.571912
v -0.110023 0.524217 -0.556511
v 0.732207 0.209435 -0.216788
v 0.732492 -0.004143 -0.218173
v 0.662824 0.036361 -0.323058
v 0.665925 0.169571 -0.324277
v 0.783985 0.103448 -0.156345
v 0.728602 0.208034 0.604543
v 0.737837 -0.003175 0.607578
v 0.676432 0.036923 0.719696
v 0.673102 0.168763 0.718480
v 0.767192 0.101206 0.538221
v -0.742667 0.211899 -0.224196
v -0.740906 -0.004835 -0.223199
v -0.671483 0.035192 -0.328776
v -0.666437 0.169775 -0.325843
v -0.787522 0.102606 -0.159488
v -0.747944 0.212147 0.613151
v -0.735921 -0.003184 0.607396
v -0.675898 0.036189 0.720636
v -0.679951 0.169758 0.722630
v -0.783454 0.103311 0.543504
v -0.123236 0.949989 0.193223
v 0.124632 0.950542 0.192745
v -0.065007 0.953646 0.307983
v -0.065688 0.954697 0.078620
v 0.066003 0.956580 0.308706
v 0.063502 0.947740 0.079520
v -0.325886 0.833134 0.521155
v -0.201153 0.754768 0.718748
v -0.200991 0.862422 0.528582
v -0.384667 0.749607 0.596675
v -0.137169 0.823400 0.634944
v -0.316035 0.704699 0.699177
v -0.324219 0.825529 -0.130858
v -0.202825 0.758121 -0.335669
v -0.204640 0.874781 -0.144935
v -0.398514 0.770723 -0.223339
v -0.140787 0.847291 -0.262137
v -0.324136 0.716774 -0.323621
v -0.638551 0.617843 -0.002846
v -0.714227 0.421903 -0.127119
v -0.588069 0.598121 -0.117222
v -0.724983 0.546399 0.056723
v -0.637048 0.501893 -0.188330
v -0.755370 0.435604 -0.005933
v -0.648671 0.625492 0.394979
v -0.730491 0.430706 0.520400
v -0.612518 0.618292 0.515537
v -0.721946 0.544512 0.330347
v -0.654334 0.512214 0.583828
v -0.768501 0.440850 0.397277
v 0.326297 0.833440 0.520785
v 0.199912 0.750092 0.716483
v 0.204394 0.871929 0.531012
v 0.137024 0.826951 0.635151
v 0.390095 0.757542 0.601827
v 0.320475 0.711733 0.705132
v 0.324362 0.828700 -0.131192
v 0.213016 0.786622 -0.356701
v 0.204311 0.871814 -0.144562
v 0.139399 0.838379 -0.257079
v 0.395843 0.766606 -0.223467
v 0.329661 0.726150 -0.330538
v 0.647059 0.626492 -0.006248
v 0.720038 0.425666 -0.128693
v 0.596891 0.604943 -0.121043
v 0.719775 0.543660 0.056728
v 0.638505 0.502778 -0.186579
v 0.754975 0.435779 -0.007044
v 0.653991 0.631302 0.396417
v 0.730561 0.430087 0.519993
v 0.613371 0.618622 0.517372
v 0.727667 0.547944 0.331118
v 0.652554 0.511099 0.582790
v 0.769149 0.441241 0.398083
v -0.123352 -0.741102 0.194529
v 0.120734 -0.733111 0.193124
v -0.068050 -0.759797 0.309791
v -0.063243 -0.732786 0.080587
v 0.065169 -0.745839 0.308237
v 0.064723 -0.739080 0.080636
v -0.322507 -0.618947 0.514539
v -0.206236 -0.563791 0.730658
v -0.203296 -0.664322 0.530736
v -0.385580 -0.543311 0.598804
v -0.138288 -0.625984 0.639307
v -0.323264 -0.509553 0.708836
v -0.324385 -0.624904 -0.133344
v -0.200329 -0.546842 -0.332544
v -0.207029 -0.673780 -0.147656
v -0.383904 -0.542263 -0.209578
v -0.136494 -0.614380 -0.243243
v -0.319225 -0.499335 -0.313183
v -0.643615 -0.415785 -0.006280
v -0.724913 -0.221783 -0.130772
v -0.592842 -0.394323 -0.119396
v -0.715466 -0.334791 0.057127
v -0.640609 -0.295752 -0.188822
v -0.750847 -0.228871 -0.006084
v -0.648243 -0.421569 0.393674
v -0.728626 -0.222949 0.518722
v -0.608489 -0.409326 0.515354
v -0.725725 -0.340501 0.330609
v -0.653588 -0.305560 0.582920
v -0.758216 -0.231236 0.393682
v 0.325565 -0.627760 0.521172
v 0.202237 -0.550175 0.720591
v 0.204152 -0.666936 0.532141
v 0.137983 -0.625026 0.638247
v 0.386009 -0.545866 0.598305
v 0.326412 -0.515606 0.714296
v 0.323553 -0.621318 -0.130234
v 0.200996 -0.547618 -0.331525
v 0.204141 -0.667407 -0.143695
v 0.137210 -0.621560 -0.248722
v 0.384178 -0.540403 -0.211032
v 0.323841 -0.509341 -0.322770
v 0.643133 -0.415845 -0.004378
v 0.711639 -0.216382 -0.124906
v 0.591374 -0.392744 -0.117828
v 0.726295 -0.340656 0.055395
v 0.634859 -0.294488 -0.185849
v 0.760020 -0.231391 -0.008049
v 0.650365 -0.421287 0.395778
v 0.728135 -0.223234 0.518248
v 0.612248 -0.412437 0.515563
v 0.718638 -0.336215 0.330070
v 0.651005 -0.303864 0.581414
v 0.765484 -0.233315 0.397410
v 0.000127 -0.021539 1.047429
v 0.000077 0.227070 1.048929
v 0.115143 0.036891 1.047091
v -0.115367 0.037054 1.046879
v 0.114944 0.169037 1.046955
v -0.114987 0.168991 1.047264
v 0.325989 -0.221867 0.921709
v 0.527252 -0.098940 0.846051
v 0.402490 -0.280504 0.836685
v 0.506117 -0.215665 0.795628
v 0.337526 -0.101110 0.961788
v 0.445696 -0.034711 0.921923
v -0.321569 -0.218924 0.913405
v -0.521783 -0.095450 0.837474
v -0.407252 -0.284912 0.843672
v -0.509283 -0.217283 0.798058
v -0.337953 -0.100592 0.960862
v -0.444170 -0.035451 0.920629
v 0.318665 0.421932 0.906425
v 0.516451 0.299460 0.833466
v 0.406575 0.489926 0.842002
v 0.507755 0.422369 0.796429
v 0.336548 0.305652 0.958755
v 0.444328 0.240461 0.920356
v -0.328174 0.429690 0.924286
v -0.527614 0.304986 0.846819
v -0.408620 0.492954 0.847430
v -0.516206 0.426916 0.806388
v -0.337808 0.306777 0.962108
v -0.444566 0.240919 0.921900
v 0.002653 -0.019063 -0.637526
v 0.000132 0.228430 -0.662856
v 0.113588 0.036962 -0.648129
v -0.111997 0.041147 -0.627244
v 0.114534 0.167988 -0.652946
v -0.113101 0.168559 -0.651582
v 0.321392 -0.216397 -0.521298
v 0.518438 -0.093670 -0.446826
v 0.397583 -0.275246 -0.440539
v 0.501250 -0.213454 -0.402900
v 0.334565 -0.096254 -0.565384
v 0.441440 -0.033436 -0.528803
v -0.321414 -0.218593 -0.526823
v -0.526132 -0.098675 -0.458535
v -0.403522 -0.280352 -0.449852
v -0.510799 -0.216394 -0.413764
v -0.335741 -0.098630 -0.568026
v -0.436915 -0.033011 -0.523069
v 0.327314 0.429201 -0.537113
v 0.520251 0.303123 -0.451459
v 0.407791 0.491659 -0.459241
v 0.516049 0.424817 -0.419287
v 0.332407 0.304153 -0.563795
v 0.429444 0.237432 -0.510350
v -0.320975 0.423441 -0.523832
v -0.520629 0.300632 -0.449809
v -0.394208 0.478272 -0.437616
v -0.501945 0.417476 -0.402831
v -0.337241 0.305654 -0.573968
v -0.443628 0.239973 -0.533242
v 0.823238 0.101878 0.071268
v 0.825237 0.102990 0.312824
v 0.826575 0.214598 0.130879
v 0.831754 0.216521 0.257614
v 0.825953 -0.008609 0.129153
v 0.834052 -0.009454 0.257070
v -0.830455 0.103143 0.071561
v -0.836743 0.103303 0.316350
v -0.836830 0.216630 0.127883
v -0.844254 0.216074 0.259161
v -0.838278 -0.009727 0.130391
v -0.843560 -0.011323 0.258328
v -0.301036 0.887032 0.306998
v -0.306528 0.900935 0.077887
v -0.188890 0.930446 0.307605
v -0.190542 0.935110 0.078819
v -0.491143 0.782387 0.379632
v -0.259137 0.891366 0.419582
v -0.440467 0.771777 0.487770
v -0.488133 0.778789 0.007738
v -0.260871 0.900665 -0.035438
v -0.453061 0.788611 -0.109945
v -0.592695 0.698705 0.192527
v -0.544833 0.697903 -0.055544
v -0.665546 0.631500 0.124093
v -0.555359 0.706588 0.446931
v -0.659746 0.627512 0.261731
v 0.305634 0.900521 0.309015
v 0.306371 0.898371 0.077411
v 0.191008 0.936046 0.307539
v 0.188818 0.924935 0.079698
v 0.491960 0.784322 0.381022
v 0.260048 0.892329 0.419946
v 0.444995 0.778176 0.490880
v 0.487762 0.777333 0.008014
v 0.260885 0.891605 -0.033930
v 0.445690 0.779341 -0.104865
v 0.608016 0.712667 0.192644
v 0.555492 0.708064 -0.060404
v 0.668392 0.635593 0.124482
v 0.556668 0.708688 0.447305
v 0.671555 0.638148 0.262102
v -0.305646 -0.694696 0.309282
v -0.310872 -0.709862 0.074653
v -0.189643 -0.725244 0.307357
v -0.190761 -0.723143 0.079212
v -0.487243 -0.571333 0.378152
v -0.263381 -0.696226 0.422494
v -0.443672 -0.570442 0.489266
v -0.481028 -0.562749 0.009766
v -0.263517 -0.697757 -0.036045
v -0.437679 -0.561252 -0.099616
v -0.603167 -0.500551 0.193790
v -0.542658 -0.488214 -0.053123
v -0.663331 -0.424706 0.125838
v -0.552362 -0.497267 0.445522
v -0.671838 -0.432721 0.262146
v 0.306533 -0.697795 0.308815
v 0.309931 -0.705051 0.076476
v 0.189447 -0.725245 0.307661
v 0.190254 -0.727689 0.078932
v 0.490440 -0.576032 0.379569
v 0.259510 -0.686567 0.419821
v 0.441488 -0.567343 0.488405
v 0.488627 -0.573064 0.008494
v 0.268131 -0.711722 -0.041341
v 0.433431 -0.554465 -0.096115
v 0.592338 -0.493194 0.192245
v 0.538713 -0.483330 -0.050045
v 0.667829 -0.427659 0.123650
v 0.555700 -0.501149 0.446888
v 0.660138 -0.422441 0.261267
v 0.000114 -0.515947 0.814464
v -0.187483 -0.390324 0.876040
v -0.069892 -0.573138 0.732602
v -0.254640 -0.454217 0.798956
v 0.192874 -0.407033 0.898081
v 0.069308 -0.568687 0.728391
v 0.262297 -0.469014 0.815278
v 0.115881 -0.202563 0.990646
v -0.115739 -0.202575 0.990609
v 0.114339 -0.087989 1.025324
v -0.114451 -0.087882 1.025570
v 0.302019 -0.347834 0.877487
v 0.225957 -0.157000 0.982174
v -0.297272 -0.342501 0.868787
v -0.226630 -0.157024 0.983219
v -0.000102 0.709819 0.803318
v -0.184977 0.589986 0.867721
v -0.069581 0.773556 0.728120
v -0.249581 0.650066 0.788172
v 0.185157 0.592343 0.869302
v 0.068925 0.768727 0.724780
v 0.253254 0.657691 0.797050
v 0.114589 0.407322 0.988164
v -0.115593 0.409088 0.991256
v 0.114623 0.294033 1.026376
v -0.114803 0.293824 1.026059
v 0.295486 0.545213 0.862057
v 0.225598 0.361800 0.980846
v -0.296623 0.547149 0.867474
v -0.226548 0.363288 0.983015
v -0.000269 -0.494916 -0.407228
v -0.185222 -0.386307 -0.484312
v -0.068915 -0.560840 -0.335208
v -0.254147 -0.453112 -0.411069
v 0.184719 -0.384540 -0.482596
v 0.069170 -0.564378 -0.337483
v 0.251712 -0.447486 -0.404617
v 0.113180 -0.198850 -0.589336
v -0.113882 -0.202071 -0.595344
v 0.109154 -0.079903 -0.603514
v -0.111234 -0.083098 -0.612865
v 0.291877 -0.334075 -0.470114
v 0.223461 -0.154267 -0.588572
v -0.297054 -0.341613 -0.480666
v -0.222935 -0.152237 -0.580759
v -0.000058 0.717084 -0.422741
v -0.188361 0.600251 -0.493674
v -0.070158 0.779200 -0.345402
v -0.257529 0.667145 -0.420295
v 0.185492 0.591741 -0.484642
v 0.070773 0.789329 -0.353976
v 0.252283 0.654152 -0.405671
v 0.115717 0.408935 -0.603547
v -0.116123 0.409408 -0.608725
v 0.118228 0.300671 -0.669231
v -0.114776 0.294492 -0.640351
v 0.297906 0.548395 -0.482405
v 0.226829 0.363898 -0.598129
v -0.295170 0.545715 -0.478503
v -0.232198 0.369782 -0.616351
v 0.664426 0.283739 -0.286972
v 0.781826 0.215922 -0.106774
v 0.659278 0.393987 -0.240509
v 0.779289 0.326760 -0.064359
v 0.674887 -0.082372 -0.294422
v 0.785866 -0.010224 -0.108498
v 0.659394 -0.189058 -0.242700
v 0.777489 -0.120003 -0.062560
v 0.592462 0.103130 -0.397268
v 0.596190 -0.147593 -0.354524
v 0.522688 0.034129 -0.462921
v 0.592673 0.352539 -0.353828
v 0.523546 0.170677 -0.462344
v 0.811593 0.214544 0.006660
v 0.819509 -0.010354 0.005941
v 0.668862 0.286193 0.675697
v 0.774417 0.216283 0.490330
v 0.671453 0.398896 0.635872
v 0.784620 0.329198 0.451483
v 0.671828 -0.081328 0.679333
v 0.785513 -0.011780 0.494044
v 0.672793 -0.193493 0.636372
v 0.789515 -0.123889 0.452975
v 0.610569 0.103224 0.801835
v 0.603762 -0.150961 0.749025
v 0.535456 0.033601 0.865427
v 0.594334 0.352847 0.739870
v 0.534800 0.171972 0.864965
v 0.807952 0.216173 0.376911
v 0.818284 -0.011042 0.380964
v -0.681213 0.289870 -0.299062
v -0.783397 0.216219 -0.108454
v -0.673298 0.399415 -0.251317
v -0.775018 0.325014 -0.062158
v -0.669442 -0.080085 -0.290128
v -0.791367 -0.011936 -0.111228
v -0.664918 -0.188686 -0.244853
v -0.778142 -0.120408 -0.064660
v -0.597583 0.103028 -0.404016
v -0.598500 -0.148739 -0.358580
v -0.529392 0.034692 -0.470514
v -0.604852 0.357123 -0.362008
v -0.529398 0.171723 -0.471060
v -0.817118 0.215885 0.006650
v -0.814781 -0.008314 0.005784
v -0.681391 0.290422 0.686283
v -0.797600 0.218212 0.498500
v -0.676305 0.400631 0.638835
v -0.789840 0.329972 0.453006
v -0.672015 -0.081162 0.678825
v -0.788078 -0.011452 0.494707
v -0.673870 -0.194115 0.636854
v -0.783064 -0.121925 0.451029
v -0.609655 0.102723 0.801469
v -0.597836 -0.148643 0.742542
v -0.535101 0.034037 0.865175
v -0.605890 0.357231 0.750446
v -0.535103 0.172680 0.865849
v -0.832822 0.217522 0.384265
v -0.826944 -0.011449 0.382489
v -0.000719 0.933564 0.424185
v -0.069008 0.881626 0.532795
v -0.000492 0.939920 -0.038564
v -0.070000 0.893120 -0.152250
v 0.069405 0.889547 0.535925
v 0.069925 0.892723 -0.151143
v -0.435926 0.649300 0.671230
v -0.556390 0.588843 0.636528
v -0.486419 0.546300 0.749329
v -0.456295 0.676088 -0.305593
v -0.555883 0.589122 -0.250770
v -0.478793 0.540076 -0.352215
v -0.783785 0.445001 0.123041
v -0.777749 0.442770 0.262743
v -0.816901 0.329828 0.193104
v 0.440222 0.656417 0.676921
v 0.555458 0.588214 0.635889
v 0.479955 0.539705 0.742969
v 0.442574 0.661441 -0.293378
v 0.542999 0.579056 -0.238514
v 0.479196 0.539199 -0.356016
v 0.780876 0.443947 0.124899
v 0.787413 0.446293 0.262692
v 0.821161 0.331886 0.194153
v 0.000084 -0.731102 0.424813
v -0.070047 -0.684238 0.537526
v -0.000381 -0.724133 -0.036649
v -0.070004 -0.686670 -0.152004
v 0.070497 -0.685389 0.538057
v 0.070460 -0.686696 -0.151331
v -0.442836 -0.453111 0.679506
v -0.555867 -0.383417 0.636535
v -0.486517 -0.340169 0.750131
v -0.433063 -0.441512 -0.283398
v -0.537929 -0.367173 -0.235380
v -0.475698 -0.329566 -0.351050
v -0.773028 -0.234767 0.124906
v -0.786103 -0.240370 0.262629
v -0.825955 -0.126093 0.193773
v 0.437017 -0.445365 0.673082
v 0.554310 -0.381249 0.635629
v 0.482855 -0.337647 0.744932
v 0.439210 -0.450093 -0.290046
v 0.537287 -0.367516 -0.236296
v 0.475654 -0.331221 -0.350305
v 0.783417 -0.239020 0.123001
v 0.773109 -0.234464 0.262617
v 0.814868 -0.123311 0.193771
v 0.230405 0.103402 1.023878
v 0.344368 0.033201 0.980269
v -0.230055 0.102787 1.023693
v -0.343874 0.033022 0.980141
v 0.344002 0.173117 0.980859
v -0.344079 0.172793 0.979909
v 0.232743 0.102725 -0.646895
v 0.337678 0.032926 -0.582529
v -0.228218 0.104233 -0.629403
v -0.338647 0.034231 -0.580858
v 0.333223 0.170716 -0.575473
v -0.342531 0.173983 -0.592762
v -0.400979 0.849929 0.193132
v -0.428537 0.827747 0.243223
v -0.433288 0.835152 0.143320
v -0.482904 0.803665 0.162032
v -0.479435 0.801163 0.223310
v 0.407003 0.862654 0.193056
v 0.438413 0.843451 0.243403
v 0.436726 0.840813 0.143055
v 0.488040 0.810636 0.161900
v 0.490665 0.812458 0.224380
v -0.405388 -0.655017 0.193554
v -0.435071 -0.633481 0.243339
v -0.433486 -0.629531 0.143564
v -0.480250 -0.596619 0.163773
v -0.483834 -0.599337 0.224963
v 0.406599 -0.656584 0.193717
v 0.432386 -0.628563 0.242187
v 0.437192 -0.636536 0.143079
v 0.486937 -0.603504 0.161224
v 0.481100 -0.597986 0.223310
v -0.032225 -0.394882 0.915790
v 0.031363 -0.394936 0.915764
v -0.000070 -0.305984 0.955825
v 0.050373 -0.337177 0.936619
v -0.053288 -0.344672 0.950923
v -0.029464 0.583375 0.891876
v 0.031004 0.584698 0.892011
v -0.000046 0.505722 0.946700
v 0.048997 0.534118 0.921837
v -0.049867 0.536150 0.926126
v -0.031774 -0.386269 -0.515798
v 0.031381 -0.384793 -0.514026
v -0.000660 -0.300963 -0.561365
v 0.051402 -0.333124 -0.543353
v -0.051218 -0.333394 -0.544878
v -0.031873 0.597733 -0.523856
v 0.032163 0.600257 -0.526196
v 0.000004 0.511103 -0.567252
v 0.051337 0.546811 -0.556626
v -0.051015 0.543774 -0.551830
v 0.725823 0.150265 -0.236402
v 0.723669 0.053512 -0.234908
v 0.692264 0.072477 -0.283390
v 0.692151 0.133344 -0.283194
v 0.744923 0.102847 -0.204172
v 0.725959 0.152010 0.625220
v 0.734505 0.053178 0.628459
v 0.708248 0.071929 0.681740
v 0.703427 0.133369 0.679246
v 0.747871 0.102139 0.595404
v -0.732464 0.152643 -0.240040
v -0.732216 0.054237 -0.240013
v -0.701214 0.071709 -0.289409
v -0.700628 0.133984 -0.289246
v -0.757677 0.103030 -0.211337
v -0.740551 0.153474 0.631743
v -0.734019 0.053048 0.628979
v -0.707127 0.072646 0.680525
v -0.710160 0.134192 0.682569
v -0.756992 0.103783 0.599117
v -0.064304 0.964043 0.192528
v 0.063163 0.959298 0.193409
v -0.031703 0.964229 0.251209
v -0.031191 0.970977 0.134702
v 0.029745 0.963659 0.250737
v 0.030171 0.959335 0.136335
v -0.298228 0.817961 0.571166
v -0.232786 0.778555 0.675561
v -0.233858 0.831206 0.576765
v -0.326114 0.777818 0.614513
v -0.203093 0.814555 0.629121
v -0.293182 0.756215 0.662030
v -0.295626 0.811840 -0.181801
v -0.233098 0.777880 -0.288096
v -0.231892 0.829610 -0.189097
v -0.328699 0.779249 -0.229314
v -0.204461 0.822130 -0.246465
v -0.295154 0.756579 -0.278693
v -0.658491 0.573241 -0.032500
v -0.699930 0.472813 -0.097983
v -0.634096 0.560481 -0.091642
v -0.703603 0.534568 -0.005747
v -0.658388 0.513112 -0.125906
v -0.719079 0.481336 -0.035729
v -0.676256 0.585822 0.426403
v -0.716195 0.481557 0.492216
v -0.658610 0.576651 0.490504
v -0.714979 0.540940 0.397050
v -0.677562 0.526780 0.521385
v -0.733723 0.490191 0.428339
v 0.298527 0.819862 0.571019
v 0.232365 0.776237 0.673626
v 0.234963 0.837976 0.581480
v 0.203859 0.816354 0.629400
v 0.327623 0.779738 0.615970
v 0.296217 0.759765 0.665199
v 0.296226 0.814959 -0.183845
v 0.238882 0.797268 -0.303357
v 0.234997 0.834509 -0.191434
v 0.205217 0.823211 -0.249280
v 0.330640 0.783740 -0.232518
v 0.301345 0.769852 -0.287186
v 0.671857 0.583438 -0.037934
v 0.707463 0.474358 -0.101114
v 0.645819 0.566358 -0.096467
v 0.707265 0.536999 -0.008477
v 0.665687 0.518036 -0.127676
v 0.726107 0.485957 -0.039491
v 0.677040 0.585984 0.427956
v 0.716783 0.481279 0.492396
v 0.658135 0.576114 0.491095
v 0.714690 0.540756 0.397226
v 0.677077 0.526001 0.521605
v 0.733747 0.490241 0.428831
v -0.062955 -0.750520 0.194399
v 0.062472 -0.747123 0.192760
v -0.031087 -0.759604 0.251661
v -0.030030 -0.749807 0.136407
v 0.030393 -0.755076 0.250822
v 0.030126 -0.753625 0.135560
v -0.293375 -0.604202 0.567958
v -0.237891 -0.587077 0.686267
v -0.232859 -0.627143 0.577946
v -0.324402 -0.566105 0.611117
v -0.204437 -0.615391 0.633496
v -0.297583 -0.557172 0.668285
v -0.296842 -0.610609 -0.182823
v -0.229588 -0.562378 -0.280445
v -0.233995 -0.629776 -0.192342
v -0.323573 -0.564157 -0.221628
v -0.200646 -0.602816 -0.238475
v -0.292242 -0.544690 -0.273363
v -0.669356 -0.376252 -0.037645
v -0.710948 -0.270532 -0.102676
v -0.644670 -0.359774 -0.096329
v -0.706137 -0.330228 -0.008491
v -0.665247 -0.310770 -0.128355
v -0.723777 -0.279520 -0.039075
v -0.668466 -0.374369 0.424708
v -0.713076 -0.273580 0.490565
v -0.651019 -0.366007 0.487796
v -0.706574 -0.331005 0.393803
v -0.674689 -0.318152 0.520506
v -0.725777 -0.278316 0.426171
v 0.298421 -0.615035 0.572475
v 0.233794 -0.573533 0.675753
v 0.235129 -0.633267 0.581951
v 0.203969 -0.612948 0.631061
v 0.326542 -0.572993 0.615600
v 0.296428 -0.554403 0.666030
v 0.297936 -0.612824 -0.184624
v 0.232622 -0.571661 -0.288906
v 0.234290 -0.629471 -0.191475
v 0.201311 -0.604923 -0.240183
v 0.326104 -0.569595 -0.228273
v 0.297047 -0.554788 -0.279893
v 0.666976 -0.371532 -0.035114
v 0.700135 -0.266285 -0.097745
v 0.638723 -0.353661 -0.092847
v 0.711108 -0.331395 -0.009245
v 0.658473 -0.307757 -0.125363
v 0.726692 -0.280475 -0.038402
v 0.676425 -0.379577 0.426449
v 0.716065 -0.274750 0.491314
v 0.659290 -0.370631 0.490534
v 0.713619 -0.333524 0.396664
v 0.676410 -0.319409 0.519960
v 0.733678 -0.284017 0.427636
v 0.000028 0.038479 1.054223
v 0.000186 0.167463 1.054317
v 0.057329 0.072444 1.053749
v -0.057587 0.072015 1.053385
v 0.057623 0.133956 1.053634
v -0.057288 0.133641 1.053585
v 0.376804 -0.194174 0.908359
v 0.479442 -0.128799 0.866072
v 0.417140 -0.220445 0.862436
v 0.468170 -0.188802 0.842555
v 0.386587 -0.131843 0.927165
v 0.437207 -0.101063 0.908500
v -0.374799 -0.192191 0.902701
v -0.477409 -0.129577 0.864866
v -0.420445 -0.223083 0.866238
v -0.469665 -0.192288 0.847419
v -0.385562 -0.131657 0.925314
v -0.434500 -0.101275 0.906514
v 0.374212 0.397195 0.900308
v 0.475902 0.333883 0.862677
v 0.421716 0.429566 0.866461
v 0.469761 0.398671 0.847309
v 0.386409 0.336350 0.925580
v 0.435661 0.306381 0.907613
v -0.377879 0.401366 0.910050
v -0.482659 0.336319 0.869841
v -0.422508 0.430587 0.870274
v -0.473139 0.399655 0.851265
v -0.387243 0.337928 0.927431
v -0.437398 0.306524 0.908089
v 0.001280 0.041433 -0.638304
v -0.000150 0.167999 -0.654127
v 0.057678 0.072204 -0.645218
v -0.055426 0.073399 -0.638366
v 0.056540 0.134724 -0.647068
v -0.055943 0.134894 -0.652003
v 0.369497 -0.187806 -0.507877
v 0.471696 -0.124607 -0.469461
v 0.409039 -0.215763 -0.464769
v 0.460688 -0.185108 -0.446145
v 0.381499 -0.127291 -0.532110
v 0.431999 -0.098329 -0.514941
v -0.373273 -0.189972 -0.511859
v -0.478828 -0.129732 -0.478878
v -0.416585 -0.219365 -0.473844
v -0.467701 -0.189884 -0.457202
v -0.381680 -0.128806 -0.531601
v -0.431868 -0.099102 -0.514434
v 0.376670 0.400369 -0.521315
v 0.477984 0.335031 -0.474508
v 0.421864 0.429826 -0.481800
v 0.471665 0.398414 -0.461785
v 0.379461 0.335349 -0.528968
v 0.427580 0.303044 -0.503832
v -0.372260 0.395428 -0.512927
v -0.473469 0.331384 -0.471816
v -0.409930 0.422197 -0.467340
v -0.461490 0.390672 -0.447690
v -0.384793 0.335876 -0.537686
v -0.434662 0.305136 -0.519739
v 0.830109 0.101987 0.131798
v 0.832139 0.102370 0.254913
v 0.828964 0.158691 0.162720
v 0.832378 0.159207 0.224683
v 0.829716 0.046225 0.163250
v 0.833883 0.046381 0.223618
v -0.837707 0.102919 0.130898
v -0.837679 0.103405 0.255291
v -0.838033 0.159912 0.161850
v -0.839716 0.159888 0.224342
v -0.839447 0.046154 0.162776
v -0.841266 0.045851 0.225305
v -0.294737 0.906483 0.193166
v -0.178016 0.937585 0.193159
v -0.268978 0.906558 0.250411
v -0.270455 0.915132 0.136249
v -0.212128 0.925123 0.250483
v -0.212470 0.929868 0.136347
v -0.394289 0.841070 0.355504
v -0.351152 0.842171 0.469149
v -0.337617 0.868132 0.362014
v -0.432559 0.815081 0.399433
v -0.315793 0.867491 0.418218
v -0.409139 0.812514 0.453902
v -0.399196 0.850257 0.028473
v -0.349588 0.837566 -0.080404
v -0.341481 0.875069 0.022603
v -0.432135 0.814264 -0.011367
v -0.317067 0.870602 -0.031050
v -0.409406 0.813104 -0.068423
v -0.557440 0.741835 0.092802
v -0.612569 0.659457 0.028471
v -0.540370 0.741291 0.032825
v -0.593068 0.701435 0.124849
v -0.570354 0.700094 0.000054
v -0.624347 0.663345 0.091197
v -0.551600 0.735664 0.292926
v -0.615403 0.661651 0.361712
v -0.538189 0.738023 0.354352
v -0.588998 0.696971 0.261831
v -0.571782 0.701309 0.389481
v -0.621226 0.660643 0.295405
v 0.297679 0.914346 0.193407
v 0.181039 0.944775 0.193941
v 0.271157 0.918981 0.251250
v 0.271757 0.914069 0.136192
v 0.213229 0.936379 0.251074
v 0.212913 0.927349 0.137073
v 0.400083 0.851968 0.358945
v 0.352106 0.842498 0.469236
v 0.341312 0.875610 0.364062
v 0.433965 0.817888 0.399659
v 0.317968 0.870923 0.419026
v 0.410078 0.813717 0.454639
v 0.396869 0.847851 0.028876
v 0.350712 0.843186 -0.082030
v 0.341044 0.876149 0.021548
v 0.431936 0.814719 -0.011061
v 0.318991 0.875286 -0.034390
v 0.410376 0.814064 -0.067538
v 0.560164 0.746063 0.092302
v 0.621719 0.668782 0.024655
v 0.545517 0.744512 0.030431
v 0.601896 0.710642 0.123516
v 0.576463 0.707678 -0.003123
v 0.633580 0.671757 0.089294
v 0.565651 0.750292 0.295467
v 0.626607 0.672743 0.363603
v 0.547434 0.748496 0.356742
v 0.604896 0.712406 0.262102
v 0.577969 0.709938 0.389994
v 0.636239 0.674368 0.296653
v -0.297063 -0.707356 0.193265
v -0.179752 -0.735867 0.194305
v -0.270664 -0.711724 0.250917
v -0.273698 -0.716673 0.134474
v -0.213092 -0.727483 0.250383
v -0.214813 -0.726968 0.135688
v -0.395704 -0.640225 0.357257
v -0.352383 -0.638904 0.469068
v -0.342444 -0.672663 0.364793
v -0.431123 -0.608192 0.398614
v -0.320629 -0.672720 0.422258
v -0.410973 -0.610961 0.456423
v -0.392218 -0.632197 0.031994
v -0.345915 -0.628417 -0.079455
v -0.342299 -0.676575 0.018878
v -0.425592 -0.596962 -0.009084
v -0.319711 -0.672173 -0.033732
v -0.403944 -0.596612 -0.064049
v -0.549035 -0.526541 0.094716
v -0.614869 -0.453654 0.026148
v -0.533814 -0.526385 0.033504
v -0.593540 -0.494885 0.125855
v -0.566599 -0.491437 0.000704
v -0.626166 -0.458397 0.091875
v -0.560476 -0.537987 0.293563
v -0.624458 -0.465138 0.362249
v -0.544710 -0.535611 0.356597
v -0.602726 -0.503267 0.262371
v -0.574984 -0.499459 0.388495
v -0.635699 -0.468232 0.297072
v 0.300891 -0.716412 0.193803
v 0.178984 -0.727860 0.193204
v 0.272033 -0.712004 0.250853
v 0.271312 -0.714936 0.135291
v 0.211232 -0.723505 0.250690
v 0.213758 -0.724162 0.135594
v 0.398382 -0.643519 0.358277
v 0.351246 -0.637066 0.469072
v 0.341214 -0.670704 0.363903
v 0.433523 -0.611168 0.399315
v 0.317346 -0.665394 0.418341
v 0.409779 -0.607426 0.453977
v 0.396092 -0.640651 0.031300
v 0.347811 -0.628505 -0.077776
v 0.341982 -0.672919 0.021691
v 0.428659 -0.603879 -0.009590
v 0.319946 -0.671481 -0.035500
v 0.403077 -0.595039 -0.062133
v 0.559550 -0.539900 0.092250
v 0.618800 -0.459543 0.025796
v 0.546101 -0.539071 0.031106
v 0.596656 -0.499829 0.123605
v 0.573081 -0.495976 0.000222
v 0.628028 -0.461883 0.090488
v 0.549490 -0.529212 0.292133
v 0.615283 -0.455134 0.362292
v 0.538790 -0.532256 0.354670
v 0.589360 -0.491919 0.261629
v 0.572588 -0.496499 0.389537
v 0.622921 -0.456445 0.295832
v -0.102226 -0.463050 0.841122
v -0.171541 -0.530561 0.768182
v -0.070700 -0.508833 0.809047
v -0.163034 -0.444723 0.839024
v -0.106212 -0.545218 0.774683
v -0.196699 -0.476543 0.801461
v 0.107587 -0.488822 0.870308
v 0.170617 -0.524902 0.763302
v 0.070911 -0.510065 0.812408
v 0.168779 -0.460824 0.857310
v 0.103845 -0.534819 0.767813
v 0.199701 -0.482835 0.809003
v -0.000022 -0.194393 1.004767
v 0.000015 -0.078610 1.038456
v 0.057536 -0.167787 1.008221
v -0.057578 -0.168247 1.009371
v 0.057246 -0.110728 1.025420
v -0.057256 -0.110746 1.025720
v 0.165746 -0.297307 0.943535
v 0.274223 -0.248509 0.932126
v 0.207194 -0.335681 0.913694
v 0.171069 -0.238486 0.966723
v 0.262241 -0.309562 0.907251
v 0.225245 -0.214729 0.961342
v -0.170699 -0.307386 0.963145
v -0.281562 -0.254048 0.944917
v -0.207615 -0.335244 0.915237
v -0.171291 -0.241032 0.970958
v -0.263242 -0.310234 0.909846
v -0.226613 -0.216654 0.965233
v -0.100413 0.662105 0.833275
v -0.168336 0.726906 0.758553
v -0.070188 0.706506 0.801296
v -0.160727 0.644245 0.830065
v -0.103903 0.738184 0.763694
v -0.193069 0.674224 0.791986
v 0.101327 0.666380 0.839041
v 0.169584 0.726289 0.758596
v 0.070028 0.706063 0.801888
v 0.162847 0.650033 0.836989
v 0.102834 0.734026 0.762741
v 0.196160 0.679947 0.798143
v -0.000067 0.400865 1.005389
v -0.000276 0.285201 1.038801
v 0.057341 0.374289 1.009101
v -0.057573 0.374641 1.009400
v 0.057161 0.317127 1.026148
v -0.057590 0.317139 1.026093
v 0.160849 0.493902 0.926643
v 0.270443 0.447608 0.918935
v 0.201830 0.531716 0.897697
v 0.167226 0.439769 0.957689
v 0.257291 0.509084 0.895024
v 0.222470 0.416680 0.953884
v -0.163995 0.501559 0.940763
v -0.275446 0.455032 0.933252
v -0.205172 0.535103 0.906132
v -0.170598 0.444428 0.966270
v -0.260330 0.512512 0.903857
v -0.225382 0.420919 0.961818
v -0.101134 -0.455463 -0.448242
v -0.171019 -0.523841 -0.376000
v -0.067880 -0.491746 -0.408461
v -0.161116 -0.439748 -0.447750
v -0.103155 -0.526144 -0.372880
v -0.196545 -0.474570 -0.411210
v 0.100399 -0.454475 -0.446896
v 0.168550 -0.518651 -0.370026
v 0.068666 -0.494530 -0.409380
v 0.161070 -0.437838 -0.444189
v 0.102943 -0.526617 -0.371759
v 0.194045 -0.469026 -0.406452
v -0.000970 -0.192235 -0.604092
v 0.000770 -0.075350 -0.636193
v 0.055372 -0.163703 -0.613004
v -0.056912 -0.164846 -0.611249
v 0.053532 -0.106752 -0.621719
v -0.054987 -0.106113 -0.620612
v 0.163749 -0.295036 -0.550983
v 0.267631 -0.241873 -0.530284
v 0.204165 -0.327191 -0.516773
v 0.169595 -0.235973 -0.572194
v 0.257022 -0.301090 -0.507799
v 0.221732 -0.209753 -0.563942
v -0.164156 -0.296279 -0.552877
v -0.274501 -0.246983 -0.541465
v -0.206167 -0.331418 -0.522234
v -0.170049 -0.237059 -0.573096
v -0.260201 -0.306780 -0.515797
v -0.224273 -0.213072 -0.567491
v -0.102641 0.673428 -0.461061
v -0.171408 0.734511 -0.380753
v -0.071621 0.718392 -0.426258
v -0.169444 0.667379 -0.469103
v -0.104966 0.746150 -0.386300
v -0.200061 0.691831 -0.425185
v 0.101170 0.666355 -0.452039
v 0.171233 0.735954 -0.380308
v 0.071146 0.713915 -0.420561
v 0.161247 0.643869 -0.443378
v 0.105180 0.750478 -0.387695
v 0.194677 0.677060 -0.408508
v -0.000206 0.401109 -0.618966
v 0.000527 0.292649 -0.689019
v 0.057996 0.375001 -0.625386
v -0.059607 0.378132 -0.641494
v 0.058946 0.320962 -0.660073
v -0.062459 0.326620 -0.676529
v 0.167460 0.508037 -0.565256
v 0.272913 0.453152 -0.542983
v 0.205951 0.539437 -0.525362
v 0.174613 0.447390 -0.587626
v 0.260862 0.513703 -0.517491
v 0.230767 0.424422 -0.584997
v -0.164942 0.501939 -0.554271
v -0.270009 0.449936 -0.535768
v -0.205733 0.537297 -0.521060
v -0.171077 0.444700 -0.581418
v -0.258003 0.511321 -0.512877
v -0.230588 0.424627 -0.585797
v 0.732055 0.263207 -0.196782
v 0.731932 0.375647 -0.154948
v 0.698005 0.304282 -0.229743
v 0.763524 0.271994 -0.143500
v 0.697866 0.359188 -0.207925
v 0.758287 0.327157 -0.120174
v 0.736458 -0.057496 -0.199803
v 0.720851 -0.163862 -0.150031
v 0.703202 -0.100465 -0.233474
v 0.764459 -0.065317 -0.143575
v 0.695637 -0.151829 -0.209176
v 0.755294 -0.117705 -0.119190
v 0.634238 0.003443 -0.358049
v 0.561208 -0.063644 -0.423337
v 0.638827 -0.059485 -0.349195
v 0.594420 0.034021 -0.397507
v 0.598138 -0.089722 -0.375498
v 0.559943 -0.000673 -0.431563
v 0.632192 0.201980 -0.357420
v 0.562214 0.270068 -0.424895
v 0.632041 0.262070 -0.343476
v 0.593632 0.172452 -0.397849
v 0.594350 0.296843 -0.376492
v 0.561382 0.206298 -0.432299
v 0.803972 0.104009 -0.102551
v 0.818289 0.102779 0.015699
v 0.804828 0.160262 -0.074180
v 0.802646 0.046362 -0.074191
v 0.811980 0.158060 -0.015720
v 0.810472 0.046706 -0.014590
v 0.732795 0.264447 0.585358
v 0.739305 0.378991 0.544445
v 0.704733 0.307764 0.620475
v 0.757638 0.271260 0.528005
v 0.708858 0.364580 0.601319
v 0.760520 0.327146 0.507978
v 0.738970 -0.059611 0.587188
v 0.738469 -0.171694 0.544571
v 0.707418 -0.101271 0.622674
v 0.766681 -0.066373 0.531245
v 0.707608 -0.157465 0.600976
v 0.766879 -0.122969 0.510237
v 0.643473 0.001976 0.755942
v 0.569166 -0.066819 0.820808
v 0.639846 -0.057748 0.735349
v 0.609555 0.033206 0.798322
v 0.602796 -0.093069 0.769668
v 0.571354 -0.000920 0.829643
v 0.638434 0.202576 0.751512
v 0.558798 0.270054 0.811298
v 0.633589 0.261582 0.729378
v 0.606564 0.171927 0.795644
v 0.596036 0.294988 0.760632
v 0.567893 0.205303 0.825533
v 0.785532 0.101333 0.481799
v 0.814634 0.103111 0.368443
v 0.791736 0.158983 0.455885
v 0.795651 0.045287 0.459623
v 0.804170 0.159468 0.400015
v 0.812018 0.045948 0.402515
v -0.740608 0.264622 -0.202678
v -0.727036 0.373104 -0.153267
v -0.711718 0.308954 -0.238960
v -0.764505 0.271390 -0.144620
v -0.704417 0.361272 -0.214311
v -0.758383 0.325372 -0.121172
v -0.744726 -0.060416 -0.203574
v -0.733554 -0.170236 -0.155655
v -0.708022 -0.100009 -0.235327
v -0.770565 -0.067829 -0.147207
v -0.703541 -0.155362 -0.211327
v -0.762527 -0.122252 -0.122589
v -0.641300 0.001255 -0.366293
v -0.568680 -0.066639 -0.433274
v -0.638259 -0.058592 -0.350260
v -0.599341 0.032283 -0.402624
v -0.600577 -0.092243 -0.381626
v -0.567574 -0.000818 -0.437945
v -0.633429 0.203030 -0.358213
v -0.563858 0.270369 -0.426638
v -0.643140 0.266046 -0.352511
v -0.595701 0.172045 -0.398996
v -0.603604 0.298293 -0.381426
v -0.564412 0.206554 -0.436715
v -0.796691 0.101357 -0.102254
v -0.818944 0.102576 0.017293
v -0.800887 0.159389 -0.074862
v -0.805816 0.045075 -0.074856
v -0.817387 0.159772 -0.016677
v -0.819366 0.046644 -0.016788
v -0.749310 0.267464 0.593449
v -0.740072 0.379213 0.545727
v -0.714650 0.308881 0.627894
v -0.773605 0.274533 0.534853
v -0.710725 0.364113 0.604098
v -0.768642 0.329616 0.511386
v -0.737588 -0.060374 0.586951
v -0.737670 -0.170842 0.543642
v -0.708641 -0.102244 0.623470
v -0.765363 -0.066746 0.530754
v -0.708460 -0.158024 0.601876
v -0.764632 -0.122872 0.509482
v -0.640691 0.002704 0.753488
v -0.564269 -0.065419 0.815716
v -0.637831 -0.057282 0.733628
v -0.607863 0.033492 0.796615
v -0.600399 -0.090819 0.764130
v -0.569478 -0.000270 0.827542
v -0.646746 0.204925 0.758498
v -0.569337 0.272752 0.820684
v -0.645094 0.265750 0.740754
v -0.609393 0.172336 0.798270
v -0.607138 0.299693 0.772223
v -0.571121 0.206631 0.829782
v -0.806280 0.102954 0.488966
v -0.830857 0.103528 0.373782
v -0.814617 0.160765 0.463726
v -0.809478 0.045849 0.462435
v -0.827456 0.160463 0.405731
v -0.825270 0.046302 0.404410
v -0.102799 0.943471 0.365725
v -0.169649 0.893803 0.474934
v -0.165730 0.930194 0.364801
v -0.200268 0.908908 0.419410
v -0.072474 0.931646 0.423143
v -0.105609 0.906727 0.476814
v -0.099947 0.935919 0.021524
v -0.176369 0.927357 -0.099498
v -0.165717 0.931266 0.021879
v -0.203148 0.921786 -0.036735
v -0.070344 0.928342 -0.036610
v -0.106337 0.915898 -0.095706
v 0.102137 0.942717 0.364937
v 0.172057 0.900063 0.476478
v 0.166041 0.931021 0.363483
v 0.200992 0.910370 0.419556
v 0.070899 0.931543 0.423449
v 0.105144 0.909329 0.477999
v 0.101784 0.940483 0.021437
v 0.176343 0.921364 -0.097565
v 0.164116 0.926010 0.022113
v 0.201070 0.911685 -0.035998
v 0.072144 0.938791 -0.038606
v 0.107366 0.920826 -0.095901
v -0.441841 0.716994 0.574721
v -0.555003 0.650192 0.536340
v -0.468992 0.728399 0.519883
v -0.526302 0.696144 0.499023
v -0.468934 0.669116 0.613214
v -0.529753 0.641365 0.595507
v -0.068498 0.826995 0.636219
v 0.067783 0.830333 0.638479
v -0.034727 0.800612 0.685391
v 0.034447 0.800803 0.683136
v -0.033708 0.856177 0.588347
v 0.034252 0.860668 0.592094
v -0.340504 0.652525 0.738084
v -0.389912 0.552212 0.817798
v -0.307115 0.627504 0.785833
v -0.330445 0.576913 0.825758
v -0.400850 0.627961 0.729577
v -0.425560 0.578255 0.769171
v -0.460021 0.742296 -0.204472
v -0.543753 0.643697 -0.144990
v -0.483426 0.748797 -0.143525
v -0.517975 0.692387 -0.109553
v -0.479984 0.683562 -0.239593
v -0.524303 0.638697 -0.210307
v -0.070892 0.859705 -0.272793
v 0.070240 0.851034 -0.268475
v -0.035274 0.816248 -0.307233
v 0.035050 0.816384 -0.308655
v -0.034906 0.869751 -0.209271
v 0.035153 0.868769 -0.208157
v -0.347564 0.665717 -0.362725
v -0.375990 0.539190 -0.411112
v -0.309263 0.636114 -0.407060
v -0.327483 0.574709 -0.434512
v -0.406051 0.637246 -0.348571
v -0.416525 0.570631 -0.369204
v -0.732550 0.552542 0.124035
v -0.723835 0.545639 0.261450
v -0.699369 0.595848 0.158350
v -0.694982 0.591041 0.227147
v -0.757195 0.501373 0.158446
v -0.754883 0.498820 0.227707
v -0.621217 0.489886 -0.255719
v -0.551495 0.446132 -0.362103
v -0.636418 0.435497 -0.285501
v -0.601292 0.414221 -0.338530
v -0.577249 0.530084 -0.284643
v -0.541493 0.506615 -0.335963
v -0.782430 0.382480 0.025798
v -0.823465 0.272185 0.092314
v -0.792244 0.326460 -0.003222
v -0.814468 0.271472 0.029845
v -0.794304 0.384930 0.089335
v -0.812759 0.328824 0.123555
v -0.626307 0.493634 0.643642
v -0.556654 0.450809 0.755074
v -0.636702 0.435980 0.670713
v -0.601516 0.414465 0.726364
v -0.577230 0.530874 0.670382
v -0.542942 0.509347 0.726108
v -0.798010 0.387063 0.364805
v -0.834975 0.273884 0.295649
v -0.808357 0.330107 0.393688
v -0.828210 0.274466 0.360038
v -0.801987 0.386126 0.298674
v -0.818761 0.330354 0.264629
v 0.450076 0.728290 0.583274
v 0.562244 0.659555 0.540840
v 0.476871 0.738714 0.525599
v 0.533177 0.704970 0.504396
v 0.476998 0.679738 0.620458
v 0.532929 0.645730 0.599544
v 0.343969 0.657763 0.741803
v 0.387005 0.549980 0.814892
v 0.308562 0.631649 0.789259
v 0.330447 0.578379 0.826963
v 0.401484 0.630208 0.728237
v 0.422516 0.573477 0.762721
v 0.458251 0.741228 -0.204205
v 0.549538 0.648153 -0.146931
v 0.483270 0.748077 -0.141477
v 0.526876 0.700124 -0.112448
v 0.473770 0.678655 -0.233140
v 0.521006 0.635637 -0.202979
v 0.349811 0.667573 -0.364446
v 0.389186 0.552624 -0.431970
v 0.310891 0.634365 -0.406048
v 0.332925 0.581646 -0.444807
v 0.405769 0.636953 -0.348247
v 0.423171 0.575816 -0.378651
v 0.729686 0.550960 0.124460
v 0.735399 0.553086 0.262438
v 0.703075 0.598216 0.159043
v 0.704499 0.599495 0.227547
v 0.760620 0.503061 0.159753
v 0.763554 0.503526 0.227321
v 0.608715 0.482846 -0.244241
v 0.547631 0.443349 -0.361133
v 0.620249 0.428538 -0.272872
v 0.588682 0.407891 -0.330448
v 0.562126 0.521105 -0.271724
v 0.532723 0.500476 -0.330359
v 0.780738 0.380406 0.025550
v 0.814138 0.270105 0.094547
v 0.789497 0.323971 -0.004524
v 0.804604 0.269498 0.032192
v 0.792136 0.382994 0.090558
v 0.811588 0.327998 0.124811
v 0.621542 0.490492 0.640475
v 0.548398 0.446069 0.747863
v 0.631416 0.433334 0.667166
v 0.592361 0.410277 0.719005
v 0.572668 0.526775 0.666772
v 0.534873 0.504653 0.720116
v 0.798942 0.386878 0.364978
v 0.829666 0.274380 0.294432
v 0.805779 0.329280 0.393219
v 0.814765 0.273597 0.356342
v 0.808080 0.387907 0.298682
v 0.823790 0.332147 0.264761
v -0.102915 -0.739684 0.364966
v -0.171620 -0.690894 0.476608
v -0.165658 -0.721262 0.363659
v -0.199907 -0.701494 0.420680
v -0.071571 -0.726795 0.423318
v -0.105548 -0.701867 0.478343
v -0.099158 -0.718071 0.024335
v -0.172927 -0.695463 -0.091073
v -0.164265 -0.718090 0.022855
v -0.201973 -0.706490 -0.034082
v -0.071429 -0.720060 -0.035239
v -0.105090 -0.700186 -0.091363
v 0.102851 -0.736661 0.365574
v 0.171651 -0.693543 0.477025
v 0.166489 -0.724504 0.364675
v 0.200598 -0.703811 0.420039
v 0.071382 -0.725068 0.423123
v 0.105661 -0.703301 0.478936
v 0.100713 -0.726628 0.022882
v 0.173111 -0.696493 -0.090156
v 0.166369 -0.723455 0.022544
v 0.206541 -0.723057 -0.037807
v 0.070360 -0.716927 -0.034520
v 0.105468 -0.698536 -0.090543
v -0.448360 -0.520226 0.581861
v -0.558684 -0.450495 0.539506
v -0.475387 -0.530391 0.524213
v -0.529874 -0.496157 0.502654
v -0.477584 -0.474056 0.620718
v -0.532796 -0.439986 0.599455
v -0.069180 -0.630916 0.643355
v 0.069341 -0.630636 0.643147
v -0.034617 -0.601819 0.689347
v 0.034631 -0.601188 0.688861
v -0.034277 -0.659234 0.593942
v 0.034614 -0.659532 0.593987
v -0.347042 -0.458749 0.749580
v -0.389388 -0.346469 0.817697
v -0.311237 -0.430096 0.794779
v -0.332104 -0.374442 0.828933
v -0.405635 -0.429848 0.736117
v -0.426943 -0.374574 0.770824
v -0.437247 -0.508736 -0.186939
v -0.540528 -0.432241 -0.141686
v -0.465567 -0.519753 -0.129935
v -0.516382 -0.481896 -0.106430
v -0.461903 -0.458576 -0.223811
v -0.515335 -0.421694 -0.200687
v -0.068471 -0.620715 -0.248564
v 0.068992 -0.629056 -0.254557
v -0.034119 -0.593742 -0.295234
v 0.034312 -0.597832 -0.300063
v -0.034341 -0.655897 -0.203257
v 0.035231 -0.659584 -0.207398
v -0.344351 -0.453433 -0.359674
v -0.384428 -0.342309 -0.425403
v -0.311037 -0.429579 -0.408478
v -0.331455 -0.373858 -0.441635
v -0.399098 -0.421790 -0.342416
v -0.420424 -0.367383 -0.374900
v -0.725126 -0.342237 0.124802
v -0.734377 -0.347340 0.262540
v -0.700355 -0.389915 0.159634
v -0.703512 -0.393046 0.228050
v -0.754456 -0.293747 0.159919
v -0.761516 -0.297647 0.227069
v -0.612543 -0.277446 -0.247771
v -0.549627 -0.238515 -0.361534
v -0.623653 -0.223105 -0.275384
v -0.592297 -0.203455 -0.333446
v -0.562330 -0.311861 -0.271124
v -0.531355 -0.293595 -0.328421
v -0.776261 -0.173054 0.027149
v -0.820893 -0.065424 0.095407
v -0.787740 -0.117786 -0.003304
v -0.810871 -0.063530 0.030631
v -0.790364 -0.175739 0.090693
v -0.812252 -0.121479 0.124609
v -0.625208 -0.287819 0.644085
v -0.553117 -0.242483 0.751674
v -0.633935 -0.229692 0.669254
v -0.597323 -0.207086 0.721889
v -0.576515 -0.324454 0.671227
v -0.541731 -0.302613 0.726463
v -0.787168 -0.178134 0.361683
v -0.837314 -0.068667 0.295316
v -0.799533 -0.122358 0.391808
v -0.824299 -0.067085 0.359478
v -0.800229 -0.181382 0.296392
v -0.824617 -0.125413 0.264944
v 0.444756 -0.514124 0.576330
v 0.556483 -0.446119 0.537214
v 0.471860 -0.525418 0.522462
v 0.528334 -0.492435 0.500198
v 0.470611 -0.464946 0.614492
v 0.530005 -0.435991 0.596008
v 0.352692 -0.469408 0.759223
v 0.386709 -0.343037 0.811218
v 0.315212 -0.437360 0.802552
v 0.332633 -0.377185 0.832410
v 0.403364 -0.427117 0.733333
v 0.422994 -0.372033 0.767146
v 0.438921 -0.507292 -0.189227
v 0.539382 -0.430335 -0.140868
v 0.463307 -0.515076 -0.129383
v 0.513985 -0.476939 -0.106360
v 0.465839 -0.462550 -0.225470
v 0.513260 -0.420185 -0.199386
v 0.346743 -0.457389 -0.360814
v 0.380818 -0.337147 -0.415800
v 0.308834 -0.424978 -0.400584
v 0.327664 -0.366493 -0.431289
v 0.403533 -0.427590 -0.345748
v 0.419440 -0.366517 -0.371991
v 0.730491 -0.344922 0.123652
v 0.721372 -0.339180 0.260800
v 0.698706 -0.388842 0.157760
v 0.694322 -0.384884 0.226969
v 0.752664 -0.293109 0.158479
v 0.749917 -0.290217 0.227313
v 0.609349 -0.277162 -0.247376
v 0.546546 -0.238945 -0.358996
v 0.623531 -0.223396 -0.276645
v 0.593811 -0.204051 -0.332519
v 0.561165 -0.313787 -0.272136
v 0.533875 -0.295303 -0.330052
v 0.788805 -0.177963 0.024060
v 0.824174 -0.065820 0.093661
v 0.795696 -0.121302 -0.003757
v 0.817284 -0.065486 0.029575
v 0.801207 -0.179900 0.088103
v 0.813652 -0.122711 0.124059
v 0.622528 -0.285942 0.642284
v 0.551959 -0.240751 0.749131
v 0.634249 -0.228853 0.669274
v 0.600317 -0.207613 0.724773
v 0.575352 -0.323150 0.669242
v 0.539584 -0.300721 0.722833
v 0.795688 -0.179922 0.364920
v 0.828891 -0.067086 0.294768
v 0.807076 -0.123751 0.393793
v 0.823390 -0.067735 0.359365
v 0.798699 -0.179055 0.298745
v 0.817577 -0.123468 0.265361
v 0.172140 0.000238 1.033155
v 0.283669 -0.068774 0.991150
v 0.170818 -0.063281 1.021255
v 0.226406 -0.097504 0.999912
v 0.229283 0.031824 1.020666
v 0.285011 -0.002823 0.999785
v -0.171791 0.000249 1.033809
v -0.283402 -0.069043 0.990467
v -0.171068 -0.063429 1.021035
v -0.226616 -0.097730 0.999745
v -0.229384 0.031864 1.021077
v -0.285137 -0.002628 0.999665
v 0.172232 0.206080 1.033953
v 0.283929 0.274489 0.990955
v 0.171166 0.269153 1.021777
v 0.226596 0.303508 1.000342
v 0.229263 0.174137 1.020744
v 0.285001 0.208504 1.000413
v -0.172095 0.206025 1.033725
v -0.283191 0.274731 0.991615
v -0.171213 0.269258 1.021640
v -0.226517 0.303768 1.000478
v -0.228942 0.174203 1.020676
v -0.285202 0.208878 1.000171
v 0.450539 0.034084 0.927633
v 0.449700 0.172039 0.927338
v 0.495298 0.068549 0.897789
v 0.495796 0.137520 0.897970
v 0.401556 0.068855 0.956201
v 0.401279 0.137079 0.956483
v -0.449222 0.033354 0.927210
v -0.450713 0.172660 0.928259
v -0.495577 0.068500 0.898222
v -0.495207 0.137783 0.897948
v -0.401443 0.068713 0.956713
v -0.400478 0.137255 0.956140
v 0.168893 0.002339 -0.630209
v 0.281040 -0.066039 -0.595474
v 0.166721 -0.057080 -0.608593
v 0.222705 -0.094325 -0.599184
v 0.228108 0.032615 -0.627845
v 0.283279 -0.002427 -0.608144
v -0.169661 0.003265 -0.620285
v -0.279702 -0.064969 -0.588382
v -0.167188 -0.058851 -0.610586
v -0.223581 -0.091990 -0.593903
v -0.225849 0.033505 -0.617055
v -0.281429 0.000070 -0.597645
v 0.176243 0.211408 -0.673883
v 0.283932 0.275088 -0.604705
v 0.173738 0.271881 -0.649450
v 0.228279 0.303311 -0.617012
v 0.237096 0.180485 -0.664450
v 0.284798 0.209288 -0.615358
v -0.172229 0.204153 -0.641395
v -0.287673 0.280149 -0.621209
v -0.171680 0.267879 -0.633947
v -0.229130 0.306878 -0.624659
v -0.231022 0.177844 -0.640801
v -0.286354 0.211040 -0.620956
v 0.441981 0.033525 -0.525783
v 0.432293 0.169003 -0.512208
v 0.483362 0.068714 -0.491539
v 0.480698 0.136478 -0.488039
v 0.386935 0.067065 -0.546380
v 0.384598 0.134175 -0.540705
v -0.441056 0.034913 -0.528171
v -0.445515 0.171332 -0.534969
v -0.487043 0.068702 -0.499937
v -0.488582 0.137453 -0.501635
v -0.393552 0.069171 -0.557076
v -0.395746 0.137111 -0.561557
v -0.375313 0.858539 0.250263
v -0.379254 0.866816 0.135634
v -0.322957 0.883790 0.250367
v -0.326045 0.892002 0.135213
v -0.467947 0.804865 0.284307
v -0.354569 0.860358 0.305847
v -0.451744 0.809853 0.342738
v -0.471542 0.809403 0.102158
v -0.361955 0.874199 0.078690
v -0.452281 0.811851 0.043884
v -0.525745 0.770320 0.193064
v -0.506739 0.776495 0.066186
v -0.561719 0.737211 0.158272
v -0.505969 0.774555 0.320758
v -0.556897 0.734796 0.226589
v 0.383172 0.872246 0.249957
v 0.383119 0.871084 0.136429
v 0.327815 0.896406 0.251086
v 0.327924 0.895408 0.135566
v 0.475701 0.814988 0.286100
v 0.362138 0.875109 0.306856
v 0.455492 0.817220 0.343462
v 0.471970 0.809569 0.101945
v 0.361816 0.874585 0.079348
v 0.452320 0.811746 0.045968
v 0.532804 0.779510 0.193167
v 0.507065 0.777042 0.066727
v 0.568030 0.745661 0.158540
v 0.511722 0.782914 0.321899
v 0.569174 0.746834 0.227122
v -0.381940 -0.665058 0.250414
v -0.380721 -0.660803 0.137587
v -0.327404 -0.689499 0.251192
v -0.327486 -0.691209 0.135253
v -0.469578 -0.600827 0.284819
v -0.361602 -0.668177 0.306741
v -0.451982 -0.605974 0.342253
v -0.466270 -0.595833 0.101998
v -0.361006 -0.667527 0.080380
v -0.446489 -0.597099 0.046440
v -0.524148 -0.563618 0.193471
v -0.501101 -0.563284 0.067201
v -0.560293 -0.529087 0.159005
v -0.505838 -0.568504 0.320109
v -0.564121 -0.534043 0.226936
v 0.384055 -0.668754 0.250648
v 0.384865 -0.670456 0.135933
v 0.330641 -0.704976 0.252394
v 0.330454 -0.697572 0.134703
v 0.469955 -0.601077 0.284935
v 0.362992 -0.672168 0.307391
v 0.453088 -0.606078 0.342124
v 0.474778 -0.608486 0.101117
v 0.363652 -0.675286 0.077597
v 0.452897 -0.607252 0.045611
v 0.526840 -0.567445 0.192873
v 0.510662 -0.575044 0.065144
v 0.562966 -0.533763 0.158075
v 0.505400 -0.568000 0.320234
v 0.558262 -0.530620 0.226292
v 0.000230 -0.436736 0.880996
v -0.092769 -0.376244 0.911800
v -0.034220 -0.472709 0.845631
v -0.128343 -0.409762 0.875370
v 0.092904 -0.375857 0.910461
v 0.035861 -0.484149 0.854481
v 0.130568 -0.419453 0.886940
v 0.057002 -0.280220 0.962551
v -0.057229 -0.282559 0.966755
v 0.057825 -0.224221 0.985220
v -0.057965 -0.225386 0.987451
v 0.150079 -0.356564 0.912507
v 0.113807 -0.259304 0.965713
v -0.150852 -0.356912 0.914576
v -0.114275 -0.261974 0.970431
v 0.000264 0.629769 0.862594
v -0.092310 0.573581 0.898097
v -0.034453 0.669855 0.833311
v -0.126755 0.609712 0.866937
v 0.090141 0.571706 0.895514
v 0.034642 0.671181 0.834894
v 0.127349 0.611320 0.867149
v 0.056282 0.481208 0.954527
v -0.057181 0.484103 0.959423
v 0.057745 0.429196 0.984719
v -0.057794 0.430633 0.986411
v 0.148549 0.552573 0.897562
v 0.113305 0.460294 0.958246
v -0.148986 0.555713 0.903108
v -0.113528 0.464596 0.964742
v -0.000474 -0.427885 -0.481807
v -0.092452 -0.373137 -0.520480
v -0.034838 -0.460710 -0.444585
v -0.127502 -0.407360 -0.485255
v 0.092108 -0.370637 -0.516668
v 0.034622 -0.462511 -0.444920
v 0.127315 -0.405191 -0.482301
v 0.055969 -0.276507 -0.567478
v -0.057142 -0.277814 -0.571349
v 0.056414 -0.221843 -0.590056
v -0.057915 -0.222383 -0.592007
v 0.149715 -0.351161 -0.519722
v 0.112686 -0.256051 -0.569842
v -0.150123 -0.353469 -0.522654
v -0.112627 -0.258625 -0.575581
v 0.000031 0.638307 -0.487941
v -0.092627 0.581582 -0.524259
v -0.034735 0.676050 -0.455104
v -0.129307 0.619188 -0.492487
v 0.093663 0.583997 -0.528102
v 0.034306 0.674658 -0.454069
v 0.127022 0.614074 -0.488192
v 0.057117 0.488559 -0.580290
v -0.056920 0.486339 -0.575809
v 0.057840 0.430739 -0.599763
v -0.058174 0.431347 -0.601612
v 0.153643 0.564653 -0.532287
v 0.114059 0.469219 -0.584620
v -0.149097 0.560809 -0.523611
v -0.113403 0.465309 -0.578873
v 0.699928 0.192968 -0.273748
v 0.758939 0.158585 -0.184423
v 0.698757 0.248087 -0.252446
v 0.763879 0.215195 -0.164475
v 0.699190 0.009795 -0.274221
v 0.758984 0.046340 -0.183455
v 0.703013 -0.043563 -0.255638
v 0.762657 -0.009065 -0.163827
v 0.661823 0.103348 -0.326744
v 0.670429 -0.024950 -0.312178
v 0.627939 0.069120 -0.362986
v 0.665594 0.228273 -0.308758
v 0.628477 0.137014 -0.362856
v 0.786061 0.160158 -0.130014
v 0.790545 0.045606 -0.132632
v 0.699813 0.193450 0.662133
v 0.750727 0.158683 0.566768
v 0.699887 0.250236 0.640995
v 0.753504 0.214478 0.546374
v 0.707547 0.011918 0.665424
v 0.757485 0.045717 0.570238
v 0.707526 -0.044372 0.644734
v 0.763735 -0.009150 0.551299
v 0.676113 0.103156 0.725354
v 0.673388 -0.024086 0.701270
v 0.643511 0.068933 0.762830
v 0.668518 0.228731 0.697239
v 0.642262 0.137156 0.762074
v 0.772117 0.159031 0.513063
v 0.777790 0.045240 0.514760
v -0.707207 0.195216 -0.278911
v -0.768445 0.159949 -0.189414
v -0.711256 0.252278 -0.260952
v -0.767649 0.216208 -0.167086
v -0.707327 0.011074 -0.278509
v -0.767243 0.046016 -0.188573
v -0.707267 -0.043979 -0.257496
v -0.770676 -0.010635 -0.168269
v -0.665991 0.102680 -0.329517
v -0.674461 -0.024344 -0.314953
v -0.629914 0.067875 -0.364505
v -0.674703 0.231571 -0.314849
v -0.632037 0.136605 -0.365612
v -0.790855 0.160452 -0.132928
v -0.793364 0.044474 -0.133712
v -0.712981 0.194527 0.668925
v -0.769321 0.160550 0.576137
v -0.714295 0.252156 0.649394
v -0.772157 0.216027 0.555793
v -0.705246 0.012660 0.664456
v -0.760879 0.047836 0.572392
v -0.706528 -0.044011 0.644207
v -0.763840 -0.008910 0.551252
v -0.676903 0.102877 0.725668
v -0.672290 -0.023531 0.699937
v -0.642730 0.068775 0.762213
v -0.679713 0.230928 0.705195
v -0.644000 0.137374 0.763768
v -0.792172 0.160967 0.520519
v -0.786409 0.045923 0.516917
v -0.093994 0.953758 0.250740
v -0.094646 0.954139 0.135545
v -0.152058 0.941365 0.250927
v -0.154594 0.942103 0.136050
v 0.095247 0.954495 0.250246
v 0.093731 0.951789 0.135879
v 0.156040 0.946554 0.250181
v 0.153540 0.939422 0.137507
v -0.001340 0.957144 0.308564
v -0.129012 0.944472 0.307918
v -0.035193 0.945860 0.365940
v -0.001698 0.953463 0.078943
v -0.128285 0.941673 0.078623
v -0.035266 0.943900 0.022608
v 0.130381 0.946121 0.307025
v 0.033463 0.946962 0.366357
v 0.127380 0.937905 0.079090
v 0.033028 0.944349 0.020856
v -0.263883 0.847978 0.524312
v -0.356401 0.793124 0.560193
v -0.291812 0.862665 0.473083
v -0.384210 0.805995 0.508682
v -0.169682 0.791172 0.678698
v -0.258582 0.730110 0.709306
v -0.137536 0.767513 0.723232
v -0.225793 0.703262 0.752480
v -0.168806 0.842113 0.580694
v -0.232795 0.880331 0.473294
v -0.135796 0.872684 0.529656
v -0.350024 0.727216 0.647711
v -0.414968 0.764586 0.541989
v -0.409201 0.697881 0.630974
v -0.103190 0.798601 0.683253
v -0.102147 0.850822 0.584349
v -0.282521 0.677661 0.745307
v -0.375016 0.676824 0.686545
v -0.263610 0.848251 -0.136833
v -0.362117 0.801549 -0.179641
v -0.291584 0.863238 -0.086202
v -0.386639 0.808529 -0.124249
v -0.170793 0.799005 -0.296809
v -0.262956 0.736532 -0.329556
v -0.137779 0.771078 -0.340684
v -0.231019 0.713563 -0.377208
v -0.170779 0.852827 -0.199126
v -0.237584 0.900301 -0.092275
v -0.138522 0.887093 -0.149059
v -0.359390 0.738954 -0.271424
v -0.430235 0.785765 -0.168076
v -0.423146 0.716795 -0.259659
v -0.104235 0.811593 -0.303395
v -0.104172 0.864666 -0.205600
v -0.289902 0.690969 -0.371753
v -0.386105 0.692066 -0.312465
v -0.612935 0.609218 -0.059800
v -0.682960 0.583542 0.025801
v -0.592359 0.655858 -0.029464
v -0.655555 0.624460 0.057521
v -0.676525 0.461978 -0.157895
v -0.735867 0.428703 -0.067021
v -0.694824 0.414267 -0.187692
v -0.747888 0.378330 -0.094933
v -0.614279 0.551809 -0.154020
v -0.564793 0.648759 -0.084589
v -0.570389 0.594005 -0.182303
v -0.740449 0.490890 0.025002
v -0.696683 0.592224 0.090696
v -0.756289 0.500168 0.089561
v -0.658998 0.450466 -0.222428
v -0.595943 0.543155 -0.219194
v -0.766537 0.379797 -0.035589
v -0.774192 0.440553 0.054811
v -0.632135 0.623408 0.455531
v -0.686449 0.586374 0.362740
v -0.605775 0.665947 0.423353
v -0.657239 0.626413 0.330160
v -0.692308 0.470706 0.551571
v -0.748498 0.435232 0.458532
v -0.703720 0.417819 0.578835
v -0.760701 0.382583 0.486398
v -0.632937 0.565060 0.549516
v -0.584543 0.664245 0.480398
v -0.584881 0.604837 0.574585
v -0.746057 0.493407 0.363758
v -0.691334 0.587475 0.295541
v -0.750820 0.496340 0.296100
v -0.666565 0.455407 0.611975
v -0.606902 0.550033 0.610430
v -0.780355 0.384947 0.426232
v -0.776415 0.441829 0.331675
v 0.265100 0.851976 0.525340
v 0.357655 0.794124 0.560469
v 0.292675 0.863711 0.473238
v 0.385089 0.806341 0.508980
v 0.168836 0.788964 0.676561
v 0.260581 0.731172 0.711713
v 0.135600 0.760926 0.720329
v 0.227255 0.705140 0.755740
v 0.170871 0.850477 0.583971
v 0.233547 0.883770 0.474518
v 0.137957 0.882461 0.532903
v 0.102174 0.796735 0.679696
v 0.103036 0.859915 0.590000
v 0.355230 0.734791 0.654086
v 0.417895 0.767710 0.545527
v 0.416933 0.709533 0.638917
v 0.286101 0.682422 0.749978
v 0.378951 0.685059 0.693179
v 0.265021 0.851105 -0.138466
v 0.359043 0.795992 -0.176097
v 0.293106 0.864129 -0.086744
v 0.385666 0.806078 -0.120793
v 0.177307 0.820166 -0.313345
v 0.266994 0.745901 -0.335241
v 0.142358 0.791867 -0.354453
v 0.229809 0.711996 -0.373613
v 0.171596 0.850747 -0.198246
v 0.236642 0.891963 -0.091273
v 0.138890 0.885294 -0.147775
v 0.105811 0.824622 -0.314640
v 0.104080 0.862658 -0.204279
v 0.371302 0.759744 -0.287210
v 0.421463 0.772993 -0.162448
v 0.435678 0.733939 -0.269665
v 0.289664 0.689962 -0.369368
v 0.395415 0.709736 -0.327870
v 0.621723 0.615901 -0.063453
v 0.684404 0.586158 0.024544
v 0.601198 0.664276 -0.033632
v 0.658645 0.630758 0.057979
v 0.682192 0.465201 -0.159012
v 0.739861 0.430993 -0.069235
v 0.693343 0.413503 -0.185380
v 0.751091 0.381055 -0.095670
v 0.619289 0.555399 -0.154779
v 0.575230 0.657086 -0.089382
v 0.570709 0.594772 -0.180169
v 0.737555 0.489607 0.024822
v 0.694855 0.591291 0.090707
v 0.749685 0.495351 0.091081
v 0.651908 0.448397 -0.215434
v 0.591263 0.539776 -0.212941
v 0.768341 0.379524 -0.037337
v 0.767618 0.437858 0.057345
v 0.632891 0.624627 0.456651
v 0.690144 0.589368 0.363408
v 0.607635 0.669330 0.424251
v 0.664090 0.633768 0.330099
v 0.689920 0.470552 0.550592
v 0.748648 0.434832 0.458380
v 0.703269 0.418740 0.577634
v 0.759758 0.382610 0.485727
v 0.633236 0.565047 0.550024
v 0.585486 0.665307 0.482234
v 0.585486 0.606455 0.575436
v 0.747922 0.494374 0.364397
v 0.700167 0.594854 0.296291
v 0.758789 0.499966 0.296771
v 0.662385 0.454603 0.609160
v 0.606421 0.548777 0.610201
v 0.779881 0.384490 0.426639
v 0.781156 0.443486 0.332154
v -0.094848 -0.749816 0.251489
v -0.093336 -0.740541 0.137049
v -0.154369 -0.740836 0.250499
v -0.153524 -0.730114 0.137500
v 0.093082 -0.741671 0.250415
v 0.093190 -0.738282 0.136513
v 0.153901 -0.730994 0.250342
v 0.153151 -0.730518 0.136175
v -0.000354 -0.756451 0.308788
v -0.129634 -0.740391 0.307863
v -0.035228 -0.745441 0.366534
v 0.000036 -0.745045 0.079447
v -0.127451 -0.726013 0.080569
v -0.034869 -0.732455 0.022832
v 0.129345 -0.736774 0.307889
v 0.035396 -0.742809 0.365940
v 0.128405 -0.731863 0.080006
v 0.033870 -0.729293 0.023583
v -0.263478 -0.642800 0.523200
v -0.355051 -0.583628 0.558290
v -0.292919 -0.659111 0.471628
v -0.383940 -0.598904 0.507405
v -0.171836 -0.593895 0.684464
v -0.264066 -0.534301 0.718480
v -0.140738 -0.574885 0.733744
v -0.230179 -0.506665 0.761997
v -0.170283 -0.643794 0.584240
v -0.234307 -0.679105 0.475135
v -0.138895 -0.675581 0.533507
v -0.354828 -0.526751 0.653578
v -0.415937 -0.558447 0.543127
v -0.416430 -0.502946 0.638649
v -0.103983 -0.599910 0.686748
v -0.103812 -0.654243 0.590000
v -0.288733 -0.482303 0.755102
v -0.381612 -0.481604 0.696165
v -0.267824 -0.653689 -0.142340
v -0.354095 -0.583329 -0.171714
v -0.295002 -0.665484 -0.089852
v -0.380396 -0.592107 -0.118026
v -0.168195 -0.579167 -0.287032
v -0.259808 -0.523146 -0.323549
v -0.137937 -0.559713 -0.334576
v -0.229845 -0.503633 -0.371954
v -0.170552 -0.642198 -0.196010
v -0.236181 -0.687042 -0.091667
v -0.138798 -0.673040 -0.145472
v -0.350910 -0.519828 -0.261390
v -0.412728 -0.555514 -0.154842
v -0.410132 -0.493482 -0.246085
v -0.102747 -0.590021 -0.294541
v -0.103498 -0.650391 -0.201385
v -0.286965 -0.478602 -0.366831
v -0.377058 -0.473523 -0.303173
v -0.620603 -0.407846 -0.062244
v -0.680208 -0.376434 0.026009
v -0.595456 -0.450237 -0.031152
v -0.656244 -0.421065 0.058109
v -0.686475 -0.260713 -0.160976
v -0.742344 -0.227079 -0.070241
v -0.697185 -0.208934 -0.187384
v -0.757452 -0.176699 -0.098219
v -0.617450 -0.345600 -0.154186
v -0.568959 -0.443776 -0.085223
v -0.565632 -0.382932 -0.177469
v -0.734613 -0.281954 0.025406
v -0.690384 -0.381568 0.092009
v -0.744168 -0.286666 0.091776
v -0.656143 -0.243216 -0.218916
v -0.590701 -0.330742 -0.213561
v -0.766596 -0.173552 -0.036712
v -0.761562 -0.230313 0.058973
v -0.626934 -0.414443 0.454135
v -0.685693 -0.380587 0.361447
v -0.601154 -0.459287 0.420612
v -0.664333 -0.427241 0.330488
v -0.690422 -0.264034 0.550607
v -0.743043 -0.226620 0.456857
v -0.703362 -0.212391 0.578123
v -0.757241 -0.175021 0.484709
v -0.632341 -0.358212 0.549917
v -0.580541 -0.454697 0.480014
v -0.584485 -0.400506 0.575200
v -0.741998 -0.285428 0.362638
v -0.699468 -0.389469 0.296209
v -0.756830 -0.293506 0.296694
v -0.665530 -0.249075 0.611782
v -0.606567 -0.344113 0.610814
v -0.772820 -0.175258 0.426143
v -0.775539 -0.234812 0.331591
v 0.264658 -0.646260 0.525664
v 0.356524 -0.587816 0.560656
v 0.292134 -0.657804 0.472940
v 0.384484 -0.600387 0.508869
v 0.169867 -0.586967 0.679237
v 0.264152 -0.532273 0.717533
v 0.137503 -0.561922 0.723832
v 0.231810 -0.507623 0.763293
v 0.170442 -0.644367 0.584261
v 0.232922 -0.677206 0.474892
v 0.138574 -0.674644 0.533039
v 0.103262 -0.596713 0.684613
v 0.103956 -0.653487 0.589717
v 0.353016 -0.525404 0.651534
v 0.416715 -0.560585 0.543327
v 0.411182 -0.494798 0.633447
v 0.294482 -0.492334 0.765011
v 0.378390 -0.477248 0.692558
v 0.267063 -0.652424 -0.141102
v 0.353729 -0.580484 -0.171533
v 0.297310 -0.672644 -0.093012
v 0.376108 -0.583249 -0.115956
v 0.168634 -0.583939 -0.290083
v 0.261903 -0.527889 -0.326403
v 0.136584 -0.559261 -0.333807
v 0.228486 -0.500050 -0.367890
v 0.169657 -0.641195 -0.195174
v 0.240177 -0.698353 -0.094885
v 0.137479 -0.672140 -0.144114
v 0.102542 -0.595470 -0.297103
v 0.103228 -0.651674 -0.201516
v 0.355894 -0.529027 -0.269258
v 0.409891 -0.549303 -0.152485
v 0.415057 -0.500736 -0.250716
v 0.287427 -0.479261 -0.365640
v 0.382585 -0.482604 -0.310435
v 0.615045 -0.402510 -0.059753
v 0.687643 -0.380506 0.023737
v 0.593661 -0.448807 -0.028593
v 0.658817 -0.422409 0.056313
v 0.675425 -0.257358 -0.156465
v 0.740126 -0.226022 -0.068487
v 0.686546 -0.205316 -0.182989
v 0.747397 -0.171329 -0.094424
v 0.616548 -0.346296 -0.153026
v 0.561341 -0.436193 -0.080974
v 0.564119 -0.381102 -0.176736
v 0.745922 -0.286797 0.022995
v 0.699133 -0.387628 0.089716
v 0.756819 -0.293467 0.089287
v 0.647774 -0.242265 -0.215607
v 0.586366 -0.329141 -0.211214
v 0.769502 -0.174643 -0.036657
v 0.776642 -0.235566 0.054904
v 0.632524 -0.417765 0.455704
v 0.685794 -0.379940 0.362766
v 0.607252 -0.461438 0.423867
v 0.656736 -0.420655 0.330046
v 0.689877 -0.263520 0.549836
v 0.747831 -0.228631 0.457781
v 0.702860 -0.211253 0.577718
v 0.761076 -0.177179 0.485997
v 0.632046 -0.358120 0.548825
v 0.584833 -0.458696 0.480674
v 0.584669 -0.399005 0.574457
v 0.742186 -0.285079 0.363586
v 0.690378 -0.381011 0.295134
v 0.745699 -0.287557 0.295905
v 0.664575 -0.248618 0.611021
v 0.604707 -0.342387 0.609495
v 0.779957 -0.178937 0.426139
v 0.771363 -0.233406 0.331598
v 0.057339 0.007731 1.046612
v -0.057439 0.007804 1.046721
v 0.057037 -0.052497 1.038329
v -0.057036 -0.052458 1.038665
v 0.057486 0.198291 1.047226
v -0.057506 0.198211 1.046941
v 0.057204 0.258590 1.039387
v -0.057417 0.258358 1.039665
v 0.114863 0.103152 1.046159
v 0.114463 -0.026928 1.036433
v 0.172349 0.068253 1.037123
v -0.114910 0.102945 1.045763
v -0.114699 -0.026797 1.036802
v -0.172072 0.068078 1.036412
v 0.114634 0.233126 1.037547
v 0.172348 0.138555 1.037372
v -0.114684 0.232677 1.037304
v -0.172238 0.137766 1.035965
v 0.364160 -0.251971 0.879748
v 0.331433 -0.161582 0.941251
v 0.312294 -0.281826 0.894609
v 0.279624 -0.189407 0.954178
v 0.517436 -0.156806 0.820994
v 0.485219 -0.066300 0.882569
v 0.565092 -0.126563 0.800084
v 0.530865 -0.034639 0.859025
v 0.455032 -0.248674 0.816914
v 0.349355 -0.313347 0.854772
v 0.441063 -0.309659 0.790994
v 0.561483 -0.183571 0.776249
v 0.496563 -0.276041 0.770255
v 0.391148 -0.067895 0.940941
v 0.280884 -0.130339 0.973206
v 0.340274 -0.036043 0.973140
v 0.491163 0.000077 0.893296
v 0.397836 -0.001050 0.951642
v -0.363865 -0.251256 0.877298
v -0.329812 -0.160246 0.937771
v -0.312456 -0.281128 0.893694
v -0.278742 -0.188729 0.952318
v -0.515731 -0.157098 0.818994
v -0.482734 -0.065956 0.879726
v -0.559582 -0.124512 0.793515
v -0.527934 -0.034012 0.856944
v -0.460536 -0.252368 0.824186
v -0.350558 -0.313278 0.854654
v -0.446254 -0.313974 0.800010
v -0.556990 -0.183462 0.772011
v -0.501795 -0.278506 0.777233
v -0.390422 -0.067942 0.939916
v -0.280758 -0.129579 0.972158
v -0.340653 -0.035792 0.972806
v -0.489746 -0.000240 0.892464
v -0.397279 -0.000987 0.950740
v 0.363612 0.456988 0.876177
v 0.328927 0.364859 0.935377
v 0.311334 0.483668 0.886538
v 0.277266 0.391643 0.947486
v 0.513660 0.362169 0.817239
v 0.481492 0.270925 0.878237
v 0.555166 0.329639 0.790633
v 0.526794 0.239737 0.855487
v 0.460185 0.457499 0.823676
v 0.349449 0.518131 0.852532
v 0.442318 0.516270 0.795457
v 0.556068 0.387767 0.771036
v 0.497463 0.480727 0.772105
v 0.391089 0.273482 0.940513
v 0.280211 0.335439 0.971729
v 0.340688 0.241506 0.972524
v 0.491010 0.205822 0.892602
v 0.397247 0.206577 0.951106
v -0.367634 0.461007 0.884914
v -0.332095 0.368177 0.942254
v -0.315251 0.488156 0.897388
v -0.280183 0.395753 0.954514
v -0.521760 0.365474 0.825874
v -0.485537 0.272813 0.883422
v -0.566382 0.332966 0.801087
v -0.530004 0.240516 0.859103
v -0.462027 0.459550 0.825676
v -0.352081 0.521397 0.859050
v -0.446465 0.520430 0.800293
v -0.563280 0.391371 0.779212
v -0.503579 0.485659 0.778921
v -0.390682 0.273588 0.940830
v -0.281048 0.336242 0.973826
v -0.340233 0.241290 0.972458
v -0.491712 0.206626 0.894101
v -0.396799 0.206643 0.951329
v 0.056788 0.010215 -0.640927
v -0.054379 0.010650 -0.623803
v 0.054306 -0.047073 -0.630582
v -0.054988 -0.050263 -0.625274
v 0.056722 0.198346 -0.653283
v -0.056341 0.197695 -0.656325
v 0.058757 0.262040 -0.667991
v -0.056955 0.259489 -0.656595
v 0.114256 0.103186 -0.651569
v 0.111407 -0.022366 -0.627678
v 0.171646 0.069072 -0.644549
v -0.112676 0.104927 -0.640358
v -0.111617 -0.023052 -0.618737
v -0.169513 0.070563 -0.629545
v 0.116206 0.235043 -0.659792
v 0.174018 0.138474 -0.654122
v -0.113883 0.231792 -0.646385
v -0.170905 0.137955 -0.641072
v 0.358665 -0.245743 -0.481939
v 0.327731 -0.156554 -0.544809
v 0.309131 -0.273557 -0.496240
v 0.273779 -0.183484 -0.552897
v 0.510400 -0.154097 -0.427180
v 0.480272 -0.065005 -0.489417
v 0.556207 -0.121731 -0.401545
v 0.523759 -0.034865 -0.465664
v 0.449118 -0.244385 -0.421469
v 0.342860 -0.305514 -0.457253
v 0.435230 -0.305014 -0.398525
v 0.552818 -0.180463 -0.380531
v 0.491728 -0.272000 -0.379039
v 0.388564 -0.066085 -0.549313
v 0.277578 -0.125550 -0.576138
v 0.337605 -0.034770 -0.580045
v 0.483929 0.000179 -0.495499
v 0.391202 -0.000537 -0.553376
v -0.363141 -0.251061 -0.490701
v -0.329462 -0.159795 -0.549218
v -0.311165 -0.280470 -0.505796
v -0.278806 -0.187551 -0.562372
v -0.517813 -0.157779 -0.435198
v -0.481923 -0.065950 -0.491004
v -0.563243 -0.126981 -0.412707
v -0.528972 -0.034201 -0.469149
v -0.457360 -0.248222 -0.431523
v -0.347499 -0.311315 -0.465265
v -0.441510 -0.308803 -0.405173
v -0.559571 -0.183452 -0.389639
v -0.496603 -0.272614 -0.383712
v -0.387353 -0.066246 -0.546692
v -0.278105 -0.127698 -0.576484
v -0.336392 -0.034164 -0.574820
v -0.485633 0.000885 -0.497811
v -0.392509 0.000068 -0.554295
v 0.367756 0.460306 -0.497822
v 0.331929 0.369011 -0.555410
v 0.313917 0.487367 -0.508110
v 0.281597 0.396822 -0.571623
v 0.518872 0.364626 -0.436352
v 0.476900 0.270880 -0.482473
v 0.558876 0.332028 -0.409528
v 0.521688 0.238059 -0.458553
v 0.460493 0.457396 -0.437645
v 0.353376 0.523618 -0.476250
v 0.443427 0.517390 -0.410578
v 0.559126 0.388716 -0.389156
v 0.500624 0.481463 -0.389149
v 0.380107 0.270955 -0.535946
v 0.280874 0.336497 -0.586980
v 0.332467 0.238814 -0.570907
v 0.478077 0.203792 -0.485758
v 0.381975 0.203446 -0.538805
v -0.360572 0.453230 -0.486154
v -0.330173 0.365266 -0.550832
v -0.311937 0.482641 -0.501655
v -0.277675 0.393769 -0.564212
v -0.512888 0.359943 -0.428406
v -0.481622 0.270261 -0.490830
v -0.559869 0.329453 -0.406125
v -0.526322 0.239129 -0.466266
v -0.447622 0.448104 -0.420672
v -0.342889 0.512559 -0.458615
v -0.430676 0.506298 -0.392795
v -0.554784 0.387196 -0.383033
v -0.491994 0.477645 -0.377992
v -0.391029 0.274048 -0.554822
v -0.282492 0.336304 -0.590764
v -0.340986 0.242580 -0.589465
v -0.488229 0.205285 -0.502014
v -0.394383 0.206570 -0.562806
v 0.825959 0.157833 0.101196
v 0.827004 0.046380 0.100269
v 0.822656 0.157810 0.040671
v 0.822972 0.046267 0.040920
v 0.831586 0.159695 0.284617
v 0.832730 0.046153 0.285622
v 0.818954 0.159749 0.340532
v 0.822046 0.046449 0.344807
v 0.833605 0.215913 0.194114
v 0.818243 0.214053 0.067809
v 0.825399 0.272834 0.159533
v 0.822551 0.216495 0.318572
v 0.830546 0.273894 0.228360
v 0.830918 -0.008741 0.193212
v 0.827447 -0.009586 0.065424
v 0.823107 -0.066169 0.160138
v 0.829865 -0.010496 0.321214
v 0.826669 -0.066661 0.227075
v -0.834040 0.159588 0.099393
v -0.835847 0.047078 0.100204
v -0.827754 0.159626 0.041509
v -0.829530 0.047325 0.041435
v -0.841838 0.159976 0.287532
v -0.840605 0.046010 0.287198
v -0.838898 0.160021 0.346130
v -0.833506 0.046572 0.346218
v -0.838750 0.215977 0.193570
v -0.830362 0.216261 0.064601
v -0.827712 0.272251 0.158408
v -0.840315 0.216709 0.323268
v -0.830927 0.273424 0.227267
v -0.841572 -0.011201 0.193660
v -0.825152 -0.008308 0.066846
v -0.834137 -0.066932 0.159147
v -0.835774 -0.011238 0.321798
v -0.841135 -0.068761 0.228771
v -0.245381 0.910039 0.307217
v -0.281244 0.891908 0.364136
v -0.248612 0.920025 0.078662
v -0.283757 0.899084 0.021280
v -0.225519 0.915044 0.364272
v -0.226448 0.919382 0.021701
v -0.468379 0.782154 0.435384
v -0.525157 0.746510 0.413845
v -0.499461 0.741465 0.467146
v -0.467860 0.780590 -0.049076
v -0.520299 0.742199 -0.025590
v -0.502825 0.747141 -0.084319
v -0.628349 0.665033 0.158232
v -0.625966 0.663159 0.227573
v -0.663173 0.630949 0.192491
v 0.248425 0.919851 0.308126
v 0.283903 0.897987 0.365223
v 0.249073 0.912335 0.079225
v 0.286220 0.899310 0.019964
v 0.226207 0.916139 0.363942
v 0.226175 0.908832 0.023014
v 0.468981 0.783374 0.436222
v 0.526098 0.748005 0.414152
v 0.502200 0.745770 0.469257
v 0.468692 0.781756 -0.048819
v 0.525186 0.746178 -0.027719
v 0.505561 0.751221 -0.085574
v 0.640312 0.676327 0.158155
v 0.642321 0.676880 0.228233
v 0.672516 0.638995 0.193438
v -0.248614 -0.711914 0.307788
v -0.285283 -0.694593 0.366176
v -0.254577 -0.735958 0.073648
v -0.296636 -0.728994 0.012913
v -0.226572 -0.708413 0.363998
v -0.231197 -0.727175 0.019143
v -0.465395 -0.571491 0.434506
v -0.520322 -0.535117 0.411846
v -0.498205 -0.533838 0.467939
v -0.461565 -0.565060 -0.046470
v -0.515664 -0.528733 -0.024150
v -0.492135 -0.526845 -0.075694
v -0.635446 -0.464896 0.159360
v -0.640844 -0.470279 0.228481
v -0.671570 -0.432516 0.193799
v 0.247886 -0.712004 0.307914
v 0.283613 -0.692357 0.365020
v 0.250015 -0.717934 0.078036
v 0.286535 -0.699676 0.019836
v 0.225981 -0.710002 0.364298
v 0.228070 -0.717386 0.019910
v 0.468189 -0.576453 0.435816
v 0.524760 -0.540209 0.413934
v 0.500686 -0.537077 0.468406
v 0.461611 -0.566186 -0.044619
v 0.519536 -0.534084 -0.023469
v 0.489987 -0.524071 -0.075211
v 0.631801 -0.462676 0.157857
v 0.628822 -0.459942 0.227716
v 0.664105 -0.426271 0.192026
v -0.035811 -0.547958 0.776797
v 0.035186 -0.541515 0.771111
v -0.221003 -0.423416 0.838048
v -0.242852 -0.367170 0.874620
v 0.000092 -0.572178 0.732007
v -0.276539 -0.399948 0.836266
v 0.228764 -0.442904 0.861463
v 0.249675 -0.378773 0.891611
v 0.281469 -0.408596 0.847235
v 0.114574 -0.145642 1.009533
v 0.171562 -0.181223 0.988309
v -0.114779 -0.145560 1.010163
v -0.171797 -0.180937 0.988362
v 0.170298 -0.123665 1.006232
v -0.170911 -0.123558 1.006992
v -0.035621 0.743066 0.767265
v 0.035377 0.741443 0.766615
v -0.217736 0.621510 0.829412
v -0.240188 0.567275 0.867398
v -0.000357 0.772334 0.727642
v -0.272545 0.598531 0.828761
v 0.220523 0.629037 0.837238
v 0.240196 0.568917 0.866777
v 0.275693 0.604494 0.834198
v 0.114694 0.351674 1.010263
v 0.170620 0.385387 0.985587
v -0.114873 0.352069 1.010772
v -0.171835 0.387442 0.988840
v 0.170902 0.329533 1.007348
v -0.171038 0.329824 1.007217
v -0.034132 -0.529058 -0.373304
v 0.034638 -0.529928 -0.372888
v -0.219252 -0.419056 -0.446667
v -0.241384 -0.363897 -0.483832
v 0.000320 -0.562496 -0.336741
v -0.275763 -0.397442 -0.446540
v 0.218407 -0.416566 -0.444471
v 0.238547 -0.359760 -0.477790
v 0.273245 -0.393551 -0.440672
v 0.111719 -0.141747 -0.605533
v 0.171179 -0.179648 -0.594169
v -0.111369 -0.141263 -0.604587
v -0.168360 -0.177773 -0.588750
v 0.167155 -0.118006 -0.599828
v -0.166487 -0.117685 -0.600331
v -0.036762 0.757873 -0.393950
v 0.036278 0.761646 -0.396707
v -0.227980 0.647889 -0.473425
v -0.243606 0.574757 -0.489583
v 0.000023 0.784462 -0.350137
v -0.277668 0.609259 -0.453371
v 0.218245 0.621987 -0.443373
v 0.241397 0.569558 -0.483232
v 0.274739 0.601732 -0.445063
v 0.115357 0.352855 -0.628303
v 0.172350 0.387687 -0.604020
v -0.118744 0.359369 -0.646465
v -0.175802 0.393402 -0.620841
v 0.171728 0.330348 -0.626334
v -0.172322 0.331533 -0.624994
v 0.662502 0.339126 -0.264022
v 0.629969 0.318443 -0.321724
v 0.781690 0.271950 -0.085992
v 0.799752 0.215131 -0.052209
v 0.626591 0.373344 -0.297929
v 0.795318 0.269875 -0.029490
v 0.668738 -0.135431 -0.268664
v 0.637511 -0.115323 -0.326560
v 0.787285 -0.065203 -0.088477
v 0.804470 -0.009776 -0.052111
v 0.634397 -0.170027 -0.303561
v 0.803955 -0.064823 -0.030528
v 0.558615 0.068708 -0.431163
v 0.558609 0.137778 -0.431667
v 0.523048 0.102674 -0.461597
v 0.673296 0.342849 0.656513
v 0.632505 0.318828 0.707854
v 0.777895 0.272247 0.470510
v 0.792178 0.216545 0.433774
v 0.633569 0.375707 0.688057
v 0.798675 0.273313 0.414826
v 0.673286 -0.137640 0.658048
v 0.638228 -0.115682 0.714417
v 0.791682 -0.068850 0.475610
v 0.802929 -0.011241 0.437689
v 0.636636 -0.172225 0.691828
v 0.808221 -0.067739 0.417934
v 0.574489 0.067740 0.835186
v 0.574349 0.138297 0.834862
v 0.537846 0.102990 0.867851
v -0.679893 0.345846 -0.276235
v -0.646824 0.324596 -0.334687
v -0.785047 0.271639 -0.088076
v -0.800447 0.215674 -0.051594
v -0.644308 0.380625 -0.311036
v -0.801197 0.270645 -0.029429
v -0.669027 -0.134881 -0.267987
v -0.635965 -0.114439 -0.326779
v -0.790601 -0.068071 -0.091099
v -0.803237 -0.009866 -0.053007
v -0.630776 -0.167432 -0.300802
v -0.799317 -0.064406 -0.030555
v -0.564406 0.068363 -0.437571
v -0.562394 0.137791 -0.436034
v -0.530140 0.103411 -0.470574
v -0.680193 0.345693 0.663010
v -0.645161 0.324040 0.720156
v -0.795595 0.275235 0.476913
v -0.817509 0.217499 0.441676
v -0.643245 0.379574 0.696568
v -0.814867 0.274337 0.419684
v -0.674166 -0.138047 0.658067
v -0.635870 -0.114650 0.710814
v -0.789975 -0.068292 0.475439
v -0.811974 -0.010855 0.439573
v -0.638299 -0.171929 0.691787
v -0.810872 -0.066492 0.418495
v -0.574679 0.067870 0.834721
v -0.573998 0.138167 0.835309
v -0.538035 0.103358 0.867848
v -0.035602 0.914245 0.481823
v 0.035612 0.913992 0.480532
v 0.000818 0.888578 0.537694
v -0.036457 0.931331 -0.102228
v 0.036514 0.936360 -0.102842
v -0.000126 0.897826 -0.154628
v -0.498186 0.622599 0.655790
v -0.463495 0.601800 0.714948
v -0.523473 0.568587 0.694511
v -0.509726 0.634757 -0.280743
v -0.469068 0.609066 -0.332101
v -0.524965 0.569937 -0.309637
v -0.780619 0.444968 0.193012
v -0.801423 0.386928 0.157419
v -0.801009 0.386755 0.228351
v 0.500455 0.625668 0.657886
v 0.460650 0.598018 0.709623
v 0.519554 0.564487 0.690741
v 0.490140 0.617407 -0.262558
v 0.458687 0.598051 -0.322794
v 0.511198 0.558014 -0.296249
v 0.789897 0.448408 0.193327
v 0.804317 0.387889 0.158104
v 0.811426 0.390047 0.228956
v -0.035946 -0.710811 0.481768
v 0.036234 -0.710231 0.481835
v 0.000241 -0.686648 0.539708
v -0.036474 -0.714440 -0.096837
v 0.035110 -0.704571 -0.093722
v 0.000508 -0.690576 -0.154593
v -0.501868 -0.421005 0.659558
v -0.465769 -0.398859 0.717738
v -0.523983 -0.363130 0.695692
v -0.485825 -0.405612 -0.258876
v -0.453189 -0.386381 -0.317837
v -0.509414 -0.350249 -0.294978
v -0.786356 -0.241946 0.192917
v -0.800377 -0.180408 0.159016
v -0.808487 -0.183123 0.228535
v 0.497926 -0.417020 0.656558
v 0.463902 -0.396592 0.715597
v 0.522402 -0.361836 0.694102
v 0.487365 -0.407519 -0.261839
v 0.458021 -0.391634 -0.322064
v 0.511602 -0.351614 -0.297198
v 0.776983 -0.237072 0.192957
v 0.799508 -0.180377 0.157589
v 0.797892 -0.180411 0.228778
v 0.287402 0.067388 1.004102
v 0.287023 0.139083 1.004314
v 0.346632 0.103454 0.983337
v -0.287542 0.067090 1.004271
v -0.287464 0.138664 1.004139
v -0.345613 0.102693 0.982477
v 0.284502 0.066747 -0.612969
v 0.284266 0.138509 -0.615515
v 0.335075 0.101394 -0.578318
v -0.283544 0.068937 -0.605402
v -0.285709 0.140401 -0.614472
v -0.341541 0.103673 -0.587551
f 1 647 644
f 1 644 643
f 1 643 645
f 1 645 646
f 1 646 647
f 2 649 652
f 6 672 670
f 12 702 699
f 11 696 695
f 8 679 681
f 4 662 659
f 4 659 658
f 4 658 660
f 4 660 661
f 4 661 662
f 5 666 665
f 3 654 657
f 7 673 677
f 9 685 686
f 10 692 688
f 12 701 698
f 6 669 668
f 2 650 648
f 8 682 678
f 11 697 693
f 6 671 669
f 12 700 701
f 11 694 697
f 8 680 682
f 2 651 650
f 10 690 689
f 5 663 664
f 3 655 653
f 7 676 674
f 9 687 684
f 10 691 690
f 5 667 663
f 3 656 655
f 7 675 676
f 9 683 687
f 6 668 672
f 2 648 649
f 8 678 679
f 11 693 696
f 12 698 702
f 10 688 691
f 5 665 667
f 3 657 656
f 7 677 675
f 9 686 683
f 5 664 666
f 3 653 654
f 7 674 673
f 9 684 685
f 10 689 692
f 6 670 671
f 12 699 700
f 11 695 694
f 8 681 680
f 2 652 651
f 35 837 838
f 18 735 736
f 19 742 741
f 40 868 867
f 42 880 879
f 34 832 831
f 33 827 828
f 25 778 780
f 36 844 846
f 20 749 747
f 32 819 820
f 23 765 767
f 24 773 771
f 37 850 849
f 41 876 875
f 34 833 834
f 33 826 825
f 25 779 777
f 36 845 843
f 20 748 750
f 17 729 727
f 14 711 709
f 13 706 703
f 15 718 715
f 16 724 721
f 18 737 733
f 35 839 835
f 42 882 878
f 40 870 866
f 19 744 740
f 30 807 805
f 27 789 787
f 22 762 758
f 28 797 793
f 29 802 799
f 32 821 817
f 23 766 763
f 24 774 770
f 37 852 848
f 41 874 872
f 35 838 836
f 18 736 734
f 19 741 739
f 40 867 865
f 42 879 877
f 34 831 829
f 33 828 824
f 25 780 776
f 36 846 842
f 20 747 745
f 32 820 818
f 23 767 764
f 24 771 769
f 37 849 847
f 41 875 871
f 34 834 830
f 33 825 823
f 25 777 775
f 36 843 841
f 20 750 746
f 14 714 710
f 13 707 704
f 15 719 716
f 16 725 722
f 17 732 728
f 21 755 752
f 31 814 811
f 26 784 781
f 38 857 853
f 39 862 860
f 27 792 788
f 22 759 757
f 28 796 794
f 29 803 800
f 30 810 806
f 31 815 812
f 26 785 782
f 38 856 854
f 39 863 859
f 21 754 751
f 14 712 714
f 13 705 707
f 15 717 719
f 16 723 725
f 17 730 732
f 21 753 755
f 31 816 814
f 26 786 784
f 38 858 857
f 39 861 862
f 27 791 792
f 22 761 759
f 28 795 796
f 29 801 803
f 30 808 810
f 31 813 815
f 26 783 785
f 38 855 856
f 39 864 863
f 21 756 754
f 14 709 712
f 13 703 705
f 15 715 717
f 16 721 723
f 17 727 730
f 21 751 753
f 31 812 816
f 26 782 786
f 38 854 858
f 39 859 861
f 27 787 791
f 22 758 761
f 28 793 795
f 29 799 801
f 30 805 808
f 31 811 813
f 26 781 783
f 38 853 855
f 39 860 864
f 21 752 756
f 17 728 731
f 14 710 713
f 13 704 708
f 15 716 720
f 16 722 726
f 18 734 738
f 35 836 840
f 42 877 881
f 40 865 869
f 19 739 743
f 30 806 809
f 27 788 790
f 22 757 760
f 28 794 798
f 29 800 804
f 32 818 822
f 23 764 768
f 24 769 772
f 37 847 851
f 41 871 873
f 35 835 837
f 18 733 735
f 19 740 742
f 40 866 868
f 42 878 880
f 34 830 832
f 33 823 827
f 25 775 778
f 36 841 844
f 20 746 749
f 32 817 819
f 23 763 765
f 24 770 773
f 37 848 850
f 41 872 876
f 34 829 833
f 33 824 826
f 25 776 779
f 36 842 845
f 20 745 748
f 17 731 729
f 14 713 711
f 13 708 706
f 15 720 718
f 16 726 724
f 18 738 737
f 35 840 839
f 42 881 882
f 40 869 870
f 19 743 744
f 30 809 807
f 27 790 789
f 22 760 762
f 28 798 797
f 29 804 802
f 32 822 821
f 23 768 766
f 24 772 774
f 37 851 852
f 41 873 874
f 107 1269 1270
f 103 1245 1246
f 104 1252 1251
f 110 1288 1287
f 113 1306 1305
f 118 1336 1335
f 154 1551 1552
f 141 1473 1474
f 162 1599 1600
f 121 1354 1353
f 142 1479 1480
f 129 1401 1402
f 130 1408 1407
f 144 1492 1491
f 146 1504 1503
f 151 1533 1534
f 131 1414 1413
f 136 1444 1443
f 161 1594 1593
f 126 1383 1384
f 116 1323 1324
f 108 1275 1276
f 106 1263 1264
f 112 1299 1300
f 115 1317 1318
f 119 1341 1342
f 156 1564 1563
f 139 1462 1461
f 160 1588 1587
f 120 1347 1348
f 149 1521 1522
f 132 1420 1419
f 128 1395 1396
f 145 1497 1498
f 148 1515 1516
f 155 1557 1558
f 133 1425 1426
f 134 1431 1432
f 157 1570 1569
f 124 1372 1371
f 109 1282 1281
f 105 1258 1257
f 111 1294 1293
f 114 1312 1311
f 117 1330 1329
f 125 1378 1377
f 152 1540 1539
f 137 1449 1450
f 158 1575 1576
f 123 1365 1366
f 143 1486 1485
f 127 1390 1389
f 135 1437 1438
f 147 1510 1509
f 150 1528 1527
f 153 1546 1545
f 140 1468 1467
f 138 1455 1456
f 159 1581 1582
f 122 1359 1360
f 107 1272 1271
f 103 1248 1247
f 104 1253 1254
f 110 1289 1290
f 113 1307 1308
f 118 1337 1338
f 154 1554 1553
f 141 1476 1475
f 162 1602 1601
f 121 1355 1356
f 142 1482 1481
f 129 1404 1403
f 130 1409 1410
f 144 1493 1494
f 146 1505 1506
f 151 1536 1535
f 131 1415 1416
f 136 1445 1446
f 161 1595 1596
f 126 1386 1385
f 47 909 907
f 44 891 889
f 43 886 883
f 45 898 895
f 46 904 901
f 49 922 919
f 72 1060 1057
f 102 1240 1237
f 96 1204 1201
f 79 1102 1099
f 62 999 997
f 59 981 979
f 58 976 973
f 60 988 985
f 61 994 991
f 66 1024 1021
f 54 952 949
f 73 1066 1063
f 85 1138 1135
f 92 1179 1177
f 101 1233 1231
f 69 1041 1039
f 50 927 925
f 82 1119 1117
f 97 1209 1207
f 71 1053 1051
f 100 1228 1225
f 94 1192 1189
f 80 1108 1105
f 51 933 931
f 90 1167 1165
f 63 1005 1003
f 55 957 955
f 76 1083 1081
f 87 1150 1147
f 91 1174 1171
f 67 1029 1027
f 56 963 961
f 75 1077 1075
f 83 1126 1123
f 68 1036 1033
f 48 915 913
f 78 1095 1093
f 93 1185 1183
f 98 1216 1213
f 88 1155 1153
f 65 1018 1015
f 57 970 967
f 77 1090 1087
f 86 1143 1141
f 64 1012 1009
f 53 945 943
f 74 1071 1069
f 84 1131 1129
f 89 1162 1159
f 70 1047 1045
f 99 1221 1219
f 95 1197 1195
f 81 1114 1111
f 52 940 937
f 109 1284 1280
f 105 1260 1256
f 111 1296 1292
f 114 1314 1310
f 117 1332 1328
f 125 1380 1376
f 152 1542 1538
f 137 1451 1447
f 158 1577 1573
f 123 1367 1363
f 143 1488 1484
f 127 1392 1388
f 135 1439 1435
f 147 1512 1508
f 150 1530 1526
f 153 1548 1544
f 140 1470 1466
f 138 1457 1453
f 159 1583 1579
f 122 1361 1357
f 107 1270 1268
f 103 1246 1244
f 104 1251 1249
f 110 1287 1285
f 113 1305 1303
f 118 1335 1333
f 154 1552 1550
f 141 1474 1472
f 162 1600 1598
f 121 1353 1351
f 142 1480 1478
f 129 1402 1400
f 130 1407 1405
f 144 1491 1489
f 146 1503 1501
f 151 1534 1532
f 131 1413 1411
f 136 1443 1441
f 161 1593 1591
f 126 1384 1382
f 116 1324 1322
f 108 1276 1274
f 106 1264 1262
f 112 1300 1298
f 115 1318 1316
f 119 1342 1340
f 156 1563 1561
f 139 1461 1459
f 160 1587 1585
f 120 1348 1346
f 149 1522 1520
f 132 1419 1417
f 128 1396 1394
f 145 1498 1496
f 148 1516 1514
f 155 1558 1556
f 133 1426 1424
f 134 1432 1430
f 157 1569 1567
f 124 1371 1369
f 109 1281 1279
f 105 1257 1255
f 111 1293 1291
f 114 1311 1309
f 117 1329 1327
f 125 1377 1375
f 152 1539 1537
f 137 1450 1448
f 158 1576 1574
f 123 1366 1364
f 143 1485 1483
f 127 1389 1387
f 135 1438 1436
f 147 1509 1507
f 150 1527 1525
f 153 1545 1543
f 140 1467 1465
f 138 1456 1454
f 159 1582 1580
f 122 1360 1358
f 107 1271 1267
f 103 1247 1243
f 104 1254 1250
f 110 1290 1286
f 113 1308 1304
f 118 1338 1334
f 154 1553 1549
f 141 1475 1471
f 162 1601 1597
f 121 1356 1352
f 142 1481 1477
f 129 1403 1399
f 130 1410 1406
f 144 1494 1490
f 146 1506 1502
f 151 1535 1531
f 131 1416 1412
f 136 1446 1442
f 161 1596 1592
f 126 1385 1381
f 44 894 890
f 43 887 884
f 45 899 896
f 46 905 902
f 47 912 908
f 52 941 938
f 70 1050 1046
f 99 1224 1220
f 95 1200 1196
f 81 1115 1112
f 59 984 980
f 58 977 974
f 60 989 986
f 61 995 992
f 62 1002 998
f 65 1019 1016
f 57 971 968
f 77 1091 1088
f 86 1146 1142
f 88 1158 1154
f 98 1217 1214
f 68 1037 1034
f 48 918 914
f 78 1098 1094
f 93 1188 1184
f 69 1044 1040
f 101 1236 1232
f 97 1212 1208
f 82 1122 1118
f 50 930 926
f 89 1163 1160
f 64 1013 1010
f 53 948 944
f 74 1074 1070
f 84 1134 1130
f 90 1170 1166
f 63 1008 1004
f 55 960 956
f 76 1086 1082
f 87 1151 1148
f 72 1061 1058
f 49 923 920
f 79 1103 1100
f 96 1205 1202
f 102 1241 1238
f 91 1175 1172
f 67 1032 1028
f 56 966 962
f 75 1080 1076
f 83 1127 1124
f 66 1025 1022
f 54 953 950
f 73 1067 1064
f 85 1139 1136
f 92 1182 1178
f 71 1056 1052
f 100 1229 1226
f 94 1193 1190
f 80 1109 1106
f 51 936 932
f 116 1325 1321
f 108 1277 1273
f 106 1265 1261
f 112 1301 1297
f 115 1319 1315
f 119 1343 1339
f 156 1566 1562
f 139 1464 1460
f 160 1590 1586
f 120 1349 1345
f 149 1523 1519
f 132 1422 1418
f 128 1397 1393
f 145 1499 1495
f 148 1517 1513
f 155 1559 1555
f 133 1427 1423
f 134 1433 1429
f 157 1572 1568
f 124 1374 1370
f 44 892 894
f 43 885 887
f 45 897 899
f 46 903 905
f 47 910 912
f 52 939 941
f 70 1048 1050
f 99 1222 1224
f 95 1198 1200
f 81 1113 1115
f 59 982 984
f 58 975 977
f 60 987 989
f 61 993 995
f 62 1000 1002
f 65 1017 1019
f 57 969 971
f 77 1089 1091
f 86 1144 1146
f 88 1156 1158
f 98 1215 1217
f 68 1035 1037
f 48 916 918
f 78 1096 1098
f 93 1186 1188
f 69 1042 1044
f 101 1234 1236
f 97 1210 1212
f 82 1120 1122
f 50 928 930
f 89 1161 1163
f 64 1011 1013
f 53 946 948
f 74 1072 1074
f 84 1132 1134
f 90 1168 1170
f 63 1006 1008
f 55 958 960
f 76 1084 1086
f 87 1149 1151
f 72 1059 1061
f 49 921 923
f 79 1101 1103
f 96 1203 1205
f 102 1239 1241
f 91 1173 1175
f 67 1030 1032
f 56 964 966
f 75 1078 1080
f 83 1125 1127
f 66 1023 1025
f 54 951 953
f 73 1065 1067
f 85 1137 1139
f 92 1180 1182
f 71 1054 1056
f 100 1227 1229
f 94 1191 1193
f 80 1107 1109
f 51 934 936
f 116 1326 1325
f 108 1278 1277
f 106 1266 1265
f 112 1302 1301
f 115 1320 1319
f 119 1344 1343
f 156 1565 1566
f 139 1463 1464
f 160 1589 1590
f 120 1350 1349
f 149 1524 1523
f 132 1421 1422
f 128 1398 1397
f 145 1500 1499
f 148 1518 1517
f 155 1560 1559
f 133 1428 1427
f 134 1434 1433
f 157 1571 1572
f 124 1373 1374
f 44 889 892
f 43 883 885
f 45 895 897
f 46 901 903
f 47 907 910
f 52 937 939
f 70 1045 1048
f 99 1219 1222
f 95 1195 1198
f 81 1111 1113
f 59 979 982
f 58 973 975
f 60 985 987
f 61 991 993
f 62 997 1000
f 65 1015 1017
f 57 967 969
f 77 1087 1089
f 86 1141 1144
f 88 1153 1156
f 98 1213 1215
f 68 1033 1035
f 48 913 916
f 78 1093 1096
f 93 1183 1186
f 69 1039 1042
f 101 1231 1234
f 97 1207 1210
f 82 1117 1120
f 50 925 928
f 89 1159 1161
f 64 1009 1011
f 53 943 946
f 74 1069 1072
f 84 1129 1132
f 90 1165 1168
f 63 1003 1006
f 55 955 958
f 76 1081 1084
f 87 1147 1149
f 72 1057 1059
f 49 919 921
f 79 1099 1101
f 96 1201 1203
f 102 1237 1239
f 91 1171 1173
f 67 1027 1030
f 56 961 964
f 75 1075 1078
f 83 1123 1125
f 66 1021 1023
f 54 949 951
f 73 1063 1065
f 85 1135 1137
f 92 1177 1180
f 71 1051 1054
f 100 1225 1227
f 94 1189 1191
f 80 1105 1107
f 51 931 934
f 116 1322 1326
f 108 1274 1278
f 106 1262 1266
f 112 1298 1302
f 115 1316 1320
f 119 1340 1344
f 156 1561 1565
f 139 1459 1463
f 160 1585 1589
f 120 1346 1350
f 149 1520 1524
f 132 1417 1421
f 128 1394 1398
f 145 1496 1500
f 148 1514 1518
f 155 1556 1560
f 133 1424 1428
f 134 1430 1434
f 157 1567 1571
f 124 1369 1373
f 47 908 911
f 44 890 893
f 43 884 888
f 45 896 900
f 46 902 906
f 49 920 924
f 72 1058 1062
f 102 1238 1242
f 96 1202 1206
f 79 1100 1104
f 62 998 1001
f 59 980 983
f 58 974 978
f 60 986 990
f 61 992 996
f 66 1022 1026
f 54 950 954
f 73 1064 1068
f 85 1136 1140
f 92 1178 1181
f 101 1232 1235
f 69 1040 1043
f 50 926 929
f 82 1118 1121
f 97 1208 1211
f 71 1052 1055
f 100 1226 1230
f 94 1190 1194
f 80 1106 1110
f 51 932 935
f 90 1166 1169
f 63 1004 1007
f 55 956 959
f 76 1082 1085
f 87 1148 1152
f 91 1172 1176
f 67 1028 1031
f 56 962 965
f 75 1076 1079
f 83 1124 1128
f 68 1034 1038
f 48 914 917
f 78 1094 1097
f 93 1184 1187
f 98 1214 1218
f 88 1154 1157
f 65 1016 1020
f 57 968 972
f 77 1088 1092
f 86 1142 1145
f 64 1010 1014
f 53 944 947
f 74 1070 1073
f 84 1130 1133
f 89 1160 1164
f 70 1046 1049
f 99 1220 1223
f 95 1196 1199
f 81 1112 1116
f 52 938 942
f 109 1279 1283
f 105 1255 1259
f 111 1291 1295
f 114 1309 1313
f 117 1327 1331
f 125 1375 1379
f 152 1537 1541
f 137 1448 1452
f 158 1574 1578
f 123 1364 1368
f 143 1483 1487
f 127 1387 1391
f 135 1436 1440
f 147 1507 1511
f 150 1525 1529
f 153 1543 1547
f 140 1465 1469
f 138 1454 1458
f 159 1580 1584
f 122 1358 1362
f 107 1267 1269
f 103 1243 1245
f 104 1250 1252
f 110 1286 1288
f 113 1304 1306
f 118 1334 1336
f 154 1549 1551
f 141 1471 1473
f 162 1597 1599
f 121 1352 1354
f 142 1477 1479
f 129 1399 1401
f 130 1406 1408
f 144 1490 1492
f 146 1502 1504
f 151 1531 1533
f 131 1412 1414
f 136 1442 1444
f 161 1592 1594
f 126 1381 1383
f 116 1321 1323
f 108 1273 1275
f 106 1261 1263
f 112 1297 1299
f 115 1315 1317
f 119 1339 1341
f 156 1562 1564
f 139 1460 1462
f 160 1586 1588
f 120 1345 1347
f 149 1519 1521
f 132 1418 1420
f 128 1393 1395
f 145 1495 1497
f 148 1513 1515
f 155 1555 1557
f 133 1423 1425
f 134 1429 1431
f 157 1568 1570
f 124 1370 1372
f 109 1280 1282
f 105 1256 1258
f 111 1292 1294
f 114 1310 1312
f 117 1328 1330
f 125 1376 1378
f 152 1538 1540
f 137 1447 1449
f 158 1573 1575
f 123 1363 1365
f 143 1484 1486
f 127 1388 1390
f 135 1435 1437
f 147 1508 1510
f 150 1526 1528
f 153 1544 1546
f 140 1466 1468
f 138 1453 1455
f 159 1579 1581
f 122 1357 1359
f 107 1268 1272
f 103 1244 1248
f 104 1249 1253
f 110 1285 1289
f 113 1303 1307
f 118 1333 1337
f 154 1550 1554
f 141 1472 1476
f 162 1598 1602
f 121 1351 1355
f 142 1478 1482
f 129 1400 1404
f 130 1405 1409
f 144 1489 1493
f 146 1501 1505
f 151 1532 1536
f 131 1411 1415
f 136 1441 1445
f 161 1591 1595
f 126 1382 1386
f 47 911 909
f 44 893 891
f 43 888 886
f 45 900 898
f 46 906 904
f 49 924 922
f 72 1062 1060
f 102 1242 1240
f 96 1206 1204
f 79 1104 1102
f 62 1001 999
f 59 983 981
f 58 978 976
f 60 990 988
f 61 996 994
f 66 1026 1024
f 54 954 952
f 73 1068 1066
f 85 1140 1138
f 92 1181 1179
f 101 1235 1233
f 69 1043 1041
f 50 929 927
f 82 1121 1119
f 97 1211 1209
f 71 1055 1053
f 100 1230 1228
f 94 1194 1192
f 80 1110 1108
f 51 935 933
f 90 1169 1167
f 63 1007 1005
f 55 959 957
f 76 1085 1083
f 87 1152 1150
f 91 1176 1174
f 67 1031 1029
f 56 965 963
f 75 1079 1077
f 83 1128 1126
f 68 1038 1036
f 48 917 915
f 78 1097 1095
f 93 1187 1185
f 98 1218 1216
f 88 1157 1155
f 65 1020 1018
f 57 972 970
f 77 1092 1090
f 86 1145 1143
f 64 1014 1012
f 53 947 945
f 74 1073 1071
f 84 1133 1131
f 89 1164 1162
f 70 1049 1047
f 99 1223 1221
f 95 1199 1197
f 81 1116 1114
f 52 942 940
f 109 1283 1284
f 105 1259 1260
f 111 1295 1296
f 114 1313 1314
f 117 1331 1332
f 125 1379 1380
f 152 1541 1542
f 137 1452 1451
f 158 1578 1577
f 123 1368 1367
f 143 1487 1488
f 127 1391 1392
f 135 1440 1439
f 147 1511 1512
f 150 1529 1530
f 153 1547 1548
f 140 1469 1470
f 138 1458 1457
f 159 1584 1583
f 122 1362 1361
f 407 1609 1616
f 403 1605 1608
f 404 1611 1606
f 410 1614 1612
f 413 1617 1615
f 422 1631 1624
f 486 1688 1692
f 573 1775 1782
f 561 1763 1765
f 512 1719 1714
f 452 1654 1661
f 448 1650 1653
f 449 1656 1651
f 455 1659 1657
f 458 1662 1660
f 470 1672 1675
f 437 1646 1639
f 494 1706 1696
f 531 1735 1733
f 539 1741 1751
f 568 1770 1779
f 478 1680 1683
f 419 1621 1626
f 509 1711 1721
f 554 1756 1766
f 482 1684 1689
f 576 1780 1778
f 558 1767 1760
f 516 1722 1718
f 425 1627 1629
f 542 1744 1747
f 463 1668 1665
f 434 1636 1641
f 497 1699 1704
f 528 1730 1737
f 546 1748 1750
f 464 1666 1676
f 440 1642 1644
f 500 1705 1702
f 524 1736 1726
f 479 1691 1681
f 418 1623 1620
f 508 1713 1710
f 553 1764 1755
f 569 1781 1771
f 538 1749 1740
f 471 1677 1673
f 443 1645 1647
f 501 1703 1707
f 523 1725 1734
f 467 1674 1669
f 433 1638 1635
f 493 1695 1698
f 527 1732 1729
f 543 1752 1745
f 485 1690 1687
f 572 1777 1774
f 557 1759 1762
f 515 1717 1720
f 428 1630 1632
f 591 2191 2189
f 587 1885 1883
f 588 1901 1903
f 594 2279 2281
f 597 2315 2317
f 600 2171 2173
f 634 2160 2158
f 619 2016 2012
f 639 2214 2210
f 602 1919 1924
f 624 2137 2135
f 608 1978 1973
f 610 1991 1996
f 627 2225 2227
f 630 2302 2304
f 635 2178 2176
f 615 2153 2155
f 617 2009 2014
f 637 2207 2212
f 604 1926 1922
f 416 1857 1864
f 408 1803 1810
f 406 1786 1795
f 412 1822 1831
f 415 1840 1849
f 424 1876 1887
f 492 2182 2193
f 582 2312 2321
f 565 2276 2285
f 514 1898 1907
f 461 2091 2098
f 453 2037 2044
f 451 1952 1961
f 457 2056 2067
f 460 2074 2083
f 475 2128 2139
f 439 1966 1975
f 496 1988 1997
f 533 2222 2231
f 551 2293 2298
f 579 2185 2190
f 483 1879 1884
f 426 1893 1900
f 521 2271 2278
f 566 2307 2314
f 489 2163 2170
f 578 2150 2159
f 560 2006 2015
f 518 2204 2213
f 429 1911 1918
f 547 2131 2136
f 465 1969 1977
f 441 1983 1990
f 504 2217 2224
f 537 2290 2301
f 550 2168 2177
f 476 2145 2152
f 444 2001 2008
f 502 2199 2206
f 526 1916 1925
f 481 1808 1817
f 420 1789 1797
f 510 1825 1833
f 555 1843 1851
f 571 1862 1871
f 540 1933 1941
f 473 2110 2119
f 447 2020 2029
f 507 2236 2247
f 534 2257 2262
f 469 2042 2051
f 435 1947 1954
f 498 2059 2064
f 529 2077 2085
f 545 2096 2105
f 487 2113 2121
f 574 2023 2031
f 562 2239 2244
f 520 2254 2265
f 432 1930 1939
f 589 1818 1814
f 583 1798 1793
f 586 1834 1829
f 593 1852 1847
f 596 1872 1868
f 599 1942 1937
f 633 2120 2124
f 620 2030 2034
f 640 2248 2250
f 603 2263 2261
f 622 2052 2050
f 607 1955 1960
f 612 2065 2063
f 626 2086 2081
f 629 2106 2102
f 631 2122 2117
f 614 2032 2027
f 618 2245 2243
f 641 2266 2268
f 605 1940 1944
f 409 1813 1804
f 405 1792 1785
f 411 1828 1821
f 414 1846 1839
f 417 1867 1858
f 431 1936 1929
f 488 2123 2114
f 575 2033 2024
f 563 2249 2240
f 519 2260 2253
f 454 2049 2038
f 450 1959 1951
f 456 2062 2055
f 459 2080 2073
f 462 2101 2092
f 472 2116 2109
f 446 2026 2019
f 506 2242 2235
f 535 2267 2258
f 541 1943 1934
f 570 1869 1861
f 480 1815 1807
f 421 1799 1790
f 511 1835 1826
f 556 1853 1844
f 484 1889 1880
f 580 2195 2186
f 567 2319 2308
f 522 2283 2272
f 427 1905 1894
f 544 2103 2095
f 468 2046 2041
f 436 1957 1948
f 499 2069 2060
f 530 2087 2078
f 548 2141 2132
f 466 1979 1970
f 442 1993 1984
f 505 2229 2218
f 536 2296 2289
f 491 2188 2181
f 423 1882 1875
f 513 1902 1897
f 564 2280 2275
f 581 2316 2311
f 549 2172 2167
f 477 2157 2146
f 445 2011 2002
f 503 2209 2200
f 525 1923 1915
f 474 2134 2127
f 438 1972 1965
f 495 1995 1987
f 532 2226 2221
f 552 2303 2294
f 490 2175 2164
f 577 2154 2149
f 559 2013 2005
f 517 2211 2203
f 430 1921 1912
f 590 1865 1870
f 584 1811 1816
f 585 1796 1800
f 592 1832 1836
f 595 1850 1854
f 598 1888 1890
f 636 2194 2196
f 621 2322 2320
f 642 2286 2284
f 601 1908 1906
f 623 2099 2104
f 611 2045 2047
f 609 1962 1958
f 625 2068 2070
f 628 2084 2088
f 632 2140 2142
f 613 1976 1980
f 616 1998 1994
f 638 2232 2230
f 606 2299 2297
f 407 2330 2329
f 403 2324 2323
f 404 2325 2326
f 410 2332 2333
f 413 2335 2336
f 422 2344 2345
f 486 2410 2409
f 573 2497 2496
f 561 2486 2485
f 512 2434 2435
f 452 2375 2374
f 448 2369 2368
f 449 2370 2371
f 455 2377 2378
f 458 2380 2381
f 470 2393 2392
f 437 2359 2360
f 494 2415 2416
f 531 2455 2456
f 539 2461 2460
f 568 2489 2488
f 478 2399 2398
f 419 2341 2340
f 509 2431 2430
f 554 2476 2475
f 482 2405 2404
f 576 2500 2501
f 558 2481 2482
f 516 2439 2440
f 425 2348 2347
f 542 2465 2464
f 463 2383 2384
f 434 2356 2355
f 497 2420 2419
f 528 2452 2451
f 546 2471 2470
f 464 2386 2385
f 440 2363 2362
f 500 2422 2423
f 524 2445 2446
f 479 2400 2401
f 418 2338 2339
f 508 2428 2429
f 553 2473 2474
f 569 2490 2491
f 538 2458 2459
f 471 2394 2395
f 443 2366 2365
f 501 2425 2424
f 523 2444 2443
f 467 2389 2390
f 433 2353 2354
f 493 2414 2413
f 527 2449 2450
f 543 2466 2467
f 485 2407 2408
f 572 2494 2495
f 557 2480 2479
f 515 2438 2437
f 428 2351 2350
f 591 2510 2511
f 587 2504 2505
f 588 2508 2507
f 594 2514 2513
f 597 2517 2516
f 600 2520 2519
f 634 2554 2556
f 619 2539 2540
f 639 2560 2561
f 602 2523 2521
f 624 2543 2544
f 608 2527 2529
f 610 2532 2530
f 627 2547 2546
f 630 2550 2549
f 635 2552 2553
f 615 2535 2534
f 617 2538 2536
f 637 2558 2557
f 604 2524 2525
f 167 1607 647
f 164 1603 644
f 163 1604 643
f 165 1610 645
f 166 1613 646
f 169 1622 649
f 192 1686 672
f 222 1773 702
f 216 1761 696
f 199 1712 679
f 182 1652 662
f 179 1648 659
f 178 1649 658
f 180 1655 660
f 181 1658 661
f 186 1670 666
f 174 1637 654
f 193 1694 673
f 205 1731 685
f 212 1739 692
f 221 1768 701
f 189 1678 669
f 170 1619 650
f 202 1709 682
f 217 1754 697
f 191 1682 671
f 220 1776 700
f 214 1758 694
f 200 1716 680
f 171 1625 651
f 210 1742 690
f 183 1663 663
f 175 1634 655
f 196 1697 676
f 207 1728 687
f 211 1746 691
f 187 1664 667
f 176 1640 656
f 195 1700 675
f 203 1724 683
f 188 1679 668
f 168 1618 648
f 198 1708 678
f 213 1753 693
f 218 1769 698
f 208 1738 688
f 185 1671 665
f 177 1643 657
f 197 1701 677
f 206 1723 686
f 184 1667 664
f 173 1633 653
f 194 1693 674
f 204 1727 684
f 209 1743 689
f 190 1685 670
f 219 1772 699
f 215 1757 695
f 201 1715 681
f 172 1628 652
f 357 2187 837
f 255 1881 735
f 262 1899 742
f 388 2277 868
f 400 2313 880
f 352 2169 832
f 347 2156 827
f 298 2010 778
f 364 2208 844
f 269 1917 749
f 339 2133 819
f 285 1971 765
f 293 1989 773
f 370 2223 850
f 396 2300 876
f 353 2174 833
f 346 2151 826
f 299 2007 779
f 365 2205 845
f 268 1920 748
f 249 1855 729
f 231 1801 711
f 226 1784 706
f 238 1820 718
f 244 1838 724
f 257 1874 737
f 359 2180 839
f 402 2310 882
f 390 2274 870
f 264 1896 744
f 327 2089 807
f 309 2035 789
f 282 1950 762
f 317 2054 797
f 322 2072 802
f 341 2126 821
f 286 1964 766
f 294 1986 774
f 372 2220 852
f 394 2291 874
f 358 2183 838
f 256 1877 736
f 261 1891 741
f 387 2269 867
f 399 2305 879
f 351 2161 831
f 348 2148 828
f 300 2004 780
f 366 2202 846
f 267 1909 747
f 340 2129 820
f 287 1967 767
f 291 1981 771
f 369 2215 849
f 395 2288 875
f 354 2166 834
f 345 2143 825
f 297 1999 777
f 363 2197 843
f 270 1914 750
f 234 1806 714
f 227 1787 707
f 239 1823 719
f 245 1841 725
f 252 1860 732
f 275 1931 755
f 334 2108 814
f 304 2018 784
f 377 2234 857
f 382 2255 862
f 312 2040 792
f 279 1945 759
f 316 2057 796
f 323 2075 803
f 330 2094 810
f 335 2111 815
f 305 2021 785
f 376 2237 856
f 383 2252 863
f 274 1928 754
f 232 1812 712
f 225 1791 705
f 237 1827 717
f 243 1845 723
f 250 1866 730
f 273 1935 753
f 336 2118 816
f 306 2028 786
f 378 2246 858
f 381 2259 861
f 311 2048 791
f 281 1953 761
f 315 2061 795
f 321 2079 801
f 328 2100 808
f 333 2115 813
f 303 2025 783
f 375 2241 855
f 384 2264 864
f 276 1938 756
f 229 1802 709
f 223 1783 703
f 235 1819 715
f 241 1837 721
f 247 1856 727
f 271 1927 751
f 332 2112 812
f 302 2022 782
f 374 2238 854
f 379 2251 859
f 307 2036 787
f 278 1949 758
f 313 2053 793
f 319 2071 799
f 325 2090 805
f 331 2107 811
f 301 2017 781
f 373 2233 853
f 380 2256 860
f 272 1932 752
f 248 1859 728
f 230 1805 710
f 224 1788 704
f 236 1824 716
f 242 1842 722
f 254 1878 734
f 356 2184 836
f 397 2306 877
f 385 2270 865
f 259 1892 739
f 326 2093 806
f 308 2039 788
f 277 1946 757
f 314 2058 794
f 320 2076 800
f 338 2130 818
f 284 1968 764
f 289 1982 769
f 367 2216 847
f 391 2287 871
f 355 2179 835
f 253 1873 733
f 260 1895 740
f 386 2273 866
f 398 2309 878
f 350 2165 830
f 343 2144 823
f 295 2000 775
f 361 2198 841
f 266 1913 746
f 337 2125 817
f 283 1963 763
f 290 1985 770
f 368 2219 848
f 392 2292 872
f 349 2162 829
f 344 2147 824
f 296 2003 776
f 362 2201 842
f 265 1910 745
f 251 1863 731
f 233 1809 713
f 228 1794 708
f 240 1830 720
f 246 1848 726
f 258 1886 738
f 360 2192 840
f 401 2318 881
f 389 2282 869
f 263 1904 743
f 329 2097 809
f 310 2043 790
f 280 1956 760
f 318 2066 798
f 324 2082 804
f 342 2138 822
f 288 1974 768
f 292 1992 772
f 371 2228 851
f 393 2295 873
f 409 2331 1269
f 405 2327 1245
f 411 2328 1252
f 414 2334 1288
f 417 2337 1306
f 431 2346 1336
f 488 2412 1551
f 575 2499 1473
f 563 2487 1599
f 519 2436 1354
f 454 2376 1479
f 450 2372 1401
f 456 2373 1408
f 459 2379 1492
f 462 2382 1504
f 472 2396 1533
f 446 2361 1414
f 506 2418 1444
f 535 2457 1594
f 541 2463 1383
f 570 2492 1323
f 480 2402 1275
f 421 2343 1263
f 511 2433 1299
f 556 2478 1317
f 484 2406 1341
f 580 2502 1564
f 567 2484 1462
f 522 2442 1588
f 427 2349 1347
f 544 2468 1521
f 468 2387 1420
f 436 2358 1395
f 499 2421 1497
f 530 2454 1515
f 548 2472 1557
f 466 2388 1425
f 442 2364 1431
f 505 2426 1570
f 536 2448 1372
f 491 2403 1282
f 423 2342 1258
f 513 2432 1294
f 564 2477 1312
f 581 2493 1330
f 549 2462 1378
f 477 2397 1540
f 445 2367 1449
f 503 2427 1575
f 525 2447 1365
f 474 2391 1486
f 438 2357 1390
f 495 2417 1437
f 532 2453 1510
f 552 2469 1528
f 490 2411 1546
f 577 2498 1468
f 559 2483 1455
f 517 2441 1581
f 430 2352 1359
f 590 2509 1272
f 584 2503 1248
f 585 2506 1253
f 592 2512 1289
f 595 2515 1307
f 598 2518 1337
f 636 2555 1554
f 621 2541 1476
f 642 2562 1602
f 601 2522 1355
f 623 2542 1482
f 611 2528 1404
f 609 2531 1409
f 625 2545 1493
f 628 2548 1505
f 632 2551 1536
f 613 2533 1415
f 616 2537 1445
f 638 2559 1595
f 606 2526 1386
f 407 1616 909
f 403 1608 891
f 404 1606 886
f 410 1612 898
f 413 1615 904
f 422 1624 922
f 486 1692 1060
f 573 1782 1240
f 561 1765 1204
f 512 1714 1102
f 452 1661 999
f 448 1653 981
f 449 1651 976
f 455 1657 988
f 458 1660 994
f 470 1675 1024
f 437 1639 952
f 494 1696 1066
f 531 1733 1138
f 539 1751 1179
f 568 1779 1233
f 478 1683 1041
f 419 1626 927
f 509 1721 1119
f 554 1766 1209
f 482 1689 1053
f 576 1778 1228
f 558 1760 1192
f 516 1718 1108
f 425 1629 933
f 542 1747 1167
f 463 1665 1005
f 434 1641 957
f 497 1704 1083
f 528 1737 1150
f 546 1750 1174
f 464 1676 1029
f 440 1644 963
f 500 1702 1077
f 524 1726 1126
f 479 1681 1036
f 418 1620 915
f 508 1710 1095
f 553 1755 1185
f 569 1771 1216
f 538 1740 1155
f 471 1673 1018
f 443 1647 970
f 501 1707 1090
f 523 1734 1143
f 467 1669 1012
f 433 1635 945
f 493 1698 1071
f 527 1729 1131
f 543 1745 1162
f 485 1687 1047
f 572 1774 1221
f 557 1762 1197
f 515 1720 1114
f 428 1632 940
f 591 2189 1284
f 587 1883 1260
f 588 1903 1296
f 594 2281 1314
f 597 2317 1332
f 600 2173 1380
f 634 2158 1542
f 619 2012 1451
f 639 2210 1577
f 602 1924 1367
f 624 2135 1488
f 608 1973 1392
f 610 1996 1439
f 627 2227 1512
f 630 2304 1530
f 635 2176 1548
f 615 2155 1470
f 617 2014 1457
f 637 2212 1583
f 604 1922 1361
f 416 1864 1270
f 408 1810 1246
f 406 1795 1251
f 412 1831 1287
f 415 1849 1305
f 424 1887 1335
f 492 2193 1552
f 582 2321 1474
f 565 2285 1600
f 514 1907 1353
f 461 2098 1480
f 453 2044 1402
f 451 1961 1407
f 457 2067 1491
f 460 2083 1503
f 475 2139 1534
f 439 1975 1413
f 496 1997 1443
f 533 2231 1593
f 551 2298 1384
f 579 2190 1324
f 483 1884 1276
f 426 1900 1264
f 521 2278 1300
f 566 2314 1318
f 489 2170 1342
f 578 2159 1563
f 560 2015 1461
f 518 2213 1587
f 429 1918 1348
f 547 2136 1522
f 465 1977 1419
f 441 1990 1396
f 504 2224 1498
f 537 2301 1516
f 550 2177 1558
f 476 2152 1426
f 444 2008 1432
f 502 2206 1569
f 526 1925 1371
f 481 1817 1281
f 420 1797 1257
f 510 1833 1293
f 555 1851 1311
f 571 1871 1329
f 540 1941 1377
f 473 2119 1539
f 447 2029 1450
f 507 2247 1576
f 534 2262 1366
f 469 2051 1485
f 435 1954 1389
f 498 2064 1438
f 529 2085 1509
f 545 2105 1527
f 487 2121 1545
f 574 2031 1467
f 562 2244 1456
f 520 2265 1582
f 432 1939 1360
f 589 1814 1271
f 583 1793 1247
f 586 1829 1254
f 593 1847 1290
f 596 1868 1308
f 599 1937 1338
f 633 2124 1553
f 620 2034 1475
f 640 2250 1601
f 603 2261 1356
f 622 2050 1481
f 607 1960 1403
f 612 2063 1410
f 626 2081 1494
f 629 2102 1506
f 631 2117 1535
f 614 2027 1416
f 618 2243 1446
f 641 2268 1596
f 605 1944 1385
f 409 1804 894
f 405 1785 887
f 411 1821 899
f 414 1839 905
f 417 1858 912
f 431 1929 941
f 488 2114 1050
f 575 2024 1224
f 563 2240 1200
f 519 2253 1115
f 454 2038 984
f 450 1951 977
f 456 2055 989
f 459 2073 995
f 462 2092 1002
f 472 2109 1019
f 446 2019 971
f 506 2235 1091
f 535 2258 1146
f 541 1934 1158
f 570 1861 1217
f 480 1807 1037
f 421 1790 918
f 511 1826 1098
f 556 1844 1188
f 484 1880 1044
f 580 2186 1236
f 567 2308 1212
f 522 2272 1122
f 427 1894 930
f 544 2095 1163
f 468 2041 1013
f 436 1948 948
f 499 2060 1074
f 530 2078 1134
f 548 2132 1170
f 466 1970 1008
f 442 1984 960
f 505 2218 1086
f 536 2289 1151
f 491 2181 1061
f 423 1875 923
f 513 1897 1103
f 564 2275 1205
f 581 2311 1241
f 549 2167 1175
f 477 2146 1032
f 445 2002 966
f 503 2200 1080
f 525 1915 1127
f 474 2127 1025
f 438 1965 953
f 495 1987 1067
f 532 2221 1139
f 552 2294 1182
f 490 2164 1056
f 577 2149 1229
f 559 2005 1193
f 517 2203 1109
f 430 1912 936
f 590 1870 1325
f 584 1816 1277
f 585 1800 1265
f 592 1836 1301
f 595 1854 1319
f 598 1890 1343
f 636 2196 1566
f 621 2320 1464
f 642 2284 1590
f 601 1906 1349
f 623 2104 1523
f 611 2047 1422
f 609 1958 1397
f 625 2070 1499
f 628 2088 1517
f 632 2142 1559
f 613 1980 1427
f 616 1994 1433
f 638 2230 1572
f 606 2297 1374
f 407 2329 892
f 403 2323 885
f 404 2326 897
f 410 2333 903
f 413 2336 910
f 422 2345 939
f 486 2409 1048
f 573 2496 1222
f 561 2485 1198
f 512 2435 1113
f 452 2374 982
f 448 2368 975
f 449 2371 987
f 455 2378 993
f 458 2381 1000
f 470 2392 1017
f 437 2360 969
f 494 2416 1089
f 531 2456 1144
f 539 2460 1156
f 568 2488 1215
f 478 2398 1035
f 419 2340 916
f 509 2430 1096
f 554 2475 1186
f 482 2404 1042
f 576 2501 1234
f 558 2482 1210
f 516 2440 1120
f 425 2347 928
f 542 2464 1161
f 463 2384 1011
f 434 2355 946
f 497 2419 1072
f 528 2451 1132
f 546 2470 1168
f 464 2385 1006
f 440 2362 958
f 500 2423 1084
f 524 2446 1149
f 479 2401 1059
f 418 2339 921
f 508 2429 1101
f 553 2474 1203
f 569 2491 1239
f 538 2459 1173
f 471 2395 1030
f 443 2365 964
f 501 2424 1078
f 523 2443 1125
f 467 2390 1023
f 433 2354 951
f 493 2413 1065
f 527 2450 1137
f 543 2467 1180
f 485 2408 1054
f 572 2495 1227
f 557 2479 1191
f 515 2437 1107
f 428 2350 934
f 591 2511 1326
f 587 2505 1278
f 588 2507 1266
f 594 2513 1302
f 597 2516 1320
f 600 2519 1344
f 634 2556 1565
f 619 2540 1463
f 639 2561 1589
f 602 2521 1350
f 624 2544 1524
f 608 2529 1421
f 610 2530 1398
f 627 2546 1500
f 630 2549 1518
f 635 2553 1560
f 615 2534 1428
f 617 2536 1434
f 637 2557 1571
f 604 2525 1373
f 164 1609 889
f 163 1605 883
f 165 1611 895
f 166 1614 901
f 167 1617 907
f 172 1631 937
f 190 1688 1045
f 219 1775 1219
f 215 1763 1195
f 201 1719 1111
f 179 1654 979
f 178 1650 973
f 180 1656 985
f 181 1659 991
f 182 1662 997
f 185 1672 1015
f 177 1646 967
f 197 1706 1087
f 206 1735 1141
f 208 1741 1153
f 218 1770 1213
f 188 1680 1033
f 168 1621 913
f 198 1711 1093
f 213 1756 1183
f 189 1684 1039
f 221 1780 1231
f 217 1767 1207
f 202 1722 1117
f 170 1627 925
f 209 1744 1159
f 184 1668 1009
f 173 1636 943
f 194 1699 1069
f 204 1730 1129
f 210 1748 1165
f 183 1666 1003
f 175 1642 955
f 196 1705 1081
f 207 1736 1147
f 192 1691 1057
f 169 1623 919
f 199 1713 1099
f 216 1764 1201
f 222 1781 1237
f 211 1749 1171
f 187 1677 1027
f 176 1645 961
f 195 1703 1075
f 203 1725 1123
f 186 1674 1021
f 174 1638 949
f 193 1695 1063
f 205 1732 1135
f 212 1752 1177
f 191 1690 1051
f 220 1777 1225
f 214 1759 1189
f 200 1717 1105
f 171 1630 931
f 358 2191 1322
f 256 1885 1274
f 261 1901 1262
f 387 2279 1298
f 399 2315 1316
f 351 2171 1340
f 348 2160 1561
f 300 2016 1459
f 366 2214 1585
f 267 1919 1346
f 340 2137 1520
f 287 1978 1417
f 291 1991 1394
f 369 2225 1496
f 395 2302 1514
f 354 2178 1556
f 345 2153 1424
f 297 2009 1430
f 363 2207 1567
f 270 1926 1369
f 247 1857 908
f 229 1803 890
f 223 1786 884
f 235 1822 896
f 241 1840 902
f 253 1876 920
f 355 2182 1058
f 398 2312 1238
f 386 2276 1202
f 260 1898 1100
f 325 2091 998
f 307 2037 980
f 278 1952 974
f 313 2056 986
f 319 2074 992
f 337 2128 1022
f 283 1966 950
f 290 1988 1064
f 368 2222 1136
f 392 2293 1178
f 356 2185 1232
f 254 1879 1040
f 259 1893 926
f 385 2271 1118
f 397 2307 1208
f 349 2163 1052
f 344 2150 1226
f 296 2006 1190
f 362 2204 1106
f 265 1911 932
f 338 2131 1166
f 284 1969 1004
f 289 1983 956
f 367 2217 1082
f 391 2290 1148
f 350 2168 1172
f 343 2145 1028
f 295 2001 962
f 361 2199 1076
f 266 1916 1124
f 230 1808 1034
f 224 1789 914
f 236 1825 1094
f 242 1843 1184
f 248 1862 1214
f 272 1933 1154
f 331 2110 1016
f 301 2020 968
f 373 2236 1088
f 380 2257 1142
f 308 2042 1010
f 277 1947 944
f 314 2059 1070
f 320 2077 1130
f 326 2096 1160
f 332 2113 1046
f 302 2023 1220
f 374 2239 1196
f 379 2254 1112
f 271 1930 938
f 234 1818 1279
f 227 1798 1255
f 239 1834 1291
f 245 1852 1309
f 252 1872 1327
f 275 1942 1375
f 334 2120 1537
f 304 2030 1448
f 377 2248 1574
f 382 2263 1364
f 312 2052 1483
f 279 1955 1387
f 316 2065 1436
f 323 2086 1507
f 330 2106 1525
f 335 2122 1543
f 305 2032 1465
f 376 2245 1454
f 383 2266 1580
f 274 1940 1358
f 232 1813 1267
f 225 1792 1243
f 237 1828 1250
f 243 1846 1286
f 250 1867 1304
f 273 1936 1334
f 336 2123 1549
f 306 2033 1471
f 378 2249 1597
f 381 2260 1352
f 311 2049 1477
f 281 1959 1399
f 315 2062 1406
f 321 2080 1490
f 328 2101 1502
f 333 2116 1531
f 303 2026 1412
f 375 2242 1442
f 384 2267 1592
f 276 1943 1381
f 251 1869 1321
f 233 1815 1273
f 228 1799 1261
f 240 1835 1297
f 246 1853 1315
f 258 1889 1339
f 360 2195 1562
f 401 2319 1460
f 389 2283 1586
f 263 1905 1345
f 329 2103 1519
f 310 2046 1418
f 280 1957 1393
f 318 2069 1495
f 324 2087 1513
f 342 2141 1555
f 288 1979 1423
f 292 1993 1429
f 371 2229 1568
f 393 2296 1370
f 357 2188 1280
f 255 1882 1256
f 262 1902 1292
f 388 2280 1310
f 400 2316 1328
f 352 2172 1376
f 347 2157 1538
f 298 2011 1447
f 364 2209 1573
f 269 1923 1363
f 339 2134 1484
f 285 1972 1388
f 293 1995 1435
f 370 2226 1508
f 396 2303 1526
f 353 2175 1544
f 346 2154 1466
f 299 2013 1453
f 365 2211 1579
f 268 1921 1357
f 249 1865 1268
f 231 1811 1244
f 226 1796 1249
f 238 1832 1285
f 244 1850 1303
f 257 1888 1333
f 359 2194 1550
f 402 2322 1472
f 390 2286 1598
f 264 1908 1351
f 327 2099 1478
f 309 2045 1400
f 282 1962 1405
f 317 2068 1489
f 322 2084 1501
f 341 2140 1532
f 286 1976 1411
f 294 1998 1441
f 372 2232 1591
f 394 2299 1382
f 416 2330 911
f 408 2324 893
f 406 2325 888
f 412 2332 900
f 415 2335 906
f 424 2344 924
f 492 2410 1062
f 582 2497 1242
f 565 2486 1206
f 514 2434 1104
f 461 2375 1001
f 453 2369 983
f 451 2370 978
f 457 2377 990
f 460 2380 996
f 475 2393 1026
f 439 2359 954
f 496 2415 1068
f 533 2455 1140
f 551 2461 1181
f 579 2489 1235
f 483 2399 1043
f 426 2341 929
f 521 2431 1121
f 566 2476 1211
f 489 2405 1055
f 578 2500 1230
f 560 2481 1194
f 518 2439 1110
f 429 2348 935
f 547 2465 1169
f 465 2383 1007
f 441 2356 959
f 504 2420 1085
f 537 2452 1152
f 550 2471 1176
f 476 2386 1031
f 444 2363 965
f 502 2422 1079
f 526 2445 1128
f 481 2400 1038
f 420 2338 917
f 510 2428 1097
f 555 2473 1187
f 571 2490 1218
f 540 2458 1157
f 473 2394 1020
f 447 2366 972
f 507 2425 1092
f 534 2444 1145
f 469 2389 1014
f 435 2353 947
f 498 2414 1073
f 529 2449 1133
f 545 2466 1164
f 487 2407 1049
f 574 2494 1223
f 562 2480 1199
f 520 2438 1116
f 432 2351 942
f 589 2510 1283
f 583 2504 1259
f 586 2508 1295
f 593 2514 1313
f 596 2517 1331
f 599 2520 1379
f 633 2554 1541
f 620 2539 1452
f 640 2560 1578
f 603 2523 1368
f 622 2543 1487
f 607 2527 1391
f 612 2532 1440
f 626 2547 1511
f 629 2550 1529
f 631 2552 1547
f 614 2535 1469
f 618 2538 1458
f 641 2558 1584
f 605 2524 1362
f 164 1607 1609
f 163 1603 1605
f 165 1604 1611
f 166 1610 1614
f 167 1613 1617
f 172 1622 1631
f 190 1686 1688
f 219 1773 1775
f 215 1761 1763
f 201 1712 1719
f 179 1652 1654
f 178 1648 1650
f 180 1649 1656
f 181 1655 1659
f 182 1658 1662
f 185 1670 1672
f 177 1637 1646
f 197 1694 1706
f 206 1731 1735
f 208 1739 1741
f 218 1768 1770
f 188 1678 1680
f 168 1619 1621
f 198 1709 1711
f 213 1754 1756
f 189 1682 1684
f 221 1776 1780
f 217 1758 1767
f 202 1716 1722
f 170 1625 1627
f 209 1742 1744
f 184 1663 1668
f 173 1634 1636
f 194 1697 1699
f 204 1728 1730
f 210 1746 1748
f 183 1664 1666
f 175 1640 1642
f 196 1700 1705
f 207 1724 1736
f 192 1679 1691
f 169 1618 1623
f 199 1708 1713
f 216 1753 1764
f 222 1769 1781
f 211 1738 1749
f 187 1671 1677
f 176 1643 1645
f 195 1701 1703
f 203 1723 1725
f 186 1667 1674
f 174 1633 1638
f 193 1693 1695
f 205 1727 1732
f 212 1743 1752
f 191 1685 1690
f 220 1772 1777
f 214 1757 1759
f 200 1715 1717
f 171 1628 1630
f 358 2187 2191
f 256 1881 1885
f 261 1899 1901
f 387 2277 2279
f 399 2313 2315
f 351 2169 2171
f 348 2156 2160
f 300 2010 2016
f 366 2208 2214
f 267 1917 1919
f 340 2133 2137
f 287 1971 1978
f 291 1989 1991
f 369 2223 2225
f 395 2300 2302
f 354 2174 2178
f 345 2151 2153
f 297 2007 2009
f 363 2205 2207
f 270 1920 1926
f 247 1855 1857
f 229 1801 1803
f 223 1784 1786
f 235 1820 1822
f 241 1838 1840
f 253 1874 1876
f 355 2180 2182
f 398 2310 2312
f 386 2274 2276
f 260 1896 1898
f 325 2089 2091
f 307 2035 2037
f 278 1950 1952
f 313 2054 2056
f 319 2072 2074
f 337 2126 2128
f 283 1964 1966
f 290 1986 1988
f 368 2220 2222
f 392 2291 2293
f 356 2183 2185
f 254 1877 1879
f 259 1891 1893
f 385 2269 2271
f 397 2305 2307
f 349 2161 2163
f 344 2148 2150
f 296 2004 2006
f 362 2202 2204
f 265 1909 1911
f 338 2129 2131
f 284 1967 1969
f 289 1981 1983
f 367 2215 2217
f 391 2288 2290
f 350 2166 2168
f 343 2143 2145
f 295 1999 2001
f 361 2197 2199
f 266 1914 1916
f 230 1806 1808
f 224 1787 1789
f 236 1823 1825
f 242 1841 1843
f 248 1860 1862
f 272 1931 1933
f 331 2108 2110
f 301 2018 2020
f 373 2234 2236
f 380 2255 2257
f 308 2040 2042
f 277 1945 1947
f 314 2057 2059
f 320 2075 2077
f 326 2094 2096
f 332 2111 2113
f 302 2021 2023
f 374 2237 2239
f 379 2252 2254
f 271 1928 1930
f 234 1812 1818
f 227 1791 1798
f 239 1827 1834
f 245 1845 1852
f 252 1866 1872
f 275 1935 1942
f 334 2118 2120
f 304 2028 2030
f 377 2246 2248
f 382 2259 2263
f 312 2048 2052
f 279 1953 1955
f 316 2061 2065
f 323 2079 2086
f 330 2100 2106
f 335 2115 2122
f 305 2025 2032
f 376 2241 2245
f 383 2264 2266
f 274 1938 1940
f 232 1802 1813
f 225 1783 1792
f 237 1819 1828
f 243 1837 1846
f 250 1856 1867
f 273 1927 1936
f 336 2112 2123
f 306 2022 2033
f 378 2238 2249
f 381 2251 2260
f 311 2036 2049
f 281 1949 1959
f 315 2053 2062
f 321 2071 2080
f 328 2090 2101
f 333 2107 2116
f 303 2017 2026
f 375 2233 2242
f 384 2256 2267
f 276 1932 1943
f 251 1859 1869
f 233 1805 1815
f 228 1788 1799
f 240 1824 1835
f 246 1842 1853
f 258 1878 1889
f 360 2184 2195
f 401 2306 2319
f 389 2270 2283
f 263 1892 1905
f 329 2093 2103
f 310 2039 2046
f 280 1946 1957
f 318 2058 2069
f 324 2076 2087
f 342 2130 2141
f 288 1968 1979
f 292 1982 1993
f 371 2216 2229
f 393 2287 2296
f 357 2179 2188
f 255 1873 1882
f 262 1895 1902
f 388 2273 2280
f 400 2309 2316
f 352 2165 2172
f 347 2144 2157
f 298 2000 2011
f 364 2198 2209
f 269 1913 1923
f 339 2125 2134
f 285 1963 1972
f 293 1985 1995
f 370 2219 2226
f 396 2292 2303
f 353 2162 2175
f 346 2147 2154
f 299 2003 2013
f 365 2201 2211
f 268 1910 1921
f 249 1863 1865
f 231 1809 1811
f 226 1794 1796
f 238 1830 1832
f 244 1848 1850
f 257 1886 1888
f 359 2192 2194
f 402 2318 2322
f 390 2282 2286
f 264 1904 1908
f 327 2097 2099
f 309 2043 2045
f 282 1956 1962
f 317 2066 2068
f 322 2082 2084
f 341 2138 2140
f 286 1974 1976
f 294 1992 1998
f 372 2228 2232
f 394 2295 2299
f 416 2331 2330
f 408 2327 2324
f 406 2328 2325
f 412 2334 2332
f 415 2337 2335
f 424 2346 2344
f 492 2412 2410
f 582 2499 2497
f 565 2487 2486
f 514 2436 2434
f 461 2376 2375
f 453 2372 2369
f 451 2373 2370
f 457 2379 2377
f 460 2382 2380
f 475 2396 2393
f 439 2361 2359
f 496 2418 2415
f 533 2457 2455
f 551 2463 2461
f 579 2492 2489
f 483 2402 2399
f 426 2343 2341
f 521 2433 2431
f 566 2478 2476
f 489 2406 2405
f 578 2502 2500
f 560 2484 2481
f 518 2442 2439
f 429 2349 2348
f 547 2468 2465
f 465 2387 2383
f 441 2358 2356
f 504 2421 2420
f 537 2454 2452
f 550 2472 2471
f 476 2388 2386
f 444 2364 2363
f 502 2426 2422
f 526 2448 2445
f 481 2403 2400
f 420 2342 2338
f 510 2432 2428
f 555 2477 2473
f 571 2493 2490
f 540 2462 2458
f 473 2397 2394
f 447 2367 2366
f 507 2427 2425
f 534 2447 2444
f 469 2391 2389
f 435 2357 2353
f 498 2417 2414
f 529 2453 2449
f 545 2469 2466
f 487 2411 2407
f 574 2498 2494
f 562 2483 2480
f 520 2441 2438
f 432 2352 2351
f 589 2509 2510
f 583 2503 2504
f 586 2506 2508
f 593 2512 2514
f 596 2515 2517
f 599 2518 2520
f 633 2555 2554
f 620 2541 2539
f 640 2562 2560
f 603 2522 2523
f 622 2542 2543
f 607 2528 2527
f 612 2531 2532
f 626 2545 2547
f 629 2548 2550
f 631 2551 2552
f 614 2533 2535
f 618 2537 2538
f 641 2559 2558
f 605 2526 2524
f 164 644 1607
f 163 643 1603
f 165 645 1604
f 166 646 1610
f 167 647 1613
f 172 652 1622
f 190 670 1686
f 219 699 1773
f 215 695 1761
f 201 681 1712
f 179 659 1652
f 178 658 1648
f 180 660 1649
f 181 661 1655
f 182 662 1658
f 185 665 1670
f 177 657 1637
f 197 677 1694
f 206 686 1731
f 208 688 1739
f 218 698 1768
f 188 668 1678
f 168 648 1619
f 198 678 1709
f 213 693 1754
f 189 669 1682
f 221 701 1776
f 217 697 1758
f 202 682 1716
f 170 650 1625
f 209 689 1742
f 184 664 1663
f 173 653 1634
f 194 674 1697
f 204 684 1728
f 210 690 1746
f 183 663 1664
f 175 655 1640
f 196 676 1700
f 207 687 1724
f 192 672 1679
f 169 649 1618
f 199 679 1708
f 216 696 1753
f 222 702 1769
f 211 691 1738
f 187 667 1671
f 176 656 1643
f 195 675 1701
f 203 683 1723
f 186 666 1667
f 174 654 1633
f 193 673 1693
f 205 685 1727
f 212 692 1743
f 191 671 1685
f 220 700 1772
f 214 694 1757
f 200 680 1715
f 171 651 1628
f 358 838 2187
f 256 736 1881
f 261 741 1899
f 387 867 2277
f 399 879 2313
f 351 831 2169
f 348 828 2156
f 300 780 2010
f 366 846 2208
f 267 747 1917
f 340 820 2133
f 287 767 1971
f 291 771 1989
f 369 849 2223
f 395 875 2300
f 354 834 2174
f 345 825 2151
f 297 777 2007
f 363 843 2205
f 270 750 1920
f 247 727 1855
f 229 709 1801
f 223 703 1784
f 235 715 1820
f 241 721 1838
f 253 733 1874
f 355 835 2180
f 398 878 2310
f 386 866 2274
f 260 740 1896
f 325 805 2089
f 307 787 2035
f 278 758 1950
f 313 793 2054
f 319 799 2072
f 337 817 2126
f 283 763 1964
f 290 770 1986
f 368 848 2220
f 392 872 2291
f 356 836 2183
f 254 734 1877
f 259 739 1891
f 385 865 2269
f 397 877 2305
f 349 829 2161
f 344 824 2148
f 296 776 2004
f 362 842 2202
f 265 745 1909
f 338 818 2129
f 284 764 1967
f 289 769 1981
f 367 847 2215
f 391 871 2288
f 350 830 2166
f 343 823 2143
f 295 775 1999
f 361 841 2197
f 266 746 1914
f 230 710 1806
f 224 704 1787
f 236 716 1823
f 242 722 1841
f 248 728 1860
f 272 752 1931
f 331 811 2108
f 301 781 2018
f 373 853 2234
f 380 860 2255
f 308 788 2040
f 277 757 1945
f 314 794 2057
f 320 800 2075
f 326 806 2094
f 332 812 2111
f 302 782 2021
f 374 854 2237
f 379 859 2252
f 271 751 1928
f 234 714 1812
f 227 707 1791
f 239 719 1827
f 245 725 1845
f 252 732 1866
f 275 755 1935
f 334 814 2118
f 304 784 2028
f 377 857 2246
f 382 862 2259
f 312 792 2048
f 279 759 1953
f 316 796 2061
f 323 803 2079
f 330 810 2100
f 335 815 2115
f 305 785 2025
f 376 856 2241
f 383 863 2264
f 274 754 1938
f 232 712 1802
f 225 705 1783
f 237 717 1819
f 243 723 1837
f 250 730 1856
f 273 753 1927
f 336 816 2112
f 306 786 2022
f 378 858 2238
f 381 861 2251
f 311 791 2036
f 281 761 1949
f 315 795 2053
f 321 801 2071
f 328 808 2090
f 333 813 2107
f 303 783 2017
f 375 855 2233
f 384 864 2256
f 276 756 1932
f 251 731 1859
f 233 713 1805
f 228 708 1788
f 240 720 1824
f 246 726 1842
f 258 738 1878
f 360 840 2184
f 401 881 2306
f 389 869 2270
f 263 743 1892
f 329 809 2093
f 310 790 2039
f 280 760 1946
f 318 798 2058
f 324 804 2076
f 342 822 2130
f 288 768 1968
f 292 772 1982
f 371 851 2216
f 393 873 2287
f 357 837 2179
f 255 735 1873
f 262 742 1895
f 388 868 2273
f 400 880 2309
f 352 832 2165
f 347 827 2144
f 298 778 2000
f 364 844 2198
f 269 749 1913
f 339 819 2125
f 285 765 1963
f 293 773 1985
f 370 850 2219
f 396 876 2292
f 353 833 2162
f 346 826 2147
f 299 779 2003
f 365 845 2201
f 268 748 1910
f 249 729 1863
f 231 711 1809
f 226 706 1794
f 238 718 1830
f 244 724 1848
f 257 737 1886
f 359 839 2192
f 402 882 2318
f 390 870 2282
f 264 744 1904
f 327 807 2097
f 309 789 2043
f 282 762 1956
f 317 797 2066
f 322 802 2082
f 341 821 2138
f 286 766 1974
f 294 774 1992
f 372 852 2228
f 394 874 2295
f 416 1270 2331
f 408 1246 2327
f 406 1251 2328
f 412 1287 2334
f 415 1305 2337
f 424 1335 2346
f 492 1552 2412
f 582 1474 2499
f 565 1600 2487
f 514 1353 2436
f 461 1480 2376
f 453 1402 2372
f 451 1407 2373
f 457 1491 2379
f 460 1503 2382
f 475 1534 2396
f 439 1413 2361
f 496 1443 2418
f 533 1593 2457
f 551 1384 2463
f 579 1324 2492
f 483 1276 2402
f 426 1264 2343
f 521 1300 2433
f 566 1318 2478
f 489 1342 2406
f 578 1563 2502
f 560 1461 2484
f 518 1587 2442
f 429 1348 2349
f 547 1522 2468
f 465 1419 2387
f 441 1396 2358
f 504 1498 2421
f 537 1516 2454
f 550 1558 2472
f 476 1426 2388
f 444 1432 2364
f 502 1569 2426
f 526 1371 2448
f 481 1281 2403
f 420 1257 2342
f 510 1293 2432
f 555 1311 2477
f 571 1329 2493
f 540 1377 2462
f 473 1539 2397
f 447 1450 2367
f 507 1576 2427
f 534 1366 2447
f 469 1485 2391
f 435 1389 2357
f 498 1438 2417
f 529 1509 2453
f 545 1527 2469
f 487 1545 2411
f 574 1467 2498
f 562 1456 2483
f 520 1582 2441
f 432 1360 2352
f 589 1271 2509
f 583 1247 2503
f 586 1254 2506
f 593 1290 2512
f 596 1308 2515
f 599 1338 2518
f 633 1553 2555
f 620 1475 2541
f 640 1601 2562
f 603 1356 2522
f 622 1481 2542
f 607 1403 2528
f 612 1410 2531
f 626 1494 2545
f 629 1506 2548
f 631 1535 2551
f 614 1416 2533
f 618 1446 2537
f 641 1596 2559
f 605 1385 2526
f 167 907 1616
f 164 889 1608
f 163 883 1606
f 165 895 1612
f 166 901 1615
f 169 919 1624
f 192 1057 1692
f 222 1237 1782
f 216 1201 1765
f 199 1099 1714
f 182 997 1661
f 179 979 1653
f 178 973 1651
f 180 985 1657
f 181 991 1660
f 186 1021 1675
f 174 949 1639
f 193 1063 1696
f 205 1135 1733
f 212 1177 1751
f 221 1231 1779
f 189 1039 1683
f 170 925 1626
f 202 1117 1721
f 217 1207 1766
f 191 1051 1689
f 220 1225 1778
f 214 1189 1760
f 200 1105 1718
f 171 931 1629
f 210 1165 1747
f 183 1003 1665
f 175 955 1641
f 196 1081 1704
f 207 1147 1737
f 211 1171 1750
f 187 1027 1676
f 176 961 1644
f 195 1075 1702
f 203 1123 1726
f 188 1033 1681
f 168 913 1620
f 198 1093 1710
f 213 1183 1755
f 218 1213 1771
f 208 1153 1740
f 185 1015 1673
f 177 967 1647
f 197 1087 1707
f 206 1141 1734
f 184 1009 1669
f 173 943 1635
f 194 1069 1698
f 204 1129 1729
f 209 1159 1745
f 190 1045 1687
f 219 1219 1774
f 215 1195 1762
f 201 1111 1720
f 172 937 1632
f 357 1280 2189
f 255 1256 1883
f 262 1292 1903
f 388 1310 2281
f 400 1328 2317
f 352 1376 2173
f 347 1538 2158
f 298 1447 2012
f 364 1573 2210
f 269 1363 1924
f 339 1484 2135
f 285 1388 1973
f 293 1435 1996
f 370 1508 2227
f 396 1526 2304
f 353 1544 2176
f 346 1466 2155
f 299 1453 2014
f 365 1579 2212
f 268 1357 1922
f 249 1268 1864
f 231 1244 1810
f 226 1249 1795
f 238 1285 1831
f 244 1303 1849
f 257 1333 1887
f 359 1550 2193
f 402 1472 2321
f 390 1598 2285
f 264 1351 1907
f 327 1478 2098
f 309 1400 2044
f 282 1405 1961
f 317 1489 2067
f 322 1501 2083
f 341 1532 2139
f 286 1411 1975
f 294 1441 1997
f 372 1591 2231
f 394 1382 2298
f 358 1322 2190
f 256 1274 1884
f 261 1262 1900
f 387 1298 2278
f 399 1316 2314
f 351 1340 2170
f 348 1561 2159
f 300 1459 2015
f 366 1585 2213
f 267 1346 1918
f 340 1520 2136
f 287 1417 1977
f 291 1394 1990
f 369 1496 2224
f 395 1514 2301
f 354 1556 2177
f 345 1424 2152
f 297 1430 2008
f 363 1567 2206
f 270 1369 1925
f 234 1279 1817
f 227 1255 1797
f 239 1291 1833
f 245 1309 1851
f 252 1327 1871
f 275 1375 1941
f 334 1537 2119
f 304 1448 2029
f 377 1574 2247
f 382 1364 2262
f 312 1483 2051
f 279 1387 1954
f 316 1436 2064
f 323 1507 2085
f 330 1525 2105
f 335 1543 2121
f 305 1465 2031
f 376 1454 2244
f 383 1580 2265
f 274 1358 1939
f 232 1267 1814
f 225 1243 1793
f 237 1250 1829
f 243 1286 1847
f 250 1304 1868
f 273 1334 1937
f 336 1549 2124
f 306 1471 2034
f 378 1597 2250
f 381 1352 2261
f 311 1477 2050
f 281 1399 1960
f 315 1406 2063
f 321 1490 2081
f 328 1502 2102
f 333 1531 2117
f 303 1412 2027
f 375 1442 2243
f 384 1592 2268
f 276 1381 1944
f 229 890 1804
f 223 884 1785
f 235 896 1821
f 241 902 1839
f 247 908 1858
f 271 938 1929
f 332 1046 2114
f 302 1220 2024
f 374 1196 2240
f 379 1112 2253
f 307 980 2038
f 278 974 1951
f 313 986 2055
f 319 992 2073
f 325 998 2092
f 331 1016 2109
f 301 968 2019
f 373 1088 2235
f 380 1142 2258
f 272 1154 1934
f 248 1214 1861
f 230 1034 1807
f 224 914 1790
f 236 1094 1826
f 242 1184 1844
f 254 1040 1880
f 356 1232 2186
f 397 1208 2308
f 385 1118 2272
f 259 926 1894
f 326 1160 2095
f 308 1010 2041
f 277 944 1948
f 314 1070 2060
f 320 1130 2078
f 338 1166 2132
f 284 1004 1970
f 289 956 1984
f 367 1082 2218
f 391 1148 2289
f 355 1058 2181
f 253 920 1875
f 260 1100 1897
f 386 1202 2275
f 398 1238 2311
f 350 1172 2167
f 343 1028 2146
f 295 962 2002
f 361 1076 2200
f 266 1124 1915
f 337 1022 2127
f 283 950 1965
f 290 1064 1987
f 368 1136 2221
f 392 1178 2294
f 349 1052 2164
f 344 1226 2149
f 296 1190 2005
f 362 1106 2203
f 265 932 1912
f 251 1321 1870
f 233 1273 1816
f 228 1261 1800
f 240 1297 1836
f 246 1315 1854
f 258 1339 1890
f 360 1562 2196
f 401 1460 2320
f 389 1586 2284
f 263 1345 1906
f 329 1519 2104
f 310 1418 2047
f 280 1393 1958
f 318 1495 2070
f 324 1513 2088
f 342 1555 2142
f 288 1423 1980
f 292 1429 1994
f 371 1568 2230
f 393 1370 2297
f 409 894 2329
f 405 887 2323
f 411 899 2326
f 414 905 2333
f 417 912 2336
f 431 941 2345
f 488 1050 2409
f 575 1224 2496
f 563 1200 2485
f 519 1115 2435
f 454 984 2374
f 450 977 2368
f 456 989 2371
f 459 995 2378
f 462 1002 2381
f 472 1019 2392
f 446 971 2360
f 506 1091 2416
f 535 1146 2456
f 541 1158 2460
f 570 1217 2488
f 480 1037 2398
f 421 918 2340
f 511 1098 2430
f 556 1188 2475
f 484 1044 2404
f 580 1236 2501
f 567 1212 2482
f 522 1122 2440
f 427 930 2347
f 544 1163 2464
f 468 1013 2384
f 436 948 2355
f 499 1074 2419
f 530 1134 2451
f 548 1170 2470
f 466 1008 2385
f 442 960 2362
f 505 1086 2423
f 536 1151 2446
f 491 1061 2401
f 423 923 2339
f 513 1103 2429
f 564 1205 2474
f 581 1241 2491
f 549 1175 2459
f 477 1032 2395
f 445 966 2365
f 503 1080 2424
f 525 1127 2443
f 474 1025 2390
f 438 953 2354
f 495 1067 2413
f 532 1139 2450
f 552 1182 2467
f 490 1056 2408
f 577 1229 2495
f 559 1193 2479
f 517 1109 2437
f 430 936 2350
f 590 1325 2511
f 584 1277 2505
f 585 1265 2507
f 592 1301 2513
f 595 1319 2516
f 598 1343 2519
f 636 1566 2556
f 621 1464 2540
f 642 1590 2561
f 601 1349 2521
f 623 1523 2544
f 611 1422 2529
f 609 1397 2530
f 625 1499 2546
f 628 1517 2549
f 632 1559 2553
f 613 1427 2534
f 616 1433 2536
f 638 1572 2557
f 606 1374 2525
f 407 892 1609
f 403 885 1605
f 404 897 1611
f 410 903 1614
f 413 910 1617
f 422 939 1631
f 486 1048 1688
f 573 1222 1775
f 561 1198 1763
f 512 1113 1719
f 452 982 1654
f 448 975 1650
f 449 987 1656
f 455 993 1659
f 458 1000 1662
f 470 1017 1672
f 437 969 1646
f 494 1089 1706
f 531 1144 1735
f 539 1156 1741
f 568 1215 1770
f 478 1035 1680
f 419 916 1621
f 509 1096 1711
f 554 1186 1756
f 482 1042 1684
f 576 1234 1780
f 558 1210 1767
f 516 1120 1722
f 425 928 1627
f 542 1161 1744
f 463 1011 1668
f 434 946 1636
f 497 1072 1699
f 528 1132 1730
f 546 1168 1748
f 464 1006 1666
f 440 958 1642
f 500 1084 1705
f 524 1149 1736
f 479 1059 1691
f 418 921 1623
f 508 1101 1713
f 553 1203 1764
f 569 1239 1781
f 538 1173 1749
f 471 1030 1677
f 443 964 1645
f 501 1078 1703
f 523 1125 1725
f 467 1023 1674
f 433 951 1638
f 493 1065 1695
f 527 1137 1732
f 543 1180 1752
f 485 1054 1690
f 572 1227 1777
f 557 1191 1759
f 515 1107 1717
f 428 934 1630
f 591 1326 2191
f 587 1278 1885
f 588 1266 1901
f 594 1302 2279
f 597 1320 2315
f 600 1344 2171
f 634 1565 2160
f 619 1463 2016
f 639 1589 2214
f 602 1350 1919
f 624 1524 2137
f 608 1421 1978
f 610 1398 1991
f 627 1500 2225
f 630 1518 2302
f 635 1560 2178
f 615 1428 2153
f 617 1434 2009
f 637 1571 2207
f 604 1373 1926
f 416 911 1857
f 408 893 1803
f 406 888 1786
f 412 900 1822
f 415 906 1840
f 424 924 1876
f 492 1062 2182
f 582 1242 2312
f 565 1206 2276
f 514 1104 1898
f 461 1001 2091
f 453 983 2037
f 451 978 1952
f 457 990 2056
f 460 996 2074
f 475 1026 2128
f 439 954 1966
f 496 1068 1988
f 533 1140 2222
f 551 1181 2293
f 579 1235 2185
f 483 1043 1879
f 426 929 1893
f 521 1121 2271
f 566 1211 2307
f 489 1055 2163
f 578 1230 2150
f 560 1194 2006
f 518 1110 2204
f 429 935 1911
f 547 1169 2131
f 465 1007 1969
f 441 959 1983
f 504 1085 2217
f 537 1152 2290
f 550 1176 2168
f 476 1031 2145
f 444 965 2001
f 502 1079 2199
f 526 1128 1916
f 481 1038 1808
f 420 917 1789
f 510 1097 1825
f 555 1187 1843
f 571 1218 1862
f 540 1157 1933
f 473 1020 2110
f 447 972 2020
f 507 1092 2236
f 534 1145 2257
f 469 1014 2042
f 435 947 1947
f 498 1073 2059
f 529 1133 2077
f 545 1164 2096
f 487 1049 2113
f 574 1223 2023
f 562 1199 2239
f 520 1116 2254
f 432 942 1930
f 589 1283 1818
f 583 1259 1798
f 586 1295 1834
f 593 1313 1852
f 596 1331 1872
f 599 1379 1942
f 633 1541 2120
f 620 1452 2030
f 640 1578 2248
f 603 1368 2263
f 622 1487 2052
f 607 1391 1955
f 612 1440 2065
f 626 1511 2086
f 629 1529 2106
f 631 1547 2122
f 614 1469 2032
f 618 1458 2245
f 641 1584 2266
f 605 1362 1940
f 409 1269 1813
f 405 1245 1792
f 411 1252 1828
f 414 1288 1846
f 417 1306 1867
f 431 1336 1936
f 488 1551 2123
f 575 1473 2033
f 563 1599 2249
f 519 1354 2260
f 454 1479 2049
f 450 1401 1959
f 456 1408 2062
f 459 1492 2080
f 462 1504 2101
f 472 1533 2116
f 446 1414 2026
f 506 1444 2242
f 535 1594 2267
f 541 1383 1943
f 570 1323 1869
f 480 1275 1815
f 421 1263 1799
f 511 1299 1835
f 556 1317 1853
f 484 1341 1889
f 580 1564 2195
f 567 1462 2319
f 522 1588 2283
f 427 1347 1905
f 544 1521 2103
f 468 1420 2046
f 436 1395 1957
f 499 1497 2069
f 530 1515 2087
f 548 1557 2141
f 466 1425 1979
f 442 1431 1993
f 505 1570 2229
f 536 1372 2296
f 491 1282 2188
f 423 1258 1882
f 513 1294 1902
f 564 1312 2280
f 581 1330 2316
f 549 1378 2172
f 477 1540 2157
f 445 1449 2011
f 503 1575 2209
f 525 1365 1923
f 474 1486 2134
f 438 1390 1972
f 495 1437 1995
f 532 1510 2226
f 552 1528 2303
f 490 1546 2175
f 577 1468 2154
f 559 1455 2013
f 517 1581 2211
f 430 1359 1921
f 590 1272 1865
f 584 1248 1811
f 585 1253 1796
f 592 1289 1832
f 595 1307 1850
f 598 1337 1888
f 636 1554 2194
f 621 1476 2322
f 642 1602 2286
f 601 1355 1908
f 623 1482 2099
f 611 1404 2045
f 609 1409 1962
f 625 1493 2068
f 628 1505 2084
f 632 1536 2140
f 613 1415 1976
f 616 1445 1998
f 638 1595 2232
f 606 1386 2299
f 407 909 2330
f 403 891 2324
f 404 886 2325
f 410 898 2332
f 413 904 2335
f 422 922 2344
f 486 1060 2410
f 573 1240 2497
f 561 1204 2486
f 512 1102 2434
f 452 999 2375
f 448 981 2369
f 449 976 2370
f 455 988 2377
f 458 994 2380
f 470 1024 2393
f 437 952 2359
f 494 1066 2415
f 531 1138 2455
f 539 1179 2461
f 568 1233 2489
f 478 1041 2399
f 419 927 2341
f 509 1119 2431
f 554 1209 2476
f 482 1053 2405
f 576 1228 2500
f 558 1192 2481
f 516 1108 2439
f 425 933 2348
f 542 1167 2465
f 463 1005 2383
f 434 957 2356
f 497 1083 2420
f 528 1150 2452
f 546 1174 2471
f 464 1029 2386
f 440 963 2363
f 500 1077 2422
f 524 1126 2445
f 479 1036 2400
f 418 915 2338
f 508 1095 2428
f 553 1185 2473
f 569 1216 2490
f 538 1155 2458
f 471 1018 2394
f 443 970 2366
f 501 1090 2425
f 523 1143 2444
f 467 1012 2389
f 433 945 2353
f 493 1071 2414
f 527 1131 2449
f 543 1162 2466
f 485 1047 2407
f 572 1221 2494
f 557 1197 2480
f 515 1114 2438
f 428 940 2351
f 591 1284 2510
f 587 1260 2504
f 588 1296 2508
f 594 1314 2514
f 597 1332 2517
f 600 1380 2520
f 634 1542 2554
f 619 1451 2539
f 639 1577 2560
f 602 1367 2523
f 624 1488 2543
f 608 1392 2527
f 610 1439 2532
f 627 1512 2547
f 630 1530 2550
f 635 1548 2552
f 615 1470 2535
f 617 1457 2538
f 637 1583 2558
f 604 1361 2524
f 167 1616 1607
f 164 1608 1603
f 163 1606 1604
f 165 1612 1610
f 166 1615 1613
f 169 1624 1622
f 192 1692 1686
f 222 1782 1773
f 216 1765 1761
f 199 1714 1712
f 182 1661 1652
f 179 1653 1648
f 178 1651 1649
f 180 1657 1655
f 181 1660 1658
f 186 1675 1670
f 174 1639 1637
f 193 1696 1694
f 205 1733 1731
f 212 1751 1739
f 221 1779 1768
f 189 1683 1678
f 170 1626 1619
f 202 1721 1709
f 217 1766 1754
f 191 1689 1682
f 220 1778 1776
f 214 1760 1758
f 200 1718 1716
f 171 1629 1625
f 210 1747 1742
f 183 1665 1663
f 175 1641 1634
f 196 1704 1697
f 207 1737 1728
f 211 1750 1746
f 187 1676 1664
f 176 1644 1640
f 195 1702 1700
f 203 1726 1724
f 188 1681 1679
f 168 1620 1618
f 198 1710 1708
f 213 1755 1753
f 218 1771 1769
f 208 1740 1738
f 185 1673 1671
f 177 1647 1643
f 197 1707 1701
f 206 1734 1723
f 184 1669 1667
f 173 1635 1633
f 194 1698 1693
f 204 1729 1727
f 209 1745 1743
f 190 1687 1685
f 219 1774 1772
f 215 1762 1757
f 201 1720 1715
f 172 1632 1628
f 357 2189 2187
f 255 1883 1881
f 262 1903 1899
f 388 2281 2277
f 400 2317 2313
f 352 2173 2169
f 347 2158 2156
f 298 2012 2010
f 364 2210 2208
f 269 1924 1917
f 339 2135 2133
f 285 1973 1971
f 293 1996 1989
f 370 2227 2223
f 396 2304 2300
f 353 2176 2174
f 346 2155 2151
f 299 2014 2007
f 365 2212 2205
f 268 1922 1920
f 249 1864 1855
f 231 1810 1801
f 226 1795 1784
f 238 1831 1820
f 244 1849 1838
f 257 1887 1874
f 359 2193 2180
f 402 2321 2310
f 390 2285 2274
f 264 1907 1896
f 327 2098 2089
f 309 2044 2035
f 282 1961 1950
f 317 2067 2054
f 322 2083 2072
f 341 2139 2126
f 286 1975 1964
f 294 1997 1986
f 372 2231 2220
f 394 2298 2291
f 358 2190 2183
f 256 1884 1877
f 261 1900 1891
f 387 2278 2269
f 399 2314 2305
f 351 2170 2161
f 348 2159 2148
f 300 2015 2004
f 366 2213 2202
f 267 1918 1909
f 340 2136 2129
f 287 1977 1967
f 291 1990 1981
f 369 2224 2215
f 395 2301 2288
f 354 2177 2166
f 345 2152 2143
f 297 2008 1999
f 363 2206 2197
f 270 1925 1914
f 234 1817 1806
f 227 1797 1787
f 239 1833 1823
f 245 1851 1841
f 252 1871 1860
f 275 1941 1931
f 334 2119 2108
f 304 2029 2018
f 377 2247 2234
f 382 2262 2255
f 312 2051 2040
f 279 1954 1945
f 316 2064 2057
f 323 2085 2075
f 330 2105 2094
f 335 2121 2111
f 305 2031 2021
f 376 2244 2237
f 383 2265 2252
f 274 1939 1928
f 232 1814 1812
f 225 1793 1791
f 237 1829 1827
f 243 1847 1845
f 250 1868 1866
f 273 1937 1935
f 336 2124 2118
f 306 2034 2028
f 378 2250 2246
f 381 2261 2259
f 311 2050 2048
f 281 1960 1953
f 315 2063 2061
f 321 2081 2079
f 328 2102 2100
f 333 2117 2115
f 303 2027 2025
f 375 2243 2241
f 384 2268 2264
f 276 1944 1938
f 229 1804 1802
f 223 1785 1783
f 235 1821 1819
f 241 1839 1837
f 247 1858 1856
f 271 1929 1927
f 332 2114 2112
f 302 2024 2022
f 374 2240 2238
f 379 2253 2251
f 307 2038 2036
f 278 1951 1949
f 313 2055 2053
f 319 2073 2071
f 325 2092 2090
f 331 2109 2107
f 301 2019 2017
f 373 2235 2233
f 380 2258 2256
f 272 1934 1932
f 248 1861 1859
f 230 1807 1805
f 224 1790 1788
f 236 1826 1824
f 242 1844 1842
f 254 1880 1878
f 356 2186 2184
f 397 2308 2306
f 385 2272 2270
f 259 1894 1892
f 326 2095 2093
f 308 2041 2039
f 277 1948 1946
f 314 2060 2058
f 320 2078 2076
f 338 2132 2130
f 284 1970 1968
f 289 1984 1982
f 367 2218 2216
f 391 2289 2287
f 355 2181 2179
f 253 1875 1873
f 260 1897 1895
f 386 2275 2273
f 398 2311 2309
f 350 2167 2165
f 343 2146 2144
f 295 2002 2000
f 361 2200 2198
f 266 1915 1913
f 337 2127 2125
f 283 1965 1963
f 290 1987 1985
f 368 2221 2219
f 392 2294 2292
f 349 2164 2162
f 344 2149 2147
f 296 2005 2003
f 362 2203 2201
f 265 1912 1910
f 251 1870 1863
f 233 1816 1809
f 228 1800 1794
f 240 1836 1830
f 246 1854 1848
f 258 1890 1886
f 360 2196 2192
f 401 2320 2318
f 389 2284 2282
f 263 1906 1904
f 329 2104 2097
f 310 2047 2043
f 280 1958 1956
f 318 2070 2066
f 324 2088 2082
f 342 2142 2138
f 288 1980 1974
f 292 1994 1992
f 371 2230 2228
f 393 2297 2295
f 409 2329 2331
f 405 2323 2327
f 411 2326 2328
f 414 2333 2334
f 417 2336 2337
f 431 2345 2346
f 488 2409 2412
f 575 2496 2499
f 563 2485 2487
f 519 2435 2436
f 454 2374 2376
f 450 2368 2372
f 456 2371 2373
f 459 2378 2379
f 462 2381 2382
f 472 2392 2396
f 446 2360 2361
f 506 2416 2418
f 535 2456 2457
f 541 2460 2463
f 570 2488 2492
f 480 2398 2402
f 421 2340 2343
f 511 2430 2433
f 556 2475 2478
f 484 2404 2406
f 580 2501 2502
f 567 2482 2484
f 522 2440 2442
f 427 2347 2349
f 544 2464 2468
f 468 2384 2387
f 436 2355 2358
f 499 2419 2421
f 530 2451 2454
f 548 2470 2472
f 466 2385 2388
f 442 2362 2364
f 505 2423 2426
f 536 2446 2448
f 491 2401 2403
f 423 2339 2342
f 513 2429 2432
f 564 2474 2477
f 581 2491 2493
f 549 2459 2462
f 477 2395 2397
f 445 2365 2367
f 503 2424 2427
f 525 2443 2447
f 474 2390 2391
f 438 2354 2357
f 495 2413 2417
f 532 2450 2453
f 552 2467 2469
f 490 2408 2411
f 577 2495 2498
f 559 2479 2483
f 517 2437 2441
f 430 2350 2352
f 590 2511 2509
f 584 2505 2503
f 585 2507 2506
f 592 2513 2512
f 595 2516 2515
f 598 2519 2518
f 636 2556 2555
f 621 2540 2541
f 642 2561 2562
f 601 2521 2522
f 623 2544 2542
f 611 2529 2528
f 609 2530 2531
f 625 2546 2545
f 628 2549 2548
f 632 2553 2551
f 613 2534 2533
f 616 2536 2537
f 638 2557 2559
f 606 2525 2526
f 1607 644 647
f 1603 643 644
f 1604 645 643
f 1610 646 645
f 1613 647 646
f 1622 652 649
f 1686 670 672
f 1773 699 702
f 1761 695 696
f 1712 681 679
f 1652 659 662
f 1648 658 659
f 1649 660 658
f 1655 661 660
f 1658 662 661
f 1670 665 666
f 1637 657 654
f 1694 677 673
f 1731 686 685
f 1739 688 692
f 1768 698 701
f 1678 668 669
f 1619 648 650
f 1709 678 682
f 1754 693 697
f 1682 669 671
f 1776 701 700
f 1758 697 694
f 1716 682 680
f 1625 650 651
f 1742 689 690
f 1663 664 663
f 1634 653 655
f 1697 674 676
f 1728 684 687
f 1746 690 691
f 1664 663 667
f 1640 655 656
f 1700 676 675
f 1724 687 683
f 1679 672 668
f 1618 649 648
f 1708 679 678
f 1753 696 693
f 1769 702 698
f 1738 691 688
f 1671 667 665
f 1643 656 657
f 1701 675 677
f 1723 683 686
f 1667 666 664
f 1633 654 653
f 1693 673 674
f 1727 685 684
f 1743 692 689
f 1685 671 670
f 1772 700 699
f 1757 694 695
f 1715 680 681
f 1628 651 652
f 2187 838 837
f 1881 736 735
f 1899 741 742
f 2277 867 868
f 2313 879 880
f 2169 831 832
f 2156 828 827
f 2010 780 778
f 2208 846 844
f 1917 747 749
f 2133 820 819
f 1971 767 765
f 1989 771 773
f 2223 849 850
f 2300 875 876
f 2174 834 833
f 2151 825 826
f 2007 777 779
f 2205 843 845
f 1920 750 748
f 1855 727 729
f 1801 709 711
f 1784 703 706
f 1820 715 718
f 1838 721 724
f 1874 733 737
f 2180 835 839
f 2310 878 882
f 2274 866 870
f 1896 740 744
f 2089 805 807
f 2035 787 789
f 1950 758 762
f 2054 793 797
f 2072 799 802
f 2126 817 821
f 1964 763 766
f 1986 770 774
f 2220 848 852
f 2291 872 874
f 2183 836 838
f 1877 734 736
f 1891 739 741
f 2269 865 867
f 2305 877 879
f 2161 829 831
f 2148 824 828
f 2004 776 780
f 2202 842 846
f 1909 745 747
f 2129 818 820
f 1967 764 767
f 1981 769 771
f 2215 847 849
f 2288 871 875
f 2166 830 834
f 2143 823 825
f 1999 775 777
f 2197 841 843
f 1914 746 750
f 1806 710 714
f 1787 704 707
f 1823 716 719
f 1841 722 725
f 1860 728 732
f 1931 752 755
f 2108 811 814
f 2018 781 784
f 2234 853 857
f 2255 860 862
f 2040 788 792
f 1945 757 759
f 2057 794 796
f 2075 800 803
f 2094 806 810
f 2111 812 815
f 2021 782 785
f 2237 854 856
f 2252 859 863
f 1928 751 754
f 1812 714 712
f 1791 707 705
f 1827 719 717
f 1845 725 723
f 1866 732 730
f 1935 755 753
f 2118 814 816
f 2028 784 786
f 2246 857 858
f 2259 862 861
f 2048 792 791
f 1953 759 761
f 2061 796 795
f 2079 803 801
f 2100 810 808
f 2115 815 813
f 2025 785 783
f 2241 856 855
f 2264 863 864
f 1938 754 756
f 1802 712 709
f 1783 705 703
f 1819 717 715
f 1837 723 721
f 1856 730 727
f 1927 753 751
f 2112 816 812
f 2022 786 782
f 2238 858 854
f 2251 861 859
f 2036 791 787
f 1949 761 758
f 2053 795 793
f 2071 801 799
f 2090 808 805
f 2107 813 811
f 2017 783 781
f 2233 855 853
f 2256 864 860
f 1932 756 752
f 1859 731 728
f 1805 713 710
f 1788 708 704
f 1824 720 716
f 1842 726 722
f 1878 738 734
f 2184 840 836
f 2306 881 877
f 2270 869 865
f 1892 743 739
f 2093 809 806
f 2039 790 788
f 1946 760 757
f 2058 798 794
f 2076 804 800
f 2130 822 818
f 1968 768 764
f 1982 772 769
f 2216 851 847
f 2287 873 871
f 2179 837 835
f 1873 735 733
f 1895 742 740
f 2273 868 866
f 2309 880 878
f 2165 832 830
f 2144 827 823
f 2000 778 775
f 2198 844 841
f 1913 749 746
f 2125 819 817
f 1963 765 763
f 1985 773 770
f 2219 850 848
f 2292 876 872
f 2162 833 829
f 2147 826 824
f 2003 779 776
f 2201 845 842
f 1910 748 745
f 1863 729 731
f 1809 711 713
f 1794 706 708
f 1830 718 720
f 1848 724 726
f 1886 737 738
f 2192 839 840
f 2318 882 881
f 2282 870 869
f 1904 744 743
f 2097 807 809
f 2043 789 790
f 1956 762 760
f 2066 797 798
f 2082 802 804
f 2138 821 822
f 1974 766 768
f 1992 774 772
f 2228 852 851
f 2295 874 873
f 2331 1270 1269
f 2327 1246 1245
f 2328 1251 1252
f 2334 1287 1288
f 2337 1305 1306
f 2346 1335 1336
f 2412 1552 1551
f 2499 1474 1473
f 2487 1600 1599
f 2436 1353 1354
f 2376 1480 1479
f 2372 1402 1401
f 2373 1407 1408
f 2379 1491 1492
f 2382 1503 1504
f 2396 1534 1533
f 2361 1413 1414
f 2418 1443 1444
f 2457 1593 1594
f 2463 1384 1383
f 2492 1324 1323
f 2402 1276 1275
f 2343 1264 1263
f 2433 1300 1299
f 2478 1318 1317
f 2406 1342 1341
f 2502 1563 1564
f 2484 1461 1462
f 2442 1587 1588
f 2349 1348 1347
f 2468 1522 1521
f 2387 1419 1420
f 2358 1396 1395
f 2421 1498 1497
f 2454 1516 1515
f 2472 1558 1557
f 2388 1426 1425
f 2364 1432 1431
f 2426 1569 1570
f 2448 1371 1372
f 2403 1281 1282
f 2342 1257 1258
f 2432 1293 1294
f 2477 1311 1312
f 2493 1329 1330
f 2462 1377 1378
f 2397 1539 1540
f 2367 1450 1449
f 2427 1576 1575
f 2447 1366 1365
f 2391 1485 1486
f 2357 1389 1390
f 2417 1438 1437
f 2453 1509 1510
f 2469 1527 1528
f 2411 1545 1546
f 2498 1467 1468
f 2483 1456 1455
f 2441 1582 1581
f 2352 1360 1359
f 2509 1271 1272
f 2503 1247 1248
f 2506 1254 1253
f 2512 1290 1289
f 2515 1308 1307
f 2518 1338 1337
f 2555 1553 1554
f 2541 1475 1476
f 2562 1601 1602
f 2522 1356 1355
f 2542 1481 1482
f 2528 1403 1404
f 2531 1410 1409
f 2545 1494 1493
f 2548 1506 1505
f 2551 1535 1536
f 2533 1416 1415
f 2537 1446 1445
f 2559 1596 1595
f 2526 1385 1386
f 1616 907 909
f 1608 889 891
f 1606 883 886
f 1612 895 898
f 1615 901 904
f 1624 919 922
f 1692 1057 1060
f 1782 1237 1240
f 1765 1201 1204
f 1714 1099 1102
f 1661 997 999
f 1653 979 981
f 1651 973 976
f 1657 985 988
f 1660 991 994
f 1675 1021 1024
f 1639 949 952
f 1696 1063 1066
f 1733 1135 1138
f 1751 1177 1179
f 1779 1231 1233
f 1683 1039 1041
f 1626 925 927
f 1721 1117 1119
f 1766 1207 1209
f 1689 1051 1053
f 1778 1225 1228
f 1760 1189 1192
f 1718 1105 1108
f 1629 931 933
f 1747 1165 1167
f 1665 1003 1005
f 1641 955 957
f 1704 1081 1083
f 1737 1147 1150
f 1750 1171 1174
f 1676 1027 1029
f 1644 961 963
f 1702 1075 1077
f 1726 1123 1126
f 1681 1033 1036
f 1620 913 915
f 1710 1093 1095
f 1755 1183 1185
f 1771 1213 1216
f 1740 1153 1155
f 1673 1015 1018
f 1647 967 970
f 1707 1087 1090
f 1734 1141 1143
f 1669 1009 1012
f 1635 943 945
f 1698 1069 1071
f 1729 1129 1131
f 1745 1159 1162
f 1687 1045 1047
f 1774 1219 1221
f 1762 1195 1197
f 1720 1111 1114
f 1632 937 940
f 2189 1280 1284
f 1883 1256 1260
f 1903 1292 1296
f 2281 1310 1314
f 2317 1328 1332
f 2173 1376 1380
f 2158 1538 1542
f 2012 1447 1451
f 2210 1573 1577
f 1924 1363 1367
f 2135 1484 1488
f 1973 1388 1392
f 1996 1435 1439
f 2227 1508 1512
f 2304 1526 1530
f 2176 1544 1548
f 2155 1466 1470
f 2014 1453 1457
f 2212 1579 1583
f 1922 1357 1361
f 1864 1268 1270
f 1810 1244 1246
f 1795 1249 1251
f 1831 1285 1287
f 1849 1303 1305
f 1887 1333 1335
f 2193 1550 1552
f 2321 1472 1474
f 2285 1598 1600
f 1907 1351 1353
f 2098 1478 1480
f 2044 1400 1402
f 1961 1405 1407
f 2067 1489 1491
f 2083 1501 1503
f 2139 1532 1534
f 1975 1411 1413
f 1997 1441 1443
f 2231 1591 1593
f 2298 1382 1384
f 2190 1322 1324
f 1884 1274 1276
f 1900 1262 1264
f 2278 1298 1300
f 2314 1316 1318
f 2170 1340 1342
f 2159 1561 1563
f 2015 1459 1461
f 2213 1585 1587
f 1918 1346 1348
f 2136 1520 1522
f 1977 1417 1419
f 1990 1394 1396
f 2224 1496 1498
f 2301 1514 1516
f 2177 1556 1558
f 2152 1424 1426
f 2008 1430 1432
f 2206 1567 1569
f 1925 1369 1371
f 1817 1279 1281
f 1797 1255 1257
f 1833 1291 1293
f 1851 1309 1311
f 1871 1327 1329
f 1941 1375 1377
f 2119 1537 1539
f 2029 1448 1450
f 2247 1574 1576
f 2262 1364 1366
f 2051 1483 1485
f 1954 1387 1389
f 2064 1436 1438
f 2085 1507 1509
f 2105 1525 1527
f 2121 1543 1545
f 2031 1465 1467
f 2244 1454 1456
f 2265 1580 1582
f 1939 1358 1360
f 1814 1267 1271
f 1793 1243 1247
f 1829 1250 1254
f 1847 1286 1290
f 1868 1304 1308
f 1937 1334 1338
f 2124 1549 1553
f 2034 1471 1475
f 2250 1597 1601
f 2261 1352 1356
f 2050 1477 1481
f 1960 1399 1403
f 2063 1406 1410
f 2081 1490 1494
f 2102 1502 1506
f 2117 1531 1535
f 2027 1412 1416
f 2243 1442 1446
f 2268 1592 1596
f 1944 1381 1385
f 1804 890 894
f 1785 884 887
f 1821 896 899
f 1839 902 905
f 1858 908 912
f 1929 938 941
f 2114 1046 1050
f 2024 1220 1224
f 2240 1196 1200
f 2253 1112 1115
f 2038 980 984
f 1951 974 977
f 2055 986 989
f 2073 992 995
f 2092 998 1002
f 2109 1016 1019
f 2019 968 971
f 2235 1088 1091
f 2258 1142 1146
f 1934 1154 1158
f 1861 1214 1217
f 1807 1034 1037
f 1790 914 918
f 1826 1094 1098
f 1844 1184 1188
f 1880 1040 1044
f 2186 1232 1236
f 2308 1208 1212
f 2272 1118 1122
f 1894 926 930
f 2095 1160 1163
f 2041 1010 1013
f 1948 944 948
f 2060 1070 1074
f 2078 1130 1134
f 2132 1166 1170
f 1970 1004 1008
f 1984 956 960
f 2218 1082 1086
f 2289 1148 1151
f 2181 1058 1061
f 1875 920 923
f 1897 1100 1103
f 2275 1202 1205
f 2311 1238 1241
f 2167 1172 1175
f 2146 1028 1032
f 2002 962 966
f 2200 1076 1080
f 1915 1124 1127
f 2127 1022 1025
f 1965 950 953
f 1987 1064 1067
f 2221 1136 1139
f 2294 1178 1182
f 2164 1052 1056
f 2149 1226 1229
f 2005 1190 1193
f 2203 1106 1109
f 1912 932 936
f 1870 1321 1325
f 1816 1273 1277
f 1800 1261 1265
f 1836 1297 1301
f 1854 1315 1319
f 1890 1339 1343
f 2196 1562 1566
f 2320 1460 1464
f 2284 1586 1590
f 1906 1345 1349
f 2104 1519 1523
f 2047 1418 1422
f 1958 1393 1397
f 2070 1495 1499
f 2088 1513 1517
f 2142 1555 1559
f 1980 1423 1427
f 1994 1429 1433
f 2230 1568 1572
f 2297 1370 1374
f 2329 894 892
f 2323 887 885
f 2326 899 897
f 2333 905 903
f 2336 912 910
f 2345 941 939
f 2409 1050 1048
f 2496 1224 1222
f 2485 1200 1198
f 2435 1115 1113
f 2374 984 982
f 2368 977 975
f 2371 989 987
f 2378 995 993
f 2381 1002 1000
f 2392 1019 1017
f 2360 971 969
f 2416 1091 1089
f 2456 1146 1144
f 2460 1158 1156
f 2488 1217 1215
f 2398 1037 1035
f 2340 918 916
f 2430 1098 1096
f 2475 1188 1186
f 2404 1044 1042
f 2501 1236 1234
f 2482 1212 1210
f 2440 1122 1120
f 2347 930 928
f 2464 1163 1161
f 2384 1013 1011
f 2355 948 946
f 2419 1074 1072
f 2451 1134 1132
f 2470 1170 1168
f 2385 1008 1006
f 2362 960 958
f 2423 1086 1084
f 2446 1151 1149
f 2401 1061 1059
f 2339 923 921
f 2429 1103 1101
f 2474 1205 1203
f 2491 1241 1239
f 2459 1175 1173
f 2395 1032 1030
f 2365 966 964
f 2424 1080 1078
f 2443 1127 1125
f 2390 1025 1023
f 2354 953 951
f 2413 1067 1065
f 2450 1139 1137
f 2467 1182 1180
f 2408 1056 1054
f 2495 1229 1227
f 2479 1193 1191
f 2437 1109 1107
f 2350 936 934
f 2511 1325 1326
f 2505 1277 1278
f 2507 1265 1266
f 2513 1301 1302
f 2516 1319 1320
f 2519 1343 1344
f 2556 1566 1565
f 2540 1464 1463
f 2561 1590 1589
f 2521 1349 1350
f 2544 1523 1524
f 2529 1422 1421
f 2530 1397 1398
f 2546 1499 1500
f 2549 1517 1518
f 2553 1559 1560
f 2534 1427 1428
f 2536 1433 1434
f 2557 1572 1571
f 2525 1374 1373
f 1609 892 889
f 1605 885 883
f 1611 897 895
f 1614 903 901
f 1617 910 907
f 1631 939 937
f 1688 1048 1045
f 1775 1222 1219
f 1763 1198 1195
f 1719 1113 1111
f 1654 982 979
f 1650 975 973
f 1656 987 985
f 1659 993 991
f 1662 1000 997
f 1672 1017 1015
f 1646 969 967
f 1706 1089 1087
f 1735 1144 1141
f 1741 1156 1153
f 1770 1215 1213
f 1680 1035 1033
f 1621 916 913
f 1711 1096 1093
f 1756 1186 1183
f 1684 1042 1039
f 1780 1234 1231
f 1767 1210 1207
f 1722 1120 1117
f 1627 928 925
f 1744 1161 1159
f 1668 1011 1009
f 1636 946 943
f 1699 1072 1069
f 1730 1132 1129
f 1748 1168 1165
f 1666 1006 1003
f 1642 958 955
f 1705 1084 1081
f 1736 1149 1147
f 1691 1059 1057
f 1623 921 919
f 1713 1101 1099
f 1764 1203 1201
f 1781 1239 1237
f 1749 1173 1171
f 1677 1030 1027
f 1645 964 961
f 1703 1078 1075
f 1725 1125 1123
f 1674 1023 1021
f 1638 951 949
f 1695 1065 1063
f 1732 1137 1135
f 1752 1180 1177
f 1690 1054 1051
f 1777 1227 1225
f 1759 1191 1189
f 1717 1107 1105
f 1630 934 931
f 2191 1326 1322
f 1885 1278 1274
f 1901 1266 1262
f 2279 1302 1298
f 2315 1320 1316
f 2171 1344 1340
f 2160 1565 1561
f 2016 1463 1459
f 2214 1589 1585
f 1919 1350 1346
f 2137 1524 1520
f 1978 1421 1417
f 1991 1398 1394
f 2225 1500 1496
f 2302 1518 1514
f 2178 1560 1556
f 2153 1428 1424
f 2009 1434 1430
f 2207 1571 1567
f 1926 1373 1369
f 1857 911 908
f 1803 893 890
f 1786 888 884
f 1822 900 896
f 1840 906 902
f 1876 924 920
f 2182 1062 1058
f 2312 1242 1238
f 2276 1206 1202
f 1898 1104 1100
f 2091 1001 998
f 2037 983 980
f 1952 978 974
f 2056 990 986
f 2074 996 992
f 2128 1026 1022
f 1966 954 950
f 1988 1068 1064
f 2222 1140 1136
f 2293 1181 1178
f 2185 1235 1232
f 1879 1043 1040
f 1893 929 926
f 2271 1121 1118
f 2307 1211 1208
f 2163 1055 1052
f 2150 1230 1226
f 2006 1194 1190
f 2204 1110 1106
f 1911 935 932
f 2131 1169 1166
f 1969 1007 1004
f 1983 959 956
f 2217 1085 1082
f 2290 1152 1148
f 2168 1176 1172
f 2145 1031 1028
f 2001 965 962
f 2199 1079 1076
f 1916 1128 1124
f 1808 1038 1034
f 1789 917 914
f 1825 1097 1094
f 1843 1187 1184
f 1862 1218 1214
f 1933 1157 1154
f 2110 1020 1016
f 2020 972 968
f 2236 1092 1088
f 2257 1145 1142
f 2042 1014 1010
f 1947 947 944
f 2059 1073 1070
f 2077 1133 1130
f 2096 1164 1160
f 2113 1049 1046
f 2023 1223 1220
f 2239 1199 1196
f 2254 1116 1112
f 1930 942 938
f 1818 1283 1279
f 1798 1259 1255
f 1834 1295 1291
f 1852 1313 1309
f 1872 1331 1327
f 1942 1379 1375
f 2120 1541 1537
f 2030 1452 1448
f 2248 1578 1574
f 2263 1368 1364
f 2052 1487 1483
f 1955 1391 1387
f 2065 1440 1436
f 2086 1511 1507
f 2106 1529 1525
f 2122 1547 1543
f 2032 1469 1465
f 2245 1458 1454
f 2266 1584 1580
f 1940 1362 1358
f 1813 1269 1267
f 1792 1245 1243
f 1828 1252 1250
f 1846 1288 1286
f 1867 1306 1304
f 1936 1336 1334
f 2123 1551 1549
f 2033 1473 1471
f 2249 1599 1597
f 2260 1354 1352
f 2049 1479 1477
f 1959 1401 1399
f 2062 1408 1406
f 2080 1492 1490
f 2101 1504 1502
f 2116 1533 1531
f 2026 1414 1412
f 2242 1444 1442
f 2267 1594 1592
f 1943 1383 1381
f 1869 1323 1321
f 1815 1275 1273
f 1799 1263 1261
f 1835 1299 1297
f 1853 1317 1315
f 1889 1341 1339
f 2195 1564 1562
f 2319 1462 1460
f 2283 1588 1586
f 1905 1347 1345
f 2103 1521 1519
f 2046 1420 1418
f 1957 1395 1393
f 2069 1497 1495
f 2087 1515 1513
f 2141 1557 1555
f 1979 1425 1423
f 1993 1431 1429
f 2229 1570 1568
f 2296 1372 1370
f 2188 1282 1280
f 1882 1258 1256
f 1902 1294 1292
f 2280 1312 1310
f 2316 1330 1328
f 2172 1378 1376
f 2157 1540 1538
f 2011 1449 1447
f 2209 1575 1573
f 1923 1365 1363
f 2134 1486 1484
f 1972 1390 1388
f 1995 1437 1435
f 2226 1510 1508
f 2303 1528 1526
f 2175 1546 1544
f 2154 1468 1466
f 2013 1455 1453
f 2211 1581 1579
f 1921 1359 1357
f 1865 1272 1268
f 1811 1248 1244
f 1796 1253 1249
f 1832 1289 1285
f 1850 1307 1303
f 1888 1337 1333
f 2194 1554 1550
f 2322 1476 1472
f 2286 1602 1598
f 1908 1355 1351
f 2099 1482 1478
f 2045 1404 1400
f 1962 1409 1405
f 2068 1493 1489
f 2084 1505 1501
f 2140 1536 1532
f 1976 1415 1411
f 1998 1445 1441
f 2232 1595 1591
f 2299 1386 1382
f 2330 909 911
f 2324 891 893
f 2325 886 888
f 2332 898 900
f 2335 904 906
f 2344 922 924
f 2410 1060 1062
f 2497 1240 1242
f 2486 1204 1206
f 2434 1102 1104
f 2375 999 1001
f 2369 981 983
f 2370 976 978
f 2377 988 990
f 2380 994 996
f 2393 1024 1026
f 2359 952 954
f 2415 1066 1068
f 2455 1138 1140
f 2461 1179 1181
f 2489 1233 1235
f 2399 1041 1043
f 2341 927 929
f 2431 1119 1121
f 2476 1209 1211
f 2405 1053 1055
f 2500 1228 1230
f 2481 1192 1194
f 2439 1108 1110
f 2348 933 935
f 2465 1167 1169
f 2383 1005 1007
f 2356 957 959
f 2420 1083 1085
f 2452 1150 1152
f 2471 1174 1176
f 2386 1029 1031
f 2363 963 965
f 2422 1077 1079
f 2445 1126 1128
f 2400 1036 1038
f 2338 915 917
f 2428 1095 1097
f 2473 1185 1187
f 2490 1216 1218
f 2458 1155 1157
f 2394 1018 1020
f 2366 970 972
f 2425 1090 1092
f 2444 1143 1145
f 2389 1012 1014
f 2353 945 947
f 2414 1071 1073
f 2449 1131 1133
f 2466 1162 1164
f 2407 1047 1049
f 2494 1221 1223
f 2480 1197 1199
f 2438 1114 1116
f 2351 940 942
f 2510 1284 1283
f 2504 1260 1259
f 2508 1296 1295
f 2514 1314 1313
f 2517 1332 1331
f 2520 1380 1379
f 2554 1542 1541
f 2539 1451 1452
f 2560 1577 1578
f 2523 1367 1368
f 2543 1488 1487
f 2527 1392 1391
f 2532 1439 1440
f 2547 1512 1511
f 2550 1530 1529
f 2552 1548 1547
f 2535 1470 1469
f 2538 1457 1458
f 2558 1583 1584
f 2524 1361 1362
f 1607 1616 1609
f 1603 1608 1605
f 1604 1606 1611
f 1610 1612 1614
f 1613 1615 1617
f 1622 1624 1631
f 1686 1692 1688
f 1773 1782 1775
f 1761 1765 1763
f 1712 1714 1719
f 1652 1661 1654
f 1648 1653 1650
f 1649 1651 1656
f 1655 1657 1659
f 1658 1660 1662
f 1670 1675 1672
f 1637 1639 1646
f 1694 1696 1706
f 1731 1733 1735
f 1739 1751 1741
f 1768 1779 1770
f 1678 1683 1680
f 1619 1626 1621
f 1709 1721 1711
f 1754 1766 1756
f 1682 1689 1684
f 1776 1778 1780
f 1758 1760 1767
f 1716 1718 1722
f 1625 1629 1627
f 1742 1747 1744
f 1663 1665 1668
f 1634 1641 1636
f 1697 1704 1699
f 1728 1737 1730
f 1746 1750 1748
f 1664 1676 1666
f 1640 1644 1642
f 1700 1702 1705
f 1724 1726 1736
f 1679 1681 1691
f 1618 1620 1623
f 1708 1710 1713
f 1753 1755 1764
f 1769 1771 1781
f 1738 1740 1749
f 1671 1673 1677
f 1643 1647 1645
f 1701 1707 1703
f 1723 1734 1725
f 1667 1669 1674
f 1633 1635 1638
f 1693 1698 1695
f 1727 1729 1732
f 1743 1745 1752
f 1685 1687 1690
f 1772 1774 1777
f 1757 1762 1759
f 1715 1720 1717
f 1628 1632 1630
f 2187 2189 2191
f 1881 1883 1885
f 1899 1903 1901
f 2277 2281 2279
f 2313 2317 2315
f 2169 2173 2171
f 2156 2158 2160
f 2010 2012 2016
f 2208 2210 2214
f 1917 1924 1919
f 2133 2135 2137
f 1971 1973 1978
f 1989 1996 1991
f 2223 2227 2225
f 2300 2304 2302
f 2174 2176 2178
f 2151 2155 2153
f 2007 2014 2009
f 2205 2212 2207
f 1920 1922 1926
f 1855 1864 1857
f 1801 1810 1803
f 1784 1795 1786
f 1820 1831 1822
f 1838 1849 1840
f 1874 1887 1876
f 2180 2193 2182
f 2310 2321 2312
f 2274 2285 2276
f 1896 1907 1898
f 2089 2098 2091
f 2035 2044 2037
f 1950 1961 1952
f 2054 2067 2056
f 2072 2083 2074
f 2126 2139 2128
f 1964 1975 1966
f 1986 1997 1988
f 2220 2231 2222
f 2291 2298 2293
f 2183 2190 2185
f 1877 1884 1879
f 1891 1900 1893
f 2269 2278 2271
f 2305 2314 2307
f 2161 2170 2163
f 2148 2159 2150
f 2004 2015 2006
f 2202 2213 2204
f 1909 1918 1911
f 2129 2136 2131
f 1967 1977 1969
f 1981 1990 1983
f 2215 2224 2217
f 2288 2301 2290
f 2166 2177 2168
f 2143 2152 2145
f 1999 2008 2001
f 2197 2206 2199
f 1914 1925 1916
f 1806 1817 1808
f 1787 1797 1789
f 1823 1833 1825
f 1841 1851 1843
f 1860 1871 1862
f 1931 1941 1933
f 2108 2119 2110
f 2018 2029 2020
f 2234 2247 2236
f 2255 2262 2257
f 2040 2051 2042
f 1945 1954 1947
f 2057 2064 2059
f 2075 2085 2077
f 2094 2105 2096
f 2111 2121 2113
f 2021 2031 2023
f 2237 2244 2239
f 2252 2265 2254
f 1928 1939 1930
f 1812 1814 1818
f 1791 1793 1798
f 1827 1829 1834
f 1845 1847 1852
f 1866 1868 1872
f 1935 1937 1942
f 2118 2124 2120
f 2028 2034 2030
f 2246 2250 2248
f 2259 2261 2263
f 2048 2050 2052
f 1953 1960 1955
f 2061 2063 2065
f 2079 2081 2086
f 2100 2102 2106
f 2115 2117 2122
f 2025 2027 2032
f 2241 2243 2245
f 2264 2268 2266
f 1938 1944 1940
f 1802 1804 1813
f 1783 1785 1792
f 1819 1821 1828
f 1837 1839 1846
f 1856 1858 1867
f 1927 1929 1936
f 2112 2114 2123
f 2022 2024 2033
f 2238 2240 2249
f 2251 2253 2260
f 2036 2038 2049
f 1949 1951 1959
f 2053 2055 2062
f 2071 2073 2080
f 2090 2092 2101
f 2107 2109 2116
f 2017 2019 2026
f 2233 2235 2242
f 2256 2258 2267
f 1932 1934 1943
f 1859 1861 1869
f 1805 1807 1815
f 1788 1790 1799
f 1824 1826 1835
f 1842 1844 1853
f 1878 1880 1889
f 2184 2186 2195
f 2306 2308 2319
f 2270 2272 2283
f 1892 1894 1905
f 2093 2095 2103
f 2039 2041 2046
f 1946 1948 1957
f 2058 2060 2069
f 2076 2078 2087
f 2130 2132 2141
f 1968 1970 1979
f 1982 1984 1993
f 2216 2218 2229
f 2287 2289 2296
f 2179 2181 2188
f 1873 1875 1882
f 1895 1897 1902
f 2273 2275 2280
f 2309 2311 2316
f 2165 2167 2172
f 2144 2146 2157
f 2000 2002 2011
f 2198 2200 2209
f 1913 1915 1923
f 2125 2127 2134
f 1963 1965 1972
f 1985 1987 1995
f 2219 2221 2226
f 2292 2294 2303
f 2162 2164 2175
f 2147 2149 2154
f 2003 2005 2013
f 2201 2203 2211
f 1910 1912 1921
f 1863 1870 1865
f 1809 1816 1811
f 1794 1800 1796
f 1830 1836 1832
f 1848 1854 1850
f 1886 1890 1888
f 2192 2196 2194
f 2318 2320 2322
f 2282 2284 2286
f 1904 1906 1908
f 2097 2104 2099
f 2043 2047 2045
f 1956 1958 1962
f 2066 2070 2068
f 2082 2088 2084
f 2138 2142 2140
f 1974 1980 1976
f 1992 1994 1998
f 2228 2230 2232
f 2295 2297 2299
f 2331 2329 2330
f 2327 2323 2324
f 2328 2326 2325
f 2334 2333 2332
f 2337 2336 2335
f 2346 2345 2344
f 2412 2409 2410
f 2499 2496 2497
f 2487 2485 2486
f 2436 2435 2434
f 2376 2374 2375
f 2372 2368 2369
f 2373 2371 2370
f 2379 2378 2377
f 2382 2381 2380
f 2396 2392 2393
f 2361 2360 2359
f 2418 2416 2415
f 2457 2456 2455
f 2463 2460 2461
f 2492 2488 2489
f 2402 2398 2399
f 2343 2340 2341
f 2433 2430 2431
f 2478 2475 2476
f 2406 2404 2405
f 2502 2501 2500
f 2484 2482 2481
f 2442 2440 2439
f 2349 2347 2348
f 2468 2464 2465
f 2387 2384 2383
f 2358 2355 2356
f 2421 2419 2420
f 2454 2451 2452
f 2472 2470 2471
f 2388 2385 2386
f 2364 2362 2363
f 2426 2423 2422
f 2448 2446 2445
f 2403 2401 2400
f 2342 2339 2338
f 2432 2429 2428
f 2477 2474 2473
f 2493 2491 2490
f 2462 2459 2458
f 2397 2395 2394
f 2367 2365 2366
f 2427 2424 2425
f 2447 2443 2444
f 2391 2390 2389
f 2357 2354 2353
f 2417 2413 2414
f 2453 2450 2449
f 2469 2467 2466
f 2411 2408 2407
f 2498 2495 2494
f 2483 2479 2480
f 2441 2437 2438
f 2352 2350 2351
f 2509 2511 2510
f 2503 2505 2504
f 2506 2507 2508
f 2512 2513 2514
f 2515 2516 2517
f 2518 2519 2520
f 2555 2556 2554
f 2541 2540 2539
f 2562 2561 2560
f 2522 2521 2523
f 2542 2544 2543
f 2528 2529 2527
f 2531 2530 2532
f 2545 2546 2547
f 2548 2549 2550
f 2551 2553 2552
f 2533 2534 2535
f 2537 2536 2538
f 2559 2557 2558
f 2526 2525 2524