v -0.238577 0.618653 0.221664
v 0.225181 0.625957 0.237524
v -0.316695 -0.494870 0.192569
v 0.317675 -0.497270 0.193887
v 0.015644 -0.385494 0.916925
v -0.000631 0.413808 0.724562
v -0.002495 -0.221428 -0.301188
v 0.002174 0.564778 -0.543769
v 0.380365 0.116856 -0.073942
v 0.357424 0.109776 0.500213
v -0.349758 0.131093 -0.064830
v -0.379205 0.108368 0.503927
v -0.000702 0.757397 0.163242
v -0.180998 0.589780 0.479702
v -0.229796 0.772345 -0.267472
v -0.327132 0.386638 0.026021
v -0.358781 0.402973 0.395664
v 0.173041 0.580965 0.472176
v 0.215506 0.807853 -0.242288
v 0.321748 0.368992 0.029285
v 0.328539 0.392834 0.397443
v -0.002806 -0.582996 0.196146
v -0.236259 -0.603557 0.646271
v -0.188210 -0.462907 -0.111312
v -0.372477 -0.163911 0.051441
v -0.376748 -0.195897 0.409941
v 0.261886 -0.572968 0.690068
v 0.188591 -0.472114 -0.110677
v 0.374432 -0.170658 0.050903
v 0.379654 -0.194832 0.406877
v 0.005967 0.061638 0.957895
v 0.321887 -0.131869 0.798299
v -0.323676 -0.132547 0.794271
v 0.261582 0.278876 0.692885
v -0.264226 0.284310 0.690588
v -0.001801 0.132912 -0.549680
v 0.196396 -0.033682 -0.227930
v -0.186281 -0.031357 -0.226032
v 0.323346 0.346817 -0.402300
v -0.322149 0.337607 -0.410494
v 0.386997 0.107797 0.221700
v -0.392905 0.115087 0.230291
v -0.148825 0.709236 0.175784
v -0.245884 0.639074 0.354475
v -0.190893 0.652390 -0.030076
v -0.277116 0.521317 0.125604
v -0.323011 0.536252 0.326412
v 0.156241 0.711529 0.189449
v 0.231351 0.628923 0.333303
v 0.172102 0.635477 0.022725
v 0.260959 0.514429 0.137556
v 0.279442 0.521494 0.320418
v -0.205019 -0.613106 0.182865
v -0.234559 -0.475857 0.370802
v -0.365917 -0.614647 -0.016647
v -0.374270 -0.361081 0.117444
v -0.351105 -0.353308 0.312330
v 0.203287 -0.605096 0.180253
v 0.232044 -0.471483 0.385694
v 0.369079 -0.610571 -0.013633
v 0.374730 -0.369263 0.112747
v 0.350729 -0.355140 0.308909
v -0.135118 -0.568111 0.887572
v 0.177804 -0.624324 0.843542
v 0.001331 -0.154867 0.998186
v 0.219621 -0.316597 0.938820
v -0.207995 -0.281632 0.934648
v -0.090339 0.517859 0.627399
v 0.084223 0.505219 0.619393
v 0.006081 0.263104 0.825821
v 0.137051 0.355136 0.735230
v -0.137435 0.361033 0.730606
v -0.056664 -0.315604 -0.192394
v 0.053964 -0.315266 -0.189578
v -0.004977 -0.051357 -0.380327
v 0.080930 -0.144656 -0.284430
v -0.083782 -0.149609 -0.291905
v -0.134206 0.699551 -0.436044
v 0.118193 0.688724 -0.435623
v 0.000335 0.363615 -0.639626
v 0.198596 0.483807 -0.553620
v -0.201460 0.478340 -0.554855
v 0.374188 0.221421 -0.045192
v 0.365617 0.011314 -0.011600
v 0.324181 0.064005 -0.139604
v 0.335622 0.216171 -0.187258
v 0.387430 0.109259 0.052882
v 0.351189 0.244306 0.455241
v 0.367596 -0.028362 0.465632
v 0.338682 0.010437 0.620324
v 0.320584 0.188900 0.597569
v 0.375883 0.110222 0.377545
v -0.357955 0.224730 -0.040157
v -0.347670 0.016630 -0.006613
v -0.289244 0.070406 -0.144140
v -0.318734 0.217513 -0.191756
v -0.382189 0.118165 0.063936
v -0.377387 0.249654 0.460131
v -0.377743 -0.030371 0.466177
v -0.350109 0.008441 0.618048
v -0.341467 0.194388 0.601843
v -0.391816 0.111473 0.381966
v -0.094486 0.697924 0.346960
v -0.112631 0.788122 -0.160359
v 0.086673 0.676500 0.334727
v 0.070941 0.764381 -0.052466
v -0.301819 0.517160 0.452070
v 0.001619 0.621416 0.493128
v -0.234643 0.448415 0.588464
v -0.326500 0.578023 -0.143957
v 0.010291 0.834362 -0.365439
v -0.294004 0.587411 -0.365778
v -0.361744 0.395886 0.246733
v -0.317872 0.388905 -0.192458
v -0.384349 0.241476 0.146966
v -0.328373 0.369565 0.540806
v -0.397149 0.257418 0.311853
v 0.277586 0.501108 0.443827
v 0.232981 0.444805 0.592573
v 0.304394 0.579312 -0.167868
v 0.276737 0.607094 -0.374871
v 0.331569 0.377357 0.243212
v 0.309775 0.380934 -0.190827
v 0.372856 0.232549 0.139015
v 0.307459 0.359027 0.534037
v 0.365930 0.249187 0.308766
v -0.087127 -0.578151 0.416395
v -0.111204 -0.607495 -0.009308
v 0.094061 -0.592803 0.445844
v 0.116003 -0.613093 -0.010875
v -0.328290 -0.366149 0.521791
v 0.015721 -0.648220 0.704309
v -0.338220 -0.389808 0.779052
v -0.347014 -0.333423 -0.076118
v 0.002404 -0.445517 -0.083983
v -0.175876 -0.238130 -0.145448
v -0.383804 -0.187737 0.239593
v -0.291961 -0.109643 -0.093202
v -0.386937 -0.016837 0.154125
v -0.358736 -0.184815 0.591740
v -0.385981 -0.032761 0.319192
v 0.332532 -0.364311 0.522689
v 0.343509 -0.399809 0.740320
v 0.358541 -0.351421 -0.081582
v 0.183971 -0.244336 -0.140669
v 0.385624 -0.190482 0.228943
v 0.308581 -0.119530 -0.093300
v 0.391094 -0.019878 0.145186
v 0.356353 -0.183507 0.593897
v 0.388890 -0.033734 0.310614
v 0.182650 -0.034485 0.938965
v -0.184015 -0.038109 0.939756
v 0.156424 0.171465 0.840444
v -0.158382 0.175780 0.844617
v 0.279453 0.086913 0.766535
v -0.284309 0.088398 0.764458
v 0.121186 0.044909 -0.409634
v -0.127297 0.041176 -0.414371
v 0.234711 0.229069 -0.624898
v -0.211120 0.209623 -0.626176
v 0.244121 0.152463 -0.327917
v -0.238209 0.155166 -0.334338
v -0.201957 0.660202 0.201715
v -0.253574 0.638295 0.292445
v -0.203443 0.625624 0.125212
v -0.248102 0.573676 0.182408
v -0.282159 0.586146 0.276868
v 0.200225 0.671108 0.219188
v 0.229596 0.633329 0.282275
v 0.200856 0.630635 0.154317
v 0.236871 0.577738 0.199279
v 0.251924 0.582935 0.279646
v -0.282400 -0.568405 0.187683
v -0.272047 -0.478505 0.264230
v -0.356995 -0.562474 0.110792
v -0.352073 -0.444871 0.156453
v -0.324207 -0.424037 0.246897
v 0.283639 -0.564635 0.190062
v 0.272464 -0.480560 0.269441
v 0.355140 -0.563316 0.113281
v 0.352677 -0.450074 0.153717
v 0.324321 -0.427079 0.246464
v -0.050228 -0.451461 0.876335
v 0.098006 -0.520660 0.873742
v 0.009239 -0.279281 0.960592
v 0.116810 -0.378397 0.940375
v -0.086782 -0.335543 0.929627
v -0.042241 0.465953 0.685463
v 0.035445 0.455224 0.679209
v 0.002668 0.349438 0.769453
v 0.061894 0.388315 0.735089
v -0.060991 0.392617 0.730327
v -0.022631 -0.270854 -0.265631
v 0.018003 -0.268063 -0.260712
v -0.004155 -0.148290 -0.333266
v 0.031297 -0.192326 -0.300648
v -0.036344 -0.195544 -0.304083
v -0.058541 0.614933 -0.495396
v 0.054801 0.616794 -0.496555
v 0.000025 0.478128 -0.592628
v 0.092146 0.535277 -0.558286
v -0.090722 0.529005 -0.554913
v 0.375512 0.159209 -0.064471
v 0.378894 0.074473 -0.048285
v 0.370444 0.098472 -0.103609
v 0.364980 0.156064 -0.120241
v 0.386690 0.111197 -0.022863
v 0.354964 0.169752 0.480280
v 0.363830 0.048917 0.485912
v 0.348434 0.067960 0.550073
v 0.341395 0.144384 0.543042
v 0.369019 0.111472 0.445131
v -0.359332 0.170810 -0.057271
v -0.346419 0.083564 -0.037743
v -0.324002 0.108120 -0.099485
v -0.333048 0.165974 -0.115429
v -0.367429 0.123216 -0.011084
v -0.381772 0.172329 0.485808
v -0.379351 0.046211 0.487902
v -0.368810 0.066219 0.550737
v -0.367719 0.146852 0.548741
v -0.387107 0.109969 0.448571
v -0.082617 0.761681 0.170966
v 0.080541 0.738138 0.168885
v -0.049419 0.733176 0.262624
v -0.042305 0.778386 0.037997
v 0.039778 0.714436 0.253772
v 0.043597 0.782661 0.062709
v -0.222987 0.622792 0.414322
v -0.134630 0.554484 0.553148
v -0.138033 0.645672 0.417953
v -0.251022 0.556680 0.464808
v -0.091923 0.609758 0.488151
v -0.209848 0.522954 0.536115
v -0.239612 0.750663 -0.180554
v -0.200638 0.764060 -0.357318
v -0.185102 0.934083 -0.345753
v -0.392889 0.784968 -0.148659
v -0.153130 0.862241 -0.302266
v -0.293052 0.718006 -0.332581
v -0.306302 0.459892 0.069568
v -0.341634 0.303950 -0.009386
v -0.301005 0.472008 -0.056291
v -0.343161 0.388069 0.140075
v -0.318170 0.388321 -0.085727
v -0.355828 0.309989 0.094358
v -0.345573 0.473239 0.361683
v -0.368781 0.326532 0.429138
v -0.334023 0.464638 0.430271
v -0.368231 0.403338 0.322658
v -0.345134 0.390426 0.468136
v -0.380765 0.331814 0.354993
v 0.213765 0.611494 0.398570
v 0.134897 0.554213 0.552577
v 0.133783 0.635595 0.407800
v 0.094363 0.617605 0.491278
v 0.239886 0.545451 0.457972
v 0.207237 0.515786 0.534072
v 0.189331 0.695839 -0.131102
v 0.195870 0.785084 -0.360345
v 0.130332 0.772110 -0.167766
v 0.171335 0.958330 -0.274937
v 0.391547 0.746203 -0.224084
v 0.252816 0.720176 -0.336453
v 0.289748 0.443481 0.080037
v 0.354256 0.293425 -0.013484
v 0.280498 0.459441 -0.058160
v 0.327692 0.366206 0.147359
v 0.314734 0.377095 -0.087902
v 0.356278 0.295194 0.092894
v 0.307116 0.457522 0.359695
v 0.343496 0.321606 0.427797
v 0.304132 0.450312 0.425198
v 0.331767 0.387874 0.323067
v 0.321595 0.384343 0.464511
v 0.349466 0.322003 0.355294
v -0.109805 -0.586656 0.181116
v 0.101590 -0.599802 0.188495
v -0.048015 -0.580827 0.301100
v -0.065698 -0.572107 0.101027
v 0.043660 -0.587327 0.307588
v 0.062148 -0.578560 0.100720
v -0.201635 -0.492175 0.500716
v -0.210053 -0.750549 0.813831
v -0.140573 -0.579986 0.533197
v -0.279498 -0.459690 0.593863
v -0.120197 -0.658721 0.681606
v -0.332219 -0.540693 0.748024
v -0.289171 -0.566652 -0.113968
v -0.109732 -0.376831 -0.125169
v -0.163755 -0.566078 -0.096019
v -0.281114 -0.415755 -0.111444
v -0.099175 -0.450987 -0.080678
v -0.180022 -0.350863 -0.111843
v -0.379243 -0.262956 0.082049
v -0.355588 -0.070069 0.024304
v -0.369825 -0.247002 -0.013592
v -0.385073 -0.178827 0.144379
v -0.343332 -0.140330 -0.029807
v -0.378741 -0.087946 0.107331
v -0.372101 -0.279178 0.368997
v -0.378495 -0.112354 0.440934
v -0.361663 -0.281023 0.461241
v -0.381003 -0.193433 0.327717
v -0.368331 -0.193754 0.496703
v -0.382972 -0.112967 0.364794
v 0.228079 -0.503461 0.535286
v 0.232676 -0.602875 0.769990
v 0.198052 -0.618549 0.609598
v 0.180278 -0.752379 0.811803
v 0.287440 -0.451912 0.596453
v 0.307272 -0.498321 0.702874
v 0.290340 -0.575781 -0.116191
v 0.106702 -0.378345 -0.123497
v 0.172231 -0.569934 -0.093034
v 0.098042 -0.456168 -0.092646
v 0.283880 -0.430298 -0.106249
v 0.182142 -0.356582 -0.111674
v 0.379986 -0.271966 0.079571
v 0.367421 -0.074100 0.021301
v 0.366680 -0.260211 -0.007755
v 0.382234 -0.183223 0.137854
v 0.351345 -0.150596 -0.027961
v 0.382841 -0.090615 0.101582
v 0.373648 -0.279053 0.364337
v 0.374762 -0.110940 0.439286
v 0.364869 -0.280165 0.462077
v 0.384603 -0.194200 0.317711
v 0.369074 -0.191953 0.498547
v 0.383866 -0.112733 0.356212
v -0.000310 -0.037869 1.033768
v 0.004687 0.167710 0.886216
v 0.091974 0.014812 0.967046
v -0.090606 0.011981 0.969951
v 0.085506 0.119777 0.907070
v -0.080601 0.117547 0.900826
v 0.281754 -0.221722 0.876033
v 0.333233 -0.056015 0.705394
v 0.332246 -0.262852 0.778720
v 0.342623 -0.165345 0.694195
v 0.263456 -0.085883 0.881238
v 0.300885 -0.016665 0.792343
v -0.280173 -0.211721 0.879662
v -0.335885 -0.057959 0.699636
v -0.329297 -0.253997 0.786667
v -0.343202 -0.165667 0.692631
v -0.266379 -0.087074 0.879225
v -0.306706 -0.017680 0.788779
v 0.203442 0.316307 0.717351
v 0.297792 0.239232 0.653430
v 0.247498 0.364131 0.644024
v 0.287866 0.323955 0.612827
v 0.214000 0.224949 0.766774
v 0.271949 0.187230 0.736801
v -0.212973 0.325956 0.722006
v -0.311219 0.244386 0.652421
v -0.253017 0.369935 0.641053
v -0.301217 0.331315 0.611646
v -0.219523 0.232900 0.772865
v -0.275221 0.191436 0.734792
v -0.004241 0.043918 -0.452546
v 0.000663 0.244829 -0.633894
v 0.072296 0.087920 -0.489383
v -0.077205 0.085280 -0.487871
v 0.102461 0.177389 -0.603710
v -0.100520 0.172050 -0.598392
v 0.137957 -0.089828 -0.259247
v 0.259248 0.018478 -0.187034
v 0.188294 -0.135611 -0.183813
v 0.252820 -0.078919 -0.154867
v 0.153289 0.008475 -0.316488
v 0.206514 0.064909 -0.274369
v -0.135318 -0.090968 -0.262001
v -0.243534 0.021972 -0.189612
v -0.174369 -0.130835 -0.179694
v -0.235702 -0.071986 -0.152973
v -0.153289 0.006927 -0.317807
v -0.205504 0.064166 -0.277484
v 0.290636 0.415283 -0.504370
v 0.308573 0.283809 -0.276094
v 0.302264 0.469885 -0.392473
v 0.314846 0.378434 -0.290200
v 0.319168 0.289729 -0.531167
v 0.302974 0.236904 -0.380697
v -0.296994 0.410492 -0.514506
v -0.311050 0.277714 -0.291627
v -0.303645 0.458992 -0.392268
v -0.316658 0.374803 -0.295129
v -0.321208 0.269416 -0.556130
v -0.302938 0.229556 -0.392552
v 0.387549 0.108153 0.136968
v 0.381930 0.108010 0.302890
v 0.378355 0.171329 0.179734
v 0.375659 0.176032 0.263801
v 0.393771 0.043499 0.183183
v 0.392840 0.039382 0.266569
v -0.393813 0.116160 0.146595
v -0.391327 0.113808 0.309221
v -0.401853 0.179369 0.187214
v -0.401015 0.185198 0.269729
v -0.390447 0.048330 0.192998
v -0.388701 0.043863 0.274749
v -0.199291 0.682567 0.283495
v -0.163860 0.679183 0.068353
v -0.131802 0.727588 0.274744
v -0.107042 0.727334 0.029451
v -0.290642 0.590477 0.346830
v -0.176848 0.674102 0.351495
v -0.275748 0.580426 0.405946
v -0.229407 0.583760 0.052315
v -0.176566 0.738758 -0.133229
v -0.249241 0.615771 -0.117939
v -0.300885 0.524620 0.240634
v -0.273056 0.536918 -0.014194
v -0.322515 0.458306 0.191573
v -0.318440 0.534432 0.391282
v -0.341111 0.467487 0.289737
v 0.202258 0.674740 0.266874
v 0.154081 0.683929 0.122829
v 0.127495 0.697474 0.255467
v 0.103923 0.738455 0.085758
v 0.256584 0.578255 0.333966
v 0.172558 0.656324 0.330786
v 0.257415 0.568377 0.391857
v 0.222956 0.580651 0.073034
v 0.120615 0.702834 -0.009783
v 0.227511 0.607729 -0.087252
v 0.270268 0.516940 0.247136
v 0.252012 0.526286 -0.004090
v 0.294966 0.441738 0.201268
v 0.281812 0.516161 0.381211
v 0.304428 0.452091 0.286919
v -0.205561 -0.525149 0.270241
v -0.313860 -0.709604 0.093654
v -0.131179 -0.550945 0.277979
v -0.168278 -0.717157 0.077722
v -0.299642 -0.418568 0.344009
v -0.162537 -0.529666 0.393372
v -0.280483 -0.428301 0.457448
v -0.384292 -0.474590 0.055702
v -0.232571 -0.701357 -0.065410
v -0.372595 -0.467137 -0.060021
v -0.359728 -0.353959 0.215429
v -0.388115 -0.359865 0.012325
v -0.377671 -0.269767 0.180504
v -0.339056 -0.357125 0.412370
v -0.376979 -0.274469 0.277097
v 0.202069 -0.523637 0.278709
v 0.326797 -0.694402 0.088221
v 0.125782 -0.559528 0.290300
v 0.176242 -0.683988 0.063825
v 0.301349 -0.419763 0.347979
v 0.151345 -0.522397 0.423143
v 0.286395 -0.426836 0.467137
v 0.381259 -0.481092 0.048702
v 0.244725 -0.698097 -0.073196
v 0.372985 -0.481577 -0.063074
v 0.359063 -0.359278 0.210576
v 0.387888 -0.375073 0.011115
v 0.376513 -0.275431 0.173506
v 0.344485 -0.358922 0.412783
v 0.376795 -0.277670 0.269396
v 0.013406 -0.560392 0.828087
v -0.186011 -0.417945 0.903100
v -0.067018 -0.644021 0.802305
v -0.318098 -0.531792 0.898260
v 0.253698 -0.540840 0.908551
v 0.089712 -0.621609 0.786679
v 0.349771 -0.590749 0.782668
v 0.110213 -0.224954 0.976322
v -0.101732 -0.215768 0.971756
v 0.100475 -0.095166 0.991424
v -0.101724 -0.097235 0.993336
v 0.327084 -0.392661 0.864969
v 0.199754 -0.156106 0.952452
v -0.303608 -0.348506 0.881430
v -0.201359 -0.156573 0.954857
v -0.003939 0.521906 0.627386
v -0.119115 0.445855 0.680679
v -0.046060 0.572254 0.561305
v -0.166460 0.486037 0.610847
v 0.116913 0.433382 0.677764
v 0.046037 0.576946 0.562849
v 0.170507 0.482334 0.613145
v 0.077056 0.311067 0.797786
v -0.069169 0.309043 0.780576
v 0.082708 0.219856 0.855104
v -0.074619 0.217547 0.838180
v 0.193521 0.404267 0.668557
v 0.147524 0.267185 0.788717
v -0.192583 0.408639 0.664989
v -0.149128 0.271874 0.785561
v -0.002059 -0.326454 -0.204068
v -0.065989 -0.241087 -0.245853
v -0.037380 -0.382757 -0.136461
v -0.114020 -0.286895 -0.168959
v 0.066514 -0.238334 -0.240583
v 0.036683 -0.384813 -0.138915
v 0.111518 -0.289043 -0.163005
v 0.041440 -0.097832 -0.341280
v -0.050491 -0.103451 -0.347694
v 0.052486 0.000500 -0.400810
v -0.062928 -0.006479 -0.406441
v 0.124714 -0.191321 -0.211769
v 0.096373 -0.045520 -0.336188
v -0.119710 -0.189657 -0.213349
v -0.103754 -0.052332 -0.344796
v -0.005786 0.680867 -0.434340
v -0.173603 0.591204 -0.497747
v -0.094593 0.773062 -0.371026
v -0.252750 0.670437 -0.424419
v 0.159559 0.601219 -0.500507
v 0.084294 0.758130 -0.386762
v 0.231567 0.707261 -0.434209
v 0.116136 0.424179 -0.616208
v -0.114275 0.421484 -0.617189
v 0.119449 0.310200 -0.668855
v -0.116782 0.301542 -0.667804
v 0.265428 0.555875 -0.482009
v 0.232208 0.365594 -0.609764
v -0.262526 0.534256 -0.469933
v -0.232276 0.359941 -0.630134
v 0.368420 0.219605 -0.120049
v 0.383026 0.163094 0.006053
v 0.352057 0.289769 -0.109509
v 0.373441 0.227482 0.044845
v 0.354171 0.031232 -0.077876
v 0.385194 0.060530 0.018575
v 0.342415 -0.053367 -0.051138
v 0.381208 -0.005157 0.061973
v 0.331148 0.142839 -0.166994
v 0.308781 -0.022977 -0.117457
v 0.267522 0.113983 -0.213724
v 0.343319 0.294459 -0.194671
v 0.282816 0.201424 -0.247604
v 0.380602 0.167786 0.092317
v 0.391248 0.052575 0.097616
v 0.337853 0.222920 0.524288
v 0.363661 0.178209 0.413807
v 0.332862 0.305438 0.497146
v 0.358237 0.251351 0.384359
v 0.356486 -0.014531 0.543265
v 0.374655 0.041664 0.417221
v 0.364819 -0.102518 0.524963
v 0.377535 -0.033455 0.388021
v 0.326895 0.101238 0.614044
v 0.350942 -0.084760 0.614122
v 0.312610 0.045424 0.696224
v 0.316829 0.277267 0.571702
v 0.301684 0.142289 0.677963
v 0.369569 0.178774 0.341832
v 0.382316 0.038994 0.343680
v -0.341047 0.226476 -0.118418
v -0.375910 0.171587 0.014591
v -0.334826 0.300872 -0.107384
v -0.367630 0.234649 0.051955
v -0.319478 0.040083 -0.074194
v -0.368929 0.066544 0.029978
v -0.322880 -0.043918 -0.048397
v -0.371914 -0.004331 0.069274
v -0.302204 0.145806 -0.171157
v -0.283578 -0.014283 -0.116487
v -0.259257 0.110873 -0.227865
v -0.333669 0.292749 -0.200357
v -0.280122 0.199089 -0.261276
v -0.388125 0.174909 0.101149
v -0.386000 0.055605 0.108700
v -0.363387 0.231300 0.531526
v -0.391197 0.181975 0.418517
v -0.356557 0.315379 0.503912
v -0.388566 0.256592 0.386971
v -0.368064 -0.016518 0.541191
v -0.385303 0.040135 0.420476
v -0.369582 -0.104454 0.522538
v -0.383296 -0.034987 0.393165
v -0.344617 0.101288 0.615615
v -0.355567 -0.086827 0.609864
v -0.322940 0.044895 0.694584
v -0.339257 0.289818 0.578267
v -0.314913 0.145552 0.679445
v -0.397613 0.185018 0.346615
v -0.387835 0.040208 0.349994
v -0.004257 0.694601 0.341343
v -0.046793 0.658512 0.418606
v -0.010821 0.792730 -0.091744
v -0.074071 0.846752 -0.238136
v 0.045610 0.654274 0.416809
v 0.046542 0.803972 -0.203089
v -0.274748 0.488013 0.517843
v -0.318394 0.447312 0.499597
v -0.288302 0.412539 0.566725
v -0.358584 0.635359 -0.264144
v -0.308841 0.491971 -0.175685
v -0.312292 0.490433 -0.281917
v -0.375738 0.317983 0.196252
v -0.383685 0.327302 0.279734
v -0.394148 0.250334 0.234184
v 0.257022 0.475212 0.513828
v 0.292468 0.430821 0.489907
v 0.272672 0.401404 0.564625
v 0.321533 0.636522 -0.266433
v 0.284287 0.485176 -0.184462
v 0.298748 0.494199 -0.283244
v 0.358139 0.302521 0.192655
v 0.353837 0.314640 0.277425
v 0.369919 0.241753 0.227266
v -0.002411 -0.609056 0.432441
v -0.043772 -0.620017 0.561539
v 0.005010 -0.525732 0.032317
v -0.055213 -0.506840 -0.039361
v 0.075199 -0.651820 0.603498
v 0.064572 -0.503172 -0.034678
v -0.329529 -0.385396 0.647956
v -0.352951 -0.281816 0.564317
v -0.344336 -0.276363 0.676488
v -0.259856 -0.288499 -0.110894
v -0.320335 -0.214661 -0.083129
v -0.243140 -0.175022 -0.127195
v -0.386028 -0.100617 0.198089
v -0.383105 -0.108147 0.287254
v -0.387639 -0.026759 0.239814
v 0.331139 -0.378574 0.632372
v 0.354714 -0.279658 0.563645
v 0.345194 -0.277362 0.667968
v 0.266428 -0.300377 -0.103927
v 0.327692 -0.227961 -0.079100
v 0.254642 -0.184257 -0.124399
v 0.388802 -0.103451 0.187571
v 0.389868 -0.110029 0.273182
v 0.397895 -0.028530 0.231165
v 0.166353 0.071008 0.890704
v 0.243952 0.026776 0.857236
v -0.167799 0.072628 0.898298
v -0.244294 0.026812 0.854285
v 0.226376 0.127963 0.814187
v -0.228290 0.133441 0.818680
v 0.166469 0.125963 -0.510457
v 0.191702 0.092631 -0.390719
v -0.163500 0.125291 -0.504298
v -0.183790 0.097902 -0.389877
v 0.267771 0.170988 -0.482702
v -0.267830 0.151286 -0.484617
v -0.223489 0.638229 0.213979
v -0.246350 0.628918 0.256290
v -0.221265 0.621111 0.183402
v -0.242615 0.599417 0.205876
v -0.258125 0.604736 0.248453
v 0.214838 0.647978 0.230630
v 0.229081 0.632101 0.259423
v 0.216188 0.632230 0.207412
v 0.230486 0.607879 0.226317
v 0.238064 0.607844 0.257639
v -0.303687 -0.528511 0.189957
v -0.296664 -0.488666 0.224514
v -0.331118 -0.522726 0.158226
v -0.334920 -0.475269 0.175961
v -0.317768 -0.460557 0.215914
v 0.304554 -0.528465 0.191855
v 0.297652 -0.490169 0.226538
v 0.332124 -0.524563 0.159591
v 0.335878 -0.478871 0.175938
v 0.318828 -0.464023 0.217138
v -0.012833 -0.412079 0.896942
v 0.049036 -0.439854 0.900064
v 0.014032 -0.336062 0.938188
v 0.060650 -0.384512 0.926277
v -0.029848 -0.358436 0.923541
v -0.018863 0.436701 0.707139
v 0.014940 0.432257 0.705212
v 0.000754 0.387419 0.746777
v 0.026894 0.402906 0.730567
v -0.027391 0.405965 0.728996
v -0.011242 -0.245871 -0.288135
v 0.005122 -0.242685 -0.284797
v -0.002170 -0.192163 -0.318223
v 0.011860 -0.209725 -0.301712
v -0.017045 -0.211444 -0.304375
v -0.024274 0.587895 -0.523342
v 0.030840 0.594929 -0.527245
v 0.000404 0.527808 -0.565241
v 0.046363 0.558772 -0.552592
v -0.041241 0.554901 -0.550013
v 0.377929 0.134084 -0.070846
v 0.381918 0.097636 -0.063903
v 0.378240 0.107960 -0.088221
v 0.374075 0.132513 -0.094164
v 0.384493 0.112922 -0.053065
v 0.357002 0.136885 0.491174
v 0.360759 0.083135 0.493924
v 0.353437 0.091802 0.521378
v 0.350712 0.124828 0.519417
v 0.363285 0.111105 0.475524
v -0.354178 0.148501 -0.062367
v -0.347841 0.110069 -0.052626
v -0.338674 0.122150 -0.079837
v -0.342647 0.145761 -0.086536
v -0.357992 0.127267 -0.041729
v -0.380890 0.136534 0.496087
v -0.379453 0.080744 0.496719
v -0.374993 0.090124 0.524294
v -0.375696 0.125204 0.524058
v -0.383388 0.109223 0.479122
v -0.041338 0.763693 0.165983
v 0.040361 0.748804 0.164303
v -0.024412 0.745036 0.213520
v -0.017897 0.776359 0.110139
v 0.018750 0.735770 0.210107
v 0.021751 0.771026 0.112824
v -0.204170 0.607838 0.445443
v -0.158680 0.572500 0.515655
v -0.160345 0.618304 0.449666
v -0.218171 0.574318 0.472813
v -0.137589 0.599766 0.484417
v -0.196204 0.557335 0.508499
v -0.241339 0.780372 -0.227111
v -0.217857 0.768310 -0.312240
v -0.165726 0.819055 -0.250836
v -0.301083 0.759567 -0.231807
v -0.186390 0.822413 -0.291931
v -0.280896 0.743512 -0.297577
v -0.318149 0.425041 0.046747
v -0.334797 0.346026 0.007597
v -0.312953 0.427853 -0.013381
v -0.333991 0.386690 0.083094
v -0.320930 0.387050 -0.030306
v -0.341481 0.347718 0.061687
v -0.352623 0.438013 0.378263
v -0.363708 0.364937 0.412475
v -0.346365 0.434642 0.413859
v -0.364209 0.404252 0.359092
v -0.351657 0.396940 0.431461
v -0.370074 0.367602 0.375843
v 0.193334 0.595524 0.434054
v 0.153599 0.567836 0.512211
v 0.155044 0.611539 0.441449
v 0.134668 0.599902 0.481651
v 0.209244 0.563077 0.463889
v 0.190923 0.547899 0.502345
v 0.211006 0.759369 -0.189992
v 0.202491 0.820736 -0.309651
v 0.181757 0.815325 -0.204920
v 0.227283 0.925881 -0.287683
v 0.266238 0.757085 -0.235688
v 0.231712 0.759802 -0.285237
v 0.305502 0.405882 0.053908
v 0.337265 0.331990 0.006512
v 0.300412 0.412368 -0.011195
v 0.324587 0.367029 0.088685
v 0.317908 0.373640 -0.030976
v 0.339792 0.329856 0.063291
v 0.320710 0.425476 0.379067
v 0.337383 0.360571 0.414157
v 0.319184 0.424072 0.412730
v 0.330669 0.390927 0.360843
v 0.326491 0.390627 0.430685
v 0.340404 0.358710 0.377973
v -0.056373 -0.582935 0.191459
v 0.050106 -0.589673 0.194668
v -0.027559 -0.582569 0.247305
v -0.031963 -0.577164 0.146811
v 0.022351 -0.586181 0.249695
v 0.026622 -0.579112 0.147542
v -0.213340 -0.536977 0.571610
v -0.262461 -0.706965 0.731092
v -0.181013 -0.588812 0.590590
v -0.261113 -0.528665 0.622377
v -0.185582 -0.651875 0.667879
v -0.303245 -0.596407 0.698502
v -0.237259 -0.521491 -0.128163
v -0.146388 -0.416082 -0.110435
v -0.179490 -0.516568 -0.106507
v -0.236093 -0.447292 -0.115989
v -0.142407 -0.461796 -0.098356
v -0.186741 -0.405647 -0.111628
v -0.378008 -0.213025 0.066251
v -0.363403 -0.116007 0.037773
v -0.371735 -0.203998 0.019895
v -0.380412 -0.172180 0.097128
v -0.360783 -0.153292 0.008408
v -0.374563 -0.125287 0.080814
v -0.374571 -0.237984 0.390774
v -0.377816 -0.154115 0.426725
v -0.370568 -0.238460 0.434733
v -0.378943 -0.195066 0.368660
v -0.372660 -0.195522 0.452262
v -0.380290 -0.153992 0.386621
v 0.247753 -0.538341 0.614879
v 0.253110 -0.592974 0.743550
v 0.255698 -0.615419 0.667765
v 0.261458 -0.655050 0.770600
v 0.271484 -0.508058 0.637995
v 0.278336 -0.532761 0.695715
v 0.235431 -0.530667 -0.120688
v 0.145709 -0.420111 -0.111069
v 0.188184 -0.529045 -0.112148
v 0.143826 -0.467471 -0.102667
v 0.234675 -0.460922 -0.107792
v 0.187456 -0.412520 -0.110176
v 0.377681 -0.221330 0.065340
v 0.369814 -0.121498 0.036266
v 0.371636 -0.214137 0.022430
v 0.379419 -0.177933 0.093642
v 0.364504 -0.162129 0.009776
v 0.377627 -0.130169 0.077124
v 0.376470 -0.237189 0.386663
v 0.380527 -0.152814 0.423979
v 0.372234 -0.237130 0.433693
v 0.382203 -0.195009 0.361836
v 0.374044 -0.193923 0.452266
v 0.384207 -0.153642 0.381108
v 0.007348 0.003789 0.995079
v 0.004664 0.116226 0.919032
v 0.048950 0.038178 0.974385
v -0.041213 0.035813 0.966106
v 0.046422 0.092588 0.936551
v -0.038638 0.089581 0.929228
v 0.302852 -0.175294 0.838021
v 0.335250 -0.091332 0.754553
v 0.325179 -0.195749 0.789575
v 0.334854 -0.150556 0.746563
v 0.296369 -0.110415 0.842455
v 0.315839 -0.071553 0.801327
v -0.304507 -0.172724 0.839364
v -0.330146 -0.094064 0.745823
v -0.324210 -0.192378 0.789792
v -0.333307 -0.150751 0.743001
v -0.298987 -0.110739 0.839515
v -0.322093 -0.073052 0.795842
v 0.234372 0.297101 0.705798
v 0.284692 0.261174 0.676819
v 0.256473 0.322875 0.669438
v 0.276721 0.303247 0.653699
v 0.239905 0.252112 0.730215
v 0.268394 0.234310 0.716326
v -0.238553 0.305106 0.706931
v -0.287698 0.264234 0.672903
v -0.258432 0.328015 0.666064
v -0.284044 0.308202 0.650468
v -0.242599 0.258946 0.731202
v -0.268512 0.238462 0.713433
v -0.003021 0.088042 -0.498315
v -0.002239 0.180702 -0.603869
v 0.038682 0.110218 -0.521922
v -0.042975 0.109404 -0.520567
v 0.045465 0.155320 -0.578523
v -0.048630 0.154119 -0.575044
v 0.166066 -0.061438 -0.244730
v 0.227540 -0.007095 -0.208598
v 0.191479 -0.083431 -0.205024
v 0.223971 -0.056638 -0.189284
v 0.171502 -0.011315 -0.270877
v 0.200090 0.016300 -0.251004
v -0.160260 -0.060985 -0.244692
v -0.215924 -0.004323 -0.208663
v -0.179437 -0.080621 -0.202666
v -0.208908 -0.051943 -0.186107
v -0.166771 -0.011066 -0.270599
v -0.194993 0.016681 -0.251523
v 0.320181 0.382103 -0.463341
v 0.315230 0.313201 -0.338844
v 0.315132 0.406947 -0.400138
v 0.316893 0.366119 -0.343666
v 0.335131 0.322188 -0.468613
v 0.320063 0.289481 -0.396404
v -0.319455 0.374932 -0.467858
v -0.315760 0.306182 -0.349716
v -0.313162 0.397786 -0.403304
v -0.316794 0.359307 -0.350347
v -0.333542 0.309760 -0.479665
v -0.324418 0.279023 -0.408899
v 0.387802 0.107577 0.179918
v 0.385034 0.107954 0.263512
v 0.382957 0.139699 0.200372
v 0.381262 0.141005 0.242255
v 0.391327 0.075028 0.201951
v 0.389862 0.074406 0.244011
v -0.394724 0.115498 0.188686
v -0.389804 0.115334 0.271145
v -0.398624 0.148710 0.208526
v -0.396757 0.149598 0.249489
v -0.391909 0.081491 0.211744
v -0.389623 0.080202 0.252674
v -0.177753 0.684580 0.187237
v -0.118655 0.736243 0.169816
v -0.176869 0.700374 0.236512
v -0.155611 0.694201 0.120367
v -0.143844 0.724935 0.228967
v -0.126828 0.719673 0.108035
v -0.249198 0.638543 0.321608
v -0.237766 0.632488 0.384609
v -0.223966 0.662892 0.321941
v -0.268055 0.614152 0.350588
v -0.213434 0.656056 0.353557
v -0.262752 0.611073 0.382243
v -0.194253 0.635304 0.052492
v -0.214585 0.696367 -0.113466
v -0.174730 0.665704 0.015358
v -0.209476 0.616769 0.012702
v -0.178842 0.695019 -0.077892
v -0.214617 0.636706 -0.074680
v -0.261116 0.547809 0.155073
v -0.292893 0.492341 0.095711
v -0.253963 0.552742 0.089248
v -0.286477 0.519729 0.187521
v -0.272078 0.527185 0.058506
v -0.299934 0.490058 0.157880
v -0.305203 0.563516 0.303819
v -0.337056 0.507007 0.346065
v -0.309893 0.565607 0.338949
v -0.314950 0.531262 0.288444
v -0.324490 0.538399 0.359439
v -0.332550 0.501713 0.312308
v 0.179741 0.691507 0.202903
v 0.120288 0.726841 0.177373
v 0.178344 0.693118 0.230596
v 0.155939 0.702450 0.157602
v 0.143585 0.706969 0.221031
v 0.128341 0.727972 0.143392
v 0.229921 0.631067 0.306489
v 0.225360 0.621007 0.364487
v 0.216463 0.653375 0.301047
v 0.244689 0.603470 0.334631
v 0.208863 0.645854 0.330831
v 0.245725 0.599882 0.363371
v 0.181495 0.628766 0.096221
v 0.169882 0.649744 -0.060155
v 0.156472 0.657673 0.079464
v 0.199849 0.609860 0.046392
v 0.146151 0.667133 0.004440
v 0.198481 0.622625 -0.033655
v 0.247880 0.547297 0.169590
v 0.275284 0.479628 0.108867
v 0.242604 0.548912 0.104083
v 0.264139 0.514014 0.198205
v 0.256502 0.518282 0.070182
v 0.278274 0.478490 0.170327
v 0.265368 0.552654 0.299857
v 0.294314 0.489073 0.339791
v 0.268324 0.551797 0.330163
v 0.276753 0.520136 0.285793
v 0.281731 0.519951 0.351422
v 0.291666 0.487710 0.304998
v -0.249699 -0.600527 0.185969
v -0.156037 -0.605488 0.181468
v -0.204846 -0.562806 0.223713
v -0.259446 -0.674522 0.149270
v -0.163418 -0.566627 0.222277
v -0.196876 -0.669719 0.137957
v -0.251205 -0.473191 0.313853
v -0.218176 -0.482249 0.432860
v -0.217190 -0.498671 0.321659
v -0.268511 -0.447681 0.358070
v -0.198431 -0.503106 0.382359
v -0.255396 -0.451796 0.416248
v -0.367170 -0.593000 0.054646
v -0.330404 -0.594838 -0.073186
v -0.341409 -0.681084 0.027095
v -0.386192 -0.541682 0.023260
v -0.314107 -0.669462 -0.051397
v -0.373425 -0.538371 -0.039557
v -0.365610 -0.405710 0.136809
v -0.378206 -0.312936 0.099194
v -0.376855 -0.413803 0.086072
v -0.366127 -0.357237 0.166892
v -0.380269 -0.362280 0.066065
v -0.374367 -0.313493 0.149056
v -0.335663 -0.387821 0.279663
v -0.370475 -0.320546 0.344546
v -0.327126 -0.387185 0.328540
v -0.355387 -0.352675 0.263802
v -0.345107 -0.354829 0.361464
v -0.369678 -0.316437 0.295444
v 0.249325 -0.592549 0.185421
v 0.152403 -0.605653 0.180935
v 0.203010 -0.562311 0.229033
v 0.258766 -0.649661 0.130732
v 0.159549 -0.573386 0.231326
v 0.196518 -0.644656 0.123689
v 0.251075 -0.474298 0.323206
v 0.218841 -0.475905 0.458207
v 0.211432 -0.494418 0.333557
v 0.269790 -0.447742 0.366884
v 0.189030 -0.493084 0.404353
v 0.258287 -0.449387 0.430136
v 0.363549 -0.593666 0.054841
v 0.337120 -0.608215 -0.081250
v 0.352399 -0.671572 0.035606
v 0.382122 -0.547144 0.015714
v 0.322063 -0.667580 -0.042207
v 0.366994 -0.549631 -0.040564
v 0.365765 -0.412730 0.132260
v 0.379715 -0.322069 0.095251
v 0.377465 -0.422467 0.080851
v 0.366597 -0.364141 0.162141
v 0.383073 -0.373646 0.061931
v 0.374424 -0.320287 0.143651
v 0.335520 -0.391102 0.277697
v 0.368834 -0.319877 0.338579
v 0.328467 -0.389148 0.328710
v 0.353963 -0.356131 0.259414
v 0.346801 -0.355924 0.359901
v 0.368244 -0.318749 0.289618
v -0.091362 -0.500919 0.871211
v -0.175917 -0.681980 0.948352
v -0.060994 -0.554404 0.847600
v -0.164685 -0.490501 0.890674
v -0.098027 -0.628774 0.865282
v -0.222771 -0.565985 0.907898
v 0.117969 -0.638044 0.950413
v 0.210276 -0.611676 0.800407
v 0.088935 -0.592270 0.840746
v 0.262426 -0.687672 0.910122
v 0.130630 -0.611357 0.810316
v 0.271820 -0.624904 0.823887
v 0.004762 -0.215188 0.986517
v -0.000258 -0.095734 1.010522
v 0.055684 -0.188249 0.987502
v -0.050243 -0.184784 0.988071
v 0.052194 -0.125783 0.998597
v -0.051586 -0.125562 1.000152
v 0.170947 -0.356941 0.948019
v 0.255767 -0.269749 0.911261
v 0.234223 -0.420566 0.926822
v 0.164296 -0.269078 0.959257
v 0.275706 -0.362275 0.907365
v 0.209218 -0.229887 0.946971
v -0.147441 -0.310345 0.934587
v -0.251415 -0.248985 0.915068
v -0.199914 -0.347843 0.917409
v -0.154804 -0.247689 0.955496
v -0.258053 -0.316321 0.909949
v -0.207096 -0.217985 0.948304
v -0.067746 0.495520 0.659844
v -0.111120 0.534708 0.589633
v -0.047335 0.522008 0.628628
v -0.106178 0.485369 0.656408
v -0.069210 0.545186 0.594761
v -0.129089 0.504247 0.620622
v 0.058887 0.479131 0.649982
v 0.110135 0.531173 0.587009
v 0.040376 0.515377 0.623589
v 0.101357 0.468869 0.648023
v 0.065256 0.540927 0.591224
v 0.127596 0.494146 0.616082
v 0.004354 0.307627 0.796670
v 0.005373 0.216341 0.856128
v 0.043099 0.287619 0.816006
v -0.033065 0.285194 0.803799
v 0.046078 0.241858 0.847510
v -0.034320 0.239653 0.833319
v 0.100099 0.373269 0.738406
v 0.171934 0.336270 0.727979
v 0.128308 0.395305 0.706478
v 0.107202 0.333301 0.767679
v 0.165958 0.379866 0.702945
v 0.142090 0.312577 0.762383
v -0.098552 0.377684 0.731263
v -0.178650 0.344903 0.729864
v -0.129675 0.404016 0.704884
v -0.104269 0.334565 0.756470
v -0.167967 0.386631 0.700814
v -0.144937 0.317486 0.758244
v -0.038131 -0.291728 -0.230025
v -0.080234 -0.343260 -0.156824
v -0.029193 -0.322882 -0.200129
v -0.062843 -0.279039 -0.219193
v -0.048920 -0.349954 -0.164492
v -0.085449 -0.303251 -0.181783
v 0.034769 -0.290264 -0.226540
v 0.076788 -0.344075 -0.154079
v 0.025687 -0.323381 -0.199629
v 0.060983 -0.277745 -0.215160
v 0.046293 -0.350975 -0.164557
v 0.083088 -0.303844 -0.177194
v -0.004804 -0.100241 -0.353889
v -0.004667 -0.003187 -0.412728
v 0.019506 -0.074422 -0.362583
v -0.029362 -0.077636 -0.365550
v 0.022482 -0.024891 -0.391478
v -0.032553 -0.029031 -0.394748
v 0.054040 -0.171303 -0.296714
v 0.108995 -0.117487 -0.272495
v 0.072702 -0.193873 -0.263701
v 0.061185 -0.121399 -0.315499
v 0.101595 -0.167551 -0.248860
v 0.087949 -0.094615 -0.307907
v -0.058436 -0.177259 -0.303294
v -0.109502 -0.120420 -0.277404
v -0.074489 -0.197311 -0.269484
v -0.067493 -0.129534 -0.324804
v -0.100362 -0.169159 -0.253369
v -0.093274 -0.101093 -0.316341
v -0.094996 0.649121 -0.464132
v -0.177073 0.763550 -0.410899
v -0.071595 0.687983 -0.434763
v -0.156755 0.649041 -0.466267
v -0.113775 0.738329 -0.403519
v -0.197626 0.716077 -0.448292
v 0.085365 0.648777 -0.466417
v 0.155749 0.734922 -0.399899
v 0.059268 0.684829 -0.436173
v 0.139991 0.649891 -0.468617
v 0.099600 0.726600 -0.406259
v 0.173566 0.697259 -0.435057
v -0.000019 0.424425 -0.620658
v 0.004894 0.302280 -0.668553
v 0.065548 0.401544 -0.641658
v -0.061497 0.393389 -0.635774
v 0.068892 0.336797 -0.671917
v -0.066394 0.334223 -0.663146
v 0.143126 0.510252 -0.559385
v 0.254338 0.456451 -0.540641
v 0.177146 0.544885 -0.528413
v 0.158827 0.450911 -0.585903
v 0.234101 0.521575 -0.517919
v 0.218025 0.423464 -0.584397
v -0.144519 0.504409 -0.555902
v -0.259251 0.451777 -0.549546
v -0.185835 0.534248 -0.525074
v -0.158702 0.448876 -0.587424
v -0.245174 0.509759 -0.524212
v -0.216950 0.419838 -0.588231
v 0.375523 0.187744 -0.056716
v 0.367076 0.255785 -0.030920
v 0.370657 0.219349 -0.084257
v 0.378941 0.191080 -0.018191
v 0.367342 0.253223 -0.075562
v 0.374562 0.223735 -0.001925
v 0.372618 0.045256 -0.030783
v 0.364991 -0.030680 0.005021
v 0.359621 0.021141 -0.045620
v 0.377388 0.038219 0.003041
v 0.355727 -0.020895 -0.030730
v 0.372850 0.002723 0.024134
v 0.364895 0.082787 -0.117294
v 0.290990 0.042935 -0.162967
v 0.346923 0.045612 -0.108872
v 0.330037 0.105108 -0.151406
v 0.314959 0.021626 -0.129142
v 0.297021 0.087778 -0.174638
v 0.355249 0.184288 -0.152113
v 0.320256 0.250050 -0.228660
v 0.357590 0.218708 -0.154517
v 0.331897 0.179205 -0.179115
v 0.340728 0.253932 -0.192641
v 0.311691 0.210140 -0.218630
v 0.387308 0.109716 0.012656
v 0.386900 0.108654 0.094195
v 0.385417 0.136022 0.028810
v 0.387755 0.083932 0.035518
v 0.384165 0.137516 0.071671
v 0.389211 0.081604 0.075157
v 0.353515 0.206167 0.468042
v 0.347414 0.283253 0.441724
v 0.345245 0.235171 0.489396
v 0.357850 0.212398 0.434000
v 0.342611 0.275222 0.476198
v 0.355180 0.251688 0.420907
v 0.366275 0.011324 0.476231
v 0.370784 -0.069273 0.452487
v 0.362876 -0.022652 0.504257
v 0.371167 0.006935 0.440263
v 0.366076 -0.064841 0.494079
v 0.372905 -0.031950 0.427008
v 0.343444 0.040467 0.583370
v 0.334593 -0.022419 0.660746
v 0.348516 -0.003314 0.581648
v 0.332400 0.056162 0.618645
v 0.345490 -0.036805 0.618754
v 0.327106 0.026760 0.658769
v 0.331353 0.166947 0.569946
v 0.309169 0.213251 0.625314
v 0.329167 0.207756 0.559936
v 0.323252 0.145003 0.606922
v 0.318522 0.233150 0.585627
v 0.311278 0.167047 0.636670
v 0.371612 0.110131 0.412004
v 0.379148 0.109116 0.340830
v 0.370277 0.144260 0.395128
v 0.376526 0.075764 0.395903
v 0.373286 0.144158 0.359092
v 0.379121 0.074808 0.360051
v -0.360460 0.196597 -0.050367
v -0.349900 0.264697 -0.025627
v -0.351056 0.225520 -0.080463
v -0.366873 0.198870 -0.010733
v -0.345758 0.260986 -0.071442
v -0.361976 0.231226 0.004927
v -0.348001 0.052140 -0.023118
v -0.350275 -0.025471 0.009462
v -0.335421 0.028156 -0.041183
v -0.358815 0.042438 0.011774
v -0.335876 -0.011679 -0.026359
v -0.360057 0.005663 0.030332
v -0.308117 0.091474 -0.120345
v -0.267937 0.046998 -0.167969
v -0.304174 0.054296 -0.107520
v -0.295090 0.109065 -0.158338
v -0.285250 0.029245 -0.129924
v -0.274144 0.089002 -0.184325
v -0.324234 0.190541 -0.149752
v -0.312717 0.247915 -0.238969
v -0.331201 0.223506 -0.155356
v -0.310939 0.182068 -0.181826
v -0.331043 0.253093 -0.198811
v -0.300791 0.209532 -0.227347
v -0.374732 0.120914 0.024365
v -0.388651 0.116933 0.105147
v -0.380597 0.145692 0.039964
v -0.376762 0.091967 0.046715
v -0.387971 0.145820 0.081300
v -0.384381 0.088617 0.086394
v -0.380946 0.211053 0.473810
v -0.373520 0.288164 0.445256
v -0.371834 0.243238 0.496437
v -0.385940 0.215815 0.438743
v -0.367625 0.283226 0.482337
v -0.383644 0.254389 0.424152
v -0.378303 0.009144 0.477736
v -0.377542 -0.071274 0.453938
v -0.373575 -0.024765 0.503869
v -0.381178 0.005055 0.442454
v -0.373840 -0.066892 0.493485
v -0.380529 -0.033671 0.429400
v -0.358964 0.038563 0.582744
v -0.342595 -0.023837 0.657040
v -0.360581 -0.005483 0.579604
v -0.347318 0.054961 0.618169
v -0.353245 -0.038628 0.615041
v -0.338055 0.025303 0.656829
v -0.354560 0.169767 0.574847
v -0.327544 0.219849 0.628089
v -0.353201 0.214730 0.566222
v -0.342816 0.147664 0.610040
v -0.340831 0.242358 0.591536
v -0.328524 0.171328 0.639261
v -0.389365 0.110726 0.416224
v -0.392129 0.112305 0.346059
v -0.392126 0.146998 0.399627
v -0.388912 0.075444 0.400542
v -0.394488 0.147978 0.363856
v -0.389815 0.075826 0.365577
v -0.071504 0.719138 0.307573
v -0.115708 0.671806 0.383435
v -0.115492 0.716614 0.312825
v -0.136890 0.689699 0.349993
v -0.050285 0.701438 0.345184
v -0.071144 0.677673 0.382328
v -0.067553 0.770391 -0.052449
v -0.222628 0.965039 -0.235747
v -0.099895 0.741463 -0.067766
v -0.155593 0.779935 -0.172713
v -0.059995 0.794570 -0.120029
v -0.104347 0.840159 -0.209094
v 0.062721 0.695424 0.295183
v 0.110586 0.656451 0.372263
v 0.106942 0.686726 0.294410
v 0.130391 0.666794 0.332646
v 0.041648 0.685463 0.337553
v 0.065754 0.665731 0.375641
v 0.055972 0.774069 0.005098
v 0.095256 0.762220 -0.110239
v 0.085094 0.749990 0.020702
v 0.097983 0.735906 -0.030917
v 0.034351 0.782130 -0.070955
v 0.058412 0.782005 -0.129869
v -0.278034 0.537639 0.458172
v -0.319784 0.492924 0.443590
v -0.289472 0.549277 0.428477
v -0.310121 0.525793 0.421363
v -0.289259 0.504474 0.484904
v -0.312310 0.483887 0.476980
v -0.044964 0.616659 0.491080
v 0.048762 0.622924 0.494004
v -0.022058 0.598394 0.527969
v 0.025762 0.601699 0.529033
v -0.022251 0.640623 0.456047
v 0.025016 0.642747 0.457904
v -0.222473 0.486112 0.563098
v -0.245357 0.409820 0.613684
v -0.201267 0.466892 0.600116
v -0.214055 0.429100 0.626772
v -0.254737 0.468081 0.552231
v -0.264022 0.429682 0.575458
v -0.439187 0.675578 -0.194938
v -0.292936 0.521161 -0.104529
v -0.304006 0.603798 -0.141108
v -0.279457 0.552255 -0.087508
v -0.409455 0.597334 -0.199365
v -0.306890 0.544564 -0.163885
v -0.075805 0.848468 -0.333859
v 0.096428 0.843316 -0.312360
v -0.073314 0.789576 -0.371628
v 0.031969 0.813241 -0.405240
v -0.037148 0.836883 -0.286567
v 0.027282 0.826012 -0.272299
v -0.289645 0.659615 -0.354722
v -0.296680 0.521159 -0.379356
v -0.273329 0.627143 -0.399154
v -0.277508 0.562864 -0.417446
v -0.312752 0.616649 -0.316449
v -0.307079 0.541104 -0.324696
v -0.355029 0.391278 0.195614
v -0.367700 0.400193 0.285710
v -0.343863 0.427013 0.222993
v -0.354680 0.433580 0.269238
v -0.371228 0.357289 0.220833
v -0.374865 0.362281 0.264552
v -0.318232 0.389803 -0.140060
v -0.317621 0.384581 -0.243275
v -0.325382 0.342831 -0.148427
v -0.325054 0.340155 -0.197719
v -0.312006 0.440010 -0.184948
v -0.313766 0.438484 -0.237125
v -0.370693 0.275138 0.121924
v -0.394273 0.210030 0.167746
v -0.375036 0.237913 0.099519
v -0.386265 0.207505 0.122730
v -0.379624 0.279292 0.170510
v -0.393122 0.244664 0.193262
v -0.337999 0.382538 0.505058
v -0.316849 0.352630 0.575726
v -0.343868 0.345904 0.524422
v -0.333054 0.329936 0.559762
v -0.324131 0.410626 0.521698
v -0.310857 0.393768 0.555336
v -0.390860 0.295375 0.333941
v -0.400466 0.220481 0.290420
v -0.393546 0.258158 0.349962
v -0.400214 0.221311 0.328482
v -0.393361 0.293299 0.296046
v -0.396330 0.254400 0.273802
v 0.260156 0.524074 0.451305
v 0.290637 0.476015 0.435250
v 0.266441 0.534666 0.418913
v 0.279770 0.509033 0.412045
v 0.268510 0.488548 0.476973
v 0.284323 0.465451 0.467617
v 0.225057 0.483385 0.565619
v 0.240741 0.405494 0.618515
v 0.209050 0.467276 0.606522
v 0.217679 0.427090 0.633039
v 0.246168 0.461010 0.552543
v 0.256436 0.423717 0.579259
v 0.480178 0.689772 -0.182549
v 0.264841 0.512869 -0.112606
v 0.274473 0.578867 -0.129474
v 0.248044 0.541890 -0.086511
v 0.395628 0.601065 -0.217165
v 0.286013 0.544252 -0.180319
v 0.258424 0.662807 -0.363578
v 0.290045 0.538259 -0.384603
v 0.257721 0.657550 -0.412055
v 0.274361 0.589071 -0.429155
v 0.277193 0.625935 -0.323339
v 0.290483 0.553955 -0.329765
v 0.329977 0.370774 0.199230
v 0.332289 0.383388 0.284900
v 0.315032 0.408055 0.224568
v 0.317727 0.414756 0.265688
v 0.345011 0.340156 0.217811
v 0.345405 0.346425 0.260894
v 0.311619 0.379198 -0.140654
v 0.312879 0.382950 -0.240348
v 0.330209 0.334174 -0.148250
v 0.329037 0.336659 -0.194556
v 0.294221 0.433320 -0.186843
v 0.301099 0.437254 -0.237005
v 0.367296 0.263753 0.116998
v 0.375930 0.202489 0.159457
v 0.373219 0.230325 0.092188
v 0.376532 0.199680 0.114464
v 0.366852 0.268042 0.164509
v 0.371749 0.237112 0.183758
v 0.315811 0.374294 0.498336
v 0.298238 0.342028 0.572463
v 0.321580 0.334084 0.516617
v 0.313684 0.319161 0.554306
v 0.299772 0.394752 0.512920
v 0.290306 0.379655 0.549909
v 0.360207 0.286336 0.332440
v 0.370739 0.212335 0.285787
v 0.361169 0.250995 0.347163
v 0.367073 0.213874 0.324969
v 0.363971 0.283784 0.293760
v 0.370005 0.246079 0.269314
v -0.067429 -0.579670 0.357494
v -0.110855 -0.577478 0.475156
v -0.107502 -0.562176 0.346933
v -0.126030 -0.555548 0.404541
v -0.044908 -0.595710 0.425969
v -0.067283 -0.598635 0.487440
v -0.098396 -0.588080 0.050285
v -0.139246 -0.594387 -0.061191
v -0.120949 -0.694154 0.017078
v -0.164969 -0.669676 -0.053522
v -0.063602 -0.546536 0.020351
v -0.085509 -0.549955 -0.025188
v 0.066649 -0.588596 0.372949
v 0.135950 -0.603770 0.526942
v 0.105395 -0.570231 0.367161
v 0.125284 -0.563622 0.438031
v 0.048353 -0.606579 0.443371
v 0.086878 -0.625058 0.527111
v 0.095131 -0.596960 0.050448
v 0.150269 -0.597530 -0.059292
v 0.130180 -0.700022 0.018494
v 0.169250 -0.683188 -0.055250
v 0.069171 -0.546906 0.022892
v 0.092827 -0.548733 -0.024171
v -0.303838 -0.411342 0.556480
v -0.351005 -0.323652 0.488945
v -0.306425 -0.399743 0.492784
v -0.332923 -0.360280 0.464857
v -0.326422 -0.375480 0.582834
v -0.343922 -0.326638 0.545430
v -0.052997 -0.649109 0.690372
v 0.088408 -0.676339 0.737373
v -0.025536 -0.642638 0.747963
v 0.047924 -0.631384 0.754918
v -0.016287 -0.639325 0.637038
v 0.050252 -0.659680 0.661771
v -0.346943 -0.465709 0.772598
v -0.335302 -0.318963 0.783852
v -0.339979 -0.458148 0.836416
v -0.334724 -0.372838 0.838609
v -0.334347 -0.392021 0.715659
v -0.338723 -0.329649 0.725747
v -0.321542 -0.376316 -0.101401
v -0.364312 -0.290886 -0.048056
v -0.364425 -0.397012 -0.073121
v -0.377451 -0.351055 -0.039585
v -0.305031 -0.312578 -0.097821
v -0.335749 -0.273628 -0.082658
v -0.047739 -0.446825 -0.083022
v 0.051478 -0.448774 -0.085794
v -0.020888 -0.414631 -0.109609
v 0.022301 -0.415734 -0.111279
v -0.023874 -0.474628 -0.058468
v 0.031646 -0.474296 -0.058081
v -0.176765 -0.293809 -0.127756
v -0.174715 -0.183679 -0.161967
v -0.142157 -0.265596 -0.154765
v -0.143753 -0.212635 -0.175294
v -0.215903 -0.263383 -0.125801
v -0.210931 -0.207470 -0.137801
v -0.384813 -0.183911 0.192139
v -0.382280 -0.191043 0.284944
v -0.382966 -0.228630 0.211993
v -0.381440 -0.231509 0.259168
v -0.385346 -0.144000 0.219714
v -0.384020 -0.147491 0.266269
v -0.319145 -0.125848 -0.063013
v -0.264723 -0.091466 -0.123044
v -0.309159 -0.076543 -0.071242
v -0.286073 -0.060708 -0.103588
v -0.304768 -0.160481 -0.086405
v -0.270665 -0.142419 -0.112397
v -0.383105 -0.051413 0.131961
v -0.388831 0.015607 0.174038
v -0.382349 -0.011254 0.110541
v -0.387456 0.020941 0.131800
v -0.385794 -0.057936 0.175888
v -0.387952 -0.022787 0.196927
v -0.363253 -0.190368 0.544089
v -0.351649 -0.176843 0.642299
v -0.363703 -0.143609 0.556012
v -0.357583 -0.135832 0.602086
v -0.357588 -0.233925 0.579752
v -0.353193 -0.228706 0.631304
v -0.384286 -0.072385 0.341703
v -0.387620 0.005697 0.297412
v -0.384764 -0.034406 0.356636
v -0.387290 0.004069 0.335053
v -0.384830 -0.070152 0.303499
v -0.387247 -0.029980 0.281836
v 0.309330 -0.406186 0.557376
v 0.353400 -0.322937 0.491551
v 0.311867 -0.398219 0.497574
v 0.339731 -0.361611 0.467303
v 0.329691 -0.369939 0.578312
v 0.347728 -0.324757 0.544875
v 0.339331 -0.456590 0.717575
v 0.340213 -0.332245 0.763119
v 0.344054 -0.482434 0.767768
v 0.343178 -0.404229 0.801042
v 0.338180 -0.389712 0.685357
v 0.342011 -0.333743 0.704999
v 0.325185 -0.393905 -0.098229
v 0.367254 -0.305255 -0.044909
v 0.364434 -0.419444 -0.074463
v 0.373065 -0.365634 -0.036527
v 0.314717 -0.326781 -0.098116
v 0.344281 -0.287218 -0.079455
v 0.178610 -0.301922 -0.112533
v 0.185644 -0.189596 -0.162307
v 0.145585 -0.269847 -0.150000
v 0.151879 -0.216603 -0.174759
v 0.221428 -0.272529 -0.110693
v 0.220770 -0.215096 -0.133114
v 0.383885 -0.187373 0.183043
v 0.385315 -0.192803 0.273152
v 0.380965 -0.232313 0.202326
v 0.381411 -0.234290 0.248733
v 0.386939 -0.146971 0.208218
v 0.387683 -0.149943 0.251725
v 0.332948 -0.136756 -0.062596
v 0.280765 -0.099943 -0.122707
v 0.329348 -0.086587 -0.073585
v 0.306322 -0.069994 -0.104763
v 0.316241 -0.171956 -0.084293
v 0.284062 -0.152090 -0.110128
v 0.387705 -0.054365 0.124047
v 0.393939 0.012498 0.164353
v 0.387445 -0.013259 0.102711
v 0.390573 0.018297 0.121417
v 0.391030 -0.061114 0.166775
v 0.395075 -0.025947 0.187500
v 0.363101 -0.188676 0.545511
v 0.349673 -0.175809 0.643324
v 0.361499 -0.141869 0.558651
v 0.354492 -0.133846 0.605476
v 0.356160 -0.232324 0.580097
v 0.350336 -0.228107 0.630495
v 0.386349 -0.072729 0.332622
v 0.392245 0.003958 0.289071
v 0.382856 -0.034547 0.349346
v 0.386215 0.002701 0.327203
v 0.390810 -0.071394 0.292416
v 0.394468 -0.031621 0.271229
v 0.137050 -0.009795 0.953147
v 0.225569 -0.059966 0.914601
v 0.144521 -0.063660 0.972546
v 0.190889 -0.092007 0.949960
v 0.173877 0.018450 0.915992
v 0.216494 -0.004314 0.899372
v -0.138097 -0.012234 0.956713
v -0.225901 -0.062984 0.910476
v -0.146053 -0.068412 0.972532
v -0.192544 -0.096085 0.949364
v -0.175335 0.018193 0.921377
v -0.215640 -0.005787 0.896687
v 0.121801 0.145776 0.873978
v 0.186520 0.197949 0.803636
v 0.118680 0.195433 0.847786
v 0.151633 0.219794 0.813699
v 0.160625 0.122018 0.865045
v 0.192481 0.148773 0.828521
v -0.120187 0.145951 0.872267
v -0.193412 0.205895 0.814613
v -0.116252 0.195666 0.841650
v -0.153572 0.224539 0.814597
v -0.162861 0.125122 0.873740
v -0.196146 0.155384 0.838859
v 0.288166 0.036243 0.780028
v 0.274146 0.137238 0.752164
v 0.297653 0.065923 0.732963
v 0.291412 0.115757 0.721700
v 0.264457 0.057647 0.812571
v 0.258593 0.108847 0.797238
v -0.293738 0.035972 0.777472
v -0.279544 0.140983 0.751960
v -0.305883 0.066007 0.731430
v -0.300598 0.117856 0.721431
v -0.266127 0.058113 0.809336
v -0.257838 0.111017 0.793687
v 0.098997 0.066152 -0.451854
v 0.138775 0.026031 -0.363746
v 0.086180 0.022460 -0.407416
v 0.107180 0.000888 -0.369636
v 0.139758 0.085840 -0.456994
v 0.156320 0.067967 -0.405116
v -0.105153 0.062639 -0.452168
v -0.142099 0.022928 -0.367358
v -0.095055 0.016418 -0.413600
v -0.115669 -0.005750 -0.378730
v -0.141898 0.085353 -0.453833
v -0.157013 0.068080 -0.404601
v 0.161445 0.209274 -0.613655
v 0.304822 0.255989 -0.595002
v 0.174882 0.285809 -0.659231
v 0.254981 0.299431 -0.638234
v 0.198201 0.172952 -0.567041
v 0.283510 0.178416 -0.561612
v -0.156867 0.194986 -0.615579
v -0.260255 0.234715 -0.614357
v -0.166754 0.259673 -0.660542
v -0.226356 0.285776 -0.652571
v -0.187538 0.165242 -0.561664
v -0.240999 0.178747 -0.556809
v 0.219719 0.110531 -0.300311
v 0.272925 0.194727 -0.356338
v 0.240642 0.140198 -0.262862
v 0.256993 0.185218 -0.283233
v 0.220662 0.121944 -0.364580
v 0.254821 0.161631 -0.400577
v -0.219129 0.110492 -0.305842
v -0.270254 0.189575 -0.365765
v -0.245604 0.134543 -0.277085
v -0.258968 0.180524 -0.298364
v -0.210227 0.129001 -0.365181
v -0.251639 0.158090 -0.404394
v -0.228390 0.651492 0.253365
v -0.201017 0.644862 0.163283
v -0.203470 0.674629 0.245747
v -0.180716 0.668959 0.139601
v -0.269763 0.613166 0.287303
v -0.228841 0.658993 0.287281
v -0.273340 0.616268 0.321111
v -0.226499 0.599959 0.152766
v -0.184218 0.651770 0.096026
v -0.213454 0.605799 0.089519
v -0.265839 0.578060 0.231815
v -0.237711 0.576935 0.121121
v -0.274683 0.549310 0.212436
v -0.292618 0.592381 0.315955
v -0.290696 0.555584 0.259292
v 0.216998 0.655875 0.254057
v 0.199528 0.654899 0.188867
v 0.198587 0.673774 0.241578
v 0.181207 0.683499 0.178357
v 0.242165 0.610238 0.284657
v 0.216034 0.655197 0.276528
v 0.242525 0.606796 0.308811
v 0.220527 0.605607 0.174671
v 0.178979 0.656642 0.137727
v 0.208847 0.605636 0.116975
v 0.244897 0.580697 0.245513
v 0.229682 0.577647 0.139890
v 0.252568 0.549112 0.226964
v 0.254625 0.581733 0.307666
v 0.261829 0.551601 0.266011
v -0.273160 -0.519141 0.226849
v -0.319861 -0.576278 0.149230
v -0.242540 -0.546035 0.225920
v -0.303419 -0.638015 0.146819
v -0.300402 -0.452992 0.258126
v -0.240903 -0.503603 0.268445
v -0.283430 -0.447658 0.305246
v -0.353837 -0.498580 0.131988
v -0.338512 -0.634892 0.101075
v -0.376863 -0.523770 0.081560
v -0.337354 -0.431965 0.202051
v -0.370071 -0.460432 0.108344
v -0.352663 -0.397028 0.184515
v -0.311853 -0.419935 0.293916
v -0.343886 -0.391364 0.232162
v 0.272197 -0.516620 0.228524
v 0.325262 -0.576520 0.153695
v 0.240594 -0.543007 0.228938
v 0.307661 -0.629549 0.151911
v 0.300513 -0.455059 0.259814
v 0.240459 -0.504412 0.276349
v 0.284522 -0.449786 0.310165
v 0.354602 -0.502648 0.130292
v 0.351026 -0.637493 0.106113
v 0.371625 -0.527329 0.076674
v 0.338072 -0.436009 0.200219
v 0.368493 -0.466439 0.103429
v 0.354328 -0.402999 0.181126
v 0.312328 -0.421999 0.295315
v 0.343181 -0.395297 0.228814
v 0.017217 -0.479073 0.870941
v -0.071995 -0.393878 0.906006
v -0.020101 -0.506112 0.843486
v -0.116834 -0.438167 0.893666
v 0.113551 -0.455298 0.916375
v 0.052757 -0.546835 0.860388
v 0.168329 -0.557758 0.923787
v 0.062386 -0.321341 0.950484
v -0.039166 -0.304463 0.946099
v 0.059408 -0.254558 0.971115
v -0.045674 -0.245472 0.968346
v 0.176174 -0.456862 0.934194
v 0.114263 -0.299293 0.960246
v -0.134959 -0.373945 0.914144
v -0.096089 -0.276424 0.951565
v -0.003362 0.462617 0.681816
v -0.053807 0.430718 0.707887
v -0.025801 0.496039 0.658341
v -0.080719 0.459900 0.685035
v 0.050764 0.422548 0.706511
v 0.017058 0.488357 0.653389
v 0.075865 0.444666 0.678432
v 0.033853 0.369742 0.758400
v -0.030386 0.369650 0.751831
v 0.039514 0.330724 0.786900
v -0.031898 0.328958 0.776065
v 0.089516 0.409803 0.707744
v 0.070568 0.351864 0.766693
v -0.090632 0.418789 0.706888
v -0.065845 0.352294 0.754472
v -0.003178 -0.274080 -0.267078
v -0.030037 -0.236691 -0.286605
v -0.014272 -0.298737 -0.237139
v -0.042764 -0.259513 -0.257949
v 0.025073 -0.231360 -0.279416
v 0.009066 -0.298458 -0.235292
v 0.041721 -0.257090 -0.253688
v 0.015025 -0.170532 -0.321211
v -0.021275 -0.171901 -0.322840
v 0.017045 -0.123507 -0.339175
v -0.025401 -0.126003 -0.342067
v 0.047101 -0.218797 -0.277939
v 0.036313 -0.147045 -0.320392
v -0.048800 -0.222126 -0.282220
v -0.043452 -0.151118 -0.324708
v -0.000724 0.619019 -0.495692
v -0.077125 0.576576 -0.526190
v -0.033977 0.649657 -0.464404
v -0.116021 0.606510 -0.496225
v 0.077095 0.579994 -0.528123
v 0.026220 0.648408 -0.464885
v 0.110443 0.609267 -0.497702
v 0.049509 0.506329 -0.577539
v -0.049864 0.504414 -0.576502
v 0.057635 0.454678 -0.609849
v -0.056535 0.451228 -0.606347
v 0.128227 0.563444 -0.531473
v 0.102825 0.480344 -0.585739
v -0.131218 0.557289 -0.526572
v -0.103659 0.479004 -0.585748
v 0.369904 0.158415 -0.093082
v 0.383027 0.132858 -0.044294
v 0.367180 0.187216 -0.089439
v 0.382040 0.160155 -0.032592
v 0.374005 0.086293 -0.075587
v 0.384991 0.091978 -0.035792
v 0.370391 0.055130 -0.062161
v 0.382632 0.066595 -0.017286
v 0.369262 0.126278 -0.115003
v 0.367766 0.069371 -0.089751
v 0.365136 0.116846 -0.135775
v 0.364016 0.186578 -0.121064
v 0.357502 0.150382 -0.145885
v 0.386279 0.134988 -0.010056
v 0.387065 0.087124 -0.002105
v 0.349213 0.159494 0.511523
v 0.362067 0.142308 0.461067
v 0.346907 0.196335 0.501435
v 0.359892 0.175372 0.447548
v 0.356667 0.056415 0.518361
v 0.367783 0.079843 0.463248
v 0.359800 0.018060 0.512743
v 0.369999 0.044575 0.452085
v 0.344418 0.106173 0.548453
v 0.352624 0.027564 0.548000
v 0.338401 0.083093 0.581511
v 0.339626 0.182982 0.534916
v 0.334048 0.124605 0.577248
v 0.365616 0.143859 0.428617
v 0.373536 0.077450 0.430971
v -0.346070 0.170371 -0.087460
v -0.366303 0.146863 -0.033715
v -0.348688 0.197189 -0.085153
v -0.367499 0.170542 -0.023463
v -0.334706 0.094927 -0.068057
v -0.357755 0.102583 -0.023423
v -0.334876 0.063675 -0.055244
v -0.358119 0.073883 -0.005496
v -0.328724 0.137471 -0.109225
v -0.321046 0.075781 -0.087096
v -0.313244 0.125593 -0.131593
v -0.336440 0.195244 -0.117315
v -0.319282 0.158100 -0.142597
v -0.372520 0.146347 0.000969
v -0.368188 0.096285 0.009784
v -0.374631 0.162119 0.517540
v -0.385163 0.141994 0.465848
v -0.373191 0.201449 0.507862
v -0.387758 0.178604 0.452767
v -0.374820 0.053957 0.519575
v -0.383296 0.077205 0.466512
v -0.374252 0.015679 0.513024
v -0.382278 0.042016 0.454564
v -0.367218 0.106005 0.551841
v -0.369101 0.025625 0.546920
v -0.357328 0.082095 0.583043
v -0.365142 0.188200 0.541468
v -0.356022 0.125650 0.580837
v -0.388795 0.145264 0.433756
v -0.385958 0.075838 0.434253
v -0.068533 0.752509 0.221614
v -0.059554 0.774594 0.111372
v -0.107362 0.744577 0.224999
v -0.094938 0.745692 0.104031
v 0.061315 0.726732 0.210687
v 0.061500 0.761480 0.118753
v 0.102688 0.717429 0.214376
v 0.096960 0.747189 0.128270
v -0.004697 0.724216 0.256712
v -0.092286 0.737300 0.269787
v -0.027592 0.713873 0.302538
v 0.003388 0.789077 0.053254
v -0.077984 0.756488 0.027892
v -0.027890 0.786204 -0.030080
v 0.083520 0.706385 0.254006
v 0.017901 0.704756 0.297925
v 0.075357 0.761463 0.071245
v 0.016567 0.785518 -0.010930
v -0.183003 0.635842 0.416218
v -0.238615 0.591111 0.439758
v -0.200442 0.648301 0.384304
v -0.251162 0.602258 0.410946
v -0.113626 0.581767 0.520612
v -0.175098 0.541150 0.545429
v -0.090363 0.563107 0.557273
v -0.151506 0.521526 0.582917
v -0.115059 0.627241 0.452146
v -0.159869 0.663163 0.384249
v -0.092885 0.653845 0.418190
v -0.231288 0.540420 0.500054
v -0.264357 0.569754 0.434155
v -0.265183 0.522637 0.489294
v -0.068079 0.590478 0.524060
v -0.069129 0.634614 0.454094
v -0.188214 0.504748 0.573327
v -0.243374 0.505266 0.526872
v -0.212882 0.808071 -0.235050
v -0.299539 0.783508 -0.198046
v -0.206840 0.751884 -0.169446
v -0.257089 0.694850 -0.143742
v -0.186648 0.817195 -0.322207
v -0.246886 0.731912 -0.346363
v -0.157883 0.790055 -0.360827
v -0.223433 0.722496 -0.398197
v -0.157500 0.877164 -0.289301
v -0.210278 0.826885 -0.276252
v -0.151847 0.956511 -0.274550
v -0.351112 0.758676 -0.269931
v -0.333270 0.700231 -0.154175
v -0.473204 0.716328 -0.244028
v -0.157923 0.864615 -0.280684
v -0.106609 0.872489 -0.288518
v -0.260543 0.681672 -0.374157
v -0.329586 0.734034 -0.337692
v -0.302624 0.465179 0.006577
v -0.324319 0.423551 0.106550
v -0.289173 0.498231 0.029823
v -0.312879 0.457847 0.131611
v -0.329660 0.344850 -0.045673
v -0.347513 0.307009 0.042006
v -0.338371 0.302839 -0.059527
v -0.353542 0.267678 0.023136
v -0.308013 0.430645 -0.071805
v -0.287795 0.507082 -0.038241
v -0.301430 0.481262 -0.117240
v -0.350446 0.349868 0.116525
v -0.333614 0.424243 0.164744
v -0.361376 0.353064 0.170418
v -0.326725 0.344524 -0.097797
v -0.310308 0.435662 -0.129700
v -0.361348 0.270932 0.072546
v -0.365807 0.313951 0.146202
v -0.340467 0.470303 0.395763
v -0.357294 0.439392 0.343368
v -0.333771 0.505899 0.377987
v -0.345825 0.471332 0.327076
v -0.357385 0.359317 0.449262
v -0.374927 0.329884 0.391879
v -0.362759 0.321526 0.466495
v -0.379387 0.292162 0.408079
v -0.339236 0.428084 0.449390
v -0.327864 0.500470 0.410826
v -0.326618 0.458860 0.465716
v -0.375588 0.368428 0.338915
v -0.358127 0.437645 0.307367
v -0.378256 0.366268 0.302512
v -0.351291 0.354303 0.486968
v -0.332766 0.420531 0.485669
v -0.385735 0.295121 0.371179
v -0.384707 0.330583 0.318103
v 0.175150 0.624748 0.402466
v 0.228508 0.579839 0.428747
v 0.193498 0.635545 0.365552
v 0.240879 0.592075 0.394926
v 0.114074 0.588145 0.522353
v 0.172672 0.534460 0.543331
v 0.090497 0.567599 0.558492
v 0.153681 0.518669 0.583045
v 0.114274 0.625626 0.448281
v 0.153569 0.646535 0.368534
v 0.091429 0.646609 0.412970
v 0.069885 0.597884 0.528107
v 0.069400 0.635364 0.454074
v 0.222429 0.529910 0.494226
v 0.253143 0.559685 0.424387
v 0.250400 0.511266 0.486022
v 0.194421 0.503656 0.577049
v 0.236289 0.496447 0.523989
v 0.159784 0.741648 -0.144368
v 0.260488 0.720132 -0.177715
v 0.146582 0.689908 -0.073360
v 0.216601 0.654215 -0.114846
v 0.211050 0.875241 -0.327832
v 0.222258 0.759904 -0.344908
v 0.147196 0.785199 -0.371821
v 0.209580 0.744173 -0.397291
v 0.141578 0.881385 -0.214707
v 0.123353 0.729997 -0.088463
v 0.092980 0.792773 -0.189992
v 0.131873 0.834742 -0.347452
v 0.092667 0.862524 -0.247680
v 0.315213 0.757435 -0.296338
v 0.306964 0.672354 -0.155077
v 0.458289 0.741551 -0.276693
v 0.239776 0.713467 -0.382550
v 0.265541 0.634618 -0.308952
v 0.284796 0.449347 0.012533
v 0.308729 0.403618 0.115903
v 0.270397 0.484880 0.040147
v 0.293060 0.441378 0.142890
v 0.335409 0.333056 -0.048052
v 0.354347 0.294045 0.039327
v 0.353943 0.291511 -0.063196
v 0.367396 0.258954 0.017210
v 0.296818 0.419433 -0.074904
v 0.266274 0.495746 -0.034717
v 0.275096 0.470389 -0.126638
v 0.341725 0.331077 0.118192
v 0.311559 0.403552 0.175168
v 0.344026 0.334312 0.170550
v 0.332945 0.334134 -0.099470
v 0.293969 0.425823 -0.134025
v 0.367513 0.260305 0.067181
v 0.356964 0.298200 0.143888
v 0.306146 0.456429 0.393700
v 0.320482 0.423533 0.342894
v 0.294838 0.487719 0.372652
v 0.306104 0.455815 0.324909
v 0.333005 0.355420 0.448189
v 0.347512 0.323726 0.391973
v 0.338615 0.315501 0.462236
v 0.351862 0.287744 0.406320
v 0.313778 0.416984 0.444976
v 0.293795 0.483511 0.403817
v 0.300080 0.442381 0.457307
v 0.342477 0.355849 0.339956
v 0.319401 0.420017 0.305843
v 0.344970 0.352228 0.301976
v 0.328281 0.347038 0.481524
v 0.308639 0.409159 0.478389
v 0.354973 0.286996 0.369475
v 0.351295 0.318983 0.316807
v -0.076346 -0.576248 0.238476
v -0.089645 -0.592892 0.139055
v -0.122170 -0.564793 0.223961
v -0.141833 -0.629855 0.132720
v 0.070106 -0.588002 0.246552
v 0.081481 -0.601762 0.140601
v 0.116657 -0.584440 0.237894
v 0.136367 -0.628143 0.129908
v -0.002005 -0.587224 0.306972
v -0.092110 -0.568367 0.290381
v -0.023848 -0.591144 0.365845
v -0.000512 -0.557588 0.106483
v -0.114040 -0.632906 0.086036
v -0.032194 -0.542015 0.065757
v 0.088070 -0.579214 0.302814
v 0.021947 -0.594898 0.371726
v 0.112529 -0.633535 0.083530
v 0.036628 -0.543439 0.067829
v -0.175049 -0.540783 0.518018
v -0.236801 -0.478327 0.551481
v -0.180044 -0.512532 0.447882
v -0.243752 -0.461252 0.480019
v -0.172789 -0.714456 0.750565
v -0.317356 -0.655123 0.793749
v -0.128274 -0.725975 0.854390
v -0.284780 -0.657923 0.910564
v -0.133129 -0.619409 0.606562
v -0.149070 -0.549124 0.462122
v -0.095334 -0.604353 0.546888
v -0.303249 -0.502149 0.665899
v -0.274142 -0.438759 0.522118
v -0.308585 -0.429268 0.624860
v -0.095684 -0.674270 0.754281
v -0.076909 -0.631292 0.620669
v -0.343013 -0.556492 0.832387
v -0.326985 -0.452674 0.695758
v -0.223696 -0.580097 -0.114403
v -0.292224 -0.494110 -0.123916
v -0.280136 -0.640539 -0.102191
v -0.348584 -0.525979 -0.102911
v -0.106672 -0.416072 -0.101845
v -0.143337 -0.370305 -0.119318
v -0.074123 -0.380102 -0.130461
v -0.112090 -0.333360 -0.147644
v -0.131165 -0.502961 -0.083779
v -0.195967 -0.640006 -0.104833
v -0.111390 -0.533190 -0.061122
v -0.229564 -0.381808 -0.107445
v -0.334945 -0.446343 -0.104675
v -0.270863 -0.349275 -0.108768
v -0.064246 -0.414021 -0.104431
v -0.078934 -0.484691 -0.066303
v -0.141577 -0.318361 -0.134565
v -0.221587 -0.320820 -0.114280
v -0.378111 -0.256234 0.033372
v -0.381057 -0.219865 0.114082
v -0.380281 -0.309344 0.048467
v -0.378953 -0.267213 0.131147
v -0.349405 -0.104960 -0.002017
v -0.368528 -0.079626 0.064560
v -0.340374 -0.057809 -0.013403
v -0.363493 -0.035990 0.047911
v -0.357902 -0.191790 -0.023072
v -0.377216 -0.302862 -0.001928
v -0.348143 -0.232422 -0.051491
v -0.383079 -0.132563 0.125861
v -0.382061 -0.224866 0.162465
v -0.385657 -0.139049 0.172955
v -0.330735 -0.091371 -0.038071
v -0.335470 -0.176698 -0.058219
v -0.374476 -0.044869 0.088696
v -0.384054 -0.094750 0.152292
v -0.366652 -0.280393 0.414157
v -0.378912 -0.236750 0.347802
v -0.360905 -0.321054 0.391188
v -0.376076 -0.277323 0.323376
v -0.374495 -0.152662 0.467763
v -0.381171 -0.113649 0.402519
v -0.374808 -0.109488 0.481708
v -0.380507 -0.073601 0.416224
v -0.366203 -0.237916 0.480368
v -0.355720 -0.322175 0.438896
v -0.357442 -0.281419 0.510766
v -0.381469 -0.152802 0.347383
v -0.379877 -0.234180 0.303795
v -0.382466 -0.150574 0.308822
v -0.368993 -0.149041 0.510991
v -0.361392 -0.236698 0.529210
v -0.382974 -0.073573 0.379269
v -0.383844 -0.111232 0.326504
v 0.213783 -0.558897 0.571628
v 0.259403 -0.480889 0.571670
v 0.186066 -0.512742 0.488050
v 0.255395 -0.461735 0.499161
v 0.205682 -0.646934 0.778025
v 0.279947 -0.557428 0.739416
v 0.166401 -0.623688 0.785953
v 0.279541 -0.586368 0.776636
v 0.268242 -0.711374 0.750662
v 0.167279 -0.562728 0.510507
v 0.148330 -0.659963 0.626471
v 0.131057 -0.657864 0.776028
v 0.131143 -0.699525 0.707422
v 0.295754 -0.473641 0.653351
v 0.284878 -0.437247 0.531837
v 0.312858 -0.418694 0.615028
v 0.328956 -0.533066 0.743517
v 0.320509 -0.435726 0.667718
v 0.231802 -0.593449 -0.116992
v 0.287947 -0.501316 -0.110878
v 0.273734 -0.639989 -0.093928
v 0.350464 -0.538165 -0.100563
v 0.105517 -0.418369 -0.109388
v 0.142811 -0.372035 -0.115365
v 0.072460 -0.382084 -0.133515
v 0.108178 -0.335227 -0.140633
v 0.134687 -0.506684 -0.088001
v 0.208073 -0.645438 -0.103333
v 0.116810 -0.534745 -0.061289
v 0.064396 -0.417816 -0.111196
v 0.086868 -0.482974 -0.061673
v 0.231604 -0.392221 -0.107206
v 0.338708 -0.467810 -0.103276
v 0.276579 -0.363758 -0.102480
v 0.141589 -0.321824 -0.126363
v 0.225804 -0.332009 -0.106394
v 0.378206 -0.267475 0.034542
v 0.380306 -0.226246 0.109880
v 0.382507 -0.321393 0.047349
v 0.378927 -0.273927 0.126179
v 0.358774 -0.112022 -0.002174
v 0.376171 -0.083065 0.059955
v 0.356003 -0.065281 -0.015976
v 0.374455 -0.038540 0.042976
v 0.362200 -0.203186 -0.018856
v 0.374791 -0.315844 0.001106
v 0.354069 -0.245132 -0.048357
v 0.382421 -0.137025 0.119973
v 0.380603 -0.229497 0.155461
v 0.385274 -0.142477 0.163931
v 0.344767 -0.100614 -0.038699
v 0.342413 -0.189168 -0.053989
v 0.384227 -0.044787 0.082655
v 0.386371 -0.097923 0.144036
v 0.369709 -0.279855 0.412680
v 0.380336 -0.236826 0.340757
v 0.365133 -0.320849 0.388486
v 0.378550 -0.279231 0.317589
v 0.375283 -0.150944 0.467742
v 0.379660 -0.112290 0.397877
v 0.370138 -0.107826 0.482054
v 0.375967 -0.071870 0.412677
v 0.367158 -0.236143 0.481565
v 0.363793 -0.323640 0.439908
v 0.359058 -0.279801 0.512357
v 0.385805 -0.153096 0.338018
v 0.382636 -0.236137 0.295139
v 0.387247 -0.151887 0.295167
v 0.369630 -0.147288 0.512699
v 0.362526 -0.234980 0.530210
v 0.381071 -0.073141 0.372486
v 0.387753 -0.111896 0.314635
v 0.048795 -0.014179 1.010970
v -0.046174 -0.017318 1.008918
v 0.049659 -0.066851 1.009786
v -0.051796 -0.067341 1.013852
v 0.045190 0.144801 0.905572
v -0.037395 0.141801 0.894675
v 0.045429 0.194175 0.876236
v -0.035709 0.191695 0.863084
v 0.088567 0.067246 0.936985
v 0.095858 -0.037552 0.990181
v 0.131471 0.043019 0.929417
v -0.084559 0.065568 0.933642
v -0.097740 -0.040949 0.992752
v -0.130633 0.041890 0.932115
v 0.083749 0.170864 0.880644
v 0.126203 0.094972 0.901744
v -0.077664 0.168091 0.868474
v -0.124854 0.094873 0.903152
v 0.313745 -0.245692 0.831684
v 0.272196 -0.149790 0.882016
v 0.301934 -0.300111 0.874738
v 0.243542 -0.190035 0.917591
v 0.340249 -0.109613 0.702342
v 0.321491 -0.036725 0.751031
v 0.342103 -0.072309 0.658965
v 0.322529 -0.004209 0.702679
v 0.337467 -0.211218 0.736560
v 0.333207 -0.320319 0.826829
v 0.340486 -0.273067 0.722524
v 0.347180 -0.123383 0.652974
v 0.344893 -0.221653 0.682484
v 0.291314 -0.049107 0.844270
v 0.233805 -0.121339 0.919086
v 0.256087 -0.026970 0.875413
v 0.308090 0.015285 0.743030
v 0.275109 0.004861 0.827988
v -0.310077 -0.235227 0.836105
v -0.272917 -0.148631 0.881352
v -0.292624 -0.277942 0.879791
v -0.243818 -0.185351 0.920665
v -0.339890 -0.111285 0.697664
v -0.323769 -0.039164 0.744853
v -0.346102 -0.073992 0.654718
v -0.329529 -0.006111 0.698743
v -0.337255 -0.208465 0.738728
v -0.324219 -0.301583 0.837392
v -0.338726 -0.267836 0.733112
v -0.349255 -0.125039 0.649721
v -0.345389 -0.220511 0.685632
v -0.298129 -0.050470 0.842154
v -0.235538 -0.122971 0.919169
v -0.255434 -0.028908 0.868908
v -0.313939 0.013997 0.739095
v -0.280689 0.005035 0.826854
v 0.228866 0.341361 0.681520
v 0.209114 0.271294 0.742251
v 0.200286 0.360818 0.693220
v 0.176286 0.291317 0.752841
v 0.294815 0.283701 0.635526
v 0.285182 0.213465 0.693604
v 0.306976 0.259725 0.611326
v 0.298656 0.190216 0.665893
v 0.269212 0.343478 0.629069
v 0.223427 0.384841 0.657884
v 0.263687 0.385355 0.605481
v 0.304590 0.302713 0.593715
v 0.280652 0.363237 0.589221
v 0.245795 0.205831 0.754106
v 0.181915 0.244696 0.778266
v 0.220319 0.177266 0.791107
v 0.287527 0.164757 0.708658
v 0.252180 0.157885 0.776476
v -0.232491 0.347841 0.681235
v -0.215429 0.280003 0.746855
v -0.206084 0.368752 0.695074
v -0.184631 0.300115 0.757610
v -0.304484 0.288379 0.633443
v -0.294211 0.218654 0.693168
v -0.326371 0.268776 0.614415
v -0.313411 0.195422 0.667411
v -0.277382 0.350797 0.626699
v -0.225139 0.389329 0.654242
v -0.272127 0.391522 0.603242
v -0.318597 0.310639 0.595005
v -0.295200 0.373060 0.589034
v -0.247463 0.211956 0.755132
v -0.189688 0.253917 0.786735
v -0.223251 0.184049 0.796771
v -0.297574 0.169335 0.709486
v -0.253065 0.163091 0.777084
v 0.032178 0.065928 -0.471778
v -0.039054 0.064336 -0.472501
v 0.026417 0.022086 -0.428183
v -0.036042 0.018915 -0.430813
v 0.049291 0.205531 -0.637512
v -0.055491 0.204054 -0.629921
v 0.061533 0.283919 -0.629508
v -0.061340 0.264176 -0.664604
v 0.086009 0.131611 -0.543723
v 0.061705 0.044264 -0.441415
v 0.116931 0.108442 -0.502175
v -0.087400 0.129117 -0.539070
v -0.069712 0.040441 -0.444004
v -0.118452 0.106055 -0.498318
v 0.114167 0.240872 -0.653466
v 0.138644 0.153228 -0.558786
v -0.108994 0.232888 -0.642148
v -0.136106 0.148294 -0.553396
v 0.160580 -0.111906 -0.220237
v 0.144596 -0.039820 -0.286262
v 0.131148 -0.140716 -0.234938
v 0.116192 -0.067417 -0.298616
v 0.254606 -0.029481 -0.170782
v 0.232132 0.042142 -0.227504
v 0.285374 -0.003188 -0.150556
v 0.263999 0.065718 -0.201941
v 0.221521 -0.107636 -0.170861
v 0.156168 -0.164326 -0.197508
v 0.220239 -0.160296 -0.151522
v 0.281307 -0.050692 -0.137215
v 0.251892 -0.130202 -0.137617
v 0.177637 0.037593 -0.299341
v 0.125700 -0.019327 -0.328669
v 0.168453 0.052508 -0.350600
v 0.235816 0.091002 -0.244773
v 0.196523 0.080453 -0.329962
v -0.151688 -0.110257 -0.219518
v -0.143862 -0.041762 -0.288797
v -0.126304 -0.140240 -0.236946
v -0.119297 -0.071884 -0.304095
v -0.238618 -0.024388 -0.171092
v -0.223752 0.042606 -0.231100
v -0.263510 0.003294 -0.151079
v -0.250117 0.066447 -0.209290
v -0.206742 -0.101442 -0.168181
v -0.145388 -0.160986 -0.195408
v -0.207000 -0.153178 -0.151021
v -0.262179 -0.043440 -0.136458
v -0.237901 -0.122403 -0.138940
v -0.176489 0.037655 -0.298301
v -0.129171 -0.023188 -0.333715
v -0.167309 0.053062 -0.351363
v -0.233857 0.088558 -0.254113
v -0.190549 0.084767 -0.329516
v 0.295864 0.442813 -0.448734
v 0.314541 0.358363 -0.530023
v 0.283482 0.485659 -0.493567
v 0.264098 0.392600 -0.557082
v 0.317529 0.327789 -0.287042
v 0.304219 0.264413 -0.327245
v 0.325255 0.290909 -0.236200
v 0.295004 0.242106 -0.262505
v 0.310652 0.424387 -0.342195
v 0.286803 0.516199 -0.440554
v 0.300159 0.486093 -0.336639
v 0.323246 0.334748 -0.240229
v 0.306101 0.433627 -0.288452
v 0.344329 0.247342 -0.460900
v 0.302954 0.337844 -0.596583
v 0.307956 0.223742 -0.512561
v 0.285544 0.220766 -0.309441
v 0.296715 0.204192 -0.434362
v -0.302282 0.437497 -0.452995
v -0.315754 0.346415 -0.540391
v -0.274992 0.472841 -0.491604
v -0.276940 0.387676 -0.584148
v -0.317398 0.323536 -0.295976
v -0.302717 0.259349 -0.340505
v -0.322784 0.288579 -0.245915
v -0.290958 0.240240 -0.277374
v -0.311780 0.416364 -0.344603
v -0.288049 0.498531 -0.435745
v -0.307517 0.476565 -0.335520
v -0.322575 0.333778 -0.246782
v -0.312990 0.430470 -0.289656
v -0.336104 0.240070 -0.468056
v -0.290557 0.318292 -0.622144
v -0.303690 0.193765 -0.530131
v -0.282504 0.217311 -0.322968
v -0.298889 0.190020 -0.442357
v 0.383792 0.139185 0.157925
v 0.392170 0.076774 0.159849
v 0.383414 0.138049 0.114829
v 0.391472 0.079418 0.116779
v 0.378470 0.142248 0.282760
v 0.387769 0.073389 0.284455
v 0.375678 0.143313 0.321972
v 0.383177 0.073793 0.322395
v 0.376754 0.173131 0.222079
v 0.379938 0.169321 0.136615
v 0.374058 0.205872 0.202687
v 0.372604 0.177864 0.303619
v 0.373037 0.209100 0.245293
v 0.393826 0.040736 0.225223
v 0.394150 0.047878 0.139995
v 0.395122 0.008029 0.206880
v 0.388192 0.038542 0.305531
v 0.395242 0.005261 0.248602
v -0.398645 0.147622 0.165818
v -0.392542 0.083514 0.169860
v -0.393933 0.146489 0.123637
v -0.390142 0.085483 0.127636
v -0.395785 0.149776 0.289256
v -0.389256 0.078510 0.291802
v -0.395334 0.149163 0.327073
v -0.389683 0.077052 0.329549
v -0.402918 0.182703 0.228717
v -0.396305 0.176141 0.144909
v -0.398296 0.213984 0.210645
v -0.400339 0.185553 0.308402
v -0.398691 0.217845 0.251459
v -0.389559 0.045623 0.234680
v -0.390040 0.051618 0.150862
v -0.389741 0.011919 0.216966
v -0.388377 0.041548 0.312923
v -0.388619 0.008623 0.258257
v -0.168574 0.707293 0.278926
v -0.191034 0.683015 0.319377
v -0.140079 0.706711 0.042270
v -0.156304 0.695688 -0.022350
v -0.153725 0.700002 0.314995
v -0.132626 0.723655 -0.054118
v -0.284163 0.586324 0.376144
v -0.306013 0.563076 0.369813
v -0.298796 0.558398 0.399227
v -0.231336 0.595864 -0.029518
v -0.252280 0.561830 0.016132
v -0.258913 0.575583 -0.061894
v -0.310764 0.491613 0.215854
v -0.323057 0.497296 0.268467
v -0.331723 0.461611 0.246610
v 0.166175 0.686402 0.260677
v 0.187490 0.665763 0.296375
v 0.128331 0.711914 0.104413
v 0.126599 0.688446 0.065225
v 0.149689 0.676691 0.294842
v 0.104850 0.721917 0.043471
v 0.257927 0.574251 0.361827
v 0.270835 0.549303 0.359390
v 0.269819 0.542502 0.387544
v 0.218630 0.588700 -0.002749
v 0.237954 0.554138 0.032420
v 0.236210 0.564353 -0.047161
v 0.282053 0.480654 0.225505
v 0.287918 0.484062 0.266280
v 0.300714 0.447015 0.246652
v -0.168848 -0.540156 0.273090
v -0.181667 -0.522182 0.328766
v -0.238568 -0.732620 0.081154
v -0.280748 -0.717367 0.012248
v -0.144658 -0.540695 0.335659
v -0.192249 -0.734147 -0.005130
v -0.289122 -0.421192 0.398423
v -0.318686 -0.388636 0.380079
v -0.311508 -0.392554 0.434367
v -0.382287 -0.475119 -0.001667
v -0.382201 -0.416728 0.031936
v -0.384221 -0.412297 -0.025166
v -0.370254 -0.313562 0.197779
v -0.368067 -0.313575 0.246521
v -0.376621 -0.271661 0.229083
v 0.162895 -0.540146 0.282302
v 0.169633 -0.512922 0.343133
v 0.247535 -0.693995 0.066148
v 0.295802 -0.717947 0.006498
v 0.134665 -0.538828 0.354715
v 0.209172 -0.732676 -0.001341
v 0.292660 -0.421364 0.405325
v 0.321961 -0.389754 0.382369
v 0.316153 -0.392705 0.438529
v 0.383953 -0.491121 -0.007026
v 0.390040 -0.431059 0.025659
v 0.381335 -0.429401 -0.025580
v 0.369798 -0.318807 0.191803
v 0.367077 -0.317921 0.240662
v 0.375711 -0.276440 0.221633
v -0.028264 -0.594976 0.819790
v 0.050588 -0.597863 0.810439
v -0.244589 -0.469593 0.898753
v -0.255214 -0.388767 0.901856
v 0.009058 -0.619211 0.785293
v -0.310940 -0.429498 0.885001
v 0.342197 -0.631536 0.851793
v 0.301365 -0.478861 0.890105
v 0.336190 -0.497407 0.828034
v 0.105229 -0.157429 0.985292
v 0.158010 -0.192005 0.970624
v -0.104305 -0.155797 0.988439
v -0.157103 -0.186755 0.973295
v 0.151120 -0.124599 0.975293
v -0.153461 -0.127063 0.978673
v -0.024460 0.550624 0.597446
v 0.020693 0.549582 0.595401
v -0.144741 0.468518 0.648460
v -0.158151 0.428451 0.674571
v 0.000958 0.575545 0.562248
v -0.180819 0.447968 0.637806
v 0.144364 0.457963 0.646010
v 0.158645 0.420766 0.675907
v 0.186582 0.445442 0.642074
v 0.081221 0.267146 0.827974
v 0.112490 0.290520 0.797345
v -0.071993 0.264149 0.808591
v -0.109162 0.290030 0.783953
v 0.115913 0.243347 0.821872
v -0.112735 0.243633 0.812213
v -0.017255 -0.353977 -0.169874
v 0.014746 -0.355627 -0.171729
v -0.089035 -0.261092 -0.206048
v -0.092814 -0.216209 -0.229814
v -0.000637 -0.385029 -0.140171
v -0.115146 -0.238780 -0.190183
v 0.088317 -0.261163 -0.201693
v 0.093591 -0.216125 -0.225822
v 0.118603 -0.240650 -0.187888
v 0.046701 -0.048575 -0.367798
v 0.068062 -0.071851 -0.339712
v -0.056637 -0.054855 -0.374142
v -0.076389 -0.079331 -0.349654
v 0.075611 -0.023387 -0.371034
v -0.086706 -0.031316 -0.380774
v -0.046033 0.719190 -0.405999
v 0.031480 0.718103 -0.409284
v -0.229398 0.641730 -0.476739
v -0.235158 0.566100 -0.494367
v -0.007717 0.748959 -0.386200
v -0.261869 0.602216 -0.451949
v 0.193449 0.654284 -0.475138
v 0.212197 0.584624 -0.500496
v 0.250697 0.626164 -0.467826
v 0.130300 0.365930 -0.644294
v 0.175286 0.392465 -0.616102
v -0.126414 0.364458 -0.657634
v -0.170414 0.389743 -0.622094
v 0.186107 0.342651 -0.652663
v -0.172660 0.328055 -0.654775
v 0.368294 0.252849 -0.117062
v 0.367476 0.254916 -0.155248
v 0.378467 0.194646 0.024561
v 0.381703 0.165374 0.048137
v 0.350212 0.293228 -0.153472
v 0.377567 0.196952 0.068943
v 0.346223 -0.009186 -0.064884
v 0.333862 0.004572 -0.097452
v 0.382074 0.030743 0.040147
v 0.387218 0.055850 0.057043
v 0.328115 -0.039734 -0.084885
v 0.387060 0.023263 0.080036
v 0.300230 0.130669 -0.190273
v 0.304793 0.170298 -0.205440
v 0.272192 0.159306 -0.230483
v 0.335692 0.263921 0.511406
v 0.327538 0.250062 0.547784
v 0.361023 0.214902 0.399015
v 0.367551 0.179590 0.378797
v 0.325378 0.292150 0.533278
v 0.362879 0.214505 0.362543
v 0.360409 -0.057859 0.535591
v 0.353637 -0.048577 0.577024
v 0.375945 0.004452 0.403241
v 0.378701 0.039995 0.380876
v 0.358290 -0.094446 0.569229
v 0.380615 0.003045 0.365325
v 0.320341 0.074491 0.653858
v 0.314724 0.121258 0.646535
v 0.306483 0.094156 0.688416
v -0.340829 0.260894 -0.115053
v -0.336368 0.258175 -0.156730
v -0.373121 0.201179 0.032345
v -0.381285 0.173651 0.057737
v -0.332299 0.299118 -0.154159
v -0.379467 0.204306 0.077756
v -0.319688 0.000704 -0.060673
v -0.302414 0.014423 -0.094410
v -0.370409 0.033390 0.049416
v -0.378516 0.060850 0.068171
v -0.303331 -0.029369 -0.082071
v -0.380551 0.026730 0.089444
v -0.282519 0.130082 -0.199981
v -0.291178 0.170195 -0.214431
v -0.269258 0.154807 -0.245764
v -0.361516 0.274941 0.519486
v -0.352032 0.260594 0.555312
v -0.390883 0.218702 0.402717
v -0.396249 0.184083 0.383184
v -0.348995 0.305234 0.541207
v -0.395801 0.221106 0.366270
v -0.368382 -0.059859 0.532676
v -0.362264 -0.050263 0.573390
v -0.384186 0.003003 0.406198
v -0.388158 0.039087 0.385128
v -0.363174 -0.097025 0.565526
v -0.386240 0.002640 0.370909
v -0.334132 0.074308 0.653518
v -0.330745 0.122524 0.647916
v -0.318507 0.095234 0.687996
v -0.024888 0.680730 0.381449
v 0.020862 0.674174 0.379243
v -0.000465 0.661562 0.419992
v -0.040689 0.812228 -0.170233
v 0.013153 0.797491 -0.147027
v -0.009088 0.814312 -0.217807
v -0.298402 0.468773 0.509491
v -0.280792 0.449915 0.542769
v -0.305769 0.432330 0.533369
v -0.328418 0.555870 -0.217455
v -0.321880 0.556050 -0.272439
v -0.313309 0.496835 -0.231215
v -0.379391 0.322711 0.241155
v -0.387577 0.282951 0.217908
v -0.390920 0.289045 0.257901
v 0.274994 0.452849 0.502193
v 0.265388 0.438767 0.539235
v 0.282043 0.417041 0.526282
v 0.306845 0.555445 -0.224950
v 0.298597 0.559916 -0.276291
v 0.297300 0.493953 -0.231886
v 0.356706 0.308979 0.236872
v 0.366594 0.273746 0.209908
v 0.364858 0.278342 0.252089
v -0.019469 -0.614700 0.499579
v 0.031682 -0.626402 0.513806
v 0.012556 -0.636120 0.579452
v -0.026455 -0.519263 -0.005835
v 0.040594 -0.512373 -0.000695
v 0.005636 -0.493090 -0.027983
v -0.340515 -0.330553 0.604173
v -0.339731 -0.332320 0.665009
v -0.349458 -0.280542 0.619863
v -0.292881 -0.252847 -0.100725
v -0.252301 -0.231111 -0.119588
v -0.281123 -0.196037 -0.105345
v -0.385449 -0.104802 0.243727
v -0.386466 -0.063155 0.220060
v -0.385700 -0.067098 0.262849
v 0.342736 -0.326648 0.598028
v 0.342084 -0.330026 0.651350
v 0.349604 -0.278746 0.615782
v 0.302095 -0.265350 -0.097012
v 0.259784 -0.240634 -0.110879
v 0.290924 -0.207046 -0.101558
v 0.389917 -0.107418 0.230727
v 0.394309 -0.065761 0.210180
v 0.394394 -0.068636 0.252083
v 0.207386 0.048465 0.877922
v 0.198554 0.099572 0.853020
v 0.236283 0.078788 0.839285
v -0.206792 0.049700 0.879370
v -0.200690 0.103712 0.861653
v -0.234919 0.081162 0.837810
v 0.183587 0.105277 -0.454350
v 0.222354 0.134133 -0.519220
v 0.225122 0.128468 -0.437058
v -0.179846 0.107636 -0.449009
v -0.216172 0.135216 -0.503770
v -0.216023 0.131975 -0.434132
f 1 647 644
f 1 644 643
f 1 643 645
f 1 645 646
f 1 646 647
f 2 649 652
f 6 672 670
f 12 702 699
f 11 696 695
f 8 679 681
f 4 662 659
f 4 659 658
f 4 658 660
f 4 660 661
f 4 661 662
f 5 666 665
f 3 654 657
f 7 673 677
f 9 685 686
f 10 692 688
f 12 701 698
f 6 669 668
f 2 650 648
f 8 682 678
f 11 697 693
f 6 671 669
f 12 700 701
f 11 694 697
f 8 680 682
f 2 651 650
f 10 690 689
f 5 663 664
f 3 655 653
f 7 676 674
f 9 687 684
f 10 691 690
f 5 667 663
f 3 656 655
f 7 675 676
f 9 683 687
f 6 668 672
f 2 648 649
f 8 678 679
f 11 693 696
f 12 698 702
f 10 688 691
f 5 665 667
f 3 657 656
f 7 677 675
f 9 686 683
f 5 664 666
f 3 653 654
f 7 674 673
f 9 684 685
f 10 689 692
f 6 670 671
f 12 699 700
f 11 695 694
f 8 681 680
f 2 652 651
f 35 837 838
f 18 735 736
f 19 742 741
f 40 868 867
f 42 880 879
f 34 832 831
f 33 827 828
f 25 778 780
f 36 844 846
f 20 749 747
f 32 819 820
f 23 765 767
f 24 773 771
f 37 850 849
f 41 876 875
f 34 833 834
f 33 826 825
f 25 779 777
f 36 845 843
f 20 748 750
f 17 729 727
f 14 711 709
f 13 706 703
f 15 718 715
f 16 724 721
f 18 737 733
f 35 839 835
f 42 882 878
f 40 870 866
f 19 744 740
f 30 807 805
f 27 789 787
f 22 762 758
f 28 797 793
f 29 802 799
f 32 821 817
f 23 766 763
f 24 774 770
f 37 852 848
f 41 874 872
f 35 838 836
f 18 736 734
f 19 741 739
f 40 867 865
f 42 879 877
f 34 831 829
f 33 828 824
f 25 780 776
f 36 846 842
f 20 747 745
f 32 820 818
f 23 767 764
f 24 771 769
f 37 849 847
f 41 875 871
f 34 834 830
f 33 825 823
f 25 777 775
f 36 843 841
f 20 750 746
f 14 714 710
f 13 707 704
f 15 719 716
f 16 725 722
f 17 732 728
f 21 755 752
f 31 814 811
f 26 784 781
f 38 857 853
f 39 862 860
f 27 792 788
f 22 759 757
f 28 796 794
f 29 803 800
f 30 810 806
f 31 815 812
f 26 785 782
f 38 856 854
f 39 863 859
f 21 754 751
f 14 712 714
f 13 705 707
f 15 717 719
f 16 723 725
f 17 730 732
f 21 753 755
f 31 816 814
f 26 786 784
f 38 858 857
f 39 861 862
f 27 791 792
f 22 761 759
f 28 795 796
f 29 801 803
f 30 808 810
f 31 813 815
f 26 783 785
f 38 855 856
f 39 864 863
f 21 756 754
f 14 709 712
f 13 703 705
f 15 715 717
f 16 721 723
f 17 727 730
f 21 751 753
f 31 812 816
f 26 782 786
f 38 854 858
f 39 859 861
f 27 787 791
f 22 758 761
f 28 793 795
f 29 799 801
f 30 805 808
f 31 811 813
f 26 781 783
f 38 853 855
f 39 860 864
f 21 752 756
f 17 728 731
f 14 710 713
f 13 704 708
f 15 716 720
f 16 722 726
f 18 734 738
f 35 836 840
f 42 877 881
f 40 865 869
f 19 739 743
f 30 806 809
f 27 788 790
f 22 757 760
f 28 794 798
f 29 800 804
f 32 818 822
f 23 764 768
f 24 769 772
f 37 847 851
f 41 871 873
f 35 835 837
f 18 733 735
f 19 740 742
f 40 866 868
f 42 878 880
f 34 830 832
f 33 823 827
f 25 775 778
f 36 841 844
f 20 746 749
f 32 817 819
f 23 763 765
f 24 770 773
f 37 848 850
f 41 872 876
f 34 829 833
f 33 824 826
f 25 776 779
f 36 842 845
f 20 745 748
f 17 731 729
f 14 713 711
f 13 708 706
f 15 720 718
f 16 726 724
f 18 738 737
f 35 840 839
f 42 881 882
f 40 869 870
f 19 743 744
f 30 809 807
f 27 790 789
f 22 760 762
f 28 798 797
f 29 804 802
f 32 822 821
f 23 768 766
f 24 772 774
f 37 851 852
f 41 873 874
f 107 1269 1270
f 103 1245 1246
f 104 1252 1251
f 110 1288 1287
f 113 1306 1305
f 118 1336 1335
f 154 1551 1552
f 141 1473 1474
f 162 1599 1600
f 121 1354 1353
f 142 1479 1480
f 129 1401 1402
f 130 1408 1407
f 144 1492 1491
f 146 1504 1503
f 151 1533 1534
f 131 1414 1413
f 136 1444 1443
f 161 1594 1593
f 126 1383 1384
f 116 1323 1324
f 108 1275 1276
f 106 1263 1264
f 112 1299 1300
f 115 1317 1318
f 119 1341 1342
f 156 1564 1563
f 139 1462 1461
f 160 1588 1587
f 120 1347 1348
f 149 1521 1522
f 132 1420 1419
f 128 1395 1396
f 145 1497 1498
f 148 1515 1516
f 155 1557 1558
f 133 1425 1426
f 134 1431 1432
f 157 1570 1569
f 124 1372 1371
f 109 1282 1281
f 105 1258 1257
f 111 1294 1293
f 114 1312 1311
f 117 1330 1329
f 125 1378 1377
f 152 1540 1539
f 137 1449 1450
f 158 1575 1576
f 123 1365 1366
f 143 1486 1485
f 127 1390 1389
f 135 1437 1438
f 147 1510 1509
f 150 1528 1527
f 153 1546 1545
f 140 1468 1467
f 138 1455 1456
f 159 1581 1582
f 122 1359 1360
f 107 1272 1271
f 103 1248 1247
f 104 1253 1254
f 110 1289 1290
f 113 1307 1308
f 118 1337 1338
f 154 1554 1553
f 141 1476 1475
f 162 1602 1601
f 121 1355 1356
f 142 1482 1481
f 129 1404 1403
f 130 1409 1410
f 144 1493 1494
f 146 1505 1506
f 151 1536 1535
f 131 1415 1416
f 136 1445 1446
f 161 1595 1596
f 126 1386 1385
f 47 909 907
f 44 891 889
f 43 886 883
f 45 898 895
f 46 904 901
f 49 922 919
f 72 1060 1057
f 102 1240 1237
f 96 1204 1201
f 79 1102 1099
f 62 999 997
f 59 981 979
f 58 976 973
f 60 988 985
f 61 994 991
f 66 1024 1021
f 54 952 949
f 73 1066 1063
f 85 1138 1135
f 92 1179 1177
f 101 1233 1231
f 69 1041 1039
f 50 927 925
f 82 1119 1117
f 97 1209 1207
f 71 1053 1051
f 100 1228 1225
f 94 1192 1189
f 80 1108 1105
f 51 933 931
f 90 1167 1165
f 63 1005 1003
f 55 957 955
f 76 1083 1081
f 87 1150 1147
f 91 1174 1171
f 67 1029 1027
f 56 963 961
f 75 1077 1075
f 83 1126 1123
f 68 1036 1033
f 48 915 913
f 78 1095 1093
f 93 1185 1183
f 98 1216 1213
f 88 1155 1153
f 65 1018 1015
f 57 970 967
f 77 1090 1087
f 86 1143 1141
f 64 1012 1009
f 53 945 943
f 74 1071 1069
f 84 1131 1129
f 89 1162 1159
f 70 1047 1045
f 99 1221 1219
f 95 1197 1195
f 81 1114 1111
f 52 940 937
f 109 1284 1280
f 105 1260 1256
f 111 1296 1292
f 114 1314 1310
f 117 1332 1328
f 125 1380 1376
f 152 1542 1538
f 137 1451 1447
f 158 1577 1573
f 123 1367 1363
f 143 1488 1484
f 127 1392 1388
f 135 1439 1435
f 147 1512 1508
f 150 1530 1526
f 153 1548 1544
f 140 1470 1466
f 138 1457 1453
f 159 1583 1579
f 122 1361 1357
f 107 1270 1268
f 103 1246 1244
f 104 1251 1249
f 110 1287 1285
f 113 1305 1303
f 118 1335 1333
f 154 1552 1550
f 141 1474 1472
f 162 1600 1598
f 121 1353 1351
f 142 1480 1478
f 129 1402 1400
f 130 1407 1405
f 144 1491 1489
f 146 1503 1501
f 151 1534 1532
f 131 1413 1411
f 136 1443 1441
f 161 1593 1591
f 126 1384 1382
f 116 1324 1322
f 108 1276 1274
f 106 1264 1262
f 112 1300 1298
f 115 1318 1316
f 119 1342 1340
f 156 1563 1561
f 139 1461 1459
f 160 1587 1585
f 120 1348 1346
f 149 1522 1520
f 132 1419 1417
f 128 1396 1394
f 145 1498 1496
f 148 1516 1514
f 155 1558 1556
f 133 1426 1424
f 134 1432 1430
f 157 1569 1567
f 124 1371 1369
f 109 1281 1279
f 105 1257 1255
f 111 1293 1291
f 114 1311 1309
f 117 1329 1327
f 125 1377 1375
f 152 1539 1537
f 137 1450 1448
f 158 1576 1574
f 123 1366 1364
f 143 1485 1483
f 127 1389 1387
f 135 1438 1436
f 147 1509 1507
f 150 1527 1525
f 153 1545 1543
f 140 1467 1465
f 138 1456 1454
f 159 1582 1580
f 122 1360 1358
f 107 1271 1267
f 103 1247 1243
f 104 1254 1250
f 110 1290 1286
f 113 1308 1304
f 118 1338 1334
f 154 1553 1549
f 141 1475 1471
f 162 1601 1597
f 121 1356 1352
f 142 1481 1477
f 129 1403 1399
f 130 1410 1406
f 144 1494 1490
f 146 1506 1502
f 151 1535 1531
f 131 1416 1412
f 136 1446 1442
f 161 1596 1592
f 126 1385 1381
f 44 894 890
f 43 887 884
f 45 899 896
f 46 905 902
f 47 912 908
f 52 941 938
f 70 1050 1046
f 99 1224 1220
f 95 1200 1196
f 81 1115 1112
f 59 984 980
f 58 977 974
f 60 989 986
f 61 995 992
f 62 1002 998
f 65 1019 1016
f 57 971 968
f 77 1091 1088
f 86 1146 1142
f 88 1158 1154
f 98 1217 1214
f 68 1037 1034
f 48 918 914
f 78 1098 1094
f 93 1188 1184
f 69 1044 1040
f 101 1236 1232
f 97 1212 1208
f 82 1122 1118
f 50 930 926
f 89 1163 1160
f 64 1013 1010
f 53 948 944
f 74 1074 1070
f 84 1134 1130
f 90 1170 1166
f 63 1008 1004
f 55 960 956
f 76 1086 1082
f 87 1151 1148
f 72 1061 1058
f 49 923 920
f 79 1103 1100
f 96 1205 1202
f 102 1241 1238
f 91 1175 1172
f 67 1032 1028
f 56 966 962
f 75 1080 1076
f 83 1127 1124
f 66 1025 1022
f 54 953 950
f 73 1067 1064
f 85 1139 1136
f 92 1182 1178
f 71 1056 1052
f 100 1229 1226
f 94 1193 1190
f 80 1109 1106
f 51 936 932
f 116 1325 1321
f 108 1277 1273
f 106 1265 1261
f 112 1301 1297
f 115 1319 1315
f 119 1343 1339
f 156 1566 1562
f 139 1464 1460
f 160 1590 1586
f 120 1349 1345
f 149 1523 1519
f 132 1422 1418
f 128 1397 1393
f 145 1499 1495
f 148 1517 1513
f 155 1559 1555
f 133 1427 1423
f 134 1433 1429
f 157 1572 1568
f 124 1374 1370
f 44 892 894
f 43 885 887
f 45 897 899
f 46 903 905
f 47 910 912
f 52 939 941
f 70 1048 1050
f 99 1222 1224
f 95 1198 1200
f 81 1113 1115
f 59 982 984
f 58 975 977
f 60 987 989
f 61 993 995
f 62 1000 1002
f 65 1017 1019
f 57 969 971
f 77 1089 1091
f 86 1144 1146
f 88 1156 1158
f 98 1215 1217
f 68 1035 1037
f 48 916 918
f 78 1096 1098
f 93 1186 1188
f 69 1042 1044
f 101 1234 1236
f 97 1210 1212
f 82 1120 1122
f 50 928 930
f 89 1161 1163
f 64 1011 1013
f 53 946 948
f 74 1072 1074
f 84 1132 1134
f 90 1168 1170
f 63 1006 1008
f 55 958 960
f 76 1084 1086
f 87 1149 1151
f 72 1059 1061
f 49 921 923
f 79 1101 1103
f 96 1203 1205
f 102 1239 1241
f 91 1173 1175
f 67 1030 1032
f 56 964 966
f 75 1078 1080
f 83 1125 1127
f 66 1023 1025
f 54 951 953
f 73 1065 1067
f 85 1137 1139
f 92 1180 1182
f 71 1054 1056
f 100 1227 1229
f 94 1191 1193
f 80 1107 1109
f 51 934 936
f 116 1326 1325
f 108 1278 1277
f 106 1266 1265
f 112 1302 1301
f 115 1320 1319
f 119 1344 1343
f 156 1565 1566
f 139 1463 1464
f 160 1589 1590
f 120 1350 1349
f 149 1524 1523
f 132 1421 1422
f 128 1398 1397
f 145 1500 1499
f 148 1518 1517
f 155 1560 1559
f 133 1428 1427
f 134 1434 1433
f 157 1571 1572
f 124 1373 1374
f 44 889 892
f 43 883 885
f 45 895 897
f 46 901 903
f 47 907 910
f 52 937 939
f 70 1045 1048
f 99 1219 1222
f 95 1195 1198
f 81 1111 1113
f 59 979 982
f 58 973 975
f 60 985 987
f 61 991 993
f 62 997 1000
f 65 1015 1017
f 57 967 969
f 77 1087 1089
f 86 1141 1144
f 88 1153 1156
f 98 1213 1215
f 68 1033 1035
f 48 913 916
f 78 1093 1096
f 93 1183 1186
f 69 1039 1042
f 101 1231 1234
f 97 1207 1210
f 82 1117 1120
f 50 925 928
f 89 1159 1161
f 64 1009 1011
f 53 943 946
f 74 1069 1072
f 84 1129 1132
f 90 1165 1168
f 63 1003 1006
f 55 955 958
f 76 1081 1084
f 87 1147 1149
f 72 1057 1059
f 49 919 921
f 79 1099 1101
f 96 1201 1203
f 102 1237 1239
f 91 1171 1173
f 67 1027 1030
f 56 961 964
f 75 1075 1078
f 83 1123 1125
f 66 1021 1023
f 54 949 951
f 73 1063 1065
f 85 1135 1137
f 92 1177 1180
f 71 1051 1054
f 100 1225 1227
f 94 1189 1191
f 80 1105 1107
f 51 931 934
f 116 1322 1326
f 108 1274 1278
f 106 1262 1266
f 112 1298 1302
f 115 1316 1320
f 119 1340 1344
f 156 1561 1565
f 139 1459 1463
f 160 1585 1589
f 120 1346 1350
f 149 1520 1524
f 132 1417 1421
f 128 1394 1398
f 145 1496 1500
f 148 1514 1518
f 155 1556 1560
f 133 1424 1428
f 134 1430 1434
f 157 1567 1571
f 124 1369 1373
f 47 908 911
f 44 890 893
f 43 884 888
f 45 896 900
f 46 902 906
f 49 920 924
f 72 1058 1062
f 102 1238 1242
f 96 1202 1206
f 79 1100 1104
f 62 998 1001
f 59 980 983
f 58 974 978
f 60 986 990
f 61 992 996
f 66 1022 1026
f 54 950 954
f 73 1064 1068
f 85 1136 1140
f 92 1178 1181
f 101 1232 1235
f 69 1040 1043
f 50 926 929
f 82 1118 1121
f 97 1208 1211
f 71 1052 1055
f 100 1226 1230
f 94 1190 1194
f 80 1106 1110
f 51 932 935
f 90 1166 1169
f 63 1004 1007
f 55 956 959
f 76 1082 1085
f 87 1148 1152
f 91 1172 1176
f 67 1028 1031
f 56 962 965
f 75 1076 1079
f 83 1124 1128
f 68 1034 1038
f 48 914 917
f 78 1094 1097
f 93 1184 1187
f 98 1214 1218
f 88 1154 1157
f 65 1016 1020
f 57 968 972
f 77 1088 1092
f 86 1142 1145
f 64 1010 1014
f 53 944 947
f 74 1070 1073
f 84 1130 1133
f 89 1160 1164
f 70 1046 1049
f 99 1220 1223
f 95 1196 1199
f 81 1112 1116
f 52 938 942
f 109 1279 1283
f 105 1255 1259
f 111 1291 1295
f 114 1309 1313
f 117 1327 1331
f 125 1375 1379
f 152 1537 1541
f 137 1448 1452
f 158 1574 1578
f 123 1364 1368
f 143 1483 1487
f 127 1387 1391
f 135 1436 1440
f 147 1507 1511
f 150 1525 1529
f 153 1543 1547
f 140 1465 1469
f 138 1454 1458
f 159 1580 1584
f 122 1358 1362
f 107 1267 1269
f 103 1243 1245
f 104 1250 1252
f 110 1286 1288
f 113 1304 1306
f 118 1334 1336
f 154 1549 1551
f 141 1471 1473
f 162 1597 1599
f 121 1352 1354
f 142 1477 1479
f 129 1399 1401
f 130 1406 1408
f 144 1490 1492
f 146 1502 1504
f 151 1531 1533
f 131 1412 1414
f 136 1442 1444
f 161 1592 1594
f 126 1381 1383
f 116 1321 1323
f 108 1273 1275
f 106 1261 1263
f 112 1297 1299
f 115 1315 1317
f 119 1339 1341
f 156 1562 1564
f 139 1460 1462
f 160 1586 1588
f 120 1345 1347
f 149 1519 1521
f 132 1418 1420
f 128 1393 1395
f 145 1495 1497
f 148 1513 1515
f 155 1555 1557
f 133 1423 1425
f 134 1429 1431
f 157 1568 1570
f 124 1370 1372
f 109 1280 1282
f 105 1256 1258
f 111 1292 1294
f 114 1310 1312
f 117 1328 1330
f 125 1376 1378
f 152 1538 1540
f 137 1447 1449
f 158 1573 1575
f 123 1363 1365
f 143 1484 1486
f 127 1388 1390
f 135 1435 1437
f 147 1508 1510
f 150 1526 1528
f 153 1544 1546
f 140 1466 1468
f 138 1453 1455
f 159 1579 1581
f 122 1357 1359
f 107 1268 1272
f 103 1244 1248
f 104 1249 1253
f 110 1285 1289
f 113 1303 1307
f 118 1333 1337
f 154 1550 1554
f 141 1472 1476
f 162 1598 1602
f 121 1351 1355
f 142 1478 1482
f 129 1400 1404
f 130 1405 1409
f 144 1489 1493
f 146 1501 1505
f 151 1532 1536
f 131 1411 1415
f 136 1441 1445
f 161 1591 1595
f 126 1382 1386
f 47 911 909
f 44 893 891
f 43 888 886
f 45 900 898
f 46 906 904
f 49 924 922
f 72 1062 1060
f 102 1242 1240
f 96 1206 1204
f 79 1104 1102
f 62 1001 999
f 59 983 981
f 58 978 976
f 60 990 988
f 61 996 994
f 66 1026 1024
f 54 954 952
f 73 1068 1066
f 85 1140 1138
f 92 1181 1179
f 101 1235 1233
f 69 1043 1041
f 50 929 927
f 82 1121 1119
f 97 1211 1209
f 71 1055 1053
f 100 1230 1228
f 94 1194 1192
f 80 1110 1108
f 51 935 933
f 90 1169 1167
f 63 1007 1005
f 55 959 957
f 76 1085 1083
f 87 1152 1150
f 91 1176 1174
f 67 1031 1029
f 56 965 963
f 75 1079 1077
f 83 1128 1126
f 68 1038 1036
f 48 917 915
f 78 1097 1095
f 93 1187 1185
f 98 1218 1216
f 88 1157 1155
f 65 1020 1018
f 57 972 970
f 77 1092 1090
f 86 1145 1143
f 64 1014 1012
f 53 947 945
f 74 1073 1071
f 84 1133 1131
f 89 1164 1162
f 70 1049 1047
f 99 1223 1221
f 95 1199 1197
f 81 1116 1114
f 52 942 940
f 109 1283 1284
f 105 1259 1260
f 111 1295 1296
f 114 1313 1314
f 117 1331 1332
f 125 1379 1380
f 152 1541 1542
f 137 1452 1451
f 158 1578 1577
f 123 1368 1367
f 143 1487 1488
f 127 1391 1392
f 135 1440 1439
f 147 1511 1512
f 150 1529 1530
f 153 1547 1548
f 140 1469 1470
f 138 1458 1457
f 159 1584 1583
f 122 1362 1361
f 407 1609 1616
f 403 1605 1608
f 404 1611 1606
f 410 1614 1612
f 413 1617 1615
f 422 1631 1624
f 486 1688 1692
f 573 1775 1782
f 561 1763 1765
f 512 1719 1714
f 452 1654 1661
f 448 1650 1653
f 449 1656 1651
f 455 1659 1657
f 458 1662 1660
f 470 1672 1675
f 437 1646 1639
f 494 1706 1696
f 531 1735 1733
f 539 1741 1751
f 568 1770 1779
f 478 1680 1683
f 419 1621 1626
f 509 1711 1721
f 554 1756 1766
f 482 1684 1689
f 576 1780 1778
f 558 1767 1760
f 516 1722 1718
f 425 1627 1629
f 542 1744 1747
f 463 1668 1665
f 434 1636 1641
f 497 1699 1704
f 528 1730 1737
f 546 1748 1750
f 464 1666 1676
f 440 1642 1644
f 500 1705 1702
f 524 1736 1726
f 479 1691 1681
f 418 1623 1620
f 508 1713 1710
f 553 1764 1755
f 569 1781 1771
f 538 1749 1740
f 471 1677 1673
f 443 1645 1647
f 501 1703 1707
f 523 1725 1734
f 467 1674 1669
f 433 1638 1635
f 493 1695 1698
f 527 1732 1729
f 543 1752 1745
f 485 1690 1687
f 572 1777 1774
f 557 1759 1762
f 515 1717 1720
f 428 1630 1632
f 591 2191 2189
f 587 1885 1883
f 588 1901 1903
f 594 2279 2281
f 597 2315 2317
f 600 2171 2173
f 634 2160 2158
f 619 2016 2012
f 639 2214 2210
f 602 1919 1924
f 624 2137 2135
f 608 1978 1973
f 610 1991 1996
f 627 2225 2227
f 630 2302 2304
f 635 2178 2176
f 615 2153 2155
f 617 2009 2014
f 637 2207 2212
f 604 1926 1922
f 416 1857 1864
f 408 1803 1810
f 406 1786 1795
f 412 1822 1831
f 415 1840 1849
f 424 1876 1887
f 492 2182 2193
f 582 2312 2321
f 565 2276 2285
f 514 1898 1907
f 461 2091 2098
f 453 2037 2044
f 451 1952 1961
f 457 2056 2067
f 460 2074 2083
f 475 2128 2139
f 439 1966 1975
f 496 1988 1997
f 533 2222 2231
f 551 2293 2298
f 579 2185 2190
f 483 1879 1884
f 426 1893 1900
f 521 2271 2278
f 566 2307 2314
f 489 2163 2170
f 578 2150 2159
f 560 2006 2015
f 518 2204 2213
f 429 1911 1918
f 547 2131 2136
f 465 1969 1977
f 441 1983 1990
f 504 2217 2224
f 537 2290 2301
f 550 2168 2177
f 476 2145 2152
f 444 2001 2008
f 502 2199 2206
f 526 1916 1925
f 481 1808 1817
f 420 1789 1797
f 510 1825 1833
f 555 1843 1851
f 571 1862 1871
f 540 1933 1941
f 473 2110 2119
f 447 2020 2029
f 507 2236 2247
f 534 2257 2262
f 469 2042 2051
f 435 1947 1954
f 498 2059 2064
f 529 2077 2085
f 545 2096 2105
f 487 2113 2121
f 574 2023 2031
f 562 2239 2244
f 520 2254 2265
f 432 1930 1939
f 589 1818 1814
f 583 1798 1793
f 586 1834 1829
f 593 1852 1847
f 596 1872 1868
f 599 1942 1937
f 633 2120 2124
f 620 2030 2034
f 640 2248 2250
f 603 2263 2261
f 622 2052 2050
f 607 1955 1960
f 612 2065 2063
f 626 2086 2081
f 629 2106 2102
f 631 2122 2117
f 614 2032 2027
f 618 2245 2243
f 641 2266 2268
f 605 1940 1944
f 409 1813 1804
f 405 1792 1785
f 411 1828 1821
f 414 1846 1839
f 417 1867 1858
f 431 1936 1929
f 488 2123 2114
f 575 2033 2024
f 563 2249 2240
f 519 2260 2253
f 454 2049 2038
f 450 1959 1951
f 456 2062 2055
f 459 2080 2073
f 462 2101 2092
f 472 2116 2109
f 446 2026 2019
f 506 2242 2235
f 535 2267 2258
f 541 1943 1934
f 570 1869 1861
f 480 1815 1807
f 421 1799 1790
f 511 1835 1826
f 556 1853 1844
f 484 1889 1880
f 580 2195 2186
f 567 2319 2308
f 522 2283 2272
f 427 1905 1894
f 544 2103 2095
f 468 2046 2041
f 436 1957 1948
f 499 2069 2060
f 530 2087 2078
f 548 2141 2132
f 466 1979 1970
f 442 1993 1984
f 505 2229 2218
f 536 2296 2289
f 491 2188 2181
f 423 1882 1875
f 513 1902 1897
f 564 2280 2275
f 581 2316 2311
f 549 2172 2167
f 477 2157 2146
f 445 2011 2002
f 503 2209 2200
f 525 1923 1915
f 474 2134 2127
f 438 1972 1965
f 495 1995 1987
f 532 2226 2221
f 552 2303 2294
f 490 2175 2164
f 577 2154 2149
f 559 2013 2005
f 517 2211 2203
f 430 1921 1912
f 590 1865 1870
f 584 1811 1816
f 585 1796 1800
f 592 1832 1836
f 595 1850 1854
f 598 1888 1890
f 636 2194 2196
f 621 2322 2320
f 642 2286 2284
f 601 1908 1906
f 623 2099 2104
f 611 2045 2047
f 609 1962 1958
f 625 2068 2070
f 628 2084 2088
f 632 2140 2142
f 613 1976 1980
f 616 1998 1994
f 638 2232 2230
f 606 2299 2297
f 407 2330 2329
f 403 2324 2323
f 404 2325 2326
f 410 2332 2333
f 413 2335 2336
f 422 2344 2345
f 486 2410 2409
f 573 2497 2496
f 561 2486 2485
f 512 2434 2435
f 452 2375 2374
f 448 2369 2368
f 449 2370 2371
f 455 2377 2378
f 458 2380 2381
f 470 2393 2392
f 437 2359 2360
f 494 2415 2416
f 531 2455 2456
f 539 2461 2460
f 568 2489 2488
f 478 2399 2398
f 419 2341 2340
f 509 2431 2430
f 554 2476 2475
f 482 2405 2404
f 576 2500 2501
f 558 2481 2482
f 516 2439 2440
f 425 2348 2347
f 542 2465 2464
f 463 2383 2384
f 434 2356 2355
f 497 2420 2419
f 528 2452 2451
f 546 2471 2470
f 464 2386 2385
f 440 2363 2362
f 500 2422 2423
f 524 2445 2446
f 479 2400 2401
f 418 2338 2339
f 508 2428 2429
f 553 2473 2474
f 569 2490 2491
f 538 2458 2459
f 471 2394 2395
f 443 2366 2365
f 501 2425 2424
f 523 2444 2443
f 467 2389 2390
f 433 2353 2354
f 493 2414 2413
f 527 2449 2450
f 543 2466 2467
f 485 2407 2408
f 572 2494 2495
f 557 2480 2479
f 515 2438 2437
f 428 2351 2350
f 591 2510 2511
f 587 2504 2505
f 588 2508 2507
f 594 2514 2513
f 597 2517 2516
f 600 2520 2519
f 634 2554 2556
f 619 2539 2540
f 639 2560 2561
f 602 2523 2521
f 624 2543 2544
f 608 2527 2529
f 610 2532 2530
f 627 2547 2546
f 630 2550 2549
f 635 2552 2553
f 615 2535 2534
f 617 2538 2536
f 637 2558 2557
f 604 2524 2525
f 167 1607 647
f 164 1603 644
f 163 1604 643
f 165 1610 645
f 166 1613 646
f 169 1622 649
f 192 1686 672
f 222 1773 702
f 216 1761 696
f 199 1712 679
f 182 1652 662
f 179 1648 659
f 178 1649 658
f 180 1655 660
f 181 1658 661
f 186 1670 666
f 174 1637 654
f 193 1694 673
f 205 1731 685
f 212 1739 692
f 221 1768 701
f 189 1678 669
f 170 1619 650
f 202 1709 682
f 217 1754 697
f 191 1682 671
f 220 1776 700
f 214 1758 694
f 200 1716 680
f 171 1625 651
f 210 1742 690
f 183 1663 663
f 175 1634 655
f 196 1697 676
f 207 1728 687
f 211 1746 691
f 187 1664 667
f 176 1640 656
f 195 1700 675
f 203 1724 683
f 188 1679 668
f 168 1618 648
f 198 1708 678
f 213 1753 693
f 218 1769 698
f 208 1738 688
f 185 1671 665
f 177 1643 657
f 197 1701 677
f 206 1723 686
f 184 1667 664
f 173 1633 653
f 194 1693 674
f 204 1727 684
f 209 1743 689
f 190 1685 670
f 219 1772 699
f 215 1757 695
f 201 1715 681
f 172 1628 652
f 357 2187 837
f 255 1881 735
f 262 1899 742
f 388 2277 868
f 400 2313 880
f 352 2169 832
f 347 2156 827
f 298 2010 778
f 364 2208 844
f 269 1917 749
f 339 2133 819
f 285 1971 765
f 293 1989 773
f 370 2223 850
f 396 2300 876
f 353 2174 833
f 346 2151 826
f 299 2007 779
f 365 2205 845
f 268 1920 748
f 249 1855 729
f 231 1801 711
f 226 1784 706
f 238 1820 718
f 244 1838 724
f 257 1874 737
f 359 2180 839
f 402 2310 882
f 390 2274 870
f 264 1896 744
f 327 2089 807
f 309 2035 789
f 282 1950 762
f 317 2054 797
f 322 2072 802
f 341 2126 821
f 286 1964 766
f 294 1986 774
f 372 2220 852
f 394 2291 874
f 358 2183 838
f 256 1877 736
f 261 1891 741
f 387 2269 867
f 399 2305 879
f 351 2161 831
f 348 2148 828
f 300 2004 780
f 366 2202 846
f 267 1909 747
f 340 2129 820
f 287 1967 767
f 291 1981 771
f 369 2215 849
f 395 2288 875
f 354 2166 834
f 345 2143 825
f 297 1999 777
f 363 2197 843
f 270 1914 750
f 234 1806 714
f 227 1787 707
f 239 1823 719
f 245 1841 725
f 252 1860 732
f 275 1931 755
f 334 2108 814
f 304 2018 784
f 377 2234 857
f 382 2255 862
f 312 2040 792
f 279 1945 759
f 316 2057 796
f 323 2075 803
f 330 2094 810
f 335 2111 815
f 305 2021 785
f 376 2237 856
f 383 2252 863
f 274 1928 754
f 232 1812 712
f 225 1791 705
f 237 1827 717
f 243 1845 723
f 250 1866 730
f 273 1935 753
f 336 2118 816
f 306 2028 786
f 378 2246 858
f 381 2259 861
f 311 2048 791
f 281 1953 761
f 315 2061 795
f 321 2079 801
f 328 2100 808
f 333 2115 813
f 303 2025 783
f 375 2241 855
f 384 2264 864
f 276 1938 756
f 229 1802 709
f 223 1783 703
f 235 1819 715
f 241 1837 721
f 247 1856 727
f 271 1927 751
f 332 2112 812
f 302 2022 782
f 374 2238 854
f 379 2251 859
f 307 2036 787
f 278 1949 758
f 313 2053 793
f 319 2071 799
f 325 2090 805
f 331 2107 811
f 301 2017 781
f 373 2233 853
f 380 2256 860
f 272 1932 752
f 248 1859 728
f 230 1805 710
f 224 1788 704
f 236 1824 716
f 242 1842 722
f 254 1878 734
f 356 2184 836
f 397 2306 877
f 385 2270 865
f 259 1892 739
f 326 2093 806
f 308 2039 788
f 277 1946 757
f 314 2058 794
f 320 2076 800
f 338 2130 818
f 284 1968 764
f 289 1982 769
f 367 2216 847
f 391 2287 871
f 355 2179 835
f 253 1873 733
f 260 1895 740
f 386 2273 866
f 398 2309 878
f 350 2165 830
f 343 2144 823
f 295 2000 775
f 361 2198 841
f 266 1913 746
f 337 2125 817
f 283 1963 763
f 290 1985 770
f 368 2219 848
f 392 2292 872
f 349 2162 829
f 344 2147 824
f 296 2003 776
f 362 2201 842
f 265 1910 745
f 251 1863 731
f 233 1809 713
f 228 1794 708
f 240 1830 720
f 246 1848 726
f 258 1886 738
f 360 2192 840
f 401 2318 881
f 389 2282 869
f 263 1904 743
f 329 2097 809
f 310 2043 790
f 280 1956 760
f 318 2066 798
f 324 2082 804
f 342 2138 822
f 288 1974 768
f 292 1992 772
f 371 2228 851
f 393 2295 873
f 409 2331 1269
f 405 2327 1245
f 411 2328 1252
f 414 2334 1288
f 417 2337 1306
f 431 2346 1336
f 488 2412 1551
f 575 2499 1473
f 563 2487 1599
f 519 2436 1354
f 454 2376 1479
f 450 2372 1401
f 456 2373 1408
f 459 2379 1492
f 462 2382 1504
f 472 2396 1533
f 446 2361 1414
f 506 2418 1444
f 535 2457 1594
f 541 2463 1383
f 570 2492 1323
f 480 2402 1275
f 421 2343 1263
f 511 2433 1299
f 556 2478 1317
f 484 2406 1341
f 580 2502 1564
f 567 2484 1462
f 522 2442 1588
f 427 2349 1347
f 544 2468 1521
f 468 2387 1420
f 436 2358 1395
f 499 2421 1497
f 530 2454 1515
f 548 2472 1557
f 466 2388 1425
f 442 2364 1431
f 505 2426 1570
f 536 2448 1372
f 491 2403 1282
f 423 2342 1258
f 513 2432 1294
f 564 2477 1312
f 581 2493 1330
f 549 2462 1378
f 477 2397 1540
f 445 2367 1449
f 503 2427 1575
f 525 2447 1365
f 474 2391 1486
f 438 2357 1390
f 495 2417 1437
f 532 2453 1510
f 552 2469 1528
f 490 2411 1546
f 577 2498 1468
f 559 2483 1455
f 517 2441 1581
f 430 2352 1359
f 590 2509 1272
f 584 2503 1248
f 585 2506 1253
f 592 2512 1289
f 595 2515 1307
f 598 2518 1337
f 636 2555 1554
f 621 2541 1476
f 642 2562 1602
f 601 2522 1355
f 623 2542 1482
f 611 2528 1404
f 609 2531 1409
f 625 2545 1493
f 628 2548 1505
f 632 2551 1536
f 613 2533 1415
f 616 2537 1445
f 638 2559 1595
f 606 2526 1386
f 407 1616 909
f 403 1608 891
f 404 1606 886
f 410 1612 898
f 413 1615 904
f 422 1624 922
f 486 1692 1060
f 573 1782 1240
f 561 1765 1204
f 512 1714 1102
f 452 1661 999
f 448 1653 981
f 449 1651 976
f 455 1657 988
f 458 1660 994
f 470 1675 1024
f 437 1639 952
f 494 1696 1066
f 531 1733 1138
f 539 1751 1179
f 568 1779 1233
f 478 1683 1041
f 419 1626 927
f 509 1721 1119
f 554 1766 1209
f 482 1689 1053
f 576 1778 1228
f 558 1760 1192
f 516 1718 1108
f 425 1629 933
f 542 1747 1167
f 463 1665 1005
f 434 1641 957
f 497 1704 1083
f 528 1737 1150
f 546 1750 1174
f 464 1676 1029
f 440 1644 963
f 500 1702 1077
f 524 1726 1126
f 479 1681 1036
f 418 1620 915
f 508 1710 1095
f 553 1755 1185
f 569 1771 1216
f 538 1740 1155
f 471 1673 1018
f 443 1647 970
f 501 1707 1090
f 523 1734 1143
f 467 1669 1012
f 433 1635 945
f 493 1698 1071
f 527 1729 1131
f 543 1745 1162
f 485 1687 1047
f 572 1774 1221
f 557 1762 1197
f 515 1720 1114
f 428 1632 940
f 591 2189 1284
f 587 1883 1260
f 588 1903 1296
f 594 2281 1314
f 597 2317 1332
f 600 2173 1380
f 634 2158 1542
f 619 2012 1451
f 639 2210 1577
f 602 1924 1367
f 624 2135 1488
f 608 1973 1392
f 610 1996 1439
f 627 2227 1512
f 630 2304 1530
f 635 2176 1548
f 615 2155 1470
f 617 2014 1457
f 637 2212 1583
f 604 1922 1361
f 416 1864 1270
f 408 1810 1246
f 406 1795 1251
f 412 1831 1287
f 415 1849 1305
f 424 1887 1335
f 492 2193 1552
f 582 2321 1474
f 565 2285 1600
f 514 1907 1353
f 461 2098 1480
f 453 2044 1402
f 451 1961 1407
f 457 2067 1491
f 460 2083 1503
f 475 2139 1534
f 439 1975 1413
f 496 1997 1443
f 533 2231 1593
f 551 2298 1384
f 579 2190 1324
f 483 1884 1276
f 426 1900 1264
f 521 2278 1300
f 566 2314 1318
f 489 2170 1342
f 578 2159 1563
f 560 2015 1461
f 518 2213 1587
f 429 1918 1348
f 547 2136 1522
f 465 1977 1419
f 441 1990 1396
f 504 2224 1498
f 537 2301 1516
f 550 2177 1558
f 476 2152 1426
f 444 2008 1432
f 502 2206 1569
f 526 1925 1371
f 481 1817 1281
f 420 1797 1257
f 510 1833 1293
f 555 1851 1311
f 571 1871 1329
f 540 1941 1377
f 473 2119 1539
f 447 2029 1450
f 507 2247 1576
f 534 2262 1366
f 469 2051 1485
f 435 1954 1389
f 498 2064 1438
f 529 2085 1509
f 545 2105 1527
f 487 2121 1545
f 574 2031 1467
f 562 2244 1456
f 520 2265 1582
f 432 1939 1360
f 589 1814 1271
f 583 1793 1247
f 586 1829 1254
f 593 1847 1290
f 596 1868 1308
f 599 1937 1338
f 633 2124 1553
f 620 2034 1475
f 640 2250 1601
f 603 2261 1356
f 622 2050 1481
f 607 1960 1403
f 612 2063 1410
f 626 2081 1494
f 629 2102 1506
f 631 2117 1535
f 614 2027 1416
f 618 2243 1446
f 641 2268 1596
f 605 1944 1385
f 409 1804 894
f 405 1785 887
f 411 1821 899
f 414 1839 905
f 417 1858 912
f 431 1929 941
f 488 2114 1050
f 575 2024 1224
f 563 2240 1200
f 519 2253 1115
f 454 2038 984
f 450 1951 977
f 456 2055 989
f 459 2073 995
f 462 2092 1002
f 472 2109 1019
f 446 2019 971
f 506 2235 1091
f 535 2258 1146
f 541 1934 1158
f 570 1861 1217
f 480 1807 1037
f 421 1790 918
f 511 1826 1098
f 556 1844 1188
f 484 1880 1044
f 580 2186 1236
f 567 2308 1212
f 522 2272 1122
f 427 1894 930
f 544 2095 1163
f 468 2041 1013
f 436 1948 948
f 499 2060 1074
f 530 2078 1134
f 548 2132 1170
f 466 1970 1008
f 442 1984 960
f 505 2218 1086
f 536 2289 1151
f 491 2181 1061
f 423 1875 923
f 513 1897 1103
f 564 2275 1205
f 581 2311 1241
f 549 2167 1175
f 477 2146 1032
f 445 2002 966
f 503 2200 1080
f 525 1915 1127
f 474 2127 1025
f 438 1965 953
f 495 1987 1067
f 532 2221 1139
f 552 2294 1182
f 490 2164 1056
f 577 2149 1229
f 559 2005 1193
f 517 2203 1109
f 430 1912 936
f 590 1870 1325
f 584 1816 1277
f 585 1800 1265
f 592 1836 1301
f 595 1854 1319
f 598 1890 1343
f 636 2196 1566
f 621 2320 1464
f 642 2284 1590
f 601 1906 1349
f 623 2104 1523
f 611 2047 1422
f 609 1958 1397
f 625 2070 1499
f 628 2088 1517
f 632 2142 1559
f 613 1980 1427
f 616 1994 1433
f 638 2230 1572
f 606 2297 1374
f 407 2329 892
f 403 2323 885
f 404 2326 897
f 410 2333 903
f 413 2336 910
f 422 2345 939
f 486 2409 1048
f 573 2496 1222
f 561 2485 1198
f 512 2435 1113
f 452 2374 982
f 448 2368 975
f 449 2371 987
f 455 2378 993
f 458 2381 1000
f 470 2392 1017
f 437 2360 969
f 494 2416 1089
f 531 2456 1144
f 539 2460 1156
f 568 2488 1215
f 478 2398 1035
f 419 2340 916
f 509 2430 1096
f 554 2475 1186
f 482 2404 1042
f 576 2501 1234
f 558 2482 1210
f 516 2440 1120
f 425 2347 928
f 542 2464 1161
f 463 2384 1011
f 434 2355 946
f 497 2419 1072
f 528 2451 1132
f 546 2470 1168
f 464 2385 1006
f 440 2362 958
f 500 2423 1084
f 524 2446 1149
f 479 2401 1059
f 418 2339 921
f 508 2429 1101
f 553 2474 1203
f 569 2491 1239
f 538 2459 1173
f 471 2395 1030
f 443 2365 964
f 501 2424 1078
f 523 2443 1125
f 467 2390 1023
f 433 2354 951
f 493 2413 1065
f 527 2450 1137
f 543 2467 1180
f 485 2408 1054
f 572 2495 1227
f 557 2479 1191
f 515 2437 1107
f 428 2350 934
f 591 2511 1326
f 587 2505 1278
f 588 2507 1266
f 594 2513 1302
f 597 2516 1320
f 600 2519 1344
f 634 2556 1565
f 619 2540 1463
f 639 2561 1589
f 602 2521 1350
f 624 2544 1524
f 608 2529 1421
f 610 2530 1398
f 627 2546 1500
f 630 2549 1518
f 635 2553 1560
f 615 2534 1428
f 617 2536 1434
f 637 2557 1571
f 604 2525 1373
f 164 1609 889
f 163 1605 883
f 165 1611 895
f 166 1614 901
f 167 1617 907
f 172 1631 937
f 190 1688 1045
f 219 1775 1219
f 215 1763 1195
f 201 1719 1111
f 179 1654 979
f 178 1650 973
f 180 1656 985
f 181 1659 991
f 182 1662 997
f 185 1672 1015
f 177 1646 967
f 197 1706 1087
f 206 1735 1141
f 208 1741 1153
f 218 1770 1213
f 188 1680 1033
f 168 1621 913
f 198 1711 1093
f 213 1756 1183
f 189 1684 1039
f 221 1780 1231
f 217 1767 1207
f 202 1722 1117
f 170 1627 925
f 209 1744 1159
f 184 1668 1009
f 173 1636 943
f 194 1699 1069
f 204 1730 1129
f 210 1748 1165
f 183 1666 1003
f 175 1642 955
f 196 1705 1081
f 207 1736 1147
f 192 1691 1057
f 169 1623 919
f 199 1713 1099
f 216 1764 1201
f 222 1781 1237
f 211 1749 1171
f 187 1677 1027
f 176 1645 961
f 195 1703 1075
f 203 1725 1123
f 186 1674 1021
f 174 1638 949
f 193 1695 1063
f 205 1732 1135
f 212 1752 1177
f 191 1690 1051
f 220 1777 1225
f 214 1759 1189
f 200 1717 1105
f 171 1630 931
f 358 2191 1322
f 256 1885 1274
f 261 1901 1262
f 387 2279 1298
f 399 2315 1316
f 351 2171 1340
f 348 2160 1561
f 300 2016 1459
f 366 2214 1585
f 267 1919 1346
f 340 2137 1520
f 287 1978 1417
f 291 1991 1394
f 369 2225 1496
f 395 2302 1514
f 354 2178 1556
f 345 2153 1424
f 297 2009 1430
f 363 2207 1567
f 270 1926 1369
f 247 1857 908
f 229 1803 890
f 223 1786 884
f 235 1822 896
f 241 1840 902
f 253 1876 920
f 355 2182 1058
f 398 2312 1238
f 386 2276 1202
f 260 1898 1100
f 325 2091 998
f 307 2037 980
f 278 1952 974
f 313 2056 986
f 319 2074 992
f 337 2128 1022
f 283 1966 950
f 290 1988 1064
f 368 2222 1136
f 392 2293 1178
f 356 2185 1232
f 254 1879 1040
f 259 1893 926
f 385 2271 1118
f 397 2307 1208
f 349 2163 1052
f 344 2150 1226
f 296 2006 1190
f 362 2204 1106
f 265 1911 932
f 338 2131 1166
f 284 1969 1004
f 289 1983 956
f 367 2217 1082
f 391 2290 1148
f 350 2168 1172
f 343 2145 1028
f 295 2001 962
f 361 2199 1076
f 266 1916 1124
f 230 1808 1034
f 224 1789 914
f 236 1825 1094
f 242 1843 1184
f 248 1862 1214
f 272 1933 1154
f 331 2110 1016
f 301 2020 968
f 373 2236 1088
f 380 2257 1142
f 308 2042 1010
f 277 1947 944
f 314 2059 1070
f 320 2077 1130
f 326 2096 1160
f 332 2113 1046
f 302 2023 1220
f 374 2239 1196
f 379 2254 1112
f 271 1930 938
f 234 1818 1279
f 227 1798 1255
f 239 1834 1291
f 245 1852 1309
f 252 1872 1327
f 275 1942 1375
f 334 2120 1537
f 304 2030 1448
f 377 2248 1574
f 382 2263 1364
f 312 2052 1483
f 279 1955 1387
f 316 2065 1436
f 323 2086 1507
f 330 2106 1525
f 335 2122 1543
f 305 2032 1465
f 376 2245 1454
f 383 2266 1580
f 274 1940 1358
f 232 1813 1267
f 225 1792 1243
f 237 1828 1250
f 243 1846 1286
f 250 1867 1304
f 273 1936 1334
f 336 2123 1549
f 306 2033 1471
f 378 2249 1597
f 381 2260 1352
f 311 2049 1477
f 281 1959 1399
f 315 2062 1406
f 321 2080 1490
f 328 2101 1502
f 333 2116 1531
f 303 2026 1412
f 375 2242 1442
f 384 2267 1592
f 276 1943 1381
f 251 1869 1321
f 233 1815 1273
f 228 1799 1261
f 240 1835 1297
f 246 1853 1315
f 258 1889 1339
f 360 2195 1562
f 401 2319 1460
f 389 2283 1586
f 263 1905 1345
f 329 2103 1519
f 310 2046 1418
f 280 1957 1393
f 318 2069 1495
f 324 2087 1513
f 342 2141 1555
f 288 1979 1423
f 292 1993 1429
f 371 2229 1568
f 393 2296 1370
f 357 2188 1280
f 255 1882 1256
f 262 1902 1292
f 388 2280 1310
f 400 2316 1328
f 352 2172 1376
f 347 2157 1538
f 298 2011 1447
f 364 2209 1573
f 269 1923 1363
f 339 2134 1484
f 285 1972 1388
f 293 1995 1435
f 370 2226 1508
f 396 2303 1526
f 353 2175 1544
f 346 2154 1466
f 299 2013 1453
f 365 2211 1579
f 268 1921 1357
f 249 1865 1268
f 231 1811 1244
f 226 1796 1249
f 238 1832 1285
f 244 1850 1303
f 257 1888 1333
f 359 2194 1550
f 402 2322 1472
f 390 2286 1598
f 264 1908 1351
f 327 2099 1478
f 309 2045 1400
f 282 1962 1405
f 317 2068 1489
f 322 2084 1501
f 341 2140 1532
f 286 1976 1411
f 294 1998 1441
f 372 2232 1591
f 394 2299 1382
f 416 2330 911
f 408 2324 893
f 406 2325 888
f 412 2332 900
f 415 2335 906
f 424 2344 924
f 492 2410 1062
f 582 2497 1242
f 565 2486 1206
f 514 2434 1104
f 461 2375 1001
f 453 2369 983
f 451 2370 978
f 457 2377 990
f 460 2380 996
f 475 2393 1026
f 439 2359 954
f 496 2415 1068
f 533 2455 1140
f 551 2461 1181
f 579 2489 1235
f 483 2399 1043
f 426 2341 929
f 521 2431 1121
f 566 2476 1211
f 489 2405 1055
f 578 2500 1230
f 560 2481 1194
f 518 2439 1110
f 429 2348 935
f 547 2465 1169
f 465 2383 1007
f 441 2356 959
f 504 2420 1085
f 537 2452 1152
f 550 2471 1176
f 476 2386 1031
f 444 2363 965
f 502 2422 1079
f 526 2445 1128
f 481 2400 1038
f 420 2338 917
f 510 2428 1097
f 555 2473 1187
f 571 2490 1218
f 540 2458 1157
f 473 2394 1020
f 447 2366 972
f 507 2425 1092
f 534 2444 1145
f 469 2389 1014
f 435 2353 947
f 498 2414 1073
f 529 2449 1133
f 545 2466 1164
f 487 2407 1049
f 574 2494 1223
f 562 2480 1199
f 520 2438 1116
f 432 2351 942
f 589 2510 1283
f 583 2504 1259
f 586 2508 1295
f 593 2514 1313
f 596 2517 1331
f 599 2520 1379
f 633 2554 1541
f 620 2539 1452
f 640 2560 1578
f 603 2523 1368
f 622 2543 1487
f 607 2527 1391
f 612 2532 1440
f 626 2547 1511
f 629 2550 1529
f 631 2552 1547
f 614 2535 1469
f 618 2538 1458
f 641 2558 1584
f 605 2524 1362
f 164 1607 1609
f 163 1603 1605
f 165 1604 1611
f 166 1610 1614
f 167 1613 1617
f 172 1622 1631
f 190 1686 1688
f 219 1773 1775
f 215 1761 1763
f 201 1712 1719
f 179 1652 1654
f 178 1648 1650
f 180 1649 1656
f 181 1655 1659
f 182 1658 1662
f 185 1670 1672
f 177 1637 1646
f 197 1694 1706
f 206 1731 1735
f 208 1739 1741
f 218 1768 1770
f 188 1678 1680
f 168 1619 1621
f 198 1709 1711
f 213 1754 1756
f 189 1682 1684
f 221 1776 1780
f 217 1758 1767
f 202 1716 1722
f 170 1625 1627
f 209 1742 1744
f 184 1663 1668
f 173 1634 1636
f 194 1697 1699
f 204 1728 1730
f 210 1746 1748
f 183 1664 1666
f 175 1640 1642
f 196 1700 1705
f 207 1724 1736
f 192 1679 1691
f 169 1618 1623
f 199 1708 1713
f 216 1753 1764
f 222 1769 1781
f 211 1738 1749
f 187 1671 1677
f 176 1643 1645
f 195 1701 1703
f 203 1723 1725
f 186 1667 1674
f 174 1633 1638
f 193 1693 1695
f 205 1727 1732
f 212 1743 1752
f 191 1685 1690
f 220 1772 1777
f 214 1757 1759
f 200 1715 1717
f 171 1628 1630
f 358 2187 2191
f 256 1881 1885
f 261 1899 1901
f 387 2277 2279
f 399 2313 2315
f 351 2169 2171
f 348 2156 2160
f 300 2010 2016
f 366 2208 2214
f 267 1917 1919
f 340 2133 2137
f 287 1971 1978
f 291 1989 1991
f 369 2223 2225
f 395 2300 2302
f 354 2174 2178
f 345 2151 2153
f 297 2007 2009
f 363 2205 2207
f 270 1920 1926
f 247 1855 1857
f 229 1801 1803
f 223 1784 1786
f 235 1820 1822
f 241 1838 1840
f 253 1874 1876
f 355 2180 2182
f 398 2310 2312
f 386 2274 2276
f 260 1896 1898
f 325 2089 2091
f 307 2035 2037
f 278 1950 1952
f 313 2054 2056
f 319 2072 2074
f 337 2126 2128
f 283 1964 1966
f 290 1986 1988
f 368 2220 2222
f 392 2291 2293
f 356 2183 2185
f 254 1877 1879
f 259 1891 1893
f 385 2269 2271
f 397 2305 2307
f 349 2161 2163
f 344 2148 2150
f 296 2004 2006
f 362 2202 2204
f 265 1909 1911
f 338 2129 2131
f 284 1967 1969
f 289 1981 1983
f 367 2215 2217
f 391 2288 2290
f 350 2166 2168
f 343 2143 2145
f 295 1999 2001
f 361 2197 2199
f 266 1914 1916
f 230 1806 1808
f 224 1787 1789
f 236 1823 1825
f 242 1841 1843
f 248 1860 1862
f 272 1931 1933
f 331 2108 2110
f 301 2018 2020
f 373 2234 2236
f 380 2255 2257
f 308 2040 2042
f 277 1945 1947
f 314 2057 2059
f 320 2075 2077
f 326 2094 2096
f 332 2111 2113
f 302 2021 2023
f 374 2237 2239
f 379 2252 2254
f 271 1928 1930
f 234 1812 1818
f 227 1791 1798
f 239 1827 1834
f 245 1845 1852
f 252 1866 1872
f 275 1935 1942
f 334 2118 2120
f 304 2028 2030
f 377 2246 2248
f 382 2259 2263
f 312 2048 2052
f 279 1953 1955
f 316 2061 2065
f 323 2079 2086
f 330 2100 2106
f 335 2115 2122
f 305 2025 2032
f 376 2241 2245
f 383 2264 2266
f 274 1938 1940
f 232 1802 1813
f 225 1783 1792
f 237 1819 1828
f 243 1837 1846
f 250 1856 1867
f 273 1927 1936
f 336 2112 2123
f 306 2022 2033
f 378 2238 2249
f 381 2251 2260
f 311 2036 2049
f 281 1949 1959
f 315 2053 2062
f 321 2071 2080
f 328 2090 2101
f 333 2107 2116
f 303 2017 2026
f 375 2233 2242
f 384 2256 2267
f 276 1932 1943
f 251 1859 1869
f 233 1805 1815
f 228 1788 1799
f 240 1824 1835
f 246 1842 1853
f 258 1878 1889
f 360 2184 2195
f 401 2306 2319
f 389 2270 2283
f 263 1892 1905
f 329 2093 2103
f 310 2039 2046
f 280 1946 1957
f 318 2058 2069
f 324 2076 2087
f 342 2130 2141
f 288 1968 1979
f 292 1982 1993
f 371 2216 2229
f 393 2287 2296
f 357 2179 2188
f 255 1873 1882
f 262 1895 1902
f 388 2273 2280
f 400 2309 2316
f 352 2165 2172
f 347 2144 2157
f 298 2000 2011
f 364 2198 2209
f 269 1913 1923
f 339 2125 2134
f 285 1963 1972
f 293 1985 1995
f 370 2219 2226
f 396 2292 2303
f 353 2162 2175
f 346 2147 2154
f 299 2003 2013
f 365 2201 2211
f 268 1910 1921
f 249 1863 1865
f 231 1809 1811
f 226 1794 1796
f 238 1830 1832
f 244 1848 1850
f 257 1886 1888
f 359 2192 2194
f 402 2318 2322
f 390 2282 2286
f 264 1904 1908
f 327 2097 2099
f 309 2043 2045
f 282 1956 1962
f 317 2066 2068
f 322 2082 2084
f 341 2138 2140
f 286 1974 1976
f 294 1992 1998
f 372 2228 2232
f 394 2295 2299
f 416 2331 2330
f 408 2327 2324
f 406 2328 2325
f 412 2334 2332
f 415 2337 2335
f 424 2346 2344
f 492 2412 2410
f 582 2499 2497
f 565 2487 2486
f 514 2436 2434
f 461 2376 2375
f 453 2372 2369
f 451 2373 2370
f 457 2379 2377
f 460 2382 2380
f 475 2396 2393
f 439 2361 2359
f 496 2418 2415
f 533 2457 2455
f 551 2463 2461
f 579 2492 2489
f 483 2402 2399
f 426 2343 2341
f 521 2433 2431
f 566 2478 2476
f 489 2406 2405
f 578 2502 2500
f 560 2484 2481
f 518 2442 2439
f 429 2349 2348
f 547 2468 2465
f 465 2387 2383
f 441 2358 2356
f 504 2421 2420
f 537 2454 2452
f 550 2472 2471
f 476 2388 2386
f 444 2364 2363
f 502 2426 2422
f 526 2448 2445
f 481 2403 2400
f 420 2342 2338
f 510 2432 2428
f 555 2477 2473
f 571 2493 2490
f 540 2462 2458
f 473 2397 2394
f 447 2367 2366
f 507 2427 2425
f 534 2447 2444
f 469 2391 2389
f 435 2357 2353
f 498 2417 2414
f 529 2453 2449
f 545 2469 2466
f 487 2411 2407
f 574 2498 2494
f 562 2483 2480
f 520 2441 2438
f 432 2352 2351
f 589 2509 2510
f 583 2503 2504
f 586 2506 2508
f 593 2512 2514
f 596 2515 2517
f 599 2518 2520
f 633 2555 2554
f 620 2541 2539
f 640 2562 2560
f 603 2522 2523
f 622 2542 2543
f 607 2528 2527
f 612 2531 2532
f 626 2545 2547
f 629 2548 2550
f 631 2551 2552
f 614 2533 2535
f 618 2537 2538
f 641 2559 2558
f 605 2526 2524
f 164 644 1607
f 163 643 1603
f 165 645 1604
f 166 646 1610
f 167 647 1613
f 172 652 1622
f 190 670 1686
f 219 699 1773
f 215 695 1761
f 201 681 1712
f 179 659 1652
f 178 658 1648
f 180 660 1649
f 181 661 1655
f 182 662 1658
f 185 665 1670
f 177 657 1637
f 197 677 1694
f 206 686 1731
f 208 688 1739
f 218 698 1768
f 188 668 1678
f 168 648 1619
f 198 678 1709
f 213 693 1754
f 189 669 1682
f 221 701 1776
f 217 697 1758
f 202 682 1716
f 170 650 1625
f 209 689 1742
f 184 664 1663
f 173 653 1634
f 194 674 1697
f 204 684 1728
f 210 690 1746
f 183 663 1664
f 175 655 1640
f 196 676 1700
f 207 687 1724
f 192 672 1679
f 169 649 1618
f 199 679 1708
f 216 696 1753
f 222 702 1769
f 211 691 1738
f 187 667 1671
f 176 656 1643
f 195 675 1701
f 203 683 1723
f 186 666 1667
f 174 654 1633
f 193 673 1693
f 205 685 1727
f 212 692 1743
f 191 671 1685
f 220 700 1772
f 214 694 1757
f 200 680 1715
f 171 651 1628
f 358 838 2187
f 256 736 1881
f 261 741 1899
f 387 867 2277
f 399 879 2313
f 351 831 2169
f 348 828 2156
f 300 780 2010
f 366 846 2208
f 267 747 1917
f 340 820 2133
f 287 767 1971
f 291 771 1989
f 369 849 2223
f 395 875 2300
f 354 834 2174
f 345 825 2151
f 297 777 2007
f 363 843 2205
f 270 750 1920
f 247 727 1855
f 229 709 1801
f 223 703 1784
f 235 715 1820
f 241 721 1838
f 253 733 1874
f 355 835 2180
f 398 878 2310
f 386 866 2274
f 260 740 1896
f 325 805 2089
f 307 787 2035
f 278 758 1950
f 313 793 2054
f 319 799 2072
f 337 817 2126
f 283 763 1964
f 290 770 1986
f 368 848 2220
f 392 872 2291
f 356 836 2183
f 254 734 1877
f 259 739 1891
f 385 865 2269
f 397 877 2305
f 349 829 2161
f 344 824 2148
f 296 776 2004
f 362 842 2202
f 265 745 1909
f 338 818 2129
f 284 764 1967
f 289 769 1981
f 367 847 2215
f 391 871 2288
f 350 830 2166
f 343 823 2143
f 295 775 1999
f 361 841 2197
f 266 746 1914
f 230 710 1806
f 224 704 1787
f 236 716 1823
f 242 722 1841
f 248 728 1860
f 272 752 1931
f 331 811 2108
f 301 781 2018
f 373 853 2234
f 380 860 2255
f 308 788 2040
f 277 757 1945
f 314 794 2057
f 320 800 2075
f 326 806 2094
f 332 812 2111
f 302 782 2021
f 374 854 2237
f 379 859 2252
f 271 751 1928
f 234 714 1812
f 227 707 1791
f 239 719 1827
f 245 725 1845
f 252 732 1866
f 275 755 1935
f 334 814 2118
f 304 784 2028
f 377 857 2246
f 382 862 2259
f 312 792 2048
f 279 759 1953
f 316 796 2061
f 323 803 2079
f 330 810 2100
f 335 815 2115
f 305 785 2025
f 376 856 2241
f 383 863 2264
f 274 754 1938
f 232 712 1802
f 225 705 1783
f 237 717 1819
f 243 723 1837
f 250 730 1856
f 273 753 1927
f 336 816 2112
f 306 786 2022
f 378 858 2238
f 381 861 2251
f 311 791 2036
f 281 761 1949
f 315 795 2053
f 321 801 2071
f 328 808 2090
f 333 813 2107
f 303 783 2017
f 375 855 2233
f 384 864 2256
f 276 756 1932
f 251 731 1859
f 233 713 1805
f 228 708 1788
f 240 720 1824
f 246 726 1842
f 258 738 1878
f 360 840 2184
f 401 881 2306
f 389 869 2270
f 263 743 1892
f 329 809 2093
f 310 790 2039
f 280 760 1946
f 318 798 2058
f 324 804 2076
f 342 822 2130
f 288 768 1968
f 292 772 1982
f 371 851 2216
f 393 873 2287
f 357 837 2179
f 255 735 1873
f 262 742 1895
f 388 868 2273
f 400 880 2309
f 352 832 2165
f 347 827 2144
f 298 778 2000
f 364 844 2198
f 269 749 1913
f 339 819 2125
f 285 765 1963
f 293 773 1985
f 370 850 2219
f 396 876 2292
f 353 833 2162
f 346 826 2147
f 299 779 2003
f 365 845 2201
f 268 748 1910
f 249 729 1863
f 231 711 1809
f 226 706 1794
f 238 718 1830
f 244 724 1848
f 257 737 1886
f 359 839 2192
f 402 882 2318
f 390 870 2282
f 264 744 1904
f 327 807 2097
f 309 789 2043
f 282 762 1956
f 317 797 2066
f 322 802 2082
f 341 821 2138
f 286 766 1974
f 294 774 1992
f 372 852 2228
f 394 874 2295
f 416 1270 2331
f 408 1246 2327
f 406 1251 2328
f 412 1287 2334
f 415 1305 2337
f 424 1335 2346
f 492 1552 2412
f 582 1474 2499
f 565 1600 2487
f 514 1353 2436
f 461 1480 2376
f 453 1402 2372
f 451 1407 2373
f 457 1491 2379
f 460 1503 2382
f 475 1534 2396
f 439 1413 2361
f 496 1443 2418
f 533 1593 2457
f 551 1384 2463
f 579 1324 2492
f 483 1276 2402
f 426 1264 2343
f 521 1300 2433
f 566 1318 2478
f 489 1342 2406
f 578 1563 2502
f 560 1461 2484
f 518 1587 2442
f 429 1348 2349
f 547 1522 2468
f 465 1419 2387
f 441 1396 2358
f 504 1498 2421
f 537 1516 2454
f 550 1558 2472
f 476 1426 2388
f 444 1432 2364
f 502 1569 2426
f 526 1371 2448
f 481 1281 2403
f 420 1257 2342
f 510 1293 2432
f 555 1311 2477
f 571 1329 2493
f 540 1377 2462
f 473 1539 2397
f 447 1450 2367
f 507 1576 2427
f 534 1366 2447
f 469 1485 2391
f 435 1389 2357
f 498 1438 2417
f 529 1509 2453
f 545 1527 2469
f 487 1545 2411
f 574 1467 2498
f 562 1456 2483
f 520 1582 2441
f 432 1360 2352
f 589 1271 2509
f 583 1247 2503
f 586 1254 2506
f 593 1290 2512
f 596 1308 2515
f 599 1338 2518
f 633 1553 2555
f 620 1475 2541
f 640 1601 2562
f 603 1356 2522
f 622 1481 2542
f 607 1403 2528
f 612 1410 2531
f 626 1494 2545
f 629 1506 2548
f 631 1535 2551
f 614 1416 2533
f 618 1446 2537
f 641 1596 2559
f 605 1385 2526
f 167 907 1616
f 164 889 1608
f 163 883 1606
f 165 895 1612
f 166 901 1615
f 169 919 1624
f 192 1057 1692
f 222 1237 1782
f 216 1201 1765
f 199 1099 1714
f 182 997 1661
f 179 979 1653
f 178 973 1651
f 180 985 1657
f 181 991 1660
f 186 1021 1675
f 174 949 1639
f 193 1063 1696
f 205 1135 1733
f 212 1177 1751
f 221 1231 1779
f 189 1039 1683
f 170 925 1626
f 202 1117 1721
f 217 1207 1766
f 191 1051 1689
f 220 1225 1778
f 214 1189 1760
f 200 1105 1718
f 171 931 1629
f 210 1165 1747
f 183 1003 1665
f 175 955 1641
f 196 1081 1704
f 207 1147 1737
f 211 1171 1750
f 187 1027 1676
f 176 961 1644
f 195 1075 1702
f 203 1123 1726
f 188 1033 1681
f 168 913 1620
f 198 1093 1710
f 213 1183 1755
f 218 1213 1771
f 208 1153 1740
f 185 1015 1673
f 177 967 1647
f 197 1087 1707
f 206 1141 1734
f 184 1009 1669
f 173 943 1635
f 194 1069 1698
f 204 1129 1729
f 209 1159 1745
f 190 1045 1687
f 219 1219 1774
f 215 1195 1762
f 201 1111 1720
f 172 937 1632
f 357 1280 2189
f 255 1256 1883
f 262 1292 1903
f 388 1310 2281
f 400 1328 2317
f 352 1376 2173
f 347 1538 2158
f 298 1447 2012
f 364 1573 2210
f 269 1363 1924
f 339 1484 2135
f 285 1388 1973
f 293 1435 1996
f 370 1508 2227
f 396 1526 2304
f 353 1544 2176
f 346 1466 2155
f 299 1453 2014
f 365 1579 2212
f 268 1357 1922
f 249 1268 1864
f 231 1244 1810
f 226 1249 1795
f 238 1285 1831
f 244 1303 1849
f 257 1333 1887
f 359 1550 2193
f 402 1472 2321
f 390 1598 2285
f 264 1351 1907
f 327 1478 2098
f 309 1400 2044
f 282 1405 1961
f 317 1489 2067
f 322 1501 2083
f 341 1532 2139
f 286 1411 1975
f 294 1441 1997
f 372 1591 2231
f 394 1382 2298
f 358 1322 2190
f 256 1274 1884
f 261 1262 1900
f 387 1298 2278
f 399 1316 2314
f 351 1340 2170
f 348 1561 2159
f 300 1459 2015
f 366 1585 2213
f 267 1346 1918
f 340 1520 2136
f 287 1417 1977
f 291 1394 1990
f 369 1496 2224
f 395 1514 2301
f 354 1556 2177
f 345 1424 2152
f 297 1430 2008
f 363 1567 2206
f 270 1369 1925
f 234 1279 1817
f 227 1255 1797
f 239 1291 1833
f 245 1309 1851
f 252 1327 1871
f 275 1375 1941
f 334 1537 2119
f 304 1448 2029
f 377 1574 2247
f 382 1364 2262
f 312 1483 2051
f 279 1387 1954
f 316 1436 2064
f 323 1507 2085
f 330 1525 2105
f 335 1543 2121
f 305 1465 2031
f 376 1454 2244
f 383 1580 2265
f 274 1358 1939
f 232 1267 1814
f 225 1243 1793
f 237 1250 1829
f 243 1286 1847
f 250 1304 1868
f 273 1334 1937
f 336 1549 2124
f 306 1471 2034
f 378 1597 2250
f 381 1352 2261
f 311 1477 2050
f 281 1399 1960
f 315 1406 2063
f 321 1490 2081
f 328 1502 2102
f 333 1531 2117
f 303 1412 2027
f 375 1442 2243
f 384 1592 2268
f 276 1381 1944
f 229 890 1804
f 223 884 1785
f 235 896 1821
f 241 902 1839
f 247 908 1858
f 271 938 1929
f 332 1046 2114
f 302 1220 2024
f 374 1196 2240
f 379 1112 2253
f 307 980 2038
f 278 974 1951
f 313 986 2055
f 319 992 2073
f 325 998 2092
f 331 1016 2109
f 301 968 2019
f 373 1088 2235
f 380 1142 2258
f 272 1154 1934
f 248 1214 1861
f 230 1034 1807
f 224 914 1790
f 236 1094 1826
f 242 1184 1844
f 254 1040 1880
f 356 1232 2186
f 397 1208 2308
f 385 1118 2272
f 259 926 1894
f 326 1160 2095
f 308 1010 2041
f 277 944 1948
f 314 1070 2060
f 320 1130 2078
f 338 1166 2132
f 284 1004 1970
f 289 956 1984
f 367 1082 2218
f 391 1148 2289
f 355 1058 2181
f 253 920 1875
f 260 1100 1897
f 386 1202 2275
f 398 1238 2311
f 350 1172 2167
f 343 1028 2146
f 295 962 2002
f 361 1076 2200
f 266 1124 1915
f 337 1022 2127
f 283 950 1965
f 290 1064 1987
f 368 1136 2221
f 392 1178 2294
f 349 1052 2164
f 344 1226 2149
f 296 1190 2005
f 362 1106 2203
f 265 932 1912
f 251 1321 1870
f 233 1273 1816
f 228 1261 1800
f 240 1297 1836
f 246 1315 1854
f 258 1339 1890
f 360 1562 2196
f 401 1460 2320
f 389 1586 2284
f 263 1345 1906
f 329 1519 2104
f 310 1418 2047
f 280 1393 1958
f 318 1495 2070
f 324 1513 2088
f 342 1555 2142
f 288 1423 1980
f 292 1429 1994
f 371 1568 2230
f 393 1370 2297
f 409 894 2329
f 405 887 2323
f 411 899 2326
f 414 905 2333
f 417 912 2336
f 431 941 2345
f 488 1050 2409
f 575 1224 2496
f 563 1200 2485
f 519 1115 2435
f 454 984 2374
f 450 977 2368
f 456 989 2371
f 459 995 2378
f 462 1002 2381
f 472 1019 2392
f 446 971 2360
f 506 1091 2416
f 535 1146 2456
f 541 1158 2460
f 570 1217 2488
f 480 1037 2398
f 421 918 2340
f 511 1098 2430
f 556 1188 2475
f 484 1044 2404
f 580 1236 2501
f 567 1212 2482
f 522 1122 2440
f 427 930 2347
f 544 1163 2464
f 468 1013 2384
f 436 948 2355
f 499 1074 2419
f 530 1134 2451
f 548 1170 2470
f 466 1008 2385
f 442 960 2362
f 505 1086 2423
f 536 1151 2446
f 491 1061 2401
f 423 923 2339
f 513 1103 2429
f 564 1205 2474
f 581 1241 2491
f 549 1175 2459
f 477 1032 2395
f 445 966 2365
f 503 1080 2424
f 525 1127 2443
f 474 1025 2390
f 438 953 2354
f 495 1067 2413
f 532 1139 2450
f 552 1182 2467
f 490 1056 2408
f 577 1229 2495
f 559 1193 2479
f 517 1109 2437
f 430 936 2350
f 590 1325 2511
f 584 1277 2505
f 585 1265 2507
f 592 1301 2513
f 595 1319 2516
f 598 1343 2519
f 636 1566 2556
f 621 1464 2540
f 642 1590 2561
f 601 1349 2521
f 623 1523 2544
f 611 1422 2529
f 609 1397 2530
f 625 1499 2546
f 628 1517 2549
f 632 1559 2553
f 613 1427 2534
f 616 1433 2536
f 638 1572 2557
f 606 1374 2525
f 407 892 1609
f 403 885 1605
f 404 897 1611
f 410 903 1614
f 413 910 1617
f 422 939 1631
f 486 1048 1688
f 573 1222 1775
f 561 1198 1763
f 512 1113 1719
f 452 982 1654
f 448 975 1650
f 449 987 1656
f 455 993 1659
f 458 1000 1662
f 470 1017 1672
f 437 969 1646
f 494 1089 1706
f 531 1144 1735
f 539 1156 1741
f 568 1215 1770
f 478 1035 1680
f 419 916 1621
f 509 1096 1711
f 554 1186 1756
f 482 1042 1684
f 576 1234 1780
f 558 1210 1767
f 516 1120 1722
f 425 928 1627
f 542 1161 1744
f 463 1011 1668
f 434 946 1636
f 497 1072 1699
f 528 1132 1730
f 546 1168 1748
f 464 1006 1666
f 440 958 1642
f 500 1084 1705
f 524 1149 1736
f 479 1059 1691
f 418 921 1623
f 508 1101 1713
f 553 1203 1764
f 569 1239 1781
f 538 1173 1749
f 471 1030 1677
f 443 964 1645
f 501 1078 1703
f 523 1125 1725
f 467 1023 1674
f 433 951 1638
f 493 1065 1695
f 527 1137 1732
f 543 1180 1752
f 485 1054 1690
f 572 1227 1777
f 557 1191 1759
f 515 1107 1717
f 428 934 1630
f 591 1326 2191
f 587 1278 1885
f 588 1266 1901
f 594 1302 2279
f 597 1320 2315
f 600 1344 2171
f 634 1565 2160
f 619 1463 2016
f 639 1589 2214
f 602 1350 1919
f 624 1524 2137
f 608 1421 1978
f 610 1398 1991
f 627 1500 2225
f 630 1518 2302
f 635 1560 2178
f 615 1428 2153
f 617 1434 2009
f 637 1571 2207
f 604 1373 1926
f 416 911 1857
f 408 893 1803
f 406 888 1786
f 412 900 1822
f 415 906 1840
f 424 924 1876
f 492 1062 2182
f 582 1242 2312
f 565 1206 2276
f 514 1104 1898
f 461 1001 2091
f 453 983 2037
f 451 978 1952
f 457 990 2056
f 460 996 2074
f 475 1026 2128
f 439 954 1966
f 496 1068 1988
f 533 1140 2222
f 551 1181 2293
f 579 1235 2185
f 483 1043 1879
f 426 929 1893
f 521 1121 2271
f 566 1211 2307
f 489 1055 2163
f 578 1230 2150
f 560 1194 2006
f 518 1110 2204
f 429 935 1911
f 547 1169 2131
f 465 1007 1969
f 441 959 1983
f 504 1085 2217
f 537 1152 2290
f 550 1176 2168
f 476 1031 2145
f 444 965 2001
f 502 1079 2199
f 526 1128 1916
f 481 1038 1808
f 420 917 1789
f 510 1097 1825
f 555 1187 1843
f 571 1218 1862
f 540 1157 1933
f 473 1020 2110
f 447 972 2020
f 507 1092 2236
f 534 1145 2257
f 469 1014 2042
f 435 947 1947
f 498 1073 2059
f 529 1133 2077
f 545 1164 2096
f 487 1049 2113
f 574 1223 2023
f 562 1199 2239
f 520 1116 2254
f 432 942 1930
f 589 1283 1818
f 583 1259 1798
f 586 1295 1834
f 593 1313 1852
f 596 1331 1872
f 599 1379 1942
f 633 1541 2120
f 620 1452 2030
f 640 1578 2248
f 603 1368 2263
f 622 1487 2052
f 607 1391 1955
f 612 1440 2065
f 626 1511 2086
f 629 1529 2106
f 631 1547 2122
f 614 1469 2032
f 618 1458 2245
f 641 1584 2266
f 605 1362 1940
f 409 1269 1813
f 405 1245 1792
f 411 1252 1828
f 414 1288 1846
f 417 1306 1867
f 431 1336 1936
f 488 1551 2123
f 575 1473 2033
f 563 1599 2249
f 519 1354 2260
f 454 1479 2049
f 450 1401 1959
f 456 1408 2062
f 459 1492 2080
f 462 1504 2101
f 472 1533 2116
f 446 1414 2026
f 506 1444 2242
f 535 1594 2267
f 541 1383 1943
f 570 1323 1869
f 480 1275 1815
f 421 1263 1799
f 511 1299 1835
f 556 1317 1853
f 484 1341 1889
f 580 1564 2195
f 567 1462 2319
f 522 1588 2283
f 427 1347 1905
f 544 1521 2103
f 468 1420 2046
f 436 1395 1957
f 499 1497 2069
f 530 1515 2087
f 548 1557 2141
f 466 1425 1979
f 442 1431 1993
f 505 1570 2229
f 536 1372 2296
f 491 1282 2188
f 423 1258 1882
f 513 1294 1902
f 564 1312 2280
f 581 1330 2316
f 549 1378 2172
f 477 1540 2157
f 445 1449 2011
f 503 1575 2209
f 525 1365 1923
f 474 1486 2134
f 438 1390 1972
f 495 1437 1995
f 532 1510 2226
f 552 1528 2303
f 490 1546 2175
f 577 1468 2154
f 559 1455 2013
f 517 1581 2211
f 430 1359 1921
f 590 1272 1865
f 584 1248 1811
f 585 1253 1796
f 592 1289 1832
f 595 1307 1850
f 598 1337 1888
f 636 1554 2194
f 621 1476 2322
f 642 1602 2286
f 601 1355 1908
f 623 1482 2099
f 611 1404 2045
f 609 1409 1962
f 625 1493 2068
f 628 1505 2084
f 632 1536 2140
f 613 1415 1976
f 616 1445 1998
f 638 1595 2232
f 606 1386 2299
f 407 909 2330
f 403 891 2324
f 404 886 2325
f 410 898 2332
f 413 904 2335
f 422 922 2344
f 486 1060 2410
f 573 1240 2497
f 561 1204 2486
f 512 1102 2434
f 452 999 2375
f 448 981 2369
f 449 976 2370
f 455 988 2377
f 458 994 2380
f 470 1024 2393
f 437 952 2359
f 494 1066 2415
f 531 1138 2455
f 539 1179 2461
f 568 1233 2489
f 478 1041 2399
f 419 927 2341
f 509 1119 2431
f 554 1209 2476
f 482 1053 2405
f 576 1228 2500
f 558 1192 2481
f 516 1108 2439
f 425 933 2348
f 542 1167 2465
f 463 1005 2383
f 434 957 2356
f 497 1083 2420
f 528 1150 2452
f 546 1174 2471
f 464 1029 2386
f 440 963 2363
f 500 1077 2422
f 524 1126 2445
f 479 1036 2400
f 418 915 2338
f 508 1095 2428
f 553 1185 2473
f 569 1216 2490
f 538 1155 2458
f 471 1018 2394
f 443 970 2366
f 501 1090 2425
f 523 1143 2444
f 467 1012 2389
f 433 945 2353
f 493 1071 2414
f 527 1131 2449
f 543 1162 2466
f 485 1047 2407
f 572 1221 2494
f 557 1197 2480
f 515 1114 2438
f 428 940 2351
f 591 1284 2510
f 587 1260 2504
f 588 1296 2508
f 594 1314 2514
f 597 1332 2517
f 600 1380 2520
f 634 1542 2554
f 619 1451 2539
f 639 1577 2560
f 602 1367 2523
f 624 1488 2543
f 608 1392 2527
f 610 1439 2532
f 627 1512 2547
f 630 1530 2550
f 635 1548 2552
f 615 1470 2535
f 617 1457 2538
f 637 1583 2558
f 604 1361 2524
f 167 1616 1607
f 164 1608 1603
f 163 1606 1604
f 165 1612 1610
f 166 1615 1613
f 169 1624 1622
f 192 1692 1686
f 222 1782 1773
f 216 1765 1761
f 199 1714 1712
f 182 1661 1652
f 179 1653 1648
f 178 1651 1649
f 180 1657 1655
f 181 1660 1658
f 186 1675 1670
f 174 1639 1637
f 193 1696 1694
f 205 1733 1731
f 212 1751 1739
f 221 1779 1768
f 189 1683 1678
f 170 1626 1619
f 202 1721 1709
f 217 1766 1754
f 191 1689 1682
f 220 1778 1776
f 214 1760 1758
f 200 1718 1716
f 171 1629 1625
f 210 1747 1742
f 183 1665 1663
f 175 1641 1634
f 196 1704 1697
f 207 1737 1728
f 211 1750 1746
f 187 1676 1664
f 176 1644 1640
f 195 1702 1700
f 203 1726 1724
f 188 1681 1679
f 168 1620 1618
f 198 1710 1708
f 213 1755 1753
f 218 1771 1769
f 208 1740 1738
f 185 1673 1671
f 177 1647 1643
f 197 1707 1701
f 206 1734 1723
f 184 1669 1667
f 173 1635 1633
f 194 1698 1693
f 204 1729 1727
f 209 1745 1743
f 190 1687 1685
f 219 1774 1772
f 215 1762 1757
f 201 1720 1715
f 172 1632 1628
f 357 2189 2187
f 255 1883 1881
f 262 1903 1899
f 388 2281 2277
f 400 2317 2313
f 352 2173 2169
f 347 2158 2156
f 298 2012 2010
f 364 2210 2208
f 269 1924 1917
f 339 2135 2133
f 285 1973 1971
f 293 1996 1989
f 370 2227 2223
f 396 2304 2300
f 353 2176 2174
f 346 2155 2151
f 299 2014 2007
f 365 2212 2205
f 268 1922 1920
f 249 1864 1855
f 231 1810 1801
f 226 1795 1784
f 238 1831 1820
f 244 1849 1838
f 257 1887 1874
f 359 2193 2180
f 402 2321 2310
f 390 2285 2274
f 264 1907 1896
f 327 2098 2089
f 309 2044 2035
f 282 1961 1950
f 317 2067 2054
f 322 2083 2072
f 341 2139 2126
f 286 1975 1964
f 294 1997 1986
f 372 2231 2220
f 394 2298 2291
f 358 2190 2183
f 256 1884 1877
f 261 1900 1891
f 387 2278 2269
f 399 2314 2305
f 351 2170 2161
f 348 2159 2148
f 300 2015 2004
f 366 2213 2202
f 267 1918 1909
f 340 2136 2129
f 287 1977 1967
f 291 1990 1981
f 369 2224 2215
f 395 2301 2288
f 354 2177 2166
f 345 2152 2143
f 297 2008 1999
f 363 2206 2197
f 270 1925 1914
f 234 1817 1806
f 227 1797 1787
f 239 1833 1823
f 245 1851 1841
f 252 1871 1860
f 275 1941 1931
f 334 2119 2108
f 304 2029 2018
f 377 2247 2234
f 382 2262 2255
f 312 2051 2040
f 279 1954 1945
f 316 2064 2057
f 323 2085 2075
f 330 2105 2094
f 335 2121 2111
f 305 2031 2021
f 376 2244 2237
f 383 2265 2252
f 274 1939 1928
f 232 1814 1812
f 225 1793 1791
f 237 1829 1827
f 243 1847 1845
f 250 1868 1866
f 273 1937 1935
f 336 2124 2118
f 306 2034 2028
f 378 2250 2246
f 381 2261 2259
f 311 2050 2048
f 281 1960 1953
f 315 2063 2061
f 321 2081 2079
f 328 2102 2100
f 333 2117 2115
f 303 2027 2025
f 375 2243 2241
f 384 2268 2264
f 276 1944 1938
f 229 1804 1802
f 223 1785 1783
f 235 1821 1819
f 241 1839 1837
f 247 1858 1856
f 271 1929 1927
f 332 2114 2112
f 302 2024 2022
f 374 2240 2238
f 379 2253 2251
f 307 2038 2036
f 278 1951 1949
f 313 2055 2053
f 319 2073 2071
f 325 2092 2090
f 331 2109 2107
f 301 2019 2017
f 373 2235 2233
f 380 2258 2256
f 272 1934 1932
f 248 1861 1859
f 230 1807 1805
f 224 1790 1788
f 236 1826 1824
f 242 1844 1842
f 254 1880 1878
f 356 2186 2184
f 397 2308 2306
f 385 2272 2270
f 259 1894 1892
f 326 2095 2093
f 308 2041 2039
f 277 1948 1946
f 314 2060 2058
f 320 2078 2076
f 338 2132 2130
f 284 1970 1968
f 289 1984 1982
f 367 2218 2216
f 391 2289 2287
f 355 2181 2179
f 253 1875 1873
f 260 1897 1895
f 386 2275 2273
f 398 2311 2309
f 350 2167 2165
f 343 2146 2144
f 295 2002 2000
f 361 2200 2198
f 266 1915 1913
f 337 2127 2125
f 283 1965 1963
f 290 1987 1985
f 368 2221 2219
f 392 2294 2292
f 349 2164 2162
f 344 2149 2147
f 296 2005 2003
f 362 2203 2201
f 265 1912 1910
f 251 1870 1863
f 233 1816 1809
f 228 1800 1794
f 240 1836 1830
f 246 1854 1848
f 258 1890 1886
f 360 2196 2192
f 401 2320 2318
f 389 2284 2282
f 263 1906 1904
f 329 2104 2097
f 310 2047 2043
f 280 1958 1956
f 318 2070 2066
f 324 2088 2082
f 342 2142 2138
f 288 1980 1974
f 292 1994 1992
f 371 2230 2228
f 393 2297 2295
f 409 2329 2331
f 405 2323 2327
f 411 2326 2328
f 414 2333 2334
f 417 2336 2337
f 431 2345 2346
f 488 2409 2412
f 575 2496 2499
f 563 2485 2487
f 519 2435 2436
f 454 2374 2376
f 450 2368 2372
f 456 2371 2373
f 459 2378 2379
f 462 2381 2382
f 472 2392 2396
f 446 2360 2361
f 506 2416 2418
f 535 2456 2457
f 541 2460 2463
f 570 2488 2492
f 480 2398 2402
f 421 2340 2343
f 511 2430 2433
f 556 2475 2478
f 484 2404 2406
f 580 2501 2502
f 567 2482 2484
f 522 2440 2442
f 427 2347 2349
f 544 2464 2468
f 468 2384 2387
f 436 2355 2358
f 499 2419 2421
f 530 2451 2454
f 548 2470 2472
f 466 2385 2388
f 442 2362 2364
f 505 2423 2426
f 536 2446 2448
f 491 2401 2403
f 423 2339 2342
f 513 2429 2432
f 564 2474 2477
f 581 2491 2493
f 549 2459 2462
f 477 2395 2397
f 445 2365 2367
f 503 2424 2427
f 525 2443 2447
f 474 2390 2391
f 438 2354 2357
f 495 2413 2417
f 532 2450 2453
f 552 2467 2469
f 490 2408 2411
f 577 2495 2498
f 559 2479 2483
f 517 2437 2441
f 430 2350 2352
f 590 2511 2509
f 584 2505 2503
f 585 2507 2506
f 592 2513 2512
f 595 2516 2515
f 598 2519 2518
f 636 2556 2555
f 621 2540 2541
f 642 2561 2562
f 601 2521 2522
f 623 2544 2542
f 611 2529 2528
f 609 2530 2531
f 625 2546 2545
f 628 2549 2548
f 632 2553 2551
f 613 2534 2533
f 616 2536 2537
f 638 2557 2559
f 606 2525 2526
f 1607 644 647
f 1603 643 644
f 1604 645 643
f 1610 646 645
f 1613 647 646
f 1622 652 649
f 1686 670 672
f 1773 699 702
f 1761 695 696
f 1712 681 679
f 1652 659 662
f 1648 658 659
f 1649 660 658
f 1655 661 660
f 1658 662 661
f 1670 665 666
f 1637 657 654
f 1694 677 673
f 1731 686 685
f 1739 688 692
f 1768 698 701
f 1678 668 669
f 1619 648 650
f 1709 678 682
f 1754 693 697
f 1682 669 671
f 1776 701 700
f 1758 697 694
f 1716 682 680
f 1625 650 651
f 1742 689 690
f 1663 664 663
f 1634 653 655
f 1697 674 676
f 1728 684 687
f 1746 690 691
f 1664 663 667
f 1640 655 656
f 1700 676 675
f 1724 687 683
f 1679 672 668
f 1618 649 648
f 1708 679 678
f 1753 696 693
f 1769 702 698
f 1738 691 688
f 1671 667 665
f 1643 656 657
f 1701 675 677
f 1723 683 686
f 1667 666 664
f 1633 654 653
f 1693 673 674
f 1727 685 684
f 1743 692 689
f 1685 671 670
f 1772 700 699
f 1757 694 695
f 1715 680 681
f 1628 651 652
f 2187 838 837
f 1881 736 735
f 1899 741 742
f 2277 867 868
f 2313 879 880
f 2169 831 832
f 2156 828 827
f 2010 780 778
f 2208 846 844
f 1917 747 749
f 2133 820 819
f 1971 767 765
f 1989 771 773
f 2223 849 850
f 2300 875 876
f 2174 834 833
f 2151 825 826
f 2007 777 779
f 2205 843 845
f 1920 750 748
f 1855 727 729
f 1801 709 711
f 1784 703 706
f 1820 715 718
f 1838 721 724
f 1874 733 737
f 2180 835 839
f 2310 878 882
f 2274 866 870
f 1896 740 744
f 2089 805 807
f 2035 787 789
f 1950 758 762
f 2054 793 797
f 2072 799 802
f 2126 817 821
f 1964 763 766
f 1986 770 774
f 2220 848 852
f 2291 872 874
f 2183 836 838
f 1877 734 736
f 1891 739 741
f 2269 865 867
f 2305 877 879
f 2161 829 831
f 2148 824 828
f 2004 776 780
f 2202 842 846
f 1909 745 747
f 2129 818 820
f 1967 764 767
f 1981 769 771
f 2215 847 849
f 2288 871 875
f 2166 830 834
f 2143 823 825
f 1999 775 777
f 2197 841 843
f 1914 746 750
f 1806 710 714
f 1787 704 707
f 1823 716 719
f 1841 722 725
f 1860 728 732
f 1931 752 755
f 2108 811 814
f 2018 781 784
f 2234 853 857
f 2255 860 862
f 2040 788 792
f 1945 757 759
f 2057 794 796
f 2075 800 803
f 2094 806 810
f 2111 812 815
f 2021 782 785
f 2237 854 856
f 2252 859 863
f 1928 751 754
f 1812 714 712
f 1791 707 705
f 1827 719 717
f 1845 725 723
f 1866 732 730
f 1935 755 753
f 2118 814 816
f 2028 784 786
f 2246 857 858
f 2259 862 861
f 2048 792 791
f 1953 759 761
f 2061 796 795
f 2079 803 801
f 2100 810 808
f 2115 815 813
f 2025 785 783
f 2241 856 855
f 2264 863 864
f 1938 754 756
f 1802 712 709
f 1783 705 703
f 1819 717 715
f 1837 723 721
f 1856 730 727
f 1927 753 751
f 2112 816 812
f 2022 786 782
f 2238 858 854
f 2251 861 859
f 2036 791 787
f 1949 761 758
f 2053 795 793
f 2071 801 799
f 2090 808 805
f 2107 813 811
f 2017 783 781
f 2233 855 853
f 2256 864 860
f 1932 756 752
f 1859 731 728
f 1805 713 710
f 1788 708 704
f 1824 720 716
f 1842 726 722
f 1878 738 734
f 2184 840 836
f 2306 881 877
f 2270 869 865
f 1892 743 739
f 2093 809 806
f 2039 790 788
f 1946 760 757
f 2058 798 794
f 2076 804 800
f 2130 822 818
f 1968 768 764
f 1982 772 769
f 2216 851 847
f 2287 873 871
f 2179 837 835
f 1873 735 733
f 1895 742 740
f 2273 868 866
f 2309 880 878
f 2165 832 830
f 2144 827 823
f 2000 778 775
f 2198 844 841
f 1913 749 746
f 2125 819 817
f 1963 765 763
f 1985 773 770
f 2219 850 848
f 2292 876 872
f 2162 833 829
f 2147 826 824
f 2003 779 776
f 2201 845 842
f 1910 748 745
f 1863 729 731
f 1809 711 713
f 1794 706 708
f 1830 718 720
f 1848 724 726
f 1886 737 738
f 2192 839 840
f 2318 882 881
f 2282 870 869
f 1904 744 743
f 2097 807 809
f 2043 789 790
f 1956 762 760
f 2066 797 798
f 2082 802 804
f 2138 821 822
f 1974 766 768
f 1992 774 772
f 2228 852 851
f 2295 874 873
f 2331 1270 1269
f 2327 1246 1245
f 2328 1251 1252
f 2334 1287 1288
f 2337 1305 1306
f 2346 1335 1336
f 2412 1552 1551
f 2499 1474 1473
f 2487 1600 1599
f 2436 1353 1354
f 2376 1480 1479
f 2372 1402 1401
f 2373 1407 1408
f 2379 1491 1492
f 2382 1503 1504
f 2396 1534 1533
f 2361 1413 1414
f 2418 1443 1444
f 2457 1593 1594
f 2463 1384 1383
f 2492 1324 1323
f 2402 1276 1275
f 2343 1264 1263
f 2433 1300 1299
f 2478 1318 1317
f 2406 1342 1341
f 2502 1563 1564
f 2484 1461 1462
f 2442 1587 1588
f 2349 1348 1347
f 2468 1522 1521
f 2387 1419 1420
f 2358 1396 1395
f 2421 1498 1497
f 2454 1516 1515
f 2472 1558 1557
f 2388 1426 1425
f 2364 1432 1431
f 2426 1569 1570
f 2448 1371 1372
f 2403 1281 1282
f 2342 1257 1258
f 2432 1293 1294
f 2477 1311 1312
f 2493 1329 1330
f 2462 1377 1378
f 2397 1539 1540
f 2367 1450 1449
f 2427 1576 1575
f 2447 1366 1365
f 2391 1485 1486
f 2357 1389 1390
f 2417 1438 1437
f 2453 1509 1510
f 2469 1527 1528
f 2411 1545 1546
f 2498 1467 1468
f 2483 1456 1455
f 2441 1582 1581
f 2352 1360 1359
f 2509 1271 1272
f 2503 1247 1248
f 2506 1254 1253
f 2512 1290 1289
f 2515 1308 1307
f 2518 1338 1337
f 2555 1553 1554
f 2541 1475 1476
f 2562 1601 1602
f 2522 1356 1355
f 2542 1481 1482
f 2528 1403 1404
f 2531 1410 1409
f 2545 1494 1493
f 2548 1506 1505
f 2551 1535 1536
f 2533 1416 1415
f 2537 1446 1445
f 2559 1596 1595
f 2526 1385 1386
f 1616 907 909
f 1608 889 891
f 1606 883 886
f 1612 895 898
f 1615 901 904
f 1624 919 922
f 1692 1057 1060
f 1782 1237 1240
f 1765 1201 1204
f 1714 1099 1102
f 1661 997 999
f 1653 979 981
f 1651 973 976
f 1657 985 988
f 1660 991 994
f 1675 1021 1024
f 1639 949 952
f 1696 1063 1066
f 1733 1135 1138
f 1751 1177 1179
f 1779 1231 1233
f 1683 1039 1041
f 1626 925 927
f 1721 1117 1119
f 1766 1207 1209
f 1689 1051 1053
f 1778 1225 1228
f 1760 1189 1192
f 1718 1105 1108
f 1629 931 933
f 1747 1165 1167
f 1665 1003 1005
f 1641 955 957
f 1704 1081 1083
f 1737 1147 1150
f 1750 1171 1174
f 1676 1027 1029
f 1644 961 963
f 1702 1075 1077
f 1726 1123 1126
f 1681 1033 1036
f 1620 913 915
f 1710 1093 1095
f 1755 1183 1185
f 1771 1213 1216
f 1740 1153 1155
f 1673 1015 1018
f 1647 967 970
f 1707 1087 1090
f 1734 1141 1143
f 1669 1009 1012
f 1635 943 945
f 1698 1069 1071
f 1729 1129 1131
f 1745 1159 1162
f 1687 1045 1047
f 1774 1219 1221
f 1762 1195 1197
f 1720 1111 1114
f 1632 937 940
f 2189 1280 1284
f 1883 1256 1260
f 1903 1292 1296
f 2281 1310 1314
f 2317 1328 1332
f 2173 1376 1380
f 2158 1538 1542
f 2012 1447 1451
f 2210 1573 1577
f 1924 1363 1367
f 2135 1484 1488
f 1973 1388 1392
f 1996 1435 1439
f 2227 1508 1512
f 2304 1526 1530
f 2176 1544 1548
f 2155 1466 1470
f 2014 1453 1457
f 2212 1579 1583
f 1922 1357 1361
f 1864 1268 1270
f 1810 1244 1246
f 1795 1249 1251
f 1831 1285 1287
f 1849 1303 1305
f 1887 1333 1335
f 2193 1550 1552
f 2321 1472 1474
f 2285 1598 1600
f 1907 1351 1353
f 2098 1478 1480
f 2044 1400 1402
f 1961 1405 1407
f 2067 1489 1491
f 2083 1501 1503
f 2139 1532 1534
f 1975 1411 1413
f 1997 1441 1443
f 2231 1591 1593
f 2298 1382 1384
f 2190 1322 1324
f 1884 1274 1276
f 1900 1262 1264
f 2278 1298 1300
f 2314 1316 1318
f 2170 1340 1342
f 2159 1561 1563
f 2015 1459 1461
f 2213 1585 1587
f 1918 1346 1348
f 2136 1520 1522
f 1977 1417 1419
f 1990 1394 1396
f 2224 1496 1498
f 2301 1514 1516
f 2177 1556 1558
f 2152 1424 1426
f 2008 1430 1432
f 2206 1567 1569
f 1925 1369 1371
f 1817 1279 1281
f 1797 1255 1257
f 1833 1291 1293
f 1851 1309 1311
f 1871 1327 1329
f 1941 1375 1377
f 2119 1537 1539
f 2029 1448 1450
f 2247 1574 1576
f 2262 1364 1366
f 2051 1483 1485
f 1954 1387 1389
f 2064 1436 1438
f 2085 1507 1509
f 2105 1525 1527
f 2121 1543 1545
f 2031 1465 1467
f 2244 1454 1456
f 2265 1580 1582
f 1939 1358 1360
f 1814 1267 1271
f 1793 1243 1247
f 1829 1250 1254
f 1847 1286 1290
f 1868 1304 1308
f 1937 1334 1338
f 2124 1549 1553
f 2034 1471 1475
f 2250 1597 1601
f 2261 1352 1356
f 2050 1477 1481
f 1960 1399 1403
f 2063 1406 1410
f 2081 1490 1494
f 2102 1502 1506
f 2117 1531 1535
f 2027 1412 1416
f 2243 1442 1446
f 2268 1592 1596
f 1944 1381 1385
f 1804 890 894
f 1785 884 887
f 1821 896 899
f 1839 902 905
f 1858 908 912
f 1929 938 941
f 2114 1046 1050
f 2024 1220 1224
f 2240 1196 1200
f 2253 1112 1115
f 2038 980 984
f 1951 974 977
f 2055 986 989
f 2073 992 995
f 2092 998 1002
f 2109 1016 1019
f 2019 968 971
f 2235 1088 1091
f 2258 1142 1146
f 1934 1154 1158
f 1861 1214 1217
f 1807 1034 1037
f 1790 914 918
f 1826 1094 1098
f 1844 1184 1188
f 1880 1040 1044
f 2186 1232 1236
f 2308 1208 1212
f 2272 1118 1122
f 1894 926 930
f 2095 1160 1163
f 2041 1010 1013
f 1948 944 948
f 2060 1070 1074
f 2078 1130 1134
f 2132 1166 1170
f 1970 1004 1008
f 1984 956 960
f 2218 1082 1086
f 2289 1148 1151
f 2181 1058 1061
f 1875 920 923
f 1897 1100 1103
f 2275 1202 1205
f 2311 1238 1241
f 2167 1172 1175
f 2146 1028 1032
f 2002 962 966
f 2200 1076 1080
f 1915 1124 1127
f 2127 1022 1025
f 1965 950 953
f 1987 1064 1067
f 2221 1136 1139
f 2294 1178 1182
f 2164 1052 1056
f 2149 1226 1229
f 2005 1190 1193
f 2203 1106 1109
f 1912 932 936
f 1870 1321 1325
f 1816 1273 1277
f 1800 1261 1265
f 1836 1297 1301
f 1854 1315 1319
f 1890 1339 1343
f 2196 1562 1566
f 2320 1460 1464
f 2284 1586 1590
f 1906 1345 1349
f 2104 1519 1523
f 2047 1418 1422
f 1958 1393 1397
f 2070 1495 1499
f 2088 1513 1517
f 2142 1555 1559
f 1980 1423 1427
f 1994 1429 1433
f 2230 1568 1572
f 2297 1370 1374
f 2329 894 892
f 2323 887 885
f 2326 899 897
f 2333 905 903
f 2336 912 910
f 2345 941 939
f 2409 1050 1048
f 2496 1224 1222
f 2485 1200 1198
f 2435 1115 1113
f 2374 984 982
f 2368 977 975
f 2371 989 987
f 2378 995 993
f 2381 1002 1000
f 2392 1019 1017
f 2360 971 969
f 2416 1091 1089
f 2456 1146 1144
f 2460 1158 1156
f 2488 1217 1215
f 2398 1037 1035
f 2340 918 916
f 2430 1098 1096
f 2475 1188 1186
f 2404 1044 1042
f 2501 1236 1234
f 2482 1212 1210
f 2440 1122 1120
f 2347 930 928
f 2464 1163 1161
f 2384 1013 1011
f 2355 948 946
f 2419 1074 1072
f 2451 1134 1132
f 2470 1170 1168
f 2385 1008 1006
f 2362 960 958
f 2423 1086 1084
f 2446 1151 1149
f 2401 1061 1059
f 2339 923 921
f 2429 1103 1101
f 2474 1205 1203
f 2491 1241 1239
f 2459 1175 1173
f 2395 1032 1030
f 2365 966 964
f 2424 1080 1078
f 2443 1127 1125
f 2390 1025 1023
f 2354 953 951
f 2413 1067 1065
f 2450 1139 1137
f 2467 1182 1180
f 2408 1056 1054
f 2495 1229 1227
f 2479 1193 1191
f 2437 1109 1107
f 2350 936 934
f 2511 1325 1326
f 2505 1277 1278
f 2507 1265 1266
f 2513 1301 1302
f 2516 1319 1320
f 2519 1343 1344
f 2556 1566 1565
f 2540 1464 1463
f 2561 1590 1589
f 2521 1349 1350
f 2544 1523 1524
f 2529 1422 1421
f 2530 1397 1398
f 2546 1499 1500
f 2549 1517 1518
f 2553 1559 1560
f 2534 1427 1428
f 2536 1433 1434
f 2557 1572 1571
f 2525 1374 1373
f 1609 892 889
f 1605 885 883
f 1611 897 895
f 1614 903 901
f 1617 910 907
f 1631 939 937
f 1688 1048 1045
f 1775 1222 1219
f 1763 1198 1195
f 1719 1113 1111
f 1654 982 979
f 1650 975 973
f 1656 987 985
f 1659 993 991
f 1662 1000 997
f 1672 1017 1015
f 1646 969 967
f 1706 1089 1087
f 1735 1144 1141
f 1741 1156 1153
f 1770 1215 1213
f 1680 1035 1033
f 1621 916 913
f 1711 1096 1093
f 1756 1186 1183
f 1684 1042 1039
f 1780 1234 1231
f 1767 1210 1207
f 1722 1120 1117
f 1627 928 925
f 1744 1161 1159
f 1668 1011 1009
f 1636 946 943
f 1699 1072 1069
f 1730 1132 1129
f 1748 1168 1165
f 1666 1006 1003
f 1642 958 955
f 1705 1084 1081
f 1736 1149 1147
f 1691 1059 1057
f 1623 921 919
f 1713 1101 1099
f 1764 1203 1201
f 1781 1239 1237
f 1749 1173 1171
f 1677 1030 1027
f 1645 964 961
f 1703 1078 1075
f 1725 1125 1123
f 1674 1023 1021
f 1638 951 949
f 1695 1065 1063
f 1732 1137 1135
f 1752 1180 1177
f 1690 1054 1051
f 1777 1227 1225
f 1759 1191 1189
f 1717 1107 1105
f 1630 934 931
f 2191 1326 1322
f 1885 1278 1274
f 1901 1266 1262
f 2279 1302 1298
f 2315 1320 1316
f 2171 1344 1340
f 2160 1565 1561
f 2016 1463 1459
f 2214 1589 1585
f 1919 1350 1346
f 2137 1524 1520
f 1978 1421 1417
f 1991 1398 1394
f 2225 1500 1496
f 2302 1518 1514
f 2178 1560 1556
f 2153 1428 1424
f 2009 1434 1430
f 2207 1571 1567
f 1926 1373 1369
f 1857 911 908
f 1803 893 890
f 1786 888 884
f 1822 900 896
f 1840 906 902
f 1876 924 920
f 2182 1062 1058
f 2312 1242 1238
f 2276 1206 1202
f 1898 1104 1100
f 2091 1001 998
f 2037 983 980
f 1952 978 974
f 2056 990 986
f 2074 996 992
f 2128 1026 1022
f 1966 954 950
f 1988 1068 1064
f 2222 1140 1136
f 2293 1181 1178
f 2185 1235 1232
f 1879 1043 1040
f 1893 929 926
f 2271 1121 1118
f 2307 1211 1208
f 2163 1055 1052
f 2150 1230 1226
f 2006 1194 1190
f 2204 1110 1106
f 1911 935 932
f 2131 1169 1166
f 1969 1007 1004
f 1983 959 956
f 2217 1085 1082
f 2290 1152 1148
f 2168 1176 1172
f 2145 1031 1028
f 2001 965 962
f 2199 1079 1076
f 1916 1128 1124
f 1808 1038 1034
f 1789 917 914
f 1825 1097 1094
f 1843 1187 1184
f 1862 1218 1214
f 1933 1157 1154
f 2110 1020 1016
f 2020 972 968
f 2236 1092 1088
f 2257 1145 1142
f 2042 1014 1010
f 1947 947 944
f 2059 1073 1070
f 2077 1133 1130
f 2096 1164 1160
f 2113 1049 1046
f 2023 1223 1220
f 2239 1199 1196
f 2254 1116 1112
f 1930 942 938
f 1818 1283 1279
f 1798 1259 1255
f 1834 1295 1291
f 1852 1313 1309
f 1872 1331 1327
f 1942 1379 1375
f 2120 1541 1537
f 2030 1452 1448
f 2248 1578 1574
f 2263 1368 1364
f 2052 1487 1483
f 1955 1391 1387
f 2065 1440 1436
f 2086 1511 1507
f 2106 1529 1525
f 2122 1547 1543
f 2032 1469 1465
f 2245 1458 1454
f 2266 1584 1580
f 1940 1362 1358
f 1813 1269 1267
f 1792 1245 1243
f 1828 1252 1250
f 1846 1288 1286
f 1867 1306 1304
f 1936 1336 1334
f 2123 1551 1549
f 2033 1473 1471
f 2249 1599 1597
f 2260 1354 1352
f 2049 1479 1477
f 1959 1401 1399
f 2062 1408 1406
f 2080 1492 1490
f 2101 1504 1502
f 2116 1533 1531
f 2026 1414 1412
f 2242 1444 1442
f 2267 1594 1592
f 1943 1383 1381
f 1869 1323 1321
f 1815 1275 1273
f 1799 1263 1261
f 1835 1299 1297
f 1853 1317 1315
f 1889 1341 1339
f 2195 1564 1562
f 2319 1462 1460
f 2283 1588 1586
f 1905 1347 1345
f 2103 1521 1519
f 2046 1420 1418
f 1957 1395 1393
f 2069 1497 1495
f 2087 1515 1513
f 2141 1557 1555
f 1979 1425 1423
f 1993 1431 1429
f 2229 1570 1568
f 2296 1372 1370
f 2188 1282 1280
f 1882 1258 1256
f 1902 1294 1292
f 2280 1312 1310
f 2316 1330 1328
f 2172 1378 1376
f 2157 1540 1538
f 2011 1449 1447
f 2209 1575 1573
f 1923 1365 1363
f 2134 1486 1484
f 1972 1390 1388
f 1995 1437 1435
f 2226 1510 1508
f 2303 1528 1526
f 2175 1546 1544
f 2154 1468 1466
f 2013 1455 1453
f 2211 1581 1579
f 1921 1359 1357
f 1865 1272 1268
f 1811 1248 1244
f 1796 1253 1249
f 1832 1289 1285
f 1850 1307 1303
f 1888 1337 1333
f 2194 1554 1550
f 2322 1476 1472
f 2286 1602 1598
f 1908 1355 1351
f 2099 1482 1478
f 2045 1404 1400
f 1962 1409 1405
f 2068 1493 1489
f 2084 1505 1501
f 2140 1536 1532
f 1976 1415 1411
f 1998 1445 1441
f 2232 1595 1591
f 2299 1386 1382
f 2330 909 911
f 2324 891 893
f 2325 886 888
f 2332 898 900
f 2335 904 906
f 2344 922 924
f 2410 1060 1062
f 2497 1240 1242
f 2486 1204 1206
f 2434 1102 1104
f 2375 999 1001
f 2369 981 983
f 2370 976 978
f 2377 988 990
f 2380 994 996
f 2393 1024 1026
f 2359 952 954
f 2415 1066 1068
f 2455 1138 1140
f 2461 1179 1181
f 2489 1233 1235
f 2399 1041 1043
f 2341 927 929
f 2431 1119 1121
f 2476 1209 1211
f 2405 1053 1055
f 2500 1228 1230
f 2481 1192 1194
f 2439 1108 1110
f 2348 933 935
f 2465 1167 1169
f 2383 1005 1007
f 2356 957 959
f 2420 1083 1085
f 2452 1150 1152
f 2471 1174 1176
f 2386 1029 1031
f 2363 963 965
f 2422 1077 1079
f 2445 1126 1128
f 2400 1036 1038
f 2338 915 917
f 2428 1095 1097
f 2473 1185 1187
f 2490 1216 1218
f 2458 1155 1157
f 2394 1018 1020
f 2366 970 972
f 2425 1090 1092
f 2444 1143 1145
f 2389 1012 1014
f 2353 945 947
f 2414 1071 1073
f 2449 1131 1133
f 2466 1162 1164
f 2407 1047 1049
f 2494 1221 1223
f 2480 1197 1199
f 2438 1114 1116
f 2351 940 942
f 2510 1284 1283
f 2504 1260 1259
f 2508 1296 1295
f 2514 1314 1313
f 2517 1332 1331
f 2520 1380 1379
f 2554 1542 1541
f 2539 1451 1452
f 2560 1577 1578
f 2523 1367 1368
f 2543 1488 1487
f 2527 1392 1391
f 2532 1439 1440
f 2547 1512 1511
f 2550 1530 1529
f 2552 1548 1547
f 2535 1470 1469
f 2538 1457 1458
f 2558 1583 1584
f 2524 1361 1362
f 1607 1616 1609
f 1603 1608 1605
f 1604 1606 1611
f 1610 1612 1614
f 1613 1615 1617
f 1622 1624 1631
f 1686 1692 1688
f 1773 1782 1775
f 1761 1765 1763
f 1712 1714 1719
f 1652 1661 1654
f 1648 1653 1650
f 1649 1651 1656
f 1655 1657 1659
f 1658 1660 1662
f 1670 1675 1672
f 1637 1639 1646
f 1694 1696 1706
f 1731 1733 1735
f 1739 1751 1741
f 1768 1779 1770
f 1678 1683 1680
f 1619 1626 1621
f 1709 1721 1711
f 1754 1766 1756
f 1682 1689 1684
f 1776 1778 1780
f 1758 1760 1767
f 1716 1718 1722
f 1625 1629 1627
f 1742 1747 1744
f 1663 1665 1668
f 1634 1641 1636
f 1697 1704 1699
f 1728 1737 1730
f 1746 1750 1748
f 1664 1676 1666
f 1640 1644 1642
f 1700 1702 1705
f 1724 1726 1736
f 1679 1681 1691
f 1618 1620 1623
f 1708 1710 1713
f 1753 1755 1764
f 1769 1771 1781
f 1738 1740 1749
f 1671 1673 1677
f 1643 1647 1645
f 1701 1707 1703
f 1723 1734 1725
f 1667 1669 1674
f 1633 1635 1638
f 1693 1698 1695
f 1727 1729 1732
f 1743 1745 1752
f 1685 1687 1690
f 1772 1774 1777
f 1757 1762 1759
f 1715 1720 1717
f 1628 1632 1630
f 2187 2189 2191
f 1881 1883 1885
f 1899 1903 1901
f 2277 2281 2279
f 2313 2317 2315
f 2169 2173 2171
f 2156 2158 2160
f 2010 2012 2016
f 2208 2210 2214
f 1917 1924 1919
f 2133 2135 2137
f 1971 1973 1978
f 1989 1996 1991
f 2223 2227 2225
f 2300 2304 2302
f 2174 2176 2178
f 2151 2155 2153
f 2007 2014 2009
f 2205 2212 2207
f 1920 1922 1926
f 1855 1864 1857
f 1801 1810 1803
f 1784 1795 1786
f 1820 1831 1822
f 1838 1849 1840
f 1874 1887 1876
f 2180 2193 2182
f 2310 2321 2312
f 2274 2285 2276
f 1896 1907 1898
f 2089 2098 2091
f 2035 2044 2037
f 1950 1961 1952
f 2054 2067 2056
f 2072 2083 2074
f 2126 2139 2128
f 1964 1975 1966
f 1986 1997 1988
f 2220 2231 2222
f 2291 2298 2293
f 2183 2190 2185
f 1877 1884 1879
f 1891 1900 1893
f 2269 2278 2271
f 2305 2314 2307
f 2161 2170 2163
f 2148 2159 2150
f 2004 2015 2006
f 2202 2213 2204
f 1909 1918 1911
f 2129 2136 2131
f 1967 1977 1969
f 1981 1990 1983
f 2215 2224 2217
f 2288 2301 2290
f 2166 2177 2168
f 2143 2152 2145
f 1999 2008 2001
f 2197 2206 2199
f 1914 1925 1916
f 1806 1817 1808
f 1787 1797 1789
f 1823 1833 1825
f 1841 1851 1843
f 1860 1871 1862
f 1931 1941 1933
f 2108 2119 2110
f 2018 2029 2020
f 2234 2247 2236
f 2255 2262 2257
f 2040 2051 2042
f 1945 1954 1947
f 2057 2064 2059
f 2075 2085 2077
f 2094 2105 2096
f 2111 2121 2113
f 2021 2031 2023
f 2237 2244 2239
f 2252 2265 2254
f 1928 1939 1930
f 1812 1814 1818
f 1791 1793 1798
f 1827 1829 1834
f 1845 1847 1852
f 1866 1868 1872
f 1935 1937 1942
f 2118 2124 2120
f 2028 2034 2030
f 2246 2250 2248
f 2259 2261 2263
f 2048 2050 2052
f 1953 1960 1955
f 2061 2063 2065
f 2079 2081 2086
f 2100 2102 2106
f 2115 2117 2122
f 2025 2027 2032
f 2241 2243 2245
f 2264 2268 2266
f 1938 1944 1940
f 1802 1804 1813
f 1783 1785 1792
f 1819 1821 1828
f 1837 1839 1846
f 1856 1858 1867
f 1927 1929 1936
f 2112 2114 2123
f 2022 2024 2033
f 2238 2240 2249
f 2251 2253 2260
f 2036 2038 2049
f 1949 1951 1959
f 2053 2055 2062
f 2071 2073 2080
f 2090 2092 2101
f 2107 2109 2116
f 2017 2019 2026
f 2233 2235 2242
f 2256 2258 2267
f 1932 1934 1943
f 1859 1861 1869
f 1805 1807 1815
f 1788 1790 1799
f 1824 1826 1835
f 1842 1844 1853
f 1878 1880 1889
f 2184 2186 2195
f 2306 2308 2319
f 2270 2272 2283
f 1892 1894 1905
f 2093 2095 2103
f 2039 2041 2046
f 1946 1948 1957
f 2058 2060 2069
f 2076 2078 2087
f 2130 2132 2141
f 1968 1970 1979
f 1982 1984 1993
f 2216 2218 2229
f 2287 2289 2296
f 2179 2181 2188
f 1873 1875 1882
f 1895 1897 1902
f 2273 2275 2280
f 2309 2311 2316
f 2165 2167 2172
f 2144 2146 2157
f 2000 2002 2011
f 2198 2200 2209
f 1913 1915 1923
f 2125 2127 2134
f 1963 1965 1972
f 1985 1987 1995
f 2219 2221 2226
f 2292 2294 2303
f 2162 2164 2175
f 2147 2149 2154
f 2003 2005 2013
f 2201 2203 2211
f 1910 1912 1921
f 1863 1870 1865
f 1809 1816 1811
f 1794 1800 1796
f 1830 1836 1832
f 1848 1854 1850
f 1886 1890 1888
f 2192 2196 2194
f 2318 2320 2322
f 2282 2284 2286
f 1904 1906 1908
f 2097 2104 2099
f 2043 2047 2045
f 1956 1958 1962
f 2066 2070 2068
f 2082 2088 2084
f 2138 2142 2140
f 1974 1980 1976
f 1992 1994 1998
f 2228 2230 2232
f 2295 2297 2299
f 2331 2329 2330
f 2327 2323 2324
f 2328 2326 2325
f 2334 2333 2332
f 2337 2336 2335
f 2346 2345 2344
f 2412 2409 2410
f 2499 2496 2497
f 2487 2485 2486
f 2436 2435 2434
f 2376 2374 2375
f 2372 2368 2369
f 2373 2371 2370
f 2379 2378 2377
f 2382 2381 2380
f 2396 2392 2393
f 2361 2360 2359
f 2418 2416 2415
f 2457 2456 2455
f 2463 2460 2461
f 2492 2488 2489
f 2402 2398 2399
f 2343 2340 2341
f 2433 2430 2431
f 2478 2475 2476
f 2406 2404 2405
f 2502 2501 2500
f 2484 2482 2481
f 2442 2440 2439
f 2349 2347 2348
f 2468 2464 2465
f 2387 2384 2383
f 2358 2355 2356
f 2421 2419 2420
f 2454 2451 2452
f 2472 2470 2471
f 2388 2385 2386
f 2364 2362 2363
f 2426 2423 2422
f 2448 2446 2445
f 2403 2401 2400
f 2342 2339 2338
f 2432 2429 2428
f 2477 2474 2473
f 2493 2491 2490
f 2462 2459 2458
f 2397 2395 2394
f 2367 2365 2366
f 2427 2424 2425
f 2447 2443 2444
f 2391 2390 2389
f 2357 2354 2353
f 2417 2413 2414
f 2453 2450 2449
f 2469 2467 2466
f 2411 2408 2407
f 2498 2495 2494
f 2483 2479 2480
f 2441 2437 2438
f 2352 2350 2351
f 2509 2511 2510
f 2503 2505 2504
f 2506 2507 2508
f 2512 2513 2514
f 2515 2516 2517
f 2518 2519 2520
f 2555 2556 2554
f 2541 2540 2539
f 2562 2561 2560
f 2522 2521 2523
f 2542 2544 2543
f 2528 2529 2527
f 2531 2530 2532
f 2545 2546 2547
f 2548 2549 2550
f 2551 2553 2552
f 2533 2534 2535
f 2537 2536 2538
f 2559 2557 2558
f 2526 2525 2524