v -0.273318 0.642158 0.219733
v 0.270007 0.662410 0.236485
v -0.313777 -0.500673 0.193208
v 0.320869 -0.507175 0.192656
v 0.018211 -0.376273 0.919417
v 0.000722 0.436443 0.752220
v 0.000275 -0.235129 -0.324946
v 0.001559 0.578507 -0.564601
v 0.422783 0.109915 -0.096214
v 0.406694 0.113574 0.516110
v -0.391943 0.117740 -0.087438
v -0.413940 0.108714 0.515113
v -0.004039 0.796628 0.172985
v -0.191135 0.614687 0.495680
v -0.225453 0.779115 -0.245754
v -0.358079 0.395726 0.026196
v -0.398175 0.416917 0.407421
v 0.195825 0.624912 0.498383
v 0.216348 0.792842 -0.259568
v 0.359345 0.381240 0.029264
v 0.394382 0.414615 0.405840
v -0.001751 -0.600580 0.198572
v -0.242564 -0.600606 0.646808
v -0.192441 -0.473494 -0.122366
v -0.373653 -0.164509 0.052562
v -0.405568 -0.200349 0.414969
v 0.261012 -0.582594 0.679816
v 0.191656 -0.479186 -0.114619
v 0.375790 -0.170818 0.050726
v 0.400605 -0.199063 0.407785
v 0.001256 0.073492 0.972767
v 0.320901 -0.132654 0.799632
v -0.324638 -0.132793 0.796719
v 0.299958 0.289087 0.717556
v -0.295779 0.295667 0.714819
v -0.001208 0.130875 -0.559631
v 0.213105 -0.043716 -0.239909
v -0.210388 -0.044646 -0.243318
v 0.319082 0.346644 -0.400321
v -0.323219 0.337776 -0.410272
v 0.450108 0.105225 0.221681
v -0.464941 0.110795 0.225809
v -0.167140 0.738096 0.181673
v -0.270733 0.666182 0.358734
v -0.219746 0.672540 -0.019637
v -0.310633 0.539756 0.123458
v -0.360323 0.554907 0.326698
v 0.179265 0.750981 0.187339
v 0.268107 0.663740 0.337216
v 0.199546 0.661098 0.027253
v 0.316605 0.540326 0.136413
v 0.346216 0.555231 0.320413
v -0.215335 -0.621690 0.178425
v -0.235341 -0.477327 0.369435
v -0.367575 -0.612385 -0.025575
v -0.372788 -0.362002 0.121880
v -0.348509 -0.355478 0.316935
v 0.210267 -0.616305 0.179071
v 0.239496 -0.480230 0.385504
v 0.371682 -0.611122 -0.016755
v 0.371142 -0.370923 0.116550
v 0.348901 -0.356914 0.310807
v -0.147877 -0.565834 0.892927
v 0.182333 -0.634198 0.839881
v -0.000132 -0.153472 1.001638
v 0.223279 -0.304838 0.950747
v -0.216267 -0.291551 0.954924
v -0.093371 0.542423 0.648480
v 0.087591 0.532826 0.646368
v 0.003206 0.279339 0.852651
v 0.149639 0.376646 0.768889
v -0.148873 0.379562 0.757968
v -0.065396 -0.328314 -0.215358
v 0.060940 -0.329080 -0.213974
v -0.005817 -0.061486 -0.397308
v 0.090973 -0.159555 -0.307348
v -0.093530 -0.162487 -0.309208
v -0.129291 0.699998 -0.440067
v 0.117282 0.689641 -0.430847
v -0.001264 0.357164 -0.652123
v 0.204538 0.486546 -0.570261
v -0.198648 0.473769 -0.551360
v 0.404098 0.224310 -0.053786
v 0.409880 0.000891 -0.035344
v 0.347072 0.055971 -0.151598
v 0.346389 0.213122 -0.184830
v 0.427644 0.107247 0.045153
v 0.403854 0.252818 0.468904
v 0.418097 -0.032506 0.471835
v 0.365443 0.012889 0.625430
v 0.360441 0.200617 0.616806
v 0.437311 0.111730 0.386754
v -0.399315 0.230252 -0.050531
v -0.379341 0.015222 -0.025617
v -0.332843 0.060928 -0.160082
v -0.349921 0.208146 -0.197366
v -0.420521 0.112694 0.051472
v -0.419193 0.260097 0.473530
v -0.428466 -0.040730 0.474426
v -0.373008 0.009539 0.623439
v -0.368581 0.202337 0.614040
v -0.448183 0.108476 0.390465
v -0.097183 0.725449 0.359746
v -0.097759 0.799982 -0.158974
v 0.097150 0.712544 0.347379
v 0.084728 0.777692 -0.042724
v -0.338749 0.534652 0.466316
v -0.000314 0.651178 0.511156
v -0.261763 0.470105 0.611721
v -0.325790 0.584055 -0.155598
v -0.004107 0.825949 -0.314871
v -0.293922 0.589277 -0.362778
v -0.410331 0.414589 0.242316
v -0.355326 0.394994 -0.192402
v -0.437097 0.251219 0.138123
v -0.367227 0.383196 0.553459
v -0.449195 0.266500 0.314949
v 0.338901 0.537678 0.463084
v 0.275158 0.474361 0.622510
v 0.353216 0.566070 -0.158218
v 0.281258 0.597564 -0.363728
v 0.401406 0.400892 0.241549
v 0.347455 0.384182 -0.195992
v 0.440458 0.244423 0.137650
v 0.358448 0.374700 0.554106
v 0.431855 0.260782 0.314803
v -0.097128 -0.605619 0.416344
v -0.122527 -0.616454 -0.015141
v 0.093991 -0.611195 0.443334
v 0.120936 -0.630774 -0.014527
v -0.336186 -0.366304 0.516902
v 0.002679 -0.638073 0.694279
v -0.344412 -0.389360 0.771007
v -0.353407 -0.338424 -0.086347
v 0.002832 -0.462651 -0.106222
v -0.180717 -0.246539 -0.157008
v -0.397696 -0.189190 0.245004
v -0.303089 -0.117926 -0.101399
v -0.419020 -0.020533 0.146927
v -0.376774 -0.184271 0.585331
v -0.448340 -0.042826 0.325726
v 0.331276 -0.362618 0.518844
v 0.337305 -0.394831 0.750735
v 0.356620 -0.351772 -0.076963
v 0.196751 -0.253371 -0.167583
v 0.392111 -0.191524 0.236747
v 0.317185 -0.124295 -0.100067
v 0.429599 -0.025748 0.139650
v 0.367992 -0.185548 0.590255
v 0.441164 -0.038769 0.314894
v 0.182357 -0.036860 0.936393
v -0.181193 -0.039203 0.938329
v 0.174773 0.179801 0.864405
v -0.165832 0.180021 0.861553
v 0.293074 0.090666 0.775531
v -0.296450 0.093685 0.778810
v 0.128975 0.044189 -0.420762
v -0.132728 0.034582 -0.421852
v 0.241116 0.236722 -0.631691
v -0.220219 0.232931 -0.609005
v 0.242015 0.156588 -0.332077
v -0.249312 0.152326 -0.334317
v -0.236346 0.692681 0.206365
v -0.281258 0.661723 0.289304
v -0.241753 0.651415 0.122434
v -0.289932 0.598236 0.176567
v -0.318862 0.607490 0.273505
v 0.233251 0.706835 0.215411
v 0.274267 0.670968 0.282265
v 0.239108 0.665076 0.155525
v 0.290425 0.610171 0.197362
v 0.310699 0.621004 0.278147
v -0.285251 -0.571902 0.185240
v -0.271294 -0.485026 0.262671
v -0.347580 -0.559854 0.111568
v -0.350500 -0.448898 0.161022
v -0.323312 -0.432792 0.252461
v 0.288550 -0.572875 0.183137
v 0.284719 -0.495905 0.271018
v 0.353226 -0.565540 0.110893
v 0.350714 -0.455053 0.155140
v 0.327220 -0.435194 0.247965
v -0.052916 -0.443797 0.879229
v 0.104223 -0.518436 0.892342
v 0.008570 -0.274681 0.963685
v 0.121729 -0.367524 0.945802
v -0.092334 -0.334625 0.936163
v -0.042496 0.487711 0.709096
v 0.037967 0.482912 0.710631
v 0.003468 0.369651 0.798474
v 0.067862 0.412621 0.767699
v -0.064663 0.413459 0.757168
v -0.029137 -0.280227 -0.283967
v 0.021262 -0.279152 -0.282622
v 0.001378 -0.164078 -0.354373
v 0.036650 -0.208927 -0.325875
v -0.036837 -0.205608 -0.316481
v -0.057427 0.619478 -0.497891
v 0.055030 0.621758 -0.501747
v 0.001014 0.475748 -0.596840
v 0.096348 0.535628 -0.564213
v -0.096067 0.534148 -0.562287
v 0.415678 0.157144 -0.081836
v 0.423737 0.066521 -0.071778
v 0.403277 0.089850 -0.118905
v 0.402332 0.146348 -0.129339
v 0.419686 0.108342 -0.037957
v 0.407224 0.175084 0.497241
v 0.413013 0.048942 0.497554
v 0.390681 0.072048 0.561893
v 0.386413 0.152463 0.561039
v 0.422769 0.112512 0.459727
v -0.401950 0.160756 -0.075834
v -0.392160 0.073801 -0.062050
v -0.370681 0.098151 -0.117145
v -0.374440 0.153616 -0.129754
v -0.407246 0.114287 -0.030378
v -0.418107 0.175946 0.497886
v -0.417666 0.042007 0.496859
v -0.397436 0.066182 0.560867
v -0.394867 0.149932 0.559549
v -0.431795 0.108774 0.461322
v -0.091002 0.792075 0.181200
v 0.090684 0.775037 0.173788
v -0.049597 0.763770 0.272113
v -0.044083 0.813932 0.051496
v 0.045979 0.752445 0.263791
v 0.043965 0.815418 0.067619
v -0.236852 0.646136 0.426176
v -0.143230 0.581693 0.571247
v -0.145373 0.671571 0.430908
v -0.274340 0.580231 0.482709
v -0.097929 0.637977 0.504879
v -0.229440 0.547677 0.555848
v -0.249286 0.737696 -0.178380
v -0.198562 0.765624 -0.357467
v -0.105434 0.897459 -0.297511
v -0.440289 0.759048 -0.246501
v -0.157480 0.848956 -0.280986
v -0.305522 0.717987 -0.333485
v -0.332718 0.471429 0.073651
v -0.381255 0.310217 -0.013613
v -0.312002 0.482255 -0.055941
v -0.386087 0.403070 0.137705
v -0.349918 0.397607 -0.086785
v -0.400408 0.321301 0.088031
v -0.382382 0.487553 0.366282
v -0.409360 0.343286 0.444630
v -0.374776 0.482845 0.443965
v -0.406260 0.417900 0.325270
v -0.384791 0.407414 0.482903
v -0.422829 0.343870 0.362415
v 0.235955 0.644453 0.415201
v 0.142584 0.583657 0.574342
v 0.147264 0.672555 0.426300
v 0.099167 0.648599 0.509689
v 0.278942 0.585050 0.481314
v 0.239323 0.554868 0.561906
v 0.205999 0.703980 -0.127900
v 0.178706 0.796668 -0.359840
v 0.149274 0.777146 -0.150520
v 0.153912 0.974469 -0.243306
v 0.401139 0.770570 -0.250680
v 0.251247 0.720020 -0.327006
v 0.337943 0.463278 0.079058
v 0.384852 0.300148 -0.017446
v 0.313249 0.471770 -0.056416
v 0.393800 0.389344 0.146514
v 0.346848 0.382363 -0.090966
v 0.407270 0.309820 0.090941
v 0.378184 0.487543 0.369236
v 0.400265 0.335408 0.437450
v 0.371235 0.480572 0.439379
v 0.397327 0.411262 0.327995
v 0.377784 0.400840 0.478459
v 0.413039 0.337725 0.361470
v -0.112526 -0.603258 0.185043
v 0.111085 -0.591315 0.182293
v -0.053039 -0.611265 0.303346
v -0.060716 -0.589384 0.101666
v 0.042912 -0.608702 0.308826
v 0.066075 -0.601578 0.101549
v -0.207608 -0.499496 0.505994
v -0.241463 -0.721417 0.857252
v -0.148591 -0.591158 0.534419
v -0.272168 -0.458168 0.589929
v -0.129180 -0.657954 0.680696
v -0.323442 -0.527368 0.737254
v -0.284286 -0.567181 -0.105004
v -0.116070 -0.389844 -0.150575
v -0.173708 -0.572744 -0.098208
v -0.283288 -0.422789 -0.102014
v -0.097664 -0.472690 -0.116007
v -0.181458 -0.355581 -0.125008
v -0.379064 -0.263877 0.085793
v -0.368130 -0.069481 0.017501
v -0.371942 -0.248888 -0.014163
v -0.387141 -0.178029 0.148231
v -0.344474 -0.143544 -0.030800
v -0.391844 -0.087000 0.104664
v -0.377946 -0.277889 0.372714
v -0.422308 -0.121543 0.446856
v -0.380556 -0.280550 0.461365
v -0.403178 -0.196456 0.336903
v -0.400044 -0.196584 0.495185
v -0.425947 -0.121781 0.372362
v 0.217692 -0.500466 0.536084
v 0.218927 -0.598347 0.769947
v 0.210446 -0.641536 0.609917
v 0.154201 -0.738771 0.831338
v 0.283245 -0.454002 0.590589
v 0.293645 -0.493982 0.706984
v 0.289450 -0.572257 -0.111446
v 0.114577 -0.393717 -0.153093
v 0.174809 -0.581641 -0.097386
v 0.099487 -0.475577 -0.113361
v 0.283842 -0.436200 -0.104543
v 0.193904 -0.367535 -0.133929
v 0.378174 -0.272461 0.083347
v 0.382904 -0.077817 0.011242
v 0.371919 -0.259281 -0.010522
v 0.384322 -0.183216 0.143965
v 0.358115 -0.153269 -0.032763
v 0.391489 -0.091010 0.102376
v 0.378455 -0.279233 0.367258
v 0.415633 -0.117191 0.441289
v 0.369987 -0.279449 0.458770
v 0.398609 -0.196578 0.323649
v 0.387408 -0.194631 0.494563
v 0.422554 -0.118404 0.363600
v 0.000653 -0.036071 1.018635
v 0.000838 0.177495 0.907373
v 0.094977 0.019053 0.971384
v -0.092436 0.017270 0.970233
v 0.089851 0.126359 0.917651
v -0.088330 0.124425 0.923584
v 0.279134 -0.221181 0.886220
v 0.339436 -0.056814 0.703518
v 0.329586 -0.263396 0.781481
v 0.344854 -0.167086 0.692078
v 0.259899 -0.088624 0.886158
v 0.303645 -0.016261 0.794369
v -0.277762 -0.216969 0.883573
v -0.344702 -0.057291 0.700687
v -0.330601 -0.255389 0.785690
v -0.351872 -0.165131 0.690432
v -0.260276 -0.089980 0.879866
v -0.304446 -0.017655 0.789134
v 0.230228 0.331420 0.748725
v 0.332800 0.245390 0.668873
v 0.289965 0.382326 0.672203
v 0.336479 0.337008 0.635375
v 0.242444 0.234530 0.795698
v 0.295134 0.192737 0.751232
v -0.236354 0.339336 0.747726
v -0.338861 0.253284 0.669136
v -0.287204 0.387215 0.666940
v -0.333835 0.342690 0.630704
v -0.237325 0.239206 0.791782
v -0.299259 0.199732 0.756248
v -0.005553 0.039310 -0.465254
v 0.002126 0.237079 -0.647366
v 0.076251 0.088358 -0.498192
v -0.079797 0.081481 -0.500702
v 0.100773 0.185010 -0.600501
v -0.102052 0.172046 -0.605345
v 0.152410 -0.099955 -0.277142
v 0.281091 0.008278 -0.199164
v 0.204795 -0.146343 -0.204266
v 0.269558 -0.087404 -0.167689
v 0.165882 0.002550 -0.326891
v 0.225153 0.057037 -0.283370
v -0.150949 -0.104536 -0.279594
v -0.274855 0.010082 -0.204732
v -0.195003 -0.144699 -0.202467
v -0.257667 -0.084533 -0.168825
v -0.170929 -0.005460 -0.331775
v -0.229046 0.052478 -0.289335
v 0.290798 0.421437 -0.513865
v 0.312287 0.279381 -0.276108
v 0.301990 0.465256 -0.386919
v 0.326021 0.379087 -0.287986
v 0.327691 0.286982 -0.541710
v 0.304066 0.237055 -0.382158
v -0.291610 0.409866 -0.519552
v -0.323835 0.272156 -0.289515
v -0.306808 0.457401 -0.390003
v -0.334296 0.374317 -0.294144
v -0.336033 0.268478 -0.555948
v -0.302617 0.231787 -0.389107
v 0.448057 0.104466 0.134272
v 0.448071 0.109704 0.306831
v 0.446343 0.175544 0.180285
v 0.446671 0.182336 0.267178
v 0.449983 0.039105 0.178574
v 0.454458 0.035821 0.265719
v -0.441794 0.112551 0.138579
v -0.462868 0.110376 0.311466
v -0.460138 0.181613 0.182146
v -0.467104 0.186202 0.269273
v -0.447657 0.044530 0.185463
v -0.457221 0.037155 0.274068
v -0.221377 0.708977 0.286194
v -0.191461 0.710198 0.072321
v -0.137453 0.743137 0.277563
v -0.122076 0.766668 0.039906
v -0.324802 0.614126 0.346466
v -0.189382 0.699522 0.359141
v -0.311339 0.607455 0.417469
v -0.261393 0.604625 0.054112
v -0.185128 0.755622 -0.112506
v -0.276038 0.638469 -0.099246
v -0.344331 0.546928 0.237393
v -0.285750 0.548466 -0.013441
v -0.365678 0.478358 0.188787
v -0.357726 0.552539 0.397170
v -0.382256 0.486754 0.286491
v 0.230490 0.713649 0.268679
v 0.183211 0.721197 0.123309
v 0.143083 0.734533 0.262595
v 0.124874 0.777595 0.089816
v 0.316135 0.621522 0.337551
v 0.192118 0.693147 0.342485
v 0.304195 0.604780 0.402846
v 0.259390 0.602971 0.074213
v 0.143119 0.723463 -0.006616
v 0.261210 0.623688 -0.085837
v 0.341884 0.551083 0.242957
v 0.285655 0.540579 -0.003476
v 0.374716 0.473191 0.195774
v 0.346611 0.552235 0.391258
v 0.378385 0.482440 0.285780
v -0.208284 -0.519535 0.264200
v -0.312488 -0.695934 0.091579
v -0.142722 -0.572649 0.283950
v -0.164877 -0.711948 0.078814
v -0.302873 -0.426043 0.346120
v -0.170849 -0.540382 0.395288
v -0.283803 -0.429902 0.456058
v -0.383131 -0.472610 0.052669
v -0.247086 -0.707270 -0.069714
v -0.368898 -0.467913 -0.063181
v -0.357013 -0.356785 0.225121
v -0.386191 -0.360513 0.013034
v -0.377836 -0.270543 0.187483
v -0.343762 -0.358957 0.411545
v -0.377832 -0.274642 0.284021
v 0.214867 -0.536169 0.281881
v 0.313871 -0.682528 0.082191
v 0.125416 -0.566655 0.293137
v 0.192782 -0.714339 0.097318
v 0.305604 -0.425869 0.347872
v 0.154758 -0.531672 0.424575
v 0.285145 -0.427468 0.464497
v 0.376927 -0.484161 0.051076
v 0.257140 -0.699904 -0.052685
v 0.371829 -0.487433 -0.066603
v 0.357383 -0.362154 0.215151
v 0.386014 -0.373416 0.012520
v 0.375397 -0.276249 0.180820
v 0.342816 -0.357198 0.409461
v 0.374847 -0.277447 0.275211
v 0.014092 -0.553998 0.817721
v -0.195174 -0.416834 0.909844
v -0.066064 -0.635049 0.803865
v -0.320565 -0.527726 0.896469
v 0.273943 -0.537768 0.939399
v 0.081556 -0.615680 0.778632
v 0.325236 -0.546689 0.817497
v 0.110981 -0.221021 0.981040
v -0.106119 -0.217913 0.978575
v 0.101026 -0.097660 0.996184
v -0.103461 -0.098371 0.995404
v 0.317934 -0.382481 0.872912
v 0.197322 -0.159029 0.964423
v -0.305015 -0.355057 0.886170
v -0.199581 -0.161856 0.959326
v -0.004027 0.549319 0.652733
v -0.126538 0.470123 0.705731
v -0.049822 0.598145 0.580722
v -0.180166 0.512326 0.633394
v 0.123716 0.458685 0.710400
v 0.044331 0.604222 0.583646
v 0.182882 0.507937 0.638302
v 0.082812 0.329434 0.822796
v -0.075641 0.326476 0.809994
v 0.087685 0.230088 0.868056
v -0.083374 0.228508 0.868045
v 0.212563 0.424658 0.698576
v 0.165361 0.281193 0.818138
v -0.212564 0.430604 0.691627
v -0.161365 0.283317 0.811455
v -0.003140 -0.338927 -0.222410
v -0.080445 -0.256189 -0.271892
v -0.041133 -0.401887 -0.164865
v -0.123351 -0.295253 -0.187787
v 0.076554 -0.250880 -0.263138
v 0.039095 -0.401060 -0.162399
v 0.122817 -0.302848 -0.194979
v 0.047385 -0.112817 -0.364508
v -0.053015 -0.113161 -0.360471
v 0.059118 -0.007982 -0.417911
v -0.067360 -0.014025 -0.420958
v 0.139498 -0.202617 -0.235939
v 0.107232 -0.055712 -0.353534
v -0.135243 -0.202986 -0.235890
v -0.111425 -0.061988 -0.356708
v -0.004467 0.693635 -0.436814
v -0.177234 0.593915 -0.498495
v -0.086248 0.800379 -0.408403
v -0.243216 0.672866 -0.430107
v 0.161987 0.596066 -0.497341
v 0.092830 0.804824 -0.401214
v 0.240781 0.694425 -0.433535
v 0.115478 0.416652 -0.612537
v -0.112328 0.416338 -0.616914
v 0.130252 0.306737 -0.668563
v -0.123094 0.301921 -0.669679
v 0.259079 0.547150 -0.472940
v 0.246103 0.362839 -0.638386
v -0.254650 0.530611 -0.460974
v -0.233262 0.365763 -0.634963
v 0.396284 0.220927 -0.131149
v 0.416565 0.164621 -0.000865
v 0.380620 0.291143 -0.120744
v 0.414441 0.234875 0.041401
v 0.385669 0.029776 -0.091445
v 0.420692 0.055403 0.002452
v 0.362659 -0.054381 -0.062151
v 0.409626 -0.012548 0.050964
v 0.348549 0.133304 -0.167790
v 0.331158 -0.027481 -0.125322
v 0.287643 0.101956 -0.223136
v 0.358073 0.295206 -0.201304
v 0.298008 0.191294 -0.252720
v 0.434023 0.171908 0.089446
v 0.436094 0.045654 0.090405
v 0.383703 0.232283 0.542939
v 0.425349 0.184381 0.426301
v 0.379932 0.317068 0.513537
v 0.420575 0.262126 0.393610
v 0.396253 -0.015449 0.547851
v 0.430811 0.039309 0.426601
v 0.396809 -0.106562 0.523848
v 0.434891 -0.039481 0.395548
v 0.360306 0.109629 0.626968
v 0.369679 -0.086728 0.612346
v 0.330915 0.049958 0.702649
v 0.360223 0.287045 0.590845
v 0.328721 0.151775 0.691670
v 0.438172 0.186218 0.349639
v 0.444279 0.036117 0.349582
v -0.395355 0.217612 -0.132296
v -0.412300 0.168889 0.003733
v -0.385490 0.304956 -0.116221
v -0.410231 0.239585 0.043203
v -0.358525 0.035492 -0.092161
v -0.408072 0.060637 0.010947
v -0.340735 -0.046942 -0.058486
v -0.401115 -0.005181 0.055761
v -0.340282 0.135530 -0.178910
v -0.313984 -0.022803 -0.130122
v -0.290438 0.100650 -0.237524
v -0.367279 0.292671 -0.204587
v -0.304757 0.186865 -0.267262
v -0.431242 0.175782 0.092650
v -0.423687 0.051366 0.097548
v -0.395710 0.239082 0.543026
v -0.435962 0.185321 0.429245
v -0.393248 0.332153 0.517536
v -0.435904 0.266588 0.397139
v -0.407874 -0.020709 0.547342
v -0.436371 0.032170 0.430133
v -0.407206 -0.109560 0.524275
v -0.438731 -0.045836 0.401568
v -0.367981 0.105350 0.625088
v -0.379822 -0.087425 0.609285
v -0.336216 0.048265 0.700889
v -0.369044 0.298370 0.588668
v -0.335177 0.152176 0.692144
v -0.453005 0.187994 0.352213
v -0.451693 0.032168 0.356545
v -0.000610 0.726390 0.353912
v -0.048738 0.689007 0.435193
v -0.001068 0.804090 -0.084218
v -0.059661 0.826012 -0.225271
v 0.050467 0.689991 0.433847
v 0.058303 0.809904 -0.189173
v -0.304478 0.505856 0.535988
v -0.362681 0.462353 0.511815
v -0.330243 0.429204 0.584793
v -0.364655 0.636013 -0.264338
v -0.326244 0.502927 -0.174224
v -0.328536 0.495951 -0.280682
v -0.432575 0.334870 0.190729
v -0.433099 0.341177 0.279108
v -0.463816 0.263685 0.227942
v 0.315933 0.511858 0.540703
v 0.353971 0.457972 0.511791
v 0.331808 0.426334 0.591097
v 0.337505 0.651022 -0.255646
v 0.319203 0.495725 -0.180319
v 0.317368 0.494866 -0.278112
v 0.423064 0.319982 0.191057
v 0.418773 0.330441 0.281517
v 0.441817 0.252743 0.230112
v -0.005704 -0.651044 0.430697
v -0.051768 -0.638393 0.555577
v 0.008201 -0.542105 0.022430
v -0.056063 -0.525739 -0.057486
v 0.079436 -0.665861 0.593444
v 0.070046 -0.521695 -0.052977
v -0.328556 -0.379398 0.638131
v -0.362804 -0.280341 0.560054
v -0.349902 -0.275184 0.669947
v -0.263283 -0.294479 -0.119381
v -0.319741 -0.220819 -0.086717
v -0.251664 -0.185143 -0.137902
v -0.409500 -0.101481 0.197696
v -0.424076 -0.114710 0.287684
v -0.443979 -0.032001 0.238115
v 0.330968 -0.379307 0.631380
v 0.357193 -0.279567 0.559745
v 0.344793 -0.278202 0.666739
v 0.271335 -0.307714 -0.110595
v 0.328128 -0.232000 -0.080073
v 0.261442 -0.190828 -0.134100
v 0.410663 -0.105821 0.190347
v 0.419418 -0.113923 0.278537
v 0.442589 -0.032414 0.230103
v 0.176152 0.075184 0.903485
v 0.249187 0.028206 0.866978
v -0.169986 0.073709 0.904029
v -0.245756 0.026603 0.862829
v 0.246319 0.134080 0.835911
v -0.237990 0.135421 0.831500
v 0.173278 0.128988 -0.518551
v 0.184434 0.101932 -0.397158
v -0.169837 0.123663 -0.512012
v -0.197683 0.088456 -0.395936
v 0.277804 0.169071 -0.495114
v -0.273198 0.161739 -0.484246
v -0.257086 0.664238 0.213778
v -0.278998 0.652959 0.253616
v -0.258346 0.645727 0.179540
v -0.280434 0.622712 0.200271
v -0.293674 0.627184 0.246119
v 0.252818 0.685041 0.230681
v 0.272243 0.668730 0.259581
v 0.256874 0.667223 0.206743
v 0.279115 0.641820 0.223639
v 0.287874 0.644239 0.256536
v -0.301778 -0.532416 0.187747
v -0.293695 -0.494671 0.222974
v -0.327913 -0.525836 0.159347
v -0.332043 -0.480703 0.178806
v -0.315759 -0.468839 0.219130
v 0.309858 -0.539379 0.187944
v 0.304520 -0.502529 0.226337
v 0.332819 -0.531391 0.156684
v 0.335681 -0.486436 0.175248
v 0.322066 -0.473698 0.217050
v -0.011699 -0.405585 0.901293
v 0.054337 -0.423646 0.898019
v 0.014113 -0.329815 0.941069
v 0.066058 -0.370225 0.932900
v -0.031732 -0.354998 0.926321
v -0.018391 0.459181 0.733206
v 0.017107 0.457440 0.734328
v 0.002112 0.407188 0.772684
v 0.030373 0.425486 0.758822
v -0.027728 0.427437 0.755568
v -0.012606 -0.255771 -0.309178
v 0.006408 -0.255946 -0.307816
v 0.004695 -0.207559 -0.339111
v 0.013868 -0.226543 -0.327478
v -0.015164 -0.222544 -0.321472
v -0.024392 0.596539 -0.534022
v 0.028179 0.598421 -0.537337
v 0.001329 0.533965 -0.578926
v 0.047403 0.563166 -0.566533
v -0.043923 0.570252 -0.573909
v 0.420325 0.129196 -0.093633
v 0.425005 0.090761 -0.088690
v 0.419495 0.101466 -0.106633
v 0.415576 0.123481 -0.110324
v 0.422826 0.109415 -0.072998
v 0.406914 0.140399 0.507897
v 0.409736 0.085115 0.508517
v 0.400497 0.095756 0.536338
v 0.397914 0.130124 0.536088
v 0.414613 0.113040 0.491066
v -0.396175 0.134614 -0.083804
v -0.393048 0.098668 -0.076378
v -0.383214 0.109599 -0.099975
v -0.384643 0.132833 -0.105340
v -0.400594 0.115280 -0.065385
v -0.416479 0.137973 0.507799
v -0.415698 0.079477 0.507560
v -0.406376 0.090160 0.534842
v -0.406350 0.126913 0.534826
v -0.421597 0.108643 0.491295
v -0.053513 0.808503 0.181229
v 0.043059 0.786035 0.171346
v -0.027931 0.782548 0.224400
v -0.024563 0.815523 0.120912
v 0.020626 0.774103 0.219672
v 0.020454 0.806337 0.119733
v -0.214819 0.630925 0.459996
v -0.167224 0.598161 0.532580
v -0.169222 0.644844 0.464139
v -0.235991 0.599700 0.489555
v -0.145425 0.627996 0.500808
v -0.211414 0.582510 0.526040
v -0.244130 0.766432 -0.215652
v -0.218068 0.774537 -0.297596
v -0.168465 0.806209 -0.215883
v -0.301942 0.744451 -0.240952
v -0.182173 0.811624 -0.251631
v -0.275538 0.752417 -0.293090
v -0.344708 0.434395 0.049427
v -0.370410 0.354498 0.004948
v -0.333504 0.435141 -0.009763
v -0.370314 0.398204 0.082755
v -0.350636 0.395923 -0.030492
v -0.380045 0.357390 0.059474
v -0.390280 0.452749 0.386791
v -0.404483 0.380372 0.426260
v -0.386132 0.450694 0.427012
v -0.402513 0.418117 0.366755
v -0.391824 0.413677 0.446734
v -0.411381 0.381863 0.385891
v 0.216779 0.635012 0.456447
v 0.170502 0.606601 0.536014
v 0.171708 0.650282 0.463384
v 0.149347 0.640594 0.505120
v 0.240408 0.606794 0.490285
v 0.217955 0.590542 0.529546
v 0.226079 0.754424 -0.195663
v 0.200888 0.826275 -0.318903
v 0.197246 0.811063 -0.207328
v 0.235704 0.932429 -0.258153
v 0.272797 0.769522 -0.250566
v 0.237891 0.765640 -0.295066
v 0.345126 0.421433 0.055479
v 0.373262 0.340292 0.004494
v 0.334831 0.423484 -0.009390
v 0.374810 0.382558 0.092145
v 0.350886 0.380936 -0.031903
v 0.384781 0.344078 0.062453
v 0.387742 0.452238 0.388889
v 0.397480 0.374670 0.421532
v 0.383272 0.450106 0.425064
v 0.397091 0.415281 0.369111
v 0.387180 0.410503 0.442210
v 0.403207 0.376248 0.383899
v -0.057244 -0.601297 0.195206
v 0.054445 -0.598533 0.194329
v -0.029316 -0.606199 0.250075
v -0.029545 -0.596514 0.150421
v 0.021789 -0.605243 0.251364
v 0.030534 -0.595481 0.149646
v -0.217015 -0.539906 0.573777
v -0.278401 -0.701169 0.732660
v -0.187459 -0.593722 0.592014
v -0.257946 -0.524302 0.622245
v -0.194149 -0.651473 0.668792
v -0.312749 -0.595108 0.699338
v -0.239484 -0.522722 -0.113986
v -0.150435 -0.428668 -0.128859
v -0.187942 -0.526239 -0.115005
v -0.237371 -0.453316 -0.112758
v -0.146473 -0.476618 -0.120758
v -0.189943 -0.413264 -0.125975
v -0.377638 -0.213778 0.068698
v -0.369924 -0.116162 0.035758
v -0.370825 -0.205462 0.020920
v -0.381916 -0.171828 0.099200
v -0.361475 -0.154306 0.009002
v -0.380958 -0.124889 0.079778
v -0.392645 -0.239130 0.395728
v -0.414775 -0.161035 0.431854
v -0.396199 -0.239965 0.437626
v -0.404135 -0.198667 0.375657
v -0.403031 -0.199269 0.454893
v -0.414987 -0.160961 0.393951
v 0.248313 -0.546284 0.609684
v 0.240928 -0.594933 0.733559
v 0.280060 -0.639731 0.678666
v 0.243663 -0.658333 0.747729
v 0.266403 -0.511831 0.631157
v 0.268223 -0.534900 0.690492
v 0.238421 -0.528359 -0.113551
v 0.149805 -0.432327 -0.127282
v 0.187454 -0.533678 -0.111138
v 0.145465 -0.481248 -0.115911
v 0.237661 -0.469825 -0.106717
v 0.192678 -0.424692 -0.118572
v 0.377420 -0.221377 0.067496
v 0.376740 -0.121339 0.031145
v 0.373244 -0.214212 0.021794
v 0.379555 -0.176609 0.097718
v 0.370055 -0.163343 0.006564
v 0.378425 -0.127126 0.079447
v 0.388884 -0.238828 0.388796
v 0.409970 -0.158750 0.425612
v 0.385616 -0.238566 0.432166
v 0.400678 -0.198264 0.365802
v 0.396063 -0.197386 0.449820
v 0.411957 -0.158704 0.385382
v 0.003549 0.020061 1.020564
v 0.000458 0.125726 0.939420
v 0.048710 0.048079 0.982844
v -0.045293 0.045428 0.980274
v 0.046265 0.100233 0.946858
v -0.044842 0.098302 0.950022
v 0.300286 -0.176446 0.843232
v 0.329266 -0.094106 0.749620
v 0.322430 -0.196851 0.791448
v 0.333753 -0.152383 0.745309
v 0.292615 -0.111859 0.845494
v 0.311006 -0.073735 0.798389
v -0.301324 -0.174622 0.840494
v -0.334037 -0.093868 0.746217
v -0.324536 -0.193404 0.790647
v -0.338387 -0.150584 0.743300
v -0.295413 -0.112565 0.840980
v -0.315795 -0.073736 0.794659
v 0.267002 0.309979 0.734628
v 0.320358 0.267733 0.695212
v 0.296200 0.335929 0.695906
v 0.324308 0.315348 0.677873
v 0.272364 0.262006 0.757450
v 0.297209 0.240951 0.735318
v -0.267534 0.317328 0.732415
v -0.318870 0.274344 0.693307
v -0.293820 0.342290 0.691910
v -0.315491 0.319839 0.672420
v -0.270147 0.269252 0.756347
v -0.298060 0.248080 0.735926
v -0.003505 0.085678 -0.510489
v 0.000560 0.177281 -0.609940
v 0.040421 0.110122 -0.531602
v -0.044009 0.106155 -0.531684
v 0.047997 0.155105 -0.584988
v -0.048138 0.152391 -0.582340
v 0.182191 -0.070911 -0.259927
v 0.247427 -0.016996 -0.220591
v 0.209940 -0.094295 -0.222521
v 0.241951 -0.066236 -0.203525
v 0.186503 -0.019443 -0.281606
v 0.219420 0.006808 -0.261125
v -0.180777 -0.074484 -0.263150
v -0.242782 -0.016727 -0.225121
v -0.202658 -0.095108 -0.222790
v -0.234452 -0.065575 -0.204694
v -0.189913 -0.024705 -0.286791
v -0.219178 0.004539 -0.266268
v 0.324148 0.386334 -0.464190
v 0.314031 0.311782 -0.336840
v 0.312917 0.405966 -0.396914
v 0.317424 0.365895 -0.340239
v 0.325342 0.320122 -0.467413
v 0.316889 0.288643 -0.395774
v -0.320995 0.375377 -0.473804
v -0.320376 0.304332 -0.346823
v -0.316848 0.396600 -0.403318
v -0.324671 0.358226 -0.348854
v -0.335392 0.309448 -0.479921
v -0.319351 0.281478 -0.405499
v 0.445846 0.105012 0.178628
v 0.451312 0.108022 0.264577
v 0.445361 0.139820 0.201151
v 0.448555 0.143119 0.244287
v 0.448566 0.071602 0.200268
v 0.453659 0.071520 0.242727
v -0.454387 0.112162 0.182151
v -0.465996 0.110676 0.269727
v -0.462774 0.146331 0.203453
v -0.466149 0.148024 0.247501
v -0.457597 0.077145 0.204684
v -0.461483 0.075022 0.249271
v -0.204760 0.716353 0.193486
v -0.127976 0.763161 0.178007
v -0.194160 0.724989 0.239465
v -0.179523 0.726201 0.126693
v -0.153446 0.743744 0.231621
v -0.143303 0.752891 0.116140
v -0.278992 0.666433 0.322936
v -0.256340 0.658436 0.392888
v -0.247310 0.689460 0.324679
v -0.301665 0.642661 0.354365
v -0.232281 0.683983 0.359802
v -0.293856 0.640210 0.390898
v -0.225711 0.659625 0.056997
v -0.232570 0.698984 -0.104157
v -0.203229 0.690847 0.022650
v -0.237525 0.637956 0.020181
v -0.203414 0.711215 -0.065475
v -0.245289 0.655941 -0.056751
v -0.299628 0.570166 0.150762
v -0.321783 0.506925 0.096625
v -0.283920 0.571159 0.090425
v -0.328252 0.542157 0.182086
v -0.294017 0.540064 0.060016
v -0.339182 0.509435 0.156716
v -0.342128 0.583131 0.300412
v -0.371088 0.521616 0.345320
v -0.344731 0.585208 0.337756
v -0.354634 0.551713 0.284487
v -0.359268 0.554498 0.361166
v -0.370092 0.521456 0.306822
v 0.208782 0.731303 0.203088
v 0.137066 0.763935 0.179259
v 0.206864 0.733557 0.229334
v 0.183751 0.745515 0.157587
v 0.162463 0.743691 0.223823
v 0.153741 0.769601 0.141383
v 0.274201 0.668849 0.307970
v 0.253510 0.654002 0.374889
v 0.250837 0.690257 0.303732
v 0.292791 0.642365 0.338805
v 0.234571 0.680956 0.339971
v 0.284522 0.634422 0.371531
v 0.219962 0.663287 0.095807
v 0.193417 0.669913 -0.049394
v 0.190890 0.692359 0.076947
v 0.228997 0.631292 0.050043
v 0.170785 0.693416 0.011365
v 0.217398 0.633648 -0.031247
v 0.302853 0.575762 0.167669
v 0.328739 0.502693 0.107001
v 0.287635 0.572135 0.105132
v 0.332072 0.545671 0.195552
v 0.299614 0.537546 0.071396
v 0.348965 0.507916 0.170315
v 0.330715 0.590927 0.299235
v 0.362170 0.520838 0.343876
v 0.332325 0.591454 0.333243
v 0.345114 0.554120 0.282748
v 0.347592 0.555390 0.356321
v 0.362764 0.519998 0.305124
v -0.256529 -0.604873 0.182316
v -0.166056 -0.616438 0.178917
v -0.213476 -0.563853 0.217124
v -0.265194 -0.678722 0.141598
v -0.173612 -0.574403 0.220592
v -0.206089 -0.690387 0.138759
v -0.248359 -0.474734 0.310622
v -0.222726 -0.486804 0.434133
v -0.218448 -0.498113 0.318675
v -0.269820 -0.452082 0.357501
v -0.203282 -0.507415 0.382800
v -0.258529 -0.456076 0.415816
v -0.364670 -0.593206 0.048081
v -0.340244 -0.603734 -0.084975
v -0.344942 -0.671564 0.029145
v -0.384710 -0.538311 0.013783
v -0.327488 -0.672190 -0.042959
v -0.372126 -0.537831 -0.047471
v -0.363778 -0.408198 0.142204
v -0.377536 -0.313639 0.103428
v -0.376609 -0.414147 0.088189
v -0.364361 -0.359403 0.174434
v -0.380246 -0.363190 0.067820
v -0.373026 -0.314382 0.155131
v -0.334876 -0.394287 0.285510
v -0.363833 -0.316826 0.346060
v -0.328279 -0.393102 0.332217
v -0.352676 -0.355799 0.271123
v -0.345460 -0.356646 0.363383
v -0.364689 -0.315771 0.300728
v 0.254721 -0.600285 0.179788
v 0.164184 -0.606062 0.173035
v 0.211883 -0.568903 0.221287
v 0.259097 -0.658491 0.134666
v 0.166173 -0.574669 0.220784
v 0.207507 -0.690155 0.149054
v 0.262060 -0.486423 0.324490
v 0.220788 -0.479096 0.455517
v 0.223927 -0.507217 0.336396
v 0.275895 -0.455348 0.367052
v 0.195679 -0.499605 0.403639
v 0.260953 -0.454224 0.428524
v 0.369978 -0.596657 0.053758
v 0.340820 -0.600879 -0.080921
v 0.357048 -0.663233 0.031982
v 0.378015 -0.550254 0.018359
v 0.328862 -0.665888 -0.037422
v 0.370353 -0.547309 -0.045567
v 0.362623 -0.415752 0.135313
v 0.376303 -0.322703 0.099392
v 0.373620 -0.424357 0.083982
v 0.363770 -0.366412 0.166835
v 0.379136 -0.373997 0.065313
v 0.371796 -0.321896 0.149006
v 0.336028 -0.395732 0.279827
v 0.363454 -0.318440 0.339941
v 0.329609 -0.393244 0.329101
v 0.352602 -0.358926 0.263334
v 0.346433 -0.356772 0.359801
v 0.363540 -0.318226 0.292712
v -0.098158 -0.497027 0.877519
v -0.205998 -0.660498 0.900831
v -0.063648 -0.552084 0.849400
v -0.178333 -0.486454 0.898211
v -0.113301 -0.620886 0.857359
v -0.236568 -0.557362 0.899294
v 0.191709 -0.649606 0.861213
v 0.201384 -0.607678 0.802978
v 0.094574 -0.599974 0.835007
v 0.226569 -0.671977 0.851212
v 0.127051 -0.611123 0.806275
v 0.259195 -0.607409 0.827965
v 0.003915 -0.212168 0.987699
v -0.000582 -0.095544 1.009625
v 0.055547 -0.186074 0.991721
v -0.053352 -0.184538 0.992032
v 0.052239 -0.125617 1.002394
v -0.053913 -0.125935 1.003041
v 0.176635 -0.345354 0.953834
v 0.254220 -0.264446 0.924268
v 0.239735 -0.403647 0.937460
v 0.166900 -0.261062 0.968820
v 0.273339 -0.350416 0.916324
v 0.210161 -0.225711 0.963056
v -0.155412 -0.313757 0.946471
v -0.251655 -0.258022 0.924764
v -0.208818 -0.352391 0.931987
v -0.164197 -0.253826 0.971035
v -0.259187 -0.324112 0.920740
v -0.210810 -0.227589 0.962536
v -0.069329 0.520408 0.683379
v -0.118011 0.561911 0.609978
v -0.049074 0.548800 0.652016
v -0.111571 0.512936 0.680542
v -0.072502 0.570531 0.614646
v -0.138067 0.532139 0.642961
v 0.061687 0.507782 0.680194
v 0.114555 0.558544 0.610811
v 0.040860 0.542842 0.649998
v 0.106833 0.496358 0.677880
v 0.066347 0.569299 0.615265
v 0.134618 0.521170 0.642819
v 0.004266 0.326967 0.826382
v 0.002322 0.229376 0.880427
v 0.044180 0.304329 0.838895
v -0.037098 0.302438 0.832881
v 0.045159 0.255208 0.863802
v -0.039424 0.254073 0.862546
v 0.108670 0.396638 0.773009
v 0.189783 0.353845 0.758874
v 0.138319 0.419648 0.741416
v 0.117719 0.353228 0.799190
v 0.180554 0.399755 0.733493
v 0.157850 0.329897 0.792924
v -0.105073 0.397177 0.757871
v -0.194144 0.360238 0.755032
v -0.138714 0.425184 0.731399
v -0.113014 0.352543 0.785658
v -0.182938 0.406421 0.727224
v -0.156614 0.332481 0.784896
v -0.046388 -0.303790 -0.250691
v -0.088385 -0.356640 -0.181143
v -0.035009 -0.336448 -0.221168
v -0.073802 -0.291693 -0.242829
v -0.055273 -0.366294 -0.190350
v -0.095594 -0.314397 -0.203819
v 0.039466 -0.302965 -0.247824
v 0.085462 -0.359643 -0.183004
v 0.028962 -0.336529 -0.220613
v 0.068610 -0.290552 -0.239249
v 0.051085 -0.366601 -0.189026
v 0.091658 -0.317567 -0.205400
v -0.002295 -0.113587 -0.372971
v -0.006591 -0.009499 -0.427073
v 0.022273 -0.086698 -0.383048
v -0.032265 -0.088872 -0.381638
v 0.024513 -0.033697 -0.408692
v -0.035928 -0.037347 -0.410470
v 0.060473 -0.189036 -0.321257
v 0.121776 -0.129444 -0.292655
v 0.083654 -0.207715 -0.286244
v 0.068999 -0.137801 -0.339973
v 0.114929 -0.180148 -0.271366
v 0.099310 -0.107533 -0.328226
v -0.066203 -0.185736 -0.315384
v -0.122020 -0.133154 -0.294900
v -0.087317 -0.213389 -0.291383
v -0.073165 -0.137461 -0.336174
v -0.114354 -0.183028 -0.273516
v -0.102620 -0.112280 -0.331497
v -0.092696 0.652714 -0.463049
v -0.169202 0.744657 -0.411551
v -0.068478 0.695321 -0.438491
v -0.155503 0.650318 -0.467569
v -0.109346 0.746566 -0.418783
v -0.190802 0.718253 -0.449096
v 0.085350 0.652659 -0.465823
v 0.155020 0.742806 -0.402173
v 0.058016 0.691368 -0.432366
v 0.142124 0.647083 -0.466683
v 0.100876 0.743975 -0.407224
v 0.177077 0.690628 -0.433877
v -0.000960 0.415411 -0.621286
v 0.002459 0.295043 -0.675607
v 0.060981 0.386538 -0.633852
v -0.063818 0.385990 -0.636345
v 0.064338 0.333721 -0.676068
v -0.067271 0.331273 -0.669758
v 0.145682 0.508041 -0.560664
v 0.253545 0.455136 -0.550909
v 0.181969 0.542805 -0.530875
v 0.159210 0.448465 -0.586656
v 0.236302 0.519022 -0.524640
v 0.219290 0.426607 -0.604454
v -0.146397 0.502947 -0.555528
v -0.252926 0.445504 -0.546847
v -0.187215 0.531849 -0.519213
v -0.157926 0.444194 -0.587899
v -0.234446 0.503329 -0.510638
v -0.213971 0.417188 -0.588836
v 0.412427 0.185452 -0.069954
v 0.394728 0.260764 -0.036914
v 0.402832 0.221421 -0.096522
v 0.411931 0.193486 -0.026127
v 0.392749 0.256604 -0.085352
v 0.407616 0.229458 -0.007073
v 0.416031 0.037309 -0.053832
v 0.393875 -0.036444 -0.010775
v 0.396347 0.018607 -0.063982
v 0.415614 0.029292 -0.016772
v 0.388656 -0.023158 -0.048614
v 0.407232 -0.006010 0.006719
v 0.381927 0.074202 -0.133878
v 0.314466 0.033068 -0.174665
v 0.371373 0.041676 -0.118648
v 0.349726 0.094562 -0.161498
v 0.339905 0.015863 -0.139590
v 0.317941 0.077074 -0.185066
v 0.369179 0.178516 -0.149053
v 0.328201 0.245368 -0.229804
v 0.372855 0.217462 -0.157872
v 0.346634 0.172078 -0.175311
v 0.352483 0.252943 -0.195821
v 0.324515 0.203091 -0.218345
v 0.421269 0.106985 0.000978
v 0.437991 0.106730 0.089288
v 0.420157 0.135340 0.022702
v 0.424448 0.080123 0.023944
v 0.430121 0.137549 0.067337
v 0.432941 0.077821 0.067866
v 0.405529 0.212402 0.483390
v 0.402415 0.294099 0.453861
v 0.393698 0.243940 0.506229
v 0.415173 0.218963 0.447392
v 0.392181 0.285564 0.491416
v 0.415029 0.259736 0.431341
v 0.416539 0.009334 0.485460
v 0.420078 -0.075174 0.457044
v 0.408096 -0.025422 0.510253
v 0.425602 0.003688 0.448541
v 0.408595 -0.069415 0.497017
v 0.428159 -0.037139 0.433786
v 0.379818 0.044698 0.591812
v 0.351727 -0.021135 0.662232
v 0.381125 -0.002645 0.586412
v 0.362345 0.061357 0.627379
v 0.367778 -0.037209 0.620165
v 0.348806 0.030176 0.664300
v 0.373378 0.175862 0.588559
v 0.347498 0.223138 0.643162
v 0.373520 0.218088 0.579917
v 0.359850 0.155891 0.623421
v 0.361321 0.243309 0.605415
v 0.345969 0.178339 0.653707
v 0.429242 0.111888 0.424321
v 0.443211 0.110886 0.347707
v 0.431743 0.148403 0.405979
v 0.433886 0.075481 0.406521
v 0.438324 0.148896 0.367832
v 0.440941 0.074226 0.368102
v -0.403700 0.192422 -0.065529
v -0.390666 0.270019 -0.033316
v -0.402947 0.222377 -0.095946
v -0.405322 0.197006 -0.022319
v -0.392865 0.265293 -0.082070
v -0.402619 0.234441 -0.004373
v -0.386746 0.046583 -0.043230
v -0.372812 -0.025583 -0.003169
v -0.366497 0.030503 -0.057615
v -0.397582 0.037949 -0.008602
v -0.359044 -0.013049 -0.039718
v -0.392150 0.003269 0.012705
v -0.353260 0.081469 -0.137171
v -0.306350 0.036792 -0.182876
v -0.347040 0.046815 -0.125142
v -0.339552 0.099416 -0.170555
v -0.323189 0.020652 -0.146063
v -0.314250 0.079995 -0.196160
v -0.359353 0.179057 -0.157882
v -0.336087 0.239637 -0.241154
v -0.371252 0.215147 -0.164969
v -0.342270 0.170016 -0.186606
v -0.359564 0.247689 -0.203547
v -0.328537 0.198633 -0.231953
v -0.413329 0.112950 0.008842
v -0.429960 0.112592 0.095046
v -0.417099 0.141099 0.028252
v -0.414576 0.085238 0.031476
v -0.425805 0.142496 0.071602
v -0.422326 0.083156 0.074522
v -0.418971 0.216759 0.486328
v -0.414750 0.301970 0.459104
v -0.407755 0.251608 0.508355
v -0.428332 0.222768 0.450655
v -0.405865 0.296188 0.495784
v -0.428828 0.264497 0.435927
v -0.424617 -0.000465 0.485715
v -0.429850 -0.082668 0.461608
v -0.420123 -0.032597 0.510069
v -0.430103 -0.006438 0.451307
v -0.421832 -0.075522 0.498011
v -0.436345 -0.046369 0.438713
v -0.387454 0.039482 0.589732
v -0.358277 -0.022727 0.659561
v -0.390037 -0.006698 0.584732
v -0.369412 0.057832 0.625254
v -0.376182 -0.038848 0.618039
v -0.354606 0.027864 0.661968
v -0.382235 0.175353 0.586241
v -0.354625 0.228837 0.642262
v -0.382907 0.222154 0.577572
v -0.368028 0.153752 0.621415
v -0.369195 0.250589 0.603182
v -0.352674 0.178555 0.651778
v -0.440080 0.108865 0.427133
v -0.456967 0.109528 0.351423
v -0.443121 0.147740 0.408765
v -0.443039 0.069799 0.410268
v -0.450047 0.148541 0.370766
v -0.451626 0.070169 0.372976
v -0.073527 0.748248 0.319328
v -0.121492 0.698449 0.396061
v -0.119601 0.738964 0.320939
v -0.144214 0.714626 0.359911
v -0.049897 0.730662 0.358273
v -0.073603 0.707112 0.396954
v -0.065638 0.799531 -0.042309
v -0.199624 0.960035 -0.279658
v -0.102369 0.779619 -0.051479
v -0.160787 0.805912 -0.147550
v -0.046306 0.803532 -0.115264
v -0.074242 0.828198 -0.206720
v 0.071396 0.731943 0.306175
v 0.122717 0.692932 0.387504
v 0.120183 0.723481 0.303998
v 0.144789 0.702932 0.344627
v 0.048703 0.720260 0.350505
v 0.074233 0.701286 0.390524
v 0.065018 0.799440 0.012088
v 0.108235 0.755940 -0.095892
v 0.102161 0.776445 0.025722
v 0.117360 0.751712 -0.025908
v 0.044156 0.796981 -0.061125
v 0.071414 0.788417 -0.114901
v -0.307741 0.557497 0.474898
v -0.362062 0.510340 0.456296
v -0.325404 0.570951 0.441501
v -0.351764 0.546179 0.433013
v -0.324377 0.522356 0.501281
v -0.352904 0.499209 0.490708
v -0.049292 0.644965 0.508362
v 0.049770 0.654678 0.512809
v -0.025488 0.625667 0.546458
v 0.023021 0.630235 0.548697
v -0.024468 0.670969 0.473562
v 0.025930 0.675390 0.475634
v -0.246320 0.510090 0.584408
v -0.275249 0.429494 0.639445
v -0.222052 0.491650 0.623655
v -0.237911 0.451402 0.652516
v -0.284166 0.488470 0.573097
v -0.299962 0.449537 0.599117
v -0.469883 0.665530 -0.156349
v -0.294957 0.535723 -0.110444
v -0.314020 0.610097 -0.123055
v -0.284214 0.564681 -0.093336
v -0.395794 0.597824 -0.202305
v -0.322847 0.552541 -0.169492
v -0.090494 0.849254 -0.317137
v 0.097401 0.832160 -0.290609
v -0.044156 0.806827 -0.379958
v 0.052874 0.799845 -0.363191
v -0.039386 0.830712 -0.266253
v 0.036209 0.823191 -0.254117
v -0.299763 0.659869 -0.353931
v -0.297448 0.520962 -0.374838
v -0.269376 0.627988 -0.394836
v -0.267920 0.557777 -0.408920
v -0.324061 0.623320 -0.322615
v -0.314190 0.546744 -0.324438
v -0.402384 0.409441 0.193891
v -0.408997 0.416808 0.284346
v -0.392130 0.447478 0.220183
v -0.395537 0.450960 0.265167
v -0.425590 0.376564 0.220288
v -0.422772 0.378731 0.261584
v -0.354107 0.398255 -0.141073
v -0.347562 0.386478 -0.243104
v -0.375317 0.348436 -0.152459
v -0.374247 0.341662 -0.201044
v -0.340244 0.449112 -0.182687
v -0.340678 0.444553 -0.235542
v -0.419295 0.285597 0.114494
v -0.453186 0.216304 0.160450
v -0.421702 0.245418 0.090901
v -0.435224 0.212395 0.114694
v -0.438249 0.292634 0.163340
v -0.459132 0.257028 0.185089
v -0.377801 0.396842 0.517273
v -0.351946 0.363496 0.590946
v -0.381073 0.358867 0.535730
v -0.368228 0.341561 0.571888
v -0.364561 0.422949 0.532465
v -0.350504 0.405306 0.568944
v -0.437050 0.305158 0.338471
v -0.459842 0.226047 0.292040
v -0.442586 0.266975 0.356737
v -0.451834 0.227021 0.333166
v -0.442504 0.303677 0.296953
v -0.455734 0.264400 0.272384
v 0.313576 0.562829 0.472282
v 0.354844 0.508940 0.451720
v 0.322803 0.572186 0.433623
v 0.345185 0.546788 0.426608
v 0.326583 0.525365 0.500782
v 0.347791 0.499700 0.488687
v 0.263149 0.518407 0.593989
v 0.283207 0.428175 0.647226
v 0.230914 0.493201 0.632368
v 0.242758 0.448745 0.659896
v 0.302078 0.496161 0.582491
v 0.310198 0.451290 0.607283
v 0.480970 0.658339 -0.158182
v 0.290645 0.524692 -0.111683
v 0.310852 0.609531 -0.127204
v 0.281501 0.550303 -0.087914
v 0.369820 0.642150 -0.204707
v 0.324176 0.547197 -0.173809
v 0.271311 0.664697 -0.351676
v 0.291090 0.529258 -0.375059
v 0.258659 0.643564 -0.401365
v 0.272031 0.574557 -0.417580
v 0.300125 0.622695 -0.316024
v 0.301610 0.548933 -0.321388
v 0.401447 0.395653 0.195099
v 0.398331 0.406245 0.284680
v 0.391106 0.436845 0.220455
v 0.389112 0.441713 0.264154
v 0.411340 0.358652 0.218111
v 0.408667 0.365367 0.261819
v 0.347149 0.384690 -0.145155
v 0.341145 0.386756 -0.241042
v 0.366059 0.338214 -0.155650
v 0.360191 0.338810 -0.199825
v 0.330994 0.438997 -0.186658
v 0.331107 0.439421 -0.235041
v 0.427863 0.277099 0.116083
v 0.446277 0.210500 0.158933
v 0.427114 0.239630 0.089997
v 0.437652 0.207663 0.113005
v 0.434179 0.279688 0.166807
v 0.441087 0.247808 0.184709
v 0.368434 0.388858 0.515705
v 0.347759 0.356872 0.593649
v 0.369972 0.346473 0.534853
v 0.359325 0.330655 0.573303
v 0.357619 0.417203 0.533549
v 0.348157 0.402066 0.573027
v 0.425221 0.299245 0.338871
v 0.439266 0.220686 0.290551
v 0.428512 0.262716 0.355644
v 0.435005 0.223628 0.332025
v 0.426813 0.295627 0.297425
v 0.436612 0.256538 0.272820
v -0.075743 -0.610881 0.358162
v -0.119606 -0.596870 0.475202
v -0.117390 -0.584504 0.349631
v -0.136484 -0.574036 0.406603
v -0.055432 -0.637219 0.422130
v -0.075916 -0.626292 0.484116
v -0.087708 -0.611271 0.043584
v -0.152431 -0.606012 -0.065836
v -0.133454 -0.693411 0.015070
v -0.171626 -0.683690 -0.059573
v -0.064154 -0.563444 0.011477
v -0.091348 -0.564956 -0.036754
v 0.063607 -0.609274 0.372397
v 0.140411 -0.620620 0.523725
v 0.097868 -0.579640 0.368001
v 0.124937 -0.574932 0.438540
v 0.048355 -0.634376 0.440141
v 0.091873 -0.647278 0.518660
v 0.095147 -0.617712 0.046209
v 0.152607 -0.615839 -0.062234
v 0.135828 -0.703246 0.022738
v 0.178237 -0.698903 -0.050531
v 0.073938 -0.565830 0.012628
v 0.102722 -0.565030 -0.032004
v -0.304444 -0.409409 0.551088
v -0.358237 -0.322901 0.488084
v -0.311084 -0.400266 0.489696
v -0.341093 -0.361775 0.462323
v -0.328038 -0.371406 0.576220
v -0.350435 -0.324955 0.540981
v -0.065255 -0.632136 0.683386
v 0.063587 -0.675258 0.735462
v -0.036786 -0.609894 0.736950
v 0.037400 -0.630561 0.747276
v -0.024220 -0.642588 0.627588
v 0.046163 -0.661992 0.650473
v -0.345217 -0.459334 0.755730
v -0.339414 -0.320456 0.779615
v -0.334898 -0.461493 0.831163
v -0.335024 -0.377786 0.837364
v -0.337102 -0.387855 0.703715
v -0.343128 -0.328087 0.718068
v -0.325697 -0.383164 -0.105534
v -0.365441 -0.292984 -0.049181
v -0.362010 -0.401905 -0.074989
v -0.378002 -0.353021 -0.040468
v -0.309822 -0.318368 -0.108654
v -0.337563 -0.277233 -0.086745
v -0.048680 -0.466535 -0.110654
v 0.052664 -0.467817 -0.108547
v -0.021770 -0.433816 -0.136083
v 0.023283 -0.433885 -0.135054
v -0.023697 -0.492037 -0.079653
v 0.033159 -0.493152 -0.080206
v -0.177888 -0.300732 -0.132214
v -0.187570 -0.194595 -0.180158
v -0.150899 -0.273096 -0.171755
v -0.156811 -0.223307 -0.196152
v -0.218058 -0.269856 -0.132807
v -0.216470 -0.216361 -0.148223
v -0.392152 -0.183762 0.197862
v -0.401625 -0.193978 0.292289
v -0.386894 -0.228883 0.217978
v -0.389866 -0.232452 0.267274
v -0.404385 -0.145218 0.222521
v -0.410102 -0.151443 0.267490
v -0.324137 -0.131339 -0.067033
v -0.280908 -0.102562 -0.134658
v -0.321127 -0.081711 -0.078563
v -0.306199 -0.069266 -0.115219
v -0.307109 -0.168731 -0.090991
v -0.279553 -0.153037 -0.121589
v -0.404524 -0.052706 0.126547
v -0.433450 0.011551 0.167130
v -0.409072 -0.013592 0.101290
v -0.421924 0.016767 0.121738
v -0.414722 -0.059880 0.172377
v -0.430831 -0.026269 0.192510
v -0.389576 -0.190812 0.537806
v -0.365338 -0.176031 0.637817
v -0.391983 -0.145556 0.553236
v -0.379430 -0.135911 0.598889
v -0.372000 -0.232895 0.573637
v -0.362486 -0.227529 0.625871
v -0.434936 -0.081546 0.348044
v -0.453221 -0.001723 0.299852
v -0.442467 -0.044419 0.363693
v -0.450224 -0.005484 0.340574
v -0.436937 -0.078557 0.306728
v -0.448849 -0.037649 0.282435
v 0.307969 -0.406317 0.552911
v 0.352410 -0.320556 0.487112
v 0.309630 -0.397383 0.494049
v 0.335891 -0.358276 0.463563
v 0.328402 -0.369938 0.574979
v 0.346387 -0.322832 0.540582
v 0.325576 -0.452508 0.728657
v 0.338836 -0.330691 0.769880
v 0.344252 -0.468889 0.789905
v 0.342858 -0.398761 0.817193
v 0.332403 -0.387758 0.690389
v 0.338801 -0.332653 0.708425
v 0.332584 -0.397329 -0.102734
v 0.371267 -0.305626 -0.045366
v 0.362936 -0.417856 -0.070084
v 0.383594 -0.366308 -0.039972
v 0.314886 -0.331006 -0.097569
v 0.343037 -0.290858 -0.076693
v 0.193310 -0.309803 -0.148829
v 0.200285 -0.198825 -0.185638
v 0.157283 -0.281791 -0.181752
v 0.166314 -0.227474 -0.201606
v 0.231323 -0.280614 -0.135948
v 0.230133 -0.223212 -0.151327
v 0.388801 -0.188023 0.190708
v 0.395328 -0.194270 0.280862
v 0.382147 -0.232704 0.209660
v 0.383440 -0.234780 0.256894
v 0.401520 -0.148592 0.213563
v 0.405763 -0.151963 0.258927
v 0.339422 -0.140406 -0.067745
v 0.293792 -0.106766 -0.131925
v 0.340104 -0.089827 -0.080319
v 0.321698 -0.074298 -0.112409
v 0.319205 -0.176769 -0.088983
v 0.291714 -0.158368 -0.118586
v 0.410342 -0.058950 0.120900
v 0.450787 0.007231 0.157985
v 0.418813 -0.020105 0.095150
v 0.436605 0.011851 0.114016
v 0.420718 -0.065122 0.165158
v 0.438931 -0.029756 0.184549
v 0.378259 -0.190712 0.541663
v 0.356930 -0.177900 0.639904
v 0.383968 -0.144864 0.554783
v 0.370771 -0.136356 0.602025
v 0.364209 -0.232975 0.576018
v 0.354901 -0.229333 0.626921
v 0.433289 -0.078380 0.339810
v 0.449852 -0.001142 0.289812
v 0.439243 -0.039908 0.355956
v 0.444332 -0.001491 0.331822
v 0.432448 -0.076319 0.297559
v 0.443938 -0.036348 0.273244
v 0.138914 -0.009380 0.953546
v 0.222863 -0.063185 0.915202
v 0.142997 -0.067642 0.968575
v 0.188103 -0.096591 0.949959
v 0.177787 0.020103 0.920010
v 0.217028 -0.004933 0.901244
v -0.137021 -0.011885 0.953734
v -0.222584 -0.065585 0.913304
v -0.144491 -0.069784 0.969664
v -0.189958 -0.099184 0.950705
v -0.174016 0.017660 0.920735
v -0.214545 -0.007532 0.902221
v 0.132372 0.153037 0.889988
v 0.212801 0.207116 0.834535
v 0.131062 0.204788 0.867626
v 0.171080 0.230854 0.841635
v 0.174632 0.128095 0.883122
v 0.214816 0.156229 0.854705
v -0.128208 0.151592 0.894470
v -0.202147 0.209324 0.827028
v -0.126209 0.203290 0.869292
v -0.164612 0.232586 0.838667
v -0.167082 0.127333 0.883215
v -0.202779 0.156707 0.850032
v 0.296299 0.038183 0.785836
v 0.293285 0.142516 0.764362
v 0.312584 0.069666 0.740196
v 0.311479 0.121751 0.732655
v 0.273802 0.060772 0.822839
v 0.271226 0.112649 0.808253
v -0.298111 0.038358 0.784431
v -0.298180 0.147234 0.769626
v -0.316951 0.070449 0.739866
v -0.316956 0.124523 0.734937
v -0.274255 0.061737 0.823894
v -0.271750 0.115630 0.811519
v 0.105933 0.066036 -0.461117
v 0.146440 0.023676 -0.374207
v 0.095216 0.017981 -0.421896
v 0.117300 -0.005144 -0.384155
v 0.145565 0.090469 -0.463981
v 0.159912 0.071428 -0.414105
v -0.108926 0.057314 -0.462785
v -0.152782 0.013894 -0.377753
v -0.098666 0.009657 -0.424157
v -0.120748 -0.012926 -0.387987
v -0.148099 0.080368 -0.462418
v -0.167160 0.060362 -0.413137
v 0.163724 0.213436 -0.612654
v 0.292807 0.257475 -0.606554
v 0.180387 0.273163 -0.656754
v 0.248990 0.310555 -0.648768
v 0.205910 0.179548 -0.575273
v 0.267959 0.200888 -0.572361
v -0.158495 0.203552 -0.610742
v -0.284868 0.249685 -0.602925
v -0.175520 0.269114 -0.659869
v -0.237704 0.306138 -0.648936
v -0.196426 0.171422 -0.563707
v -0.258298 0.195332 -0.558739
v 0.230023 0.107921 -0.305800
v 0.274682 0.194289 -0.360256
v 0.261127 0.128053 -0.272942
v 0.270570 0.174690 -0.291875
v 0.209480 0.134936 -0.367561
v 0.254272 0.166214 -0.406487
v -0.237598 0.102073 -0.311977
v -0.274898 0.190812 -0.363617
v -0.267890 0.126228 -0.282737
v -0.278492 0.172880 -0.300592
v -0.221053 0.121677 -0.367707
v -0.256214 0.158890 -0.403532
v -0.259073 0.678767 0.252584
v -0.237009 0.672155 0.160836
v -0.231370 0.704148 0.248512
v -0.211391 0.699786 0.143034
v -0.301581 0.635439 0.285691
v -0.255581 0.687161 0.288947
v -0.304448 0.640875 0.318729
v -0.263989 0.623572 0.149800
v -0.218245 0.680478 0.096746
v -0.249570 0.629264 0.088419
v -0.305557 0.601014 0.227392
v -0.272857 0.599201 0.120950
v -0.316735 0.572678 0.205748
v -0.326009 0.613629 0.312176
v -0.331957 0.578037 0.258177
v 0.254030 0.690585 0.250781
v 0.234484 0.692816 0.190466
v 0.234090 0.713888 0.240643
v 0.209776 0.717021 0.173397
v 0.294361 0.647953 0.283923
v 0.252669 0.691126 0.275441
v 0.296116 0.647729 0.310087
v 0.264922 0.638260 0.176954
v 0.212784 0.693156 0.138434
v 0.247240 0.634033 0.116603
v 0.302688 0.615850 0.242157
v 0.274701 0.605127 0.142171
v 0.316792 0.581750 0.220654
v 0.314649 0.622505 0.308569
v 0.325882 0.587463 0.263492
v -0.270961 -0.521540 0.219782
v -0.320306 -0.578630 0.148817
v -0.245726 -0.547372 0.220975
v -0.314207 -0.644785 0.151513
v -0.297794 -0.463119 0.260620
v -0.241311 -0.504770 0.263996
v -0.281335 -0.453131 0.305053
v -0.351474 -0.500944 0.133961
v -0.336867 -0.628098 0.098377
v -0.375452 -0.523490 0.080326
v -0.336096 -0.438528 0.207673
v -0.367086 -0.461226 0.110266
v -0.352275 -0.401416 0.192401
v -0.311521 -0.428605 0.297684
v -0.343499 -0.397166 0.240622
v 0.282098 -0.530834 0.228882
v 0.324678 -0.580352 0.143998
v 0.250959 -0.554410 0.227674
v 0.307313 -0.629676 0.132728
v 0.307437 -0.466490 0.260991
v 0.253309 -0.518565 0.278400
v 0.292187 -0.460139 0.311024
v 0.351258 -0.507412 0.130266
v 0.349200 -0.630249 0.095134
v 0.370631 -0.532284 0.078390
v 0.337584 -0.443426 0.201331
v 0.364556 -0.470092 0.105394
v 0.351985 -0.406761 0.184194
v 0.316532 -0.429539 0.296066
v 0.343589 -0.400599 0.232135
v 0.021303 -0.471637 0.875657
v -0.076619 -0.388097 0.909846
v -0.021213 -0.502760 0.847127
v -0.124231 -0.432756 0.898478
v 0.119278 -0.447825 0.925738
v 0.066149 -0.542576 0.847183
v 0.184151 -0.566855 0.940853
v 0.063861 -0.311065 0.954537
v -0.042059 -0.302463 0.950183
v 0.059892 -0.248417 0.974615
v -0.048776 -0.244417 0.972565
v 0.185780 -0.443623 0.942302
v 0.116791 -0.291958 0.963766
v -0.141939 -0.373011 0.922217
v -0.102056 -0.277720 0.959924
v -0.002533 0.488967 0.710443
v -0.055778 0.453520 0.734383
v -0.025195 0.520398 0.683427
v -0.084257 0.482441 0.708852
v 0.055005 0.448276 0.738045
v 0.017888 0.516676 0.682565
v 0.080032 0.471390 0.709774
v 0.038058 0.391241 0.786870
v -0.031912 0.389945 0.779460
v 0.042720 0.350326 0.813950
v -0.034762 0.347965 0.805221
v 0.095766 0.434676 0.740698
v 0.077376 0.373943 0.797190
v -0.095913 0.440300 0.732442
v -0.070883 0.371365 0.782673
v -0.003893 -0.282191 -0.283413
v -0.033214 -0.246388 -0.301135
v -0.017795 -0.308972 -0.252915
v -0.054203 -0.272956 -0.281506
v 0.029946 -0.245744 -0.303441
v 0.010893 -0.309873 -0.255879
v 0.046896 -0.269331 -0.275987
v 0.019642 -0.186377 -0.343928
v -0.016760 -0.184055 -0.338129
v 0.021554 -0.138494 -0.361329
v -0.025343 -0.137783 -0.356488
v 0.053513 -0.233560 -0.299719
v 0.040999 -0.165816 -0.346856
v -0.059562 -0.232716 -0.296199
v -0.045095 -0.160570 -0.336669
v -0.000692 0.624900 -0.500322
v -0.079460 0.581427 -0.531589
v -0.032421 0.655147 -0.465578
v -0.117046 0.608073 -0.495902
v 0.081366 0.584399 -0.535953
v 0.026734 0.656902 -0.467021
v 0.109762 0.611364 -0.500538
v 0.052015 0.506893 -0.585314
v -0.049800 0.506046 -0.583749
v 0.055978 0.447170 -0.608441
v -0.055625 0.444451 -0.603172
v 0.131023 0.563039 -0.532783
v 0.104345 0.477313 -0.586403
v -0.133825 0.558536 -0.526681
v -0.106416 0.475498 -0.588415
v 0.412190 0.152878 -0.111430
v 0.417798 0.132572 -0.058865
v 0.409385 0.186443 -0.105307
v 0.414893 0.160342 -0.043342
v 0.416288 0.079428 -0.097644
v 0.423086 0.085891 -0.056474
v 0.406909 0.049764 -0.080385
v 0.420896 0.059529 -0.036661
v 0.401203 0.117890 -0.126748
v 0.396964 0.062870 -0.105789
v 0.383704 0.106464 -0.139489
v 0.395347 0.183704 -0.129315
v 0.374704 0.142232 -0.146505
v 0.417176 0.134226 -0.020176
v 0.421705 0.082991 -0.018356
v 0.398650 0.167153 0.530376
v 0.415703 0.145048 0.476973
v 0.395812 0.203549 0.519086
v 0.415681 0.180640 0.462252
v 0.403702 0.058767 0.530299
v 0.419333 0.080545 0.477422
v 0.405916 0.017787 0.521405
v 0.423241 0.043266 0.462706
v 0.387803 0.112420 0.563985
v 0.394285 0.029449 0.556732
v 0.376315 0.088679 0.594256
v 0.385373 0.191934 0.553785
v 0.374520 0.132741 0.593175
v 0.424066 0.147301 0.442800
v 0.426713 0.077320 0.443088
v -0.389593 0.158229 -0.105467
v -0.404428 0.138104 -0.051782
v -0.398297 0.186019 -0.103058
v -0.407219 0.165447 -0.038529
v -0.381878 0.084142 -0.090775
v -0.401668 0.092510 -0.046529
v -0.378107 0.056921 -0.076745
v -0.400413 0.067024 -0.027310
v -0.371376 0.125804 -0.125651
v -0.367107 0.067455 -0.106465
v -0.356831 0.114676 -0.146344
v -0.381958 0.183684 -0.133211
v -0.357954 0.145802 -0.153584
v -0.411103 0.139484 -0.013855
v -0.408636 0.088392 -0.009519
v -0.407078 0.165665 0.528798
v -0.426654 0.143294 0.478589
v -0.407888 0.207631 0.520081
v -0.427321 0.181747 0.464802
v -0.409053 0.051726 0.529133
v -0.424805 0.074239 0.477571
v -0.414438 0.010245 0.520687
v -0.428364 0.034817 0.464618
v -0.395735 0.107979 0.562193
v -0.402257 0.023228 0.555253
v -0.383304 0.084399 0.592271
v -0.395781 0.193514 0.552911
v -0.382518 0.129541 0.591163
v -0.436155 0.146286 0.445851
v -0.434728 0.071484 0.445359
v -0.072913 0.782037 0.229661
v -0.070680 0.817721 0.128251
v -0.113154 0.765294 0.229811
v -0.104662 0.782573 0.116850
v 0.068417 0.764707 0.218470
v 0.065950 0.794976 0.123880
v 0.116859 0.755170 0.219818
v 0.110851 0.781918 0.131209
v -0.002491 0.760110 0.267377
v -0.094789 0.759394 0.275958
v -0.025744 0.745412 0.313930
v -0.001928 0.822041 0.060188
v -0.084197 0.793746 0.041473
v -0.024472 0.808334 -0.023409
v 0.095112 0.743429 0.262462
v 0.022835 0.739820 0.309242
v 0.087191 0.800611 0.077728
v 0.020793 0.808486 -0.004154
v -0.192647 0.660387 0.428964
v -0.258746 0.615827 0.455332
v -0.216229 0.676057 0.395272
v -0.277430 0.629210 0.422687
v -0.121054 0.610599 0.538456
v -0.187675 0.566171 0.563941
v -0.096764 0.590841 0.576311
v -0.162447 0.548340 0.603170
v -0.121976 0.655753 0.468015
v -0.168709 0.687147 0.395344
v -0.098012 0.681784 0.432840
v -0.252089 0.563797 0.518464
v -0.292527 0.593534 0.449253
v -0.288985 0.543050 0.510148
v -0.073881 0.618890 0.542607
v -0.073590 0.664068 0.470597
v -0.205166 0.529980 0.593969
v -0.268954 0.527384 0.546367
v -0.215964 0.789972 -0.229246
v -0.307163 0.737117 -0.195460
v -0.217567 0.748729 -0.158068
v -0.273766 0.692074 -0.134699
v -0.192696 0.818227 -0.314157
v -0.245818 0.737054 -0.343437
v -0.155026 0.796739 -0.382732
v -0.219436 0.724820 -0.397685
v -0.140273 0.842011 -0.249262
v -0.227316 0.815713 -0.247663
v -0.103060 0.887894 -0.243241
v -0.362753 0.757906 -0.293953
v -0.346798 0.686007 -0.162486
v -0.476350 0.720932 -0.237591
v -0.161690 0.882004 -0.349534
v -0.100570 0.840454 -0.262966
v -0.265964 0.691318 -0.379545
v -0.378843 0.722518 -0.336836
v -0.319855 0.473998 0.009176
v -0.360003 0.436761 0.107470
v -0.306194 0.507979 0.033407
v -0.349378 0.474227 0.131015
v -0.366518 0.352850 -0.049056
v -0.388609 0.315656 0.036848
v -0.380474 0.309345 -0.066008
v -0.396582 0.274384 0.015693
v -0.330730 0.440865 -0.071112
v -0.297478 0.517785 -0.038738
v -0.308109 0.493462 -0.119194
v -0.393953 0.362861 0.112254
v -0.376346 0.441621 0.163253
v -0.411762 0.369077 0.166512
v -0.368437 0.351992 -0.101915
v -0.333981 0.446777 -0.128827
v -0.406294 0.279995 0.064794
v -0.416070 0.327807 0.139394
v -0.379776 0.485735 0.404512
v -0.393683 0.453299 0.346448
v -0.370072 0.520174 0.382625
v -0.383389 0.488178 0.327117
v -0.398387 0.377918 0.466107
v -0.415784 0.344654 0.404177
v -0.401638 0.338724 0.482008
v -0.422583 0.304712 0.420297
v -0.380586 0.445401 0.464257
v -0.366918 0.517468 0.420810
v -0.367941 0.473073 0.477487
v -0.415633 0.381405 0.344466
v -0.395984 0.453286 0.306022
v -0.419987 0.381154 0.303301
v -0.389318 0.370301 0.501000
v -0.373608 0.435614 0.498213
v -0.429966 0.306593 0.380503
v -0.428418 0.342676 0.320982
v 0.193854 0.660428 0.421362
v 0.258473 0.616904 0.449094
v 0.214839 0.671073 0.379764
v 0.271906 0.625321 0.409125
v 0.121503 0.620878 0.542714
v 0.191703 0.569595 0.568376
v 0.093515 0.595437 0.579372
v 0.163271 0.545936 0.606007
v 0.123911 0.661680 0.468447
v 0.169679 0.682450 0.384256
v 0.099948 0.682774 0.430473
v 0.071936 0.630787 0.548120
v 0.075467 0.670895 0.473064
v 0.262918 0.572151 0.520860
v 0.292894 0.595469 0.441475
v 0.298173 0.550002 0.512327
v 0.213359 0.533212 0.600706
v 0.283718 0.535473 0.552793
v 0.175932 0.740846 -0.141435
v 0.277656 0.719189 -0.181376
v 0.159624 0.699242 -0.064785
v 0.232925 0.659195 -0.113645
v 0.200987 0.913176 -0.336636
v 0.208772 0.755415 -0.343244
v 0.150314 0.812511 -0.376699
v 0.199843 0.730616 -0.392540
v 0.164461 0.852168 -0.212875
v 0.134273 0.730802 -0.078565
v 0.112893 0.802411 -0.167547
v 0.153009 0.859126 -0.339830
v 0.104615 0.847079 -0.239712
v 0.319359 0.748383 -0.294085
v 0.326328 0.682036 -0.147007
v 0.449363 0.754391 -0.253336
v 0.238220 0.701933 -0.375778
v 0.312963 0.695977 -0.335202
v 0.321674 0.463828 0.013404
v 0.365991 0.425462 0.114790
v 0.310064 0.501329 0.040589
v 0.358013 0.466738 0.141781
v 0.366158 0.337090 -0.052336
v 0.393523 0.304625 0.036802
v 0.379238 0.293182 -0.070520
v 0.401680 0.266630 0.013667
v 0.330039 0.429147 -0.074312
v 0.299070 0.508081 -0.033669
v 0.309115 0.483431 -0.124125
v 0.400831 0.348024 0.120377
v 0.385808 0.430610 0.172397
v 0.413952 0.354567 0.170746
v 0.363638 0.335230 -0.106420
v 0.328598 0.435019 -0.133763
v 0.412478 0.272053 0.065127
v 0.421724 0.314867 0.144059
v 0.376873 0.487968 0.406245
v 0.389115 0.450400 0.348565
v 0.362353 0.520463 0.381058
v 0.377365 0.485189 0.327637
v 0.388752 0.369287 0.458919
v 0.408183 0.338746 0.400559
v 0.390387 0.327560 0.475564
v 0.411903 0.298838 0.416000
v 0.375094 0.441690 0.459547
v 0.360983 0.516993 0.416944
v 0.362590 0.471022 0.475344
v 0.406949 0.374869 0.345234
v 0.388047 0.446147 0.306885
v 0.407207 0.371091 0.304231
v 0.379479 0.359316 0.496373
v 0.366468 0.430694 0.496006
v 0.418475 0.300373 0.377892
v 0.416566 0.335558 0.321982
v -0.080396 -0.599233 0.242661
v -0.088310 -0.606644 0.142292
v -0.130356 -0.587272 0.230532
v -0.142671 -0.645154 0.135247
v 0.072125 -0.595887 0.245870
v 0.091817 -0.603449 0.139350
v 0.118642 -0.581110 0.233814
v 0.149174 -0.641201 0.139573
v -0.004322 -0.619830 0.309200
v -0.099580 -0.592310 0.293587
v -0.029920 -0.633402 0.365662
v 0.002935 -0.583699 0.106412
v -0.114331 -0.641333 0.086000
v -0.031214 -0.561238 0.063121
v 0.085627 -0.590731 0.303898
v 0.018131 -0.628292 0.371207
v 0.121513 -0.647365 0.091019
v 0.043231 -0.560301 0.062210
v -0.182274 -0.549964 0.521855
v -0.236859 -0.477299 0.551393
v -0.188106 -0.520922 0.451450
v -0.245846 -0.462699 0.480183
v -0.181951 -0.704976 0.758439
v -0.313566 -0.625378 0.814972
v -0.141930 -0.729099 0.815157
v -0.307685 -0.641341 0.907065
v -0.141212 -0.625331 0.605673
v -0.156723 -0.561968 0.464480
v -0.103784 -0.619095 0.545074
v -0.293201 -0.491336 0.658598
v -0.275319 -0.438765 0.519350
v -0.302834 -0.421046 0.615885
v -0.097815 -0.669482 0.754578
v -0.085621 -0.636176 0.616423
v -0.344075 -0.543127 0.824243
v -0.318923 -0.442588 0.683492
v -0.237150 -0.588785 -0.125251
v -0.288584 -0.498018 -0.088454
v -0.275402 -0.645236 -0.104998
v -0.345474 -0.527353 -0.097323
v -0.110000 -0.435333 -0.134633
v -0.148758 -0.374558 -0.131666
v -0.079676 -0.398795 -0.161148
v -0.120371 -0.341958 -0.167165
v -0.133524 -0.517253 -0.103401
v -0.210017 -0.641111 -0.093270
v -0.116676 -0.548972 -0.075071
v -0.232230 -0.389241 -0.119166
v -0.339244 -0.454561 -0.101461
v -0.272911 -0.355331 -0.111831
v -0.066664 -0.435103 -0.137224
v -0.079321 -0.503772 -0.090452
v -0.149479 -0.322145 -0.148914
v -0.224689 -0.327860 -0.123244
v -0.376739 -0.257569 0.035438
v -0.381669 -0.219922 0.117999
v -0.380030 -0.310514 0.050766
v -0.378937 -0.267744 0.136550
v -0.353342 -0.104800 -0.004047
v -0.381361 -0.079971 0.059340
v -0.352958 -0.057304 -0.020864
v -0.384907 -0.036540 0.037039
v -0.356109 -0.195284 -0.021848
v -0.379672 -0.304076 -0.002066
v -0.348938 -0.236009 -0.054003
v -0.388768 -0.130783 0.128032
v -0.383819 -0.224781 0.167894
v -0.394848 -0.137279 0.177058
v -0.336659 -0.092512 -0.041642
v -0.333745 -0.182692 -0.058696
v -0.395143 -0.045461 0.080823
v -0.399933 -0.093515 0.152531
v -0.380199 -0.279696 0.416645
v -0.391110 -0.237116 0.355584
v -0.362817 -0.318789 0.391624
v -0.377586 -0.276150 0.329195
v -0.412635 -0.159209 0.469410
v -0.425027 -0.123287 0.410656
v -0.417589 -0.117535 0.484327
v -0.432724 -0.084788 0.425634
v -0.389743 -0.239075 0.480222
v -0.363026 -0.321201 0.438376
v -0.371988 -0.281344 0.509350
v -0.414456 -0.158800 0.354008
v -0.390330 -0.235044 0.314130
v -0.413895 -0.156371 0.312542
v -0.403736 -0.153396 0.510548
v -0.381532 -0.236690 0.525652
v -0.433697 -0.083913 0.387423
v -0.425042 -0.118513 0.330570
v 0.211274 -0.568765 0.573888
v 0.248012 -0.476502 0.568602
v 0.183843 -0.517298 0.488480
v 0.250348 -0.460342 0.497087
v 0.188525 -0.642011 0.771935
v 0.263997 -0.551340 0.741679
v 0.155650 -0.621526 0.783592
v 0.262318 -0.570877 0.787294
v 0.289079 -0.716631 0.784178
v 0.162211 -0.571114 0.512494
v 0.161415 -0.677751 0.617860
v 0.112929 -0.650575 0.772465
v 0.133062 -0.696755 0.700565
v 0.288663 -0.474796 0.650139
v 0.280459 -0.436377 0.527908
v 0.309693 -0.420059 0.611795
v 0.302310 -0.514275 0.761704
v 0.313587 -0.435092 0.669724
v 0.233238 -0.597668 -0.123587
v 0.287634 -0.503476 -0.107661
v 0.285687 -0.646345 -0.104935
v 0.338885 -0.537703 -0.100043
v 0.109233 -0.436478 -0.134046
v 0.150831 -0.385415 -0.144498
v 0.077650 -0.399368 -0.159806
v 0.119021 -0.349624 -0.174369
v 0.135408 -0.522228 -0.099894
v 0.220235 -0.655190 -0.099305
v 0.119734 -0.552804 -0.073375
v 0.066811 -0.435291 -0.134710
v 0.084633 -0.505641 -0.088230
v 0.237293 -0.406529 -0.108109
v 0.330568 -0.466076 -0.096969
v 0.278660 -0.369827 -0.106636
v 0.154749 -0.335609 -0.165559
v 0.232886 -0.340594 -0.119821
v 0.378344 -0.267695 0.035525
v 0.379399 -0.226314 0.114591
v 0.380445 -0.321437 0.049240
v 0.377109 -0.275410 0.132214
v 0.371459 -0.115293 -0.010326
v 0.383674 -0.082870 0.055670
v 0.378183 -0.068989 -0.029129
v 0.394675 -0.042519 0.031229
v 0.364027 -0.205163 -0.020176
v 0.381057 -0.315940 -0.000273
v 0.360053 -0.247908 -0.051242
v 0.384954 -0.135010 0.127001
v 0.380655 -0.230278 0.162677
v 0.394931 -0.143429 0.168953
v 0.357822 -0.103797 -0.046858
v 0.344749 -0.192789 -0.056692
v 0.400814 -0.050901 0.076089
v 0.401900 -0.099717 0.146457
v 0.376468 -0.279494 0.411865
v 0.388291 -0.238285 0.345198
v 0.365066 -0.319429 0.387751
v 0.376161 -0.278150 0.321188
v 0.402173 -0.155565 0.467242
v 0.421521 -0.118971 0.403101
v 0.406740 -0.113069 0.482037
v 0.427112 -0.078336 0.418580
v 0.379487 -0.237399 0.477974
v 0.360859 -0.319987 0.435241
v 0.363307 -0.279379 0.508045
v 0.411075 -0.157338 0.343879
v 0.386371 -0.236758 0.302556
v 0.409150 -0.155199 0.301959
v 0.393173 -0.150745 0.510098
v 0.372534 -0.235965 0.525789
v 0.431463 -0.079520 0.380275
v 0.421634 -0.116737 0.320998
v 0.052833 -0.006120 1.016850
v -0.049511 -0.008075 1.006967
v 0.051402 -0.066200 1.010049
v -0.052075 -0.067014 1.008308
v 0.045107 0.152281 0.916201
v -0.044450 0.149981 0.921546
v 0.045121 0.204333 0.889077
v -0.042430 0.202679 0.893226
v 0.091866 0.073342 0.945220
v 0.097558 -0.037436 0.988128
v 0.136201 0.046285 0.935746
v -0.089348 0.070944 0.948156
v -0.097077 -0.039918 0.985955
v -0.132566 0.043587 0.937354
v 0.088626 0.178464 0.891836
v 0.134148 0.100249 0.913616
v -0.087003 0.176080 0.899275
v -0.129471 0.098253 0.915834
v 0.310861 -0.245546 0.837048
v 0.267949 -0.152164 0.887964
v 0.296501 -0.297159 0.882020
v 0.240317 -0.190958 0.931140
v 0.343770 -0.111861 0.699537
v 0.322955 -0.037627 0.749953
v 0.354843 -0.073630 0.657276
v 0.334580 -0.002853 0.704702
v 0.335648 -0.212677 0.735783
v 0.331583 -0.320022 0.831783
v 0.339030 -0.273639 0.723887
v 0.356570 -0.125751 0.650026
v 0.345637 -0.222765 0.680522
v 0.285854 -0.051579 0.842200
v 0.231713 -0.124864 0.928494
v 0.254085 -0.028506 0.879573
v 0.316645 0.016958 0.746220
v 0.278113 0.005351 0.833222
v -0.308624 -0.238768 0.837845
v -0.269156 -0.152407 0.884036
v -0.290197 -0.284295 0.884490
v -0.241619 -0.191856 0.927360
v -0.349624 -0.110993 0.697035
v -0.326758 -0.038178 0.746453
v -0.362271 -0.073500 0.655069
v -0.339655 -0.004260 0.702057
v -0.339895 -0.208657 0.736238
v -0.322595 -0.305742 0.837846
v -0.342561 -0.268232 0.728413
v -0.364881 -0.124829 0.647939
v -0.351941 -0.220157 0.681406
v -0.285328 -0.052705 0.835659
v -0.231596 -0.126955 0.922051
v -0.252731 -0.029924 0.873613
v -0.319845 0.016088 0.743226
v -0.277730 0.005278 0.829870
v 0.260651 0.356897 0.711026
v 0.237323 0.283416 0.773213
v 0.221302 0.378314 0.722855
v 0.197803 0.306174 0.783645
v 0.334940 0.291594 0.653680
v 0.315486 0.220347 0.709562
v 0.347297 0.267514 0.629277
v 0.331191 0.199913 0.682196
v 0.322692 0.361151 0.656202
v 0.252249 0.403221 0.685745
v 0.318422 0.406644 0.632443
v 0.348108 0.313735 0.613415
v 0.334937 0.382162 0.614032
v 0.273022 0.213528 0.776535
v 0.205652 0.257264 0.809305
v 0.246088 0.184941 0.817891
v 0.312672 0.172091 0.722314
v 0.271410 0.163497 0.792883
v -0.264133 0.364574 0.709014
v -0.238515 0.289979 0.770498
v -0.227868 0.386361 0.720856
v -0.200831 0.311822 0.781330
v -0.337171 0.299608 0.651397
v -0.322076 0.228197 0.713483
v -0.354276 0.276830 0.627771
v -0.337484 0.203371 0.683047
v -0.312680 0.364667 0.648985
v -0.253386 0.409018 0.680965
v -0.308867 0.408690 0.624579
v -0.353601 0.322116 0.610496
v -0.331598 0.385649 0.608459
v -0.269772 0.219314 0.775507
v -0.201677 0.261013 0.804347
v -0.237506 0.187897 0.812478
v -0.318401 0.176264 0.725505
v -0.270433 0.168502 0.795349
v 0.033333 0.064860 -0.483885
v -0.040336 0.060181 -0.485219
v 0.027541 0.018360 -0.441953
v -0.038157 0.012400 -0.444602
v 0.054819 0.207480 -0.628629
v -0.052722 0.204376 -0.629290
v 0.061784 0.271297 -0.647360
v -0.060067 0.262696 -0.668390
v 0.088084 0.135840 -0.548727
v 0.066675 0.041563 -0.454264
v 0.122409 0.112316 -0.509483
v -0.089317 0.127065 -0.549423
v -0.071994 0.034612 -0.456778
v -0.122705 0.102513 -0.508986
v 0.114188 0.241869 -0.642358
v 0.142819 0.159662 -0.561709
v -0.113055 0.233637 -0.642360
v -0.140399 0.148127 -0.561457
v 0.177823 -0.122920 -0.240394
v 0.158891 -0.048420 -0.300125
v 0.146614 -0.151790 -0.256771
v 0.128714 -0.077427 -0.315238
v 0.274797 -0.038506 -0.183348
v 0.253356 0.031571 -0.238314
v 0.308196 -0.011586 -0.161383
v 0.285885 0.054926 -0.212667
v 0.237116 -0.116779 -0.186109
v 0.172235 -0.174528 -0.221641
v 0.232669 -0.168757 -0.168621
v 0.300443 -0.057869 -0.147307
v 0.264122 -0.138018 -0.151250
v 0.193321 0.031484 -0.306201
v 0.137421 -0.026803 -0.342534
v 0.173589 0.053337 -0.358613
v 0.257195 0.080213 -0.255817
v 0.199819 0.083058 -0.334637
v -0.172528 -0.124713 -0.240926
v -0.160095 -0.054268 -0.304297
v -0.141728 -0.154386 -0.258123
v -0.131263 -0.083541 -0.319541
v -0.266557 -0.037045 -0.186374
v -0.251698 0.030851 -0.245351
v -0.298549 -0.008173 -0.167318
v -0.283169 0.056117 -0.221895
v -0.226251 -0.114855 -0.185463
v -0.164533 -0.174120 -0.219163
v -0.219658 -0.165386 -0.166434
v -0.287934 -0.054323 -0.150383
v -0.252034 -0.134638 -0.151704
v -0.199628 0.024148 -0.312029
v -0.141509 -0.034212 -0.346780
v -0.182340 0.042620 -0.362075
v -0.259766 0.078348 -0.264566
v -0.210678 0.072589 -0.339616
v 0.302046 0.445615 -0.450601
v 0.313635 0.353077 -0.531270
v 0.274541 0.482659 -0.494885
v 0.277199 0.396559 -0.580645
v 0.318046 0.327889 -0.281340
v 0.305675 0.261869 -0.327579
v 0.334933 0.289505 -0.237968
v 0.303890 0.235023 -0.265965
v 0.315213 0.422588 -0.338162
v 0.283702 0.507053 -0.432801
v 0.308221 0.482379 -0.330934
v 0.339755 0.336206 -0.242288
v 0.323741 0.434357 -0.285454
v 0.331984 0.256613 -0.461180
v 0.296591 0.312400 -0.596927
v 0.316240 0.228178 -0.529340
v 0.287990 0.217027 -0.310415
v 0.296339 0.207650 -0.440433
v -0.302433 0.435307 -0.453698
v -0.309874 0.344866 -0.550249
v -0.269439 0.468838 -0.486512
v -0.279021 0.391649 -0.590316
v -0.331657 0.320807 -0.295084
v -0.307259 0.256952 -0.336612
v -0.345047 0.283304 -0.246857
v -0.312291 0.228604 -0.278922
v -0.322462 0.416275 -0.343349
v -0.283848 0.495235 -0.429634
v -0.316865 0.478085 -0.333712
v -0.349284 0.332759 -0.247302
v -0.331853 0.432724 -0.288073
v -0.326341 0.247865 -0.470759
v -0.289471 0.323523 -0.612997
v -0.308191 0.206208 -0.532402
v -0.291662 0.215834 -0.320705
v -0.292764 0.197496 -0.441100
v 0.447408 0.139537 0.156294
v 0.450374 0.072299 0.155807
v 0.441887 0.139352 0.111382
v 0.443927 0.074619 0.111590
v 0.448199 0.145905 0.286478
v 0.453079 0.072565 0.285565
v 0.443009 0.147792 0.327663
v 0.446717 0.073395 0.327879
v 0.446936 0.179001 0.224432
v 0.444605 0.174034 0.135208
v 0.444849 0.213920 0.204630
v 0.442204 0.184389 0.308706
v 0.445690 0.218716 0.248592
v 0.452406 0.037762 0.223333
v 0.450289 0.043231 0.134127
v 0.449726 0.004634 0.203932
v 0.449136 0.036062 0.308097
v 0.454092 0.000503 0.246573
v -0.450081 0.146036 0.160029
v -0.445294 0.079083 0.161555
v -0.436972 0.144445 0.115680
v -0.433557 0.080967 0.118082
v -0.465224 0.148577 0.290738
v -0.461294 0.072971 0.292580
v -0.459064 0.148908 0.330847
v -0.458664 0.071375 0.333602
v -0.468340 0.184734 0.225412
v -0.445175 0.179291 0.137494
v -0.471385 0.221196 0.206446
v -0.462012 0.187880 0.311374
v -0.467006 0.224403 0.249045
v -0.455728 0.040354 0.230007
v -0.435200 0.047210 0.141588
v -0.447030 0.006510 0.211468
v -0.455425 0.034415 0.316134
v -0.452326 0.002520 0.256225
v -0.180997 0.727086 0.280392
v -0.207736 0.707660 0.323130
v -0.159366 0.738815 0.051467
v -0.178919 0.724976 -0.011049
v -0.163911 0.722975 0.320309
v -0.140513 0.753126 -0.035799
v -0.322707 0.614516 0.382566
v -0.345051 0.586286 0.373004
v -0.339125 0.582077 0.408570
v -0.256977 0.615901 -0.018430
v -0.275235 0.577358 0.018505
v -0.275932 0.590277 -0.060537
v -0.355551 0.514116 0.213103
v -0.367024 0.519367 0.265296
v -0.380147 0.484355 0.244231
v 0.188786 0.724359 0.264598
v 0.212991 0.704092 0.303444
v 0.153029 0.750869 0.108051
v 0.160670 0.722878 0.062717
v 0.167788 0.714002 0.303651
v 0.133365 0.750601 0.042619
v 0.312269 0.614402 0.368001
v 0.333067 0.589485 0.365487
v 0.328801 0.581328 0.397992
v 0.245030 0.602850 -0.001865
v 0.272936 0.571875 0.032548
v 0.265311 0.579264 -0.049429
v 0.358688 0.513670 0.219780
v 0.361627 0.517570 0.264176
v 0.376887 0.477963 0.241600
v -0.178342 -0.545535 0.273158
v -0.188003 -0.524991 0.327726
v -0.240352 -0.722695 0.077503
v -0.283791 -0.719279 0.010808
v -0.155648 -0.555979 0.338806
v -0.194395 -0.731987 -0.002270
v -0.293421 -0.426174 0.398257
v -0.323275 -0.393721 0.381164
v -0.317784 -0.396222 0.432483
v -0.390119 -0.475391 -0.006520
v -0.388408 -0.417316 0.030459
v -0.387676 -0.413648 -0.026657
v -0.369037 -0.314453 0.205965
v -0.366658 -0.314947 0.254351
v -0.378090 -0.272683 0.236657
v 0.170493 -0.550162 0.284634
v 0.180329 -0.525256 0.346053
v 0.260061 -0.725051 0.081875
v 0.295926 -0.714554 0.021832
v 0.135519 -0.547391 0.357942
v 0.220006 -0.740703 0.008957
v 0.294611 -0.424605 0.403877
v 0.322653 -0.391871 0.380870
v 0.315176 -0.393006 0.435995
v 0.384089 -0.493216 -0.009970
v 0.382882 -0.430041 0.029468
v 0.382765 -0.428252 -0.024592
v 0.367594 -0.320642 0.198459
v 0.364924 -0.318954 0.245921
v 0.374436 -0.276740 0.227939
v -0.029772 -0.590596 0.817414
v 0.045874 -0.589526 0.798224
v -0.254406 -0.468061 0.901887
v -0.258731 -0.391693 0.908294
v 0.003147 -0.597734 0.774086
v -0.312510 -0.434230 0.889025
v 0.312736 -0.570279 0.858079
v 0.302031 -0.454236 0.907985
v 0.334853 -0.474226 0.848427
v 0.105589 -0.157310 0.994361
v 0.158515 -0.190312 0.982895
v -0.107485 -0.157665 0.993672
v -0.159456 -0.191736 0.979568
v 0.149990 -0.128072 0.983621
v -0.154028 -0.130138 0.982806
v -0.026702 0.576957 0.618562
v 0.018828 0.576752 0.618880
v -0.154602 0.494328 0.671696
v -0.169851 0.451773 0.699836
v -0.002817 0.603819 0.583902
v -0.196755 0.472787 0.662803
v 0.152699 0.482949 0.674940
v 0.168351 0.443272 0.706891
v 0.199360 0.468020 0.670545
v 0.085380 0.280241 0.844029
v 0.123037 0.305371 0.821474
v -0.079776 0.278798 0.838699
v -0.118190 0.305017 0.812239
v 0.127639 0.255524 0.844550
v -0.123086 0.255227 0.841474
v -0.020349 -0.370333 -0.193093
v 0.015599 -0.369571 -0.192030
v -0.101701 -0.273088 -0.228342
v -0.107214 -0.230578 -0.253139
v -0.001174 -0.401796 -0.163971
v -0.129114 -0.249583 -0.212187
v 0.098948 -0.274196 -0.227660
v 0.107439 -0.228316 -0.249856
v 0.130472 -0.253148 -0.214536
v 0.052553 -0.059259 -0.388398
v 0.077309 -0.085231 -0.362176
v -0.061646 -0.064678 -0.388780
v -0.081744 -0.088376 -0.360948
v 0.085344 -0.032793 -0.389654
v -0.090709 -0.040006 -0.391923
v -0.041152 0.742249 -0.420588
v 0.033414 0.744561 -0.418072
v -0.224808 0.636862 -0.475577
v -0.237295 0.568126 -0.492733
v 0.004780 0.799116 -0.428510
v -0.257683 0.604225 -0.450654
v 0.202185 0.641890 -0.471590
v 0.217998 0.579776 -0.496687
v 0.255382 0.622741 -0.460738
v 0.130525 0.361760 -0.658896
v 0.177943 0.381733 -0.607868
v -0.126219 0.362149 -0.658902
v -0.170832 0.389497 -0.623358
v 0.191814 0.338546 -0.669183
v -0.178990 0.333386 -0.655939
v 0.393256 0.255918 -0.127781
v 0.375413 0.256260 -0.163368
v 0.414463 0.198182 0.019475
v 0.422644 0.168259 0.043912
v 0.372710 0.294796 -0.161617
v 0.424620 0.203299 0.066294
v 0.372427 -0.010567 -0.075870
v 0.357875 0.000980 -0.107453
v 0.416295 0.024130 0.025731
v 0.425759 0.050138 0.046762
v 0.347185 -0.042503 -0.093437
v 0.423942 0.016756 0.070557
v 0.320121 0.120511 -0.194013
v 0.322369 0.162299 -0.205440
v 0.290357 0.148024 -0.235568
v 0.381747 0.274477 0.529622
v 0.372656 0.260787 0.568229
v 0.424056 0.223024 0.410101
v 0.431934 0.186105 0.388528
v 0.369333 0.303482 0.552135
v 0.431088 0.224713 0.371628
v 0.397334 -0.061092 0.536967
v 0.382809 -0.050037 0.578065
v 0.435035 0.000125 0.411109
v 0.438362 0.037352 0.389098
v 0.385470 -0.098454 0.567287
v 0.440212 -0.001234 0.372569
v 0.345910 0.080629 0.663044
v 0.344776 0.130284 0.659092
v 0.328717 0.100972 0.698365
v -0.399640 0.257202 -0.128868
v -0.380494 0.254150 -0.165975
v -0.411928 0.199793 0.022688
v -0.419986 0.171537 0.047490
v -0.391818 0.296566 -0.163277
v -0.421700 0.206525 0.068818
v -0.346978 -0.002379 -0.074867
v -0.337131 0.008790 -0.110255
v -0.406984 0.030043 0.031258
v -0.414609 0.055880 0.053601
v -0.327710 -0.035616 -0.094683
v -0.413165 0.023224 0.076518
v -0.319481 0.120462 -0.208425
v -0.322193 0.159221 -0.220244
v -0.297347 0.144939 -0.251915
v -0.394903 0.285103 0.531039
v -0.383145 0.270812 0.566605
v -0.437624 0.225969 0.412895
v -0.444014 0.186929 0.391539
v -0.382415 0.316658 0.552245
v -0.445961 0.227766 0.373861
v -0.410057 -0.065202 0.535792
v -0.394333 -0.052936 0.576448
v -0.437698 -0.006903 0.415498
v -0.444534 0.031647 0.394449
v -0.394666 -0.099181 0.565853
v -0.444764 -0.006864 0.379411
v -0.352252 0.078120 0.661329
v -0.351757 0.127755 0.658016
v -0.335083 0.100796 0.698020
v -0.024450 0.709869 0.396283
v 0.025078 0.708500 0.394326
v 0.000840 0.693722 0.436528
v -0.024593 0.806268 -0.164849
v 0.024096 0.801687 -0.136564
v -0.000711 0.816546 -0.205909
v -0.338879 0.485856 0.525310
v -0.320864 0.468609 0.561105
v -0.347668 0.446689 0.546989
v -0.341641 0.569545 -0.217735
v -0.327591 0.568350 -0.273670
v -0.333696 0.506994 -0.226982
v -0.436404 0.339157 0.237246
v -0.453273 0.300150 0.209865
v -0.447630 0.302183 0.254194
v 0.339225 0.486093 0.525957
v 0.328624 0.470522 0.565995
v 0.344884 0.444330 0.549960
v 0.330830 0.567108 -0.217546
v 0.317858 0.563632 -0.268842
v 0.325117 0.499903 -0.227686
v 0.420827 0.324987 0.236830
v 0.431595 0.285555 0.211225
v 0.429841 0.291111 0.254958
v -0.029134 -0.654137 0.490446
v 0.031612 -0.654992 0.505125
v 0.009059 -0.652926 0.569897
v -0.025696 -0.533535 -0.017333
v 0.042926 -0.532950 -0.015823
v 0.006506 -0.512806 -0.048133
v -0.344804 -0.327396 0.596889
v -0.343085 -0.329153 0.656270
v -0.355608 -0.278535 0.613422
v -0.296032 -0.259302 -0.108811
v -0.254487 -0.238341 -0.126244
v -0.284866 -0.204408 -0.112771
v -0.418328 -0.108814 0.242805
v -0.425698 -0.066697 0.217907
v -0.434991 -0.073306 0.262881
v 0.342983 -0.327156 0.594504
v 0.342677 -0.330818 0.650086
v 0.351089 -0.279592 0.611829
v 0.303746 -0.270287 -0.097983
v 0.263903 -0.247351 -0.119938
v 0.295143 -0.212533 -0.106219
v 0.416836 -0.110125 0.235610
v 0.427532 -0.069212 0.210253
v 0.430986 -0.072630 0.254774
v 0.214097 0.050808 0.886496
v 0.214109 0.104140 0.871340
v 0.246495 0.082088 0.851483
v -0.208662 0.048649 0.886446
v -0.204988 0.103800 0.868351
v -0.240974 0.081688 0.847971
v 0.185016 0.110711 -0.461189
v 0.235766 0.133746 -0.524072
v 0.223523 0.137225 -0.442854
v -0.187508 0.104132 -0.454754
v -0.219750 0.144857 -0.506576
v -0.224696 0.130044 -0.435978
f 1 647 644
f 1 644 643
f 1 643 645
f 1 645 646
f 1 646 647
f 2 649 652
f 6 672 670
f 12 702 699
f 11 696 695
f 8 679 681
f 4 662 659
f 4 659 658
f 4 658 660
f 4 660 661
f 4 661 662
f 5 666 665
f 3 654 657
f 7 673 677
f 9 685 686
f 10 692 688
f 12 701 698
f 6 669 668
f 2 650 648
f 8 682 678
f 11 697 693
f 6 671 669
f 12 700 701
f 11 694 697
f 8 680 682
f 2 651 650
f 10 690 689
f 5 663 664
f 3 655 653
f 7 676 674
f 9 687 684
f 10 691 690
f 5 667 663
f 3 656 655
f 7 675 676
f 9 683 687
f 6 668 672
f 2 648 649
f 8 678 679
f 11 693 696
f 12 698 702
f 10 688 691
f 5 665 667
f 3 657 656
f 7 677 675
f 9 686 683
f 5 664 666
f 3 653 654
f 7 674 673
f 9 684 685
f 10 689 692
f 6 670 671
f 12 699 700
f 11 695 694
f 8 681 680
f 2 652 651
f 35 837 838
f 18 735 736
f 19 742 741
f 40 868 867
f 42 880 879
f 34 832 831
f 33 827 828
f 25 778 780
f 36 844 846
f 20 749 747
f 32 819 820
f 23 765 767
f 24 773 771
f 37 850 849
f 41 876 875
f 34 833 834
f 33 826 825
f 25 779 777
f 36 845 843
f 20 748 750
f 17 729 727
f 14 711 709
f 13 706 703
f 15 718 715
f 16 724 721
f 18 737 733
f 35 839 835
f 42 882 878
f 40 870 866
f 19 744 740
f 30 807 805
f 27 789 787
f 22 762 758
f 28 797 793
f 29 802 799
f 32 821 817
f 23 766 763
f 24 774 770
f 37 852 848
f 41 874 872
f 35 838 836
f 18 736 734
f 19 741 739
f 40 867 865
f 42 879 877
f 34 831 829
f 33 828 824
f 25 780 776
f 36 846 842
f 20 747 745
f 32 820 818
f 23 767 764
f 24 771 769
f 37 849 847
f 41 875 871
f 34 834 830
f 33 825 823
f 25 777 775
f 36 843 841
f 20 750 746
f 14 714 710
f 13 707 704
f 15 719 716
f 16 725 722
f 17 732 728
f 21 755 752
f 31 814 811
f 26 784 781
f 38 857 853
f 39 862 860
f 27 792 788
f 22 759 757
f 28 796 794
f 29 803 800
f 30 810 806
f 31 815 812
f 26 785 782
f 38 856 854
f 39 863 859
f 21 754 751
f 14 712 714
f 13 705 707
f 15 717 719
f 16 723 725
f 17 730 732
f 21 753 755
f 31 816 814
f 26 786 784
f 38 858 857
f 39 861 862
f 27 791 792
f 22 761 759
f 28 795 796
f 29 801 803
f 30 808 810
f 31 813 815
f 26 783 785
f 38 855 856
f 39 864 863
f 21 756 754
f 14 709 712
f 13 703 705
f 15 715 717
f 16 721 723
f 17 727 730
f 21 751 753
f 31 812 816
f 26 782 786
f 38 854 858
f 39 859 861
f 27 787 791
f 22 758 761
f 28 793 795
f 29 799 801
f 30 805 808
f 31 811 813
f 26 781 783
f 38 853 855
f 39 860 864
f 21 752 756
f 17 728 731
f 14 710 713
f 13 704 708
f 15 716 720
f 16 722 726
f 18 734 738
f 35 836 840
f 42 877 881
f 40 865 869
f 19 739 743
f 30 806 809
f 27 788 790
f 22 757 760
f 28 794 798
f 29 800 804
f 32 818 822
f 23 764 768
f 24 769 772
f 37 847 851
f 41 871 873
f 35 835 837
f 18 733 735
f 19 740 742
f 40 866 868
f 42 878 880
f 34 830 832
f 33 823 827
f 25 775 778
f 36 841 844
f 20 746 749
f 32 817 819
f 23 763 765
f 24 770 773
f 37 848 850
f 41 872 876
f 34 829 833
f 33 824 826
f 25 776 779
f 36 842 845
f 20 745 748
f 17 731 729
f 14 713 711
f 13 708 706
f 15 720 718
f 16 726 724
f 18 738 737
f 35 840 839
f 42 881 882
f 40 869 870
f 19 743 744
f 30 809 807
f 27 790 789
f 22 760 762
f 28 798 797
f 29 804 802
f 32 822 821
f 23 768 766
f 24 772 774
f 37 851 852
f 41 873 874
f 107 1269 1270
f 103 1245 1246
f 104 1252 1251
f 110 1288 1287
f 113 1306 1305
f 118 1336 1335
f 154 1551 1552
f 141 1473 1474
f 162 1599 1600
f 121 1354 1353
f 142 1479 1480
f 129 1401 1402
f 130 1408 1407
f 144 1492 1491
f 146 1504 1503
f 151 1533 1534
f 131 1414 1413
f 136 1444 1443
f 161 1594 1593
f 126 1383 1384
f 116 1323 1324
f 108 1275 1276
f 106 1263 1264
f 112 1299 1300
f 115 1317 1318
f 119 1341 1342
f 156 1564 1563
f 139 1462 1461
f 160 1588 1587
f 120 1347 1348
f 149 1521 1522
f 132 1420 1419
f 128 1395 1396
f 145 1497 1498
f 148 1515 1516
f 155 1557 1558
f 133 1425 1426
f 134 1431 1432
f 157 1570 1569
f 124 1372 1371
f 109 1282 1281
f 105 1258 1257
f 111 1294 1293
f 114 1312 1311
f 117 1330 1329
f 125 1378 1377
f 152 1540 1539
f 137 1449 1450
f 158 1575 1576
f 123 1365 1366
f 143 1486 1485
f 127 1390 1389
f 135 1437 1438
f 147 1510 1509
f 150 1528 1527
f 153 1546 1545
f 140 1468 1467
f 138 1455 1456
f 159 1581 1582
f 122 1359 1360
f 107 1272 1271
f 103 1248 1247
f 104 1253 1254
f 110 1289 1290
f 113 1307 1308
f 118 1337 1338
f 154 1554 1553
f 141 1476 1475
f 162 1602 1601
f 121 1355 1356
f 142 1482 1481
f 129 1404 1403
f 130 1409 1410
f 144 1493 1494
f 146 1505 1506
f 151 1536 1535
f 131 1415 1416
f 136 1445 1446
f 161 1595 1596
f 126 1386 1385
f 47 909 907
f 44 891 889
f 43 886 883
f 45 898 895
f 46 904 901
f 49 922 919
f 72 1060 1057
f 102 1240 1237
f 96 1204 1201
f 79 1102 1099
f 62 999 997
f 59 981 979
f 58 976 973
f 60 988 985
f 61 994 991
f 66 1024 1021
f 54 952 949
f 73 1066 1063
f 85 1138 1135
f 92 1179 1177
f 101 1233 1231
f 69 1041 1039
f 50 927 925
f 82 1119 1117
f 97 1209 1207
f 71 1053 1051
f 100 1228 1225
f 94 1192 1189
f 80 1108 1105
f 51 933 931
f 90 1167 1165
f 63 1005 1003
f 55 957 955
f 76 1083 1081
f 87 1150 1147
f 91 1174 1171
f 67 1029 1027
f 56 963 961
f 75 1077 1075
f 83 1126 1123
f 68 1036 1033
f 48 915 913
f 78 1095 1093
f 93 1185 1183
f 98 1216 1213
f 88 1155 1153
f 65 1018 1015
f 57 970 967
f 77 1090 1087
f 86 1143 1141
f 64 1012 1009
f 53 945 943
f 74 1071 1069
f 84 1131 1129
f 89 1162 1159
f 70 1047 1045
f 99 1221 1219
f 95 1197 1195
f 81 1114 1111
f 52 940 937
f 109 1284 1280
f 105 1260 1256
f 111 1296 1292
f 114 1314 1310
f 117 1332 1328
f 125 1380 1376
f 152 1542 1538
f 137 1451 1447
f 158 1577 1573
f 123 1367 1363
f 143 1488 1484
f 127 1392 1388
f 135 1439 1435
f 147 1512 1508
f 150 1530 1526
f 153 1548 1544
f 140 1470 1466
f 138 1457 1453
f 159 1583 1579
f 122 1361 1357
f 107 1270 1268
f 103 1246 1244
f 104 1251 1249
f 110 1287 1285
f 113 1305 1303
f 118 1335 1333
f 154 1552 1550
f 141 1474 1472
f 162 1600 1598
f 121 1353 1351
f 142 1480 1478
f 129 1402 1400
f 130 1407 1405
f 144 1491 1489
f 146 1503 1501
f 151 1534 1532
f 131 1413 1411
f 136 1443 1441
f 161 1593 1591
f 126 1384 1382
f 116 1324 1322
f 108 1276 1274
f 106 1264 1262
f 112 1300 1298
f 115 1318 1316
f 119 1342 1340
f 156 1563 1561
f 139 1461 1459
f 160 1587 1585
f 120 1348 1346
f 149 1522 1520
f 132 1419 1417
f 128 1396 1394
f 145 1498 1496
f 148 1516 1514
f 155 1558 1556
f 133 1426 1424
f 134 1432 1430
f 157 1569 1567
f 124 1371 1369
f 109 1281 1279
f 105 1257 1255
f 111 1293 1291
f 114 1311 1309
f 117 1329 1327
f 125 1377 1375
f 152 1539 1537
f 137 1450 1448
f 158 1576 1574
f 123 1366 1364
f 143 1485 1483
f 127 1389 1387
f 135 1438 1436
f 147 1509 1507
f 150 1527 1525
f 153 1545 1543
f 140 1467 1465
f 138 1456 1454
f 159 1582 1580
f 122 1360 1358
f 107 1271 1267
f 103 1247 1243
f 104 1254 1250
f 110 1290 1286
f 113 1308 1304
f 118 1338 1334
f 154 1553 1549
f 141 1475 1471
f 162 1601 1597
f 121 1356 1352
f 142 1481 1477
f 129 1403 1399
f 130 1410 1406
f 144 1494 1490
f 146 1506 1502
f 151 1535 1531
f 131 1416 1412
f 136 1446 1442
f 161 1596 1592
f 126 1385 1381
f 44 894 890
f 43 887 884
f 45 899 896
f 46 905 902
f 47 912 908
f 52 941 938
f 70 1050 1046
f 99 1224 1220
f 95 1200 1196
f 81 1115 1112
f 59 984 980
f 58 977 974
f 60 989 986
f 61 995 992
f 62 1002 998
f 65 1019 1016
f 57 971 968
f 77 1091 1088
f 86 1146 1142
f 88 1158 1154
f 98 1217 1214
f 68 1037 1034
f 48 918 914
f 78 1098 1094
f 93 1188 1184
f 69 1044 1040
f 101 1236 1232
f 97 1212 1208
f 82 1122 1118
f 50 930 926
f 89 1163 1160
f 64 1013 1010
f 53 948 944
f 74 1074 1070
f 84 1134 1130
f 90 1170 1166
f 63 1008 1004
f 55 960 956
f 76 1086 1082
f 87 1151 1148
f 72 1061 1058
f 49 923 920
f 79 1103 1100
f 96 1205 1202
f 102 1241 1238
f 91 1175 1172
f 67 1032 1028
f 56 966 962
f 75 1080 1076
f 83 1127 1124
f 66 1025 1022
f 54 953 950
f 73 1067 1064
f 85 1139 1136
f 92 1182 1178
f 71 1056 1052
f 100 1229 1226
f 94 1193 1190
f 80 1109 1106
f 51 936 932
f 116 1325 1321
f 108 1277 1273
f 106 1265 1261
f 112 1301 1297
f 115 1319 1315
f 119 1343 1339
f 156 1566 1562
f 139 1464 1460
f 160 1590 1586
f 120 1349 1345
f 149 1523 1519
f 132 1422 1418
f 128 1397 1393
f 145 1499 1495
f 148 1517 1513
f 155 1559 1555
f 133 1427 1423
f 134 1433 1429
f 157 1572 1568
f 124 1374 1370
f 44 892 894
f 43 885 887
f 45 897 899
f 46 903 905
f 47 910 912
f 52 939 941
f 70 1048 1050
f 99 1222 1224
f 95 1198 1200
f 81 1113 1115
f 59 982 984
f 58 975 977
f 60 987 989
f 61 993 995
f 62 1000 1002
f 65 1017 1019
f 57 969 971
f 77 1089 1091
f 86 1144 1146
f 88 1156 1158
f 98 1215 1217
f 68 1035 1037
f 48 916 918
f 78 1096 1098
f 93 1186 1188
f 69 1042 1044
f 101 1234 1236
f 97 1210 1212
f 82 1120 1122
f 50 928 930
f 89 1161 1163
f 64 1011 1013
f 53 946 948
f 74 1072 1074
f 84 1132 1134
f 90 1168 1170
f 63 1006 1008
f 55 958 960
f 76 1084 1086
f 87 1149 1151
f 72 1059 1061
f 49 921 923
f 79 1101 1103
f 96 1203 1205
f 102 1239 1241
f 91 1173 1175
f 67 1030 1032
f 56 964 966
f 75 1078 1080
f 83 1125 1127
f 66 1023 1025
f 54 951 953
f 73 1065 1067
f 85 1137 1139
f 92 1180 1182
f 71 1054 1056
f 100 1227 1229
f 94 1191 1193
f 80 1107 1109
f 51 934 936
f 116 1326 1325
f 108 1278 1277
f 106 1266 1265
f 112 1302 1301
f 115 1320 1319
f 119 1344 1343
f 156 1565 1566
f 139 1463 1464
f 160 1589 1590
f 120 1350 1349
f 149 1524 1523
f 132 1421 1422
f 128 1398 1397
f 145 1500 1499
f 148 1518 1517
f 155 1560 1559
f 133 1428 1427
f 134 1434 1433
f 157 1571 1572
f 124 1373 1374
f 44 889 892
f 43 883 885
f 45 895 897
f 46 901 903
f 47 907 910
f 52 937 939
f 70 1045 1048
f 99 1219 1222
f 95 1195 1198
f 81 1111 1113
f 59 979 982
f 58 973 975
f 60 985 987
f 61 991 993
f 62 997 1000
f 65 1015 1017
f 57 967 969
f 77 1087 1089
f 86 1141 1144
f 88 1153 1156
f 98 1213 1215
f 68 1033 1035
f 48 913 916
f 78 1093 1096
f 93 1183 1186
f 69 1039 1042
f 101 1231 1234
f 97 1207 1210
f 82 1117 1120
f 50 925 928
f 89 1159 1161
f 64 1009 1011
f 53 943 946
f 74 1069 1072
f 84 1129 1132
f 90 1165 1168
f 63 1003 1006
f 55 955 958
f 76 1081 1084
f 87 1147 1149
f 72 1057 1059
f 49 919 921
f 79 1099 1101
f 96 1201 1203
f 102 1237 1239
f 91 1171 1173
f 67 1027 1030
f 56 961 964
f 75 1075 1078
f 83 1123 1125
f 66 1021 1023
f 54 949 951
f 73 1063 1065
f 85 1135 1137
f 92 1177 1180
f 71 1051 1054
f 100 1225 1227
f 94 1189 1191
f 80 1105 1107
f 51 931 934
f 116 1322 1326
f 108 1274 1278
f 106 1262 1266
f 112 1298 1302
f 115 1316 1320
f 119 1340 1344
f 156 1561 1565
f 139 1459 1463
f 160 1585 1589
f 120 1346 1350
f 149 1520 1524
f 132 1417 1421
f 128 1394 1398
f 145 1496 1500
f 148 1514 1518
f 155 1556 1560
f 133 1424 1428
f 134 1430 1434
f 157 1567 1571
f 124 1369 1373
f 47 908 911
f 44 890 893
f 43 884 888
f 45 896 900
f 46 902 906
f 49 920 924
f 72 1058 1062
f 102 1238 1242
f 96 1202 1206
f 79 1100 1104
f 62 998 1001
f 59 980 983
f 58 974 978
f 60 986 990
f 61 992 996
f 66 1022 1026
f 54 950 954
f 73 1064 1068
f 85 1136 1140
f 92 1178 1181
f 101 1232 1235
f 69 1040 1043
f 50 926 929
f 82 1118 1121
f 97 1208 1211
f 71 1052 1055
f 100 1226 1230
f 94 1190 1194
f 80 1106 1110
f 51 932 935
f 90 1166 1169
f 63 1004 1007
f 55 956 959
f 76 1082 1085
f 87 1148 1152
f 91 1172 1176
f 67 1028 1031
f 56 962 965
f 75 1076 1079
f 83 1124 1128
f 68 1034 1038
f 48 914 917
f 78 1094 1097
f 93 1184 1187
f 98 1214 1218
f 88 1154 1157
f 65 1016 1020
f 57 968 972
f 77 1088 1092
f 86 1142 1145
f 64 1010 1014
f 53 944 947
f 74 1070 1073
f 84 1130 1133
f 89 1160 1164
f 70 1046 1049
f 99 1220 1223
f 95 1196 1199
f 81 1112 1116
f 52 938 942
f 109 1279 1283
f 105 1255 1259
f 111 1291 1295
f 114 1309 1313
f 117 1327 1331
f 125 1375 1379
f 152 1537 1541
f 137 1448 1452
f 158 1574 1578
f 123 1364 1368
f 143 1483 1487
f 127 1387 1391
f 135 1436 1440
f 147 1507 1511
f 150 1525 1529
f 153 1543 1547
f 140 1465 1469
f 138 1454 1458
f 159 1580 1584
f 122 1358 1362
f 107 1267 1269
f 103 1243 1245
f 104 1250 1252
f 110 1286 1288
f 113 1304 1306
f 118 1334 1336
f 154 1549 1551
f 141 1471 1473
f 162 1597 1599
f 121 1352 1354
f 142 1477 1479
f 129 1399 1401
f 130 1406 1408
f 144 1490 1492
f 146 1502 1504
f 151 1531 1533
f 131 1412 1414
f 136 1442 1444
f 161 1592 1594
f 126 1381 1383
f 116 1321 1323
f 108 1273 1275
f 106 1261 1263
f 112 1297 1299
f 115 1315 1317
f 119 1339 1341
f 156 1562 1564
f 139 1460 1462
f 160 1586 1588
f 120 1345 1347
f 149 1519 1521
f 132 1418 1420
f 128 1393 1395
f 145 1495 1497
f 148 1513 1515
f 155 1555 1557
f 133 1423 1425
f 134 1429 1431
f 157 1568 1570
f 124 1370 1372
f 109 1280 1282
f 105 1256 1258
f 111 1292 1294
f 114 1310 1312
f 117 1328 1330
f 125 1376 1378
f 152 1538 1540
f 137 1447 1449
f 158 1573 1575
f 123 1363 1365
f 143 1484 1486
f 127 1388 1390
f 135 1435 1437
f 147 1508 1510
f 150 1526 1528
f 153 1544 1546
f 140 1466 1468
f 138 1453 1455
f 159 1579 1581
f 122 1357 1359
f 107 1268 1272
f 103 1244 1248
f 104 1249 1253
f 110 1285 1289
f 113 1303 1307
f 118 1333 1337
f 154 1550 1554
f 141 1472 1476
f 162 1598 1602
f 121 1351 1355
f 142 1478 1482
f 129 1400 1404
f 130 1405 1409
f 144 1489 1493
f 146 1501 1505
f 151 1532 1536
f 131 1411 1415
f 136 1441 1445
f 161 1591 1595
f 126 1382 1386
f 47 911 909
f 44 893 891
f 43 888 886
f 45 900 898
f 46 906 904
f 49 924 922
f 72 1062 1060
f 102 1242 1240
f 96 1206 1204
f 79 1104 1102
f 62 1001 999
f 59 983 981
f 58 978 976
f 60 990 988
f 61 996 994
f 66 1026 1024
f 54 954 952
f 73 1068 1066
f 85 1140 1138
f 92 1181 1179
f 101 1235 1233
f 69 1043 1041
f 50 929 927
f 82 1121 1119
f 97 1211 1209
f 71 1055 1053
f 100 1230 1228
f 94 1194 1192
f 80 1110 1108
f 51 935 933
f 90 1169 1167
f 63 1007 1005
f 55 959 957
f 76 1085 1083
f 87 1152 1150
f 91 1176 1174
f 67 1031 1029
f 56 965 963
f 75 1079 1077
f 83 1128 1126
f 68 1038 1036
f 48 917 915
f 78 1097 1095
f 93 1187 1185
f 98 1218 1216
f 88 1157 1155
f 65 1020 1018
f 57 972 970
f 77 1092 1090
f 86 1145 1143
f 64 1014 1012
f 53 947 945
f 74 1073 1071
f 84 1133 1131
f 89 1164 1162
f 70 1049 1047
f 99 1223 1221
f 95 1199 1197
f 81 1116 1114
f 52 942 940
f 109 1283 1284
f 105 1259 1260
f 111 1295 1296
f 114 1313 1314
f 117 1331 1332
f 125 1379 1380
f 152 1541 1542
f 137 1452 1451
f 158 1578 1577
f 123 1368 1367
f 143 1487 1488
f 127 1391 1392
f 135 1440 1439
f 147 1511 1512
f 150 1529 1530
f 153 1547 1548
f 140 1469 1470
f 138 1458 1457
f 159 1584 1583
f 122 1362 1361
f 407 1609 1616
f 403 1605 1608
f 404 1611 1606
f 410 1614 1612
f 413 1617 1615
f 422 1631 1624
f 486 1688 1692
f 573 1775 1782
f 561 1763 1765
f 512 1719 1714
f 452 1654 1661
f 448 1650 1653
f 449 1656 1651
f 455 1659 1657
f 458 1662 1660
f 470 1672 1675
f 437 1646 1639
f 494 1706 1696
f 531 1735 1733
f 539 1741 1751
f 568 1770 1779
f 478 1680 1683
f 419 1621 1626
f 509 1711 1721
f 554 1756 1766
f 482 1684 1689
f 576 1780 1778
f 558 1767 1760
f 516 1722 1718
f 425 1627 1629
f 542 1744 1747
f 463 1668 1665
f 434 1636 1641
f 497 1699 1704
f 528 1730 1737
f 546 1748 1750
f 464 1666 1676
f 440 1642 1644
f 500 1705 1702
f 524 1736 1726
f 479 1691 1681
f 418 1623 1620
f 508 1713 1710
f 553 1764 1755
f 569 1781 1771
f 538 1749 1740
f 471 1677 1673
f 443 1645 1647
f 501 1703 1707
f 523 1725 1734
f 467 1674 1669
f 433 1638 1635
f 493 1695 1698
f 527 1732 1729
f 543 1752 1745
f 485 1690 1687
f 572 1777 1774
f 557 1759 1762
f 515 1717 1720
f 428 1630 1632
f 591 2191 2189
f 587 1885 1883
f 588 1901 1903
f 594 2279 2281
f 597 2315 2317
f 600 2171 2173
f 634 2160 2158
f 619 2016 2012
f 639 2214 2210
f 602 1919 1924
f 624 2137 2135
f 608 1978 1973
f 610 1991 1996
f 627 2225 2227
f 630 2302 2304
f 635 2178 2176
f 615 2153 2155
f 617 2009 2014
f 637 2207 2212
f 604 1926 1922
f 416 1857 1864
f 408 1803 1810
f 406 1786 1795
f 412 1822 1831
f 415 1840 1849
f 424 1876 1887
f 492 2182 2193
f 582 2312 2321
f 565 2276 2285
f 514 1898 1907
f 461 2091 2098
f 453 2037 2044
f 451 1952 1961
f 457 2056 2067
f 460 2074 2083
f 475 2128 2139
f 439 1966 1975
f 496 1988 1997
f 533 2222 2231
f 551 2293 2298
f 579 2185 2190
f 483 1879 1884
f 426 1893 1900
f 521 2271 2278
f 566 2307 2314
f 489 2163 2170
f 578 2150 2159
f 560 2006 2015
f 518 2204 2213
f 429 1911 1918
f 547 2131 2136
f 465 1969 1977
f 441 1983 1990
f 504 2217 2224
f 537 2290 2301
f 550 2168 2177
f 476 2145 2152
f 444 2001 2008
f 502 2199 2206
f 526 1916 1925
f 481 1808 1817
f 420 1789 1797
f 510 1825 1833
f 555 1843 1851
f 571 1862 1871
f 540 1933 1941
f 473 2110 2119
f 447 2020 2029
f 507 2236 2247
f 534 2257 2262
f 469 2042 2051
f 435 1947 1954
f 498 2059 2064
f 529 2077 2085
f 545 2096 2105
f 487 2113 2121
f 574 2023 2031
f 562 2239 2244
f 520 2254 2265
f 432 1930 1939
f 589 1818 1814
f 583 1798 1793
f 586 1834 1829
f 593 1852 1847
f 596 1872 1868
f 599 1942 1937
f 633 2120 2124
f 620 2030 2034
f 640 2248 2250
f 603 2263 2261
f 622 2052 2050
f 607 1955 1960
f 612 2065 2063
f 626 2086 2081
f 629 2106 2102
f 631 2122 2117
f 614 2032 2027
f 618 2245 2243
f 641 2266 2268
f 605 1940 1944
f 409 1813 1804
f 405 1792 1785
f 411 1828 1821
f 414 1846 1839
f 417 1867 1858
f 431 1936 1929
f 488 2123 2114
f 575 2033 2024
f 563 2249 2240
f 519 2260 2253
f 454 2049 2038
f 450 1959 1951
f 456 2062 2055
f 459 2080 2073
f 462 2101 2092
f 472 2116 2109
f 446 2026 2019
f 506 2242 2235
f 535 2267 2258
f 541 1943 1934
f 570 1869 1861
f 480 1815 1807
f 421 1799 1790
f 511 1835 1826
f 556 1853 1844
f 484 1889 1880
f 580 2195 2186
f 567 2319 2308
f 522 2283 2272
f 427 1905 1894
f 544 2103 2095
f 468 2046 2041
f 436 1957 1948
f 499 2069 2060
f 530 2087 2078
f 548 2141 2132
f 466 1979 1970
f 442 1993 1984
f 505 2229 2218
f 536 2296 2289
f 491 2188 2181
f 423 1882 1875
f 513 1902 1897
f 564 2280 2275
f 581 2316 2311
f 549 2172 2167
f 477 2157 2146
f 445 2011 2002
f 503 2209 2200
f 525 1923 1915
f 474 2134 2127
f 438 1972 1965
f 495 1995 1987
f 532 2226 2221
f 552 2303 2294
f 490 2175 2164
f 577 2154 2149
f 559 2013 2005
f 517 2211 2203
f 430 1921 1912
f 590 1865 1870
f 584 1811 1816
f 585 1796 1800
f 592 1832 1836
f 595 1850 1854
f 598 1888 1890
f 636 2194 2196
f 621 2322 2320
f 642 2286 2284
f 601 1908 1906
f 623 2099 2104
f 611 2045 2047
f 609 1962 1958
f 625 2068 2070
f 628 2084 2088
f 632 2140 2142
f 613 1976 1980
f 616 1998 1994
f 638 2232 2230
f 606 2299 2297
f 407 2330 2329
f 403 2324 2323
f 404 2325 2326
f 410 2332 2333
f 413 2335 2336
f 422 2344 2345
f 486 2410 2409
f 573 2497 2496
f 561 2486 2485
f 512 2434 2435
f 452 2375 2374
f 448 2369 2368
f 449 2370 2371
f 455 2377 2378
f 458 2380 2381
f 470 2393 2392
f 437 2359 2360
f 494 2415 2416
f 531 2455 2456
f 539 2461 2460
f 568 2489 2488
f 478 2399 2398
f 419 2341 2340
f 509 2431 2430
f 554 2476 2475
f 482 2405 2404
f 576 2500 2501
f 558 2481 2482
f 516 2439 2440
f 425 2348 2347
f 542 2465 2464
f 463 2383 2384
f 434 2356 2355
f 497 2420 2419
f 528 2452 2451
f 546 2471 2470
f 464 2386 2385
f 440 2363 2362
f 500 2422 2423
f 524 2445 2446
f 479 2400 2401
f 418 2338 2339
f 508 2428 2429
f 553 2473 2474
f 569 2490 2491
f 538 2458 2459
f 471 2394 2395
f 443 2366 2365
f 501 2425 2424
f 523 2444 2443
f 467 2389 2390
f 433 2353 2354
f 493 2414 2413
f 527 2449 2450
f 543 2466 2467
f 485 2407 2408
f 572 2494 2495
f 557 2480 2479
f 515 2438 2437
f 428 2351 2350
f 591 2510 2511
f 587 2504 2505
f 588 2508 2507
f 594 2514 2513
f 597 2517 2516
f 600 2520 2519
f 634 2554 2556
f 619 2539 2540
f 639 2560 2561
f 602 2523 2521
f 624 2543 2544
f 608 2527 2529
f 610 2532 2530
f 627 2547 2546
f 630 2550 2549
f 635 2552 2553
f 615 2535 2534
f 617 2538 2536
f 637 2558 2557
f 604 2524 2525
f 167 1607 647
f 164 1603 644
f 163 1604 643
f 165 1610 645
f 166 1613 646
f 169 1622 649
f 192 1686 672
f 222 1773 702
f 216 1761 696
f 199 1712 679
f 182 1652 662
f 179 1648 659
f 178 1649 658
f 180 1655 660
f 181 1658 661
f 186 1670 666
f 174 1637 654
f 193 1694 673
f 205 1731 685
f 212 1739 692
f 221 1768 701
f 189 1678 669
f 170 1619 650
f 202 1709 682
f 217 1754 697
f 191 1682 671
f 220 1776 700
f 214 1758 694
f 200 1716 680
f 171 1625 651
f 210 1742 690
f 183 1663 663
f 175 1634 655
f 196 1697 676
f 207 1728 687
f 211 1746 691
f 187 1664 667
f 176 1640 656
f 195 1700 675
f 203 1724 683
f 188 1679 668
f 168 1618 648
f 198 1708 678
f 213 1753 693
f 218 1769 698
f 208 1738 688
f 185 1671 665
f 177 1643 657
f 197 1701 677
f 206 1723 686
f 184 1667 664
f 173 1633 653
f 194 1693 674
f 204 1727 684
f 209 1743 689
f 190 1685 670
f 219 1772 699
f 215 1757 695
f 201 1715 681
f 172 1628 652
f 357 2187 837
f 255 1881 735
f 262 1899 742
f 388 2277 868
f 400 2313 880
f 352 2169 832
f 347 2156 827
f 298 2010 778
f 364 2208 844
f 269 1917 749
f 339 2133 819
f 285 1971 765
f 293 1989 773
f 370 2223 850
f 396 2300 876
f 353 2174 833
f 346 2151 826
f 299 2007 779
f 365 2205 845
f 268 1920 748
f 249 1855 729
f 231 1801 711
f 226 1784 706
f 238 1820 718
f 244 1838 724
f 257 1874 737
f 359 2180 839
f 402 2310 882
f 390 2274 870
f 264 1896 744
f 327 2089 807
f 309 2035 789
f 282 1950 762
f 317 2054 797
f 322 2072 802
f 341 2126 821
f 286 1964 766
f 294 1986 774
f 372 2220 852
f 394 2291 874
f 358 2183 838
f 256 1877 736
f 261 1891 741
f 387 2269 867
f 399 2305 879
f 351 2161 831
f 348 2148 828
f 300 2004 780
f 366 2202 846
f 267 1909 747
f 340 2129 820
f 287 1967 767
f 291 1981 771
f 369 2215 849
f 395 2288 875
f 354 2166 834
f 345 2143 825
f 297 1999 777
f 363 2197 843
f 270 1914 750
f 234 1806 714
f 227 1787 707
f 239 1823 719
f 245 1841 725
f 252 1860 732
f 275 1931 755
f 334 2108 814
f 304 2018 784
f 377 2234 857
f 382 2255 862
f 312 2040 792
f 279 1945 759
f 316 2057 796
f 323 2075 803
f 330 2094 810
f 335 2111 815
f 305 2021 785
f 376 2237 856
f 383 2252 863
f 274 1928 754
f 232 1812 712
f 225 1791 705
f 237 1827 717
f 243 1845 723
f 250 1866 730
f 273 1935 753
f 336 2118 816
f 306 2028 786
f 378 2246 858
f 381 2259 861
f 311 2048 791
f 281 1953 761
f 315 2061 795
f 321 2079 801
f 328 2100 808
f 333 2115 813
f 303 2025 783
f 375 2241 855
f 384 2264 864
f 276 1938 756
f 229 1802 709
f 223 1783 703
f 235 1819 715
f 241 1837 721
f 247 1856 727
f 271 1927 751
f 332 2112 812
f 302 2022 782
f 374 2238 854
f 379 2251 859
f 307 2036 787
f 278 1949 758
f 313 2053 793
f 319 2071 799
f 325 2090 805
f 331 2107 811
f 301 2017 781
f 373 2233 853
f 380 2256 860
f 272 1932 752
f 248 1859 728
f 230 1805 710
f 224 1788 704
f 236 1824 716
f 242 1842 722
f 254 1878 734
f 356 2184 836
f 397 2306 877
f 385 2270 865
f 259 1892 739
f 326 2093 806
f 308 2039 788
f 277 1946 757
f 314 2058 794
f 320 2076 800
f 338 2130 818
f 284 1968 764
f 289 1982 769
f 367 2216 847
f 391 2287 871
f 355 2179 835
f 253 1873 733
f 260 1895 740
f 386 2273 866
f 398 2309 878
f 350 2165 830
f 343 2144 823
f 295 2000 775
f 361 2198 841
f 266 1913 746
f 337 2125 817
f 283 1963 763
f 290 1985 770
f 368 2219 848
f 392 2292 872
f 349 2162 829
f 344 2147 824
f 296 2003 776
f 362 2201 842
f 265 1910 745
f 251 1863 731
f 233 1809 713
f 228 1794 708
f 240 1830 720
f 246 1848 726
f 258 1886 738
f 360 2192 840
f 401 2318 881
f 389 2282 869
f 263 1904 743
f 329 2097 809
f 310 2043 790
f 280 1956 760
f 318 2066 798
f 324 2082 804
f 342 2138 822
f 288 1974 768
f 292 1992 772
f 371 2228 851
f 393 2295 873
f 409 2331 1269
f 405 2327 1245
f 411 2328 1252
f 414 2334 1288
f 417 2337 1306
f 431 2346 1336
f 488 2412 1551
f 575 2499 1473
f 563 2487 1599
f 519 2436 1354
f 454 2376 1479
f 450 2372 1401
f 456 2373 1408
f 459 2379 1492
f 462 2382 1504
f 472 2396 1533
f 446 2361 1414
f 506 2418 1444
f 535 2457 1594
f 541 2463 1383
f 570 2492 1323
f 480 2402 1275
f 421 2343 1263
f 511 2433 1299
f 556 2478 1317
f 484 2406 1341
f 580 2502 1564
f 567 2484 1462
f 522 2442 1588
f 427 2349 1347
f 544 2468 1521
f 468 2387 1420
f 436 2358 1395
f 499 2421 1497
f 530 2454 1515
f 548 2472 1557
f 466 2388 1425
f 442 2364 1431
f 505 2426 1570
f 536 2448 1372
f 491 2403 1282
f 423 2342 1258
f 513 2432 1294
f 564 2477 1312
f 581 2493 1330
f 549 2462 1378
f 477 2397 1540
f 445 2367 1449
f 503 2427 1575
f 525 2447 1365
f 474 2391 1486
f 438 2357 1390
f 495 2417 1437
f 532 2453 1510
f 552 2469 1528
f 490 2411 1546
f 577 2498 1468
f 559 2483 1455
f 517 2441 1581
f 430 2352 1359
f 590 2509 1272
f 584 2503 1248
f 585 2506 1253
f 592 2512 1289
f 595 2515 1307
f 598 2518 1337
f 636 2555 1554
f 621 2541 1476
f 642 2562 1602
f 601 2522 1355
f 623 2542 1482
f 611 2528 1404
f 609 2531 1409
f 625 2545 1493
f 628 2548 1505
f 632 2551 1536
f 613 2533 1415
f 616 2537 1445
f 638 2559 1595
f 606 2526 1386
f 407 1616 909
f 403 1608 891
f 404 1606 886
f 410 1612 898
f 413 1615 904
f 422 1624 922
f 486 1692 1060
f 573 1782 1240
f 561 1765 1204
f 512 1714 1102
f 452 1661 999
f 448 1653 981
f 449 1651 976
f 455 1657 988
f 458 1660 994
f 470 1675 1024
f 437 1639 952
f 494 1696 1066
f 531 1733 1138
f 539 1751 1179
f 568 1779 1233
f 478 1683 1041
f 419 1626 927
f 509 1721 1119
f 554 1766 1209
f 482 1689 1053
f 576 1778 1228
f 558 1760 1192
f 516 1718 1108
f 425 1629 933
f 542 1747 1167
f 463 1665 1005
f 434 1641 957
f 497 1704 1083
f 528 1737 1150
f 546 1750 1174
f 464 1676 1029
f 440 1644 963
f 500 1702 1077
f 524 1726 1126
f 479 1681 1036
f 418 1620 915
f 508 1710 1095
f 553 1755 1185
f 569 1771 1216
f 538 1740 1155
f 471 1673 1018
f 443 1647 970
f 501 1707 1090
f 523 1734 1143
f 467 1669 1012
f 433 1635 945
f 493 1698 1071
f 527 1729 1131
f 543 1745 1162
f 485 1687 1047
f 572 1774 1221
f 557 1762 1197
f 515 1720 1114
f 428 1632 940
f 591 2189 1284
f 587 1883 1260
f 588 1903 1296
f 594 2281 1314
f 597 2317 1332
f 600 2173 1380
f 634 2158 1542
f 619 2012 1451
f 639 2210 1577
f 602 1924 1367
f 624 2135 1488
f 608 1973 1392
f 610 1996 1439
f 627 2227 1512
f 630 2304 1530
f 635 2176 1548
f 615 2155 1470
f 617 2014 1457
f 637 2212 1583
f 604 1922 1361
f 416 1864 1270
f 408 1810 1246
f 406 1795 1251
f 412 1831 1287
f 415 1849 1305
f 424 1887 1335
f 492 2193 1552
f 582 2321 1474
f 565 2285 1600
f 514 1907 1353
f 461 2098 1480
f 453 2044 1402
f 451 1961 1407
f 457 2067 1491
f 460 2083 1503
f 475 2139 1534
f 439 1975 1413
f 496 1997 1443
f 533 2231 1593
f 551 2298 1384
f 579 2190 1324
f 483 1884 1276
f 426 1900 1264
f 521 2278 1300
f 566 2314 1318
f 489 2170 1342
f 578 2159 1563
f 560 2015 1461
f 518 2213 1587
f 429 1918 1348
f 547 2136 1522
f 465 1977 1419
f 441 1990 1396
f 504 2224 1498
f 537 2301 1516
f 550 2177 1558
f 476 2152 1426
f 444 2008 1432
f 502 2206 1569
f 526 1925 1371
f 481 1817 1281
f 420 1797 1257
f 510 1833 1293
f 555 1851 1311
f 571 1871 1329
f 540 1941 1377
f 473 2119 1539
f 447 2029 1450
f 507 2247 1576
f 534 2262 1366
f 469 2051 1485
f 435 1954 1389
f 498 2064 1438
f 529 2085 1509
f 545 2105 1527
f 487 2121 1545
f 574 2031 1467
f 562 2244 1456
f 520 2265 1582
f 432 1939 1360
f 589 1814 1271
f 583 1793 1247
f 586 1829 1254
f 593 1847 1290
f 596 1868 1308
f 599 1937 1338
f 633 2124 1553
f 620 2034 1475
f 640 2250 1601
f 603 2261 1356
f 622 2050 1481
f 607 1960 1403
f 612 2063 1410
f 626 2081 1494
f 629 2102 1506
f 631 2117 1535
f 614 2027 1416
f 618 2243 1446
f 641 2268 1596
f 605 1944 1385
f 409 1804 894
f 405 1785 887
f 411 1821 899
f 414 1839 905
f 417 1858 912
f 431 1929 941
f 488 2114 1050
f 575 2024 1224
f 563 2240 1200
f 519 2253 1115
f 454 2038 984
f 450 1951 977
f 456 2055 989
f 459 2073 995
f 462 2092 1002
f 472 2109 1019
f 446 2019 971
f 506 2235 1091
f 535 2258 1146
f 541 1934 1158
f 570 1861 1217
f 480 1807 1037
f 421 1790 918
f 511 1826 1098
f 556 1844 1188
f 484 1880 1044
f 580 2186 1236
f 567 2308 1212
f 522 2272 1122
f 427 1894 930
f 544 2095 1163
f 468 2041 1013
f 436 1948 948
f 499 2060 1074
f 530 2078 1134
f 548 2132 1170
f 466 1970 1008
f 442 1984 960
f 505 2218 1086
f 536 2289 1151
f 491 2181 1061
f 423 1875 923
f 513 1897 1103
f 564 2275 1205
f 581 2311 1241
f 549 2167 1175
f 477 2146 1032
f 445 2002 966
f 503 2200 1080
f 525 1915 1127
f 474 2127 1025
f 438 1965 953
f 495 1987 1067
f 532 2221 1139
f 552 2294 1182
f 490 2164 1056
f 577 2149 1229
f 559 2005 1193
f 517 2203 1109
f 430 1912 936
f 590 1870 1325
f 584 1816 1277
f 585 1800 1265
f 592 1836 1301
f 595 1854 1319
f 598 1890 1343
f 636 2196 1566
f 621 2320 1464
f 642 2284 1590
f 601 1906 1349
f 623 2104 1523
f 611 2047 1422
f 609 1958 1397
f 625 2070 1499
f 628 2088 1517
f 632 2142 1559
f 613 1980 1427
f 616 1994 1433
f 638 2230 1572
f 606 2297 1374
f 407 2329 892
f 403 2323 885
f 404 2326 897
f 410 2333 903
f 413 2336 910
f 422 2345 939
f 486 2409 1048
f 573 2496 1222
f 561 2485 1198
f 512 2435 1113
f 452 2374 982
f 448 2368 975
f 449 2371 987
f 455 2378 993
f 458 2381 1000
f 470 2392 1017
f 437 2360 969
f 494 2416 1089
f 531 2456 1144
f 539 2460 1156
f 568 2488 1215
f 478 2398 1035
f 419 2340 916
f 509 2430 1096
f 554 2475 1186
f 482 2404 1042
f 576 2501 1234
f 558 2482 1210
f 516 2440 1120
f 425 2347 928
f 542 2464 1161
f 463 2384 1011
f 434 2355 946
f 497 2419 1072
f 528 2451 1132
f 546 2470 1168
f 464 2385 1006
f 440 2362 958
f 500 2423 1084
f 524 2446 1149
f 479 2401 1059
f 418 2339 921
f 508 2429 1101
f 553 2474 1203
f 569 2491 1239
f 538 2459 1173
f 471 2395 1030
f 443 2365 964
f 501 2424 1078
f 523 2443 1125
f 467 2390 1023
f 433 2354 951
f 493 2413 1065
f 527 2450 1137
f 543 2467 1180
f 485 2408 1054
f 572 2495 1227
f 557 2479 1191
f 515 2437 1107
f 428 2350 934
f 591 2511 1326
f 587 2505 1278
f 588 2507 1266
f 594 2513 1302
f 597 2516 1320
f 600 2519 1344
f 634 2556 1565
f 619 2540 1463
f 639 2561 1589
f 602 2521 1350
f 624 2544 1524
f 608 2529 1421
f 610 2530 1398
f 627 2546 1500
f 630 2549 1518
f 635 2553 1560
f 615 2534 1428
f 617 2536 1434
f 637 2557 1571
f 604 2525 1373
f 164 1609 889
f 163 1605 883
f 165 1611 895
f 166 1614 901
f 167 1617 907
f 172 1631 937
f 190 1688 1045
f 219 1775 1219
f 215 1763 1195
f 201 1719 1111
f 179 1654 979
f 178 1650 973
f 180 1656 985
f 181 1659 991
f 182 1662 997
f 185 1672 1015
f 177 1646 967
f 197 1706 1087
f 206 1735 1141
f 208 1741 1153
f 218 1770 1213
f 188 1680 1033
f 168 1621 913
f 198 1711 1093
f 213 1756 1183
f 189 1684 1039
f 221 1780 1231
f 217 1767 1207
f 202 1722 1117
f 170 1627 925
f 209 1744 1159
f 184 1668 1009
f 173 1636 943
f 194 1699 1069
f 204 1730 1129
f 210 1748 1165
f 183 1666 1003
f 175 1642 955
f 196 1705 1081
f 207 1736 1147
f 192 1691 1057
f 169 1623 919
f 199 1713 1099
f 216 1764 1201
f 222 1781 1237
f 211 1749 1171
f 187 1677 1027
f 176 1645 961
f 195 1703 1075
f 203 1725 1123
f 186 1674 1021
f 174 1638 949
f 193 1695 1063
f 205 1732 1135
f 212 1752 1177
f 191 1690 1051
f 220 1777 1225
f 214 1759 1189
f 200 1717 1105
f 171 1630 931
f 358 2191 1322
f 256 1885 1274
f 261 1901 1262
f 387 2279 1298
f 399 2315 1316
f 351 2171 1340
f 348 2160 1561
f 300 2016 1459
f 366 2214 1585
f 267 1919 1346
f 340 2137 1520
f 287 1978 1417
f 291 1991 1394
f 369 2225 1496
f 395 2302 1514
f 354 2178 1556
f 345 2153 1424
f 297 2009 1430
f 363 2207 1567
f 270 1926 1369
f 247 1857 908
f 229 1803 890
f 223 1786 884
f 235 1822 896
f 241 1840 902
f 253 1876 920
f 355 2182 1058
f 398 2312 1238
f 386 2276 1202
f 260 1898 1100
f 325 2091 998
f 307 2037 980
f 278 1952 974
f 313 2056 986
f 319 2074 992
f 337 2128 1022
f 283 1966 950
f 290 1988 1064
f 368 2222 1136
f 392 2293 1178
f 356 2185 1232
f 254 1879 1040
f 259 1893 926
f 385 2271 1118
f 397 2307 1208
f 349 2163 1052
f 344 2150 1226
f 296 2006 1190
f 362 2204 1106
f 265 1911 932
f 338 2131 1166
f 284 1969 1004
f 289 1983 956
f 367 2217 1082
f 391 2290 1148
f 350 2168 1172
f 343 2145 1028
f 295 2001 962
f 361 2199 1076
f 266 1916 1124
f 230 1808 1034
f 224 1789 914
f 236 1825 1094
f 242 1843 1184
f 248 1862 1214
f 272 1933 1154
f 331 2110 1016
f 301 2020 968
f 373 2236 1088
f 380 2257 1142
f 308 2042 1010
f 277 1947 944
f 314 2059 1070
f 320 2077 1130
f 326 2096 1160
f 332 2113 1046
f 302 2023 1220
f 374 2239 1196
f 379 2254 1112
f 271 1930 938
f 234 1818 1279
f 227 1798 1255
f 239 1834 1291
f 245 1852 1309
f 252 1872 1327
f 275 1942 1375
f 334 2120 1537
f 304 2030 1448
f 377 2248 1574
f 382 2263 1364
f 312 2052 1483
f 279 1955 1387
f 316 2065 1436
f 323 2086 1507
f 330 2106 1525
f 335 2122 1543
f 305 2032 1465
f 376 2245 1454
f 383 2266 1580
f 274 1940 1358
f 232 1813 1267
f 225 1792 1243
f 237 1828 1250
f 243 1846 1286
f 250 1867 1304
f 273 1936 1334
f 336 2123 1549
f 306 2033 1471
f 378 2249 1597
f 381 2260 1352
f 311 2049 1477
f 281 1959 1399
f 315 2062 1406
f 321 2080 1490
f 328 2101 1502
f 333 2116 1531
f 303 2026 1412
f 375 2242 1442
f 384 2267 1592
f 276 1943 1381
f 251 1869 1321
f 233 1815 1273
f 228 1799 1261
f 240 1835 1297
f 246 1853 1315
f 258 1889 1339
f 360 2195 1562
f 401 2319 1460
f 389 2283 1586
f 263 1905 1345
f 329 2103 1519
f 310 2046 1418
f 280 1957 1393
f 318 2069 1495
f 324 2087 1513
f 342 2141 1555
f 288 1979 1423
f 292 1993 1429
f 371 2229 1568
f 393 2296 1370
f 357 2188 1280
f 255 1882 1256
f 262 1902 1292
f 388 2280 1310
f 400 2316 1328
f 352 2172 1376
f 347 2157 1538
f 298 2011 1447
f 364 2209 1573
f 269 1923 1363
f 339 2134 1484
f 285 1972 1388
f 293 1995 1435
f 370 2226 1508
f 396 2303 1526
f 353 2175 1544
f 346 2154 1466
f 299 2013 1453
f 365 2211 1579
f 268 1921 1357
f 249 1865 1268
f 231 1811 1244
f 226 1796 1249
f 238 1832 1285
f 244 1850 1303
f 257 1888 1333
f 359 2194 1550
f 402 2322 1472
f 390 2286 1598
f 264 1908 1351
f 327 2099 1478
f 309 2045 1400
f 282 1962 1405
f 317 2068 1489
f 322 2084 1501
f 341 2140 1532
f 286 1976 1411
f 294 1998 1441
f 372 2232 1591
f 394 2299 1382
f 416 2330 911
f 408 2324 893
f 406 2325 888
f 412 2332 900
f 415 2335 906
f 424 2344 924
f 492 2410 1062
f 582 2497 1242
f 565 2486 1206
f 514 2434 1104
f 461 2375 1001
f 453 2369 983
f 451 2370 978
f 457 2377 990
f 460 2380 996
f 475 2393 1026
f 439 2359 954
f 496 2415 1068
f 533 2455 1140
f 551 2461 1181
f 579 2489 1235
f 483 2399 1043
f 426 2341 929
f 521 2431 1121
f 566 2476 1211
f 489 2405 1055
f 578 2500 1230
f 560 2481 1194
f 518 2439 1110
f 429 2348 935
f 547 2465 1169
f 465 2383 1007
f 441 2356 959
f 504 2420 1085
f 537 2452 1152
f 550 2471 1176
f 476 2386 1031
f 444 2363 965
f 502 2422 1079
f 526 2445 1128
f 481 2400 1038
f 420 2338 917
f 510 2428 1097
f 555 2473 1187
f 571 2490 1218
f 540 2458 1157
f 473 2394 1020
f 447 2366 972
f 507 2425 1092
f 534 2444 1145
f 469 2389 1014
f 435 2353 947
f 498 2414 1073
f 529 2449 1133
f 545 2466 1164
f 487 2407 1049
f 574 2494 1223
f 562 2480 1199
f 520 2438 1116
f 432 2351 942
f 589 2510 1283
f 583 2504 1259
f 586 2508 1295
f 593 2514 1313
f 596 2517 1331
f 599 2520 1379
f 633 2554 1541
f 620 2539 1452
f 640 2560 1578
f 603 2523 1368
f 622 2543 1487
f 607 2527 1391
f 612 2532 1440
f 626 2547 1511
f 629 2550 1529
f 631 2552 1547
f 614 2535 1469
f 618 2538 1458
f 641 2558 1584
f 605 2524 1362
f 164 1607 1609
f 163 1603 1605
f 165 1604 1611
f 166 1610 1614
f 167 1613 1617
f 172 1622 1631
f 190 1686 1688
f 219 1773 1775
f 215 1761 1763
f 201 1712 1719
f 179 1652 1654
f 178 1648 1650
f 180 1649 1656
f 181 1655 1659
f 182 1658 1662
f 185 1670 1672
f 177 1637 1646
f 197 1694 1706
f 206 1731 1735
f 208 1739 1741
f 218 1768 1770
f 188 1678 1680
f 168 1619 1621
f 198 1709 1711
f 213 1754 1756
f 189 1682 1684
f 221 1776 1780
f 217 1758 1767
f 202 1716 1722
f 170 1625 1627
f 209 1742 1744
f 184 1663 1668
f 173 1634 1636
f 194 1697 1699
f 204 1728 1730
f 210 1746 1748
f 183 1664 1666
f 175 1640 1642
f 196 1700 1705
f 207 1724 1736
f 192 1679 1691
f 169 1618 1623
f 199 1708 1713
f 216 1753 1764
f 222 1769 1781
f 211 1738 1749
f 187 1671 1677
f 176 1643 1645
f 195 1701 1703
f 203 1723 1725
f 186 1667 1674
f 174 1633 1638
f 193 1693 1695
f 205 1727 1732
f 212 1743 1752
f 191 1685 1690
f 220 1772 1777
f 214 1757 1759
f 200 1715 1717
f 171 1628 1630
f 358 2187 2191
f 256 1881 1885
f 261 1899 1901
f 387 2277 2279
f 399 2313 2315
f 351 2169 2171
f 348 2156 2160
f 300 2010 2016
f 366 2208 2214
f 267 1917 1919
f 340 2133 2137
f 287 1971 1978
f 291 1989 1991
f 369 2223 2225
f 395 2300 2302
f 354 2174 2178
f 345 2151 2153
f 297 2007 2009
f 363 2205 2207
f 270 1920 1926
f 247 1855 1857
f 229 1801 1803
f 223 1784 1786
f 235 1820 1822
f 241 1838 1840
f 253 1874 1876
f 355 2180 2182
f 398 2310 2312
f 386 2274 2276
f 260 1896 1898
f 325 2089 2091
f 307 2035 2037
f 278 1950 1952
f 313 2054 2056
f 319 2072 2074
f 337 2126 2128
f 283 1964 1966
f 290 1986 1988
f 368 2220 2222
f 392 2291 2293
f 356 2183 2185
f 254 1877 1879
f 259 1891 1893
f 385 2269 2271
f 397 2305 2307
f 349 2161 2163
f 344 2148 2150
f 296 2004 2006
f 362 2202 2204
f 265 1909 1911
f 338 2129 2131
f 284 1967 1969
f 289 1981 1983
f 367 2215 2217
f 391 2288 2290
f 350 2166 2168
f 343 2143 2145
f 295 1999 2001
f 361 2197 2199
f 266 1914 1916
f 230 1806 1808
f 224 1787 1789
f 236 1823 1825
f 242 1841 1843
f 248 1860 1862
f 272 1931 1933
f 331 2108 2110
f 301 2018 2020
f 373 2234 2236
f 380 2255 2257
f 308 2040 2042
f 277 1945 1947
f 314 2057 2059
f 320 2075 2077
f 326 2094 2096
f 332 2111 2113
f 302 2021 2023
f 374 2237 2239
f 379 2252 2254
f 271 1928 1930
f 234 1812 1818
f 227 1791 1798
f 239 1827 1834
f 245 1845 1852
f 252 1866 1872
f 275 1935 1942
f 334 2118 2120
f 304 2028 2030
f 377 2246 2248
f 382 2259 2263
f 312 2048 2052
f 279 1953 1955
f 316 2061 2065
f 323 2079 2086
f 330 2100 2106
f 335 2115 2122
f 305 2025 2032
f 376 2241 2245
f 383 2264 2266
f 274 1938 1940
f 232 1802 1813
f 225 1783 1792
f 237 1819 1828
f 243 1837 1846
f 250 1856 1867
f 273 1927 1936
f 336 2112 2123
f 306 2022 2033
f 378 2238 2249
f 381 2251 2260
f 311 2036 2049
f 281 1949 1959
f 315 2053 2062
f 321 2071 2080
f 328 2090 2101
f 333 2107 2116
f 303 2017 2026
f 375 2233 2242
f 384 2256 2267
f 276 1932 1943
f 251 1859 1869
f 233 1805 1815
f 228 1788 1799
f 240 1824 1835
f 246 1842 1853
f 258 1878 1889
f 360 2184 2195
f 401 2306 2319
f 389 2270 2283
f 263 1892 1905
f 329 2093 2103
f 310 2039 2046
f 280 1946 1957
f 318 2058 2069
f 324 2076 2087
f 342 2130 2141
f 288 1968 1979
f 292 1982 1993
f 371 2216 2229
f 393 2287 2296
f 357 2179 2188
f 255 1873 1882
f 262 1895 1902
f 388 2273 2280
f 400 2309 2316
f 352 2165 2172
f 347 2144 2157
f 298 2000 2011
f 364 2198 2209
f 269 1913 1923
f 339 2125 2134
f 285 1963 1972
f 293 1985 1995
f 370 2219 2226
f 396 2292 2303
f 353 2162 2175
f 346 2147 2154
f 299 2003 2013
f 365 2201 2211
f 268 1910 1921
f 249 1863 1865
f 231 1809 1811
f 226 1794 1796
f 238 1830 1832
f 244 1848 1850
f 257 1886 1888
f 359 2192 2194
f 402 2318 2322
f 390 2282 2286
f 264 1904 1908
f 327 2097 2099
f 309 2043 2045
f 282 1956 1962
f 317 2066 2068
f 322 2082 2084
f 341 2138 2140
f 286 1974 1976
f 294 1992 1998
f 372 2228 2232
f 394 2295 2299
f 416 2331 2330
f 408 2327 2324
f 406 2328 2325
f 412 2334 2332
f 415 2337 2335
f 424 2346 2344
f 492 2412 2410
f 582 2499 2497
f 565 2487 2486
f 514 2436 2434
f 461 2376 2375
f 453 2372 2369
f 451 2373 2370
f 457 2379 2377
f 460 2382 2380
f 475 2396 2393
f 439 2361 2359
f 496 2418 2415
f 533 2457 2455
f 551 2463 2461
f 579 2492 2489
f 483 2402 2399
f 426 2343 2341
f 521 2433 2431
f 566 2478 2476
f 489 2406 2405
f 578 2502 2500
f 560 2484 2481
f 518 2442 2439
f 429 2349 2348
f 547 2468 2465
f 465 2387 2383
f 441 2358 2356
f 504 2421 2420
f 537 2454 2452
f 550 2472 2471
f 476 2388 2386
f 444 2364 2363
f 502 2426 2422
f 526 2448 2445
f 481 2403 2400
f 420 2342 2338
f 510 2432 2428
f 555 2477 2473
f 571 2493 2490
f 540 2462 2458
f 473 2397 2394
f 447 2367 2366
f 507 2427 2425
f 534 2447 2444
f 469 2391 2389
f 435 2357 2353
f 498 2417 2414
f 529 2453 2449
f 545 2469 2466
f 487 2411 2407
f 574 2498 2494
f 562 2483 2480
f 520 2441 2438
f 432 2352 2351
f 589 2509 2510
f 583 2503 2504
f 586 2506 2508
f 593 2512 2514
f 596 2515 2517
f 599 2518 2520
f 633 2555 2554
f 620 2541 2539
f 640 2562 2560
f 603 2522 2523
f 622 2542 2543
f 607 2528 2527
f 612 2531 2532
f 626 2545 2547
f 629 2548 2550
f 631 2551 2552
f 614 2533 2535
f 618 2537 2538
f 641 2559 2558
f 605 2526 2524
f 164 644 1607
f 163 643 1603
f 165 645 1604
f 166 646 1610
f 167 647 1613
f 172 652 1622
f 190 670 1686
f 219 699 1773
f 215 695 1761
f 201 681 1712
f 179 659 1652
f 178 658 1648
f 180 660 1649
f 181 661 1655
f 182 662 1658
f 185 665 1670
f 177 657 1637
f 197 677 1694
f 206 686 1731
f 208 688 1739
f 218 698 1768
f 188 668 1678
f 168 648 1619
f 198 678 1709
f 213 693 1754
f 189 669 1682
f 221 701 1776
f 217 697 1758
f 202 682 1716
f 170 650 1625
f 209 689 1742
f 184 664 1663
f 173 653 1634
f 194 674 1697
f 204 684 1728
f 210 690 1746
f 183 663 1664
f 175 655 1640
f 196 676 1700
f 207 687 1724
f 192 672 1679
f 169 649 1618
f 199 679 1708
f 216 696 1753
f 222 702 1769
f 211 691 1738
f 187 667 1671
f 176 656 1643
f 195 675 1701
f 203 683 1723
f 186 666 1667
f 174 654 1633
f 193 673 1693
f 205 685 1727
f 212 692 1743
f 191 671 1685
f 220 700 1772
f 214 694 1757
f 200 680 1715
f 171 651 1628
f 358 838 2187
f 256 736 1881
f 261 741 1899
f 387 867 2277
f 399 879 2313
f 351 831 2169
f 348 828 2156
f 300 780 2010
f 366 846 2208
f 267 747 1917
f 340 820 2133
f 287 767 1971
f 291 771 1989
f 369 849 2223
f 395 875 2300
f 354 834 2174
f 345 825 2151
f 297 777 2007
f 363 843 2205
f 270 750 1920
f 247 727 1855
f 229 709 1801
f 223 703 1784
f 235 715 1820
f 241 721 1838
f 253 733 1874
f 355 835 2180
f 398 878 2310
f 386 866 2274
f 260 740 1896
f 325 805 2089
f 307 787 2035
f 278 758 1950
f 313 793 2054
f 319 799 2072
f 337 817 2126
f 283 763 1964
f 290 770 1986
f 368 848 2220
f 392 872 2291
f 356 836 2183
f 254 734 1877
f 259 739 1891
f 385 865 2269
f 397 877 2305
f 349 829 2161
f 344 824 2148
f 296 776 2004
f 362 842 2202
f 265 745 1909
f 338 818 2129
f 284 764 1967
f 289 769 1981
f 367 847 2215
f 391 871 2288
f 350 830 2166
f 343 823 2143
f 295 775 1999
f 361 841 2197
f 266 746 1914
f 230 710 1806
f 224 704 1787
f 236 716 1823
f 242 722 1841
f 248 728 1860
f 272 752 1931
f 331 811 2108
f 301 781 2018
f 373 853 2234
f 380 860 2255
f 308 788 2040
f 277 757 1945
f 314 794 2057
f 320 800 2075
f 326 806 2094
f 332 812 2111
f 302 782 2021
f 374 854 2237
f 379 859 2252
f 271 751 1928
f 234 714 1812
f 227 707 1791
f 239 719 1827
f 245 725 1845
f 252 732 1866
f 275 755 1935
f 334 814 2118
f 304 784 2028
f 377 857 2246
f 382 862 2259
f 312 792 2048
f 279 759 1953
f 316 796 2061
f 323 803 2079
f 330 810 2100
f 335 815 2115
f 305 785 2025
f 376 856 2241
f 383 863 2264
f 274 754 1938
f 232 712 1802
f 225 705 1783
f 237 717 1819
f 243 723 1837
f 250 730 1856
f 273 753 1927
f 336 816 2112
f 306 786 2022
f 378 858 2238
f 381 861 2251
f 311 791 2036
f 281 761 1949
f 315 795 2053
f 321 801 2071
f 328 808 2090
f 333 813 2107
f 303 783 2017
f 375 855 2233
f 384 864 2256
f 276 756 1932
f 251 731 1859
f 233 713 1805
f 228 708 1788
f 240 720 1824
f 246 726 1842
f 258 738 1878
f 360 840 2184
f 401 881 2306
f 389 869 2270
f 263 743 1892
f 329 809 2093
f 310 790 2039
f 280 760 1946
f 318 798 2058
f 324 804 2076
f 342 822 2130
f 288 768 1968
f 292 772 1982
f 371 851 2216
f 393 873 2287
f 357 837 2179
f 255 735 1873
f 262 742 1895
f 388 868 2273
f 400 880 2309
f 352 832 2165
f 347 827 2144
f 298 778 2000
f 364 844 2198
f 269 749 1913
f 339 819 2125
f 285 765 1963
f 293 773 1985
f 370 850 2219
f 396 876 2292
f 353 833 2162
f 346 826 2147
f 299 779 2003
f 365 845 2201
f 268 748 1910
f 249 729 1863
f 231 711 1809
f 226 706 1794
f 238 718 1830
f 244 724 1848
f 257 737 1886
f 359 839 2192
f 402 882 2318
f 390 870 2282
f 264 744 1904
f 327 807 2097
f 309 789 2043
f 282 762 1956
f 317 797 2066
f 322 802 2082
f 341 821 2138
f 286 766 1974
f 294 774 1992
f 372 852 2228
f 394 874 2295
f 416 1270 2331
f 408 1246 2327
f 406 1251 2328
f 412 1287 2334
f 415 1305 2337
f 424 1335 2346
f 492 1552 2412
f 582 1474 2499
f 565 1600 2487
f 514 1353 2436
f 461 1480 2376
f 453 1402 2372
f 451 1407 2373
f 457 1491 2379
f 460 1503 2382
f 475 1534 2396
f 439 1413 2361
f 496 1443 2418
f 533 1593 2457
f 551 1384 2463
f 579 1324 2492
f 483 1276 2402
f 426 1264 2343
f 521 1300 2433
f 566 1318 2478
f 489 1342 2406
f 578 1563 2502
f 560 1461 2484
f 518 1587 2442
f 429 1348 2349
f 547 1522 2468
f 465 1419 2387
f 441 1396 2358
f 504 1498 2421
f 537 1516 2454
f 550 1558 2472
f 476 1426 2388
f 444 1432 2364
f 502 1569 2426
f 526 1371 2448
f 481 1281 2403
f 420 1257 2342
f 510 1293 2432
f 555 1311 2477
f 571 1329 2493
f 540 1377 2462
f 473 1539 2397
f 447 1450 2367
f 507 1576 2427
f 534 1366 2447
f 469 1485 2391
f 435 1389 2357
f 498 1438 2417
f 529 1509 2453
f 545 1527 2469
f 487 1545 2411
f 574 1467 2498
f 562 1456 2483
f 520 1582 2441
f 432 1360 2352
f 589 1271 2509
f 583 1247 2503
f 586 1254 2506
f 593 1290 2512
f 596 1308 2515
f 599 1338 2518
f 633 1553 2555
f 620 1475 2541
f 640 1601 2562
f 603 1356 2522
f 622 1481 2542
f 607 1403 2528
f 612 1410 2531
f 626 1494 2545
f 629 1506 2548
f 631 1535 2551
f 614 1416 2533
f 618 1446 2537
f 641 1596 2559
f 605 1385 2526
f 167 907 1616
f 164 889 1608
f 163 883 1606
f 165 895 1612
f 166 901 1615
f 169 919 1624
f 192 1057 1692
f 222 1237 1782
f 216 1201 1765
f 199 1099 1714
f 182 997 1661
f 179 979 1653
f 178 973 1651
f 180 985 1657
f 181 991 1660
f 186 1021 1675
f 174 949 1639
f 193 1063 1696
f 205 1135 1733
f 212 1177 1751
f 221 1231 1779
f 189 1039 1683
f 170 925 1626
f 202 1117 1721
f 217 1207 1766
f 191 1051 1689
f 220 1225 1778
f 214 1189 1760
f 200 1105 1718
f 171 931 1629
f 210 1165 1747
f 183 1003 1665
f 175 955 1641
f 196 1081 1704
f 207 1147 1737
f 211 1171 1750
f 187 1027 1676
f 176 961 1644
f 195 1075 1702
f 203 1123 1726
f 188 1033 1681
f 168 913 1620
f 198 1093 1710
f 213 1183 1755
f 218 1213 1771
f 208 1153 1740
f 185 1015 1673
f 177 967 1647
f 197 1087 1707
f 206 1141 1734
f 184 1009 1669
f 173 943 1635
f 194 1069 1698
f 204 1129 1729
f 209 1159 1745
f 190 1045 1687
f 219 1219 1774
f 215 1195 1762
f 201 1111 1720
f 172 937 1632
f 357 1280 2189
f 255 1256 1883
f 262 1292 1903
f 388 1310 2281
f 400 1328 2317
f 352 1376 2173
f 347 1538 2158
f 298 1447 2012
f 364 1573 2210
f 269 1363 1924
f 339 1484 2135
f 285 1388 1973
f 293 1435 1996
f 370 1508 2227
f 396 1526 2304
f 353 1544 2176
f 346 1466 2155
f 299 1453 2014
f 365 1579 2212
f 268 1357 1922
f 249 1268 1864
f 231 1244 1810
f 226 1249 1795
f 238 1285 1831
f 244 1303 1849
f 257 1333 1887
f 359 1550 2193
f 402 1472 2321
f 390 1598 2285
f 264 1351 1907
f 327 1478 2098
f 309 1400 2044
f 282 1405 1961
f 317 1489 2067
f 322 1501 2083
f 341 1532 2139
f 286 1411 1975
f 294 1441 1997
f 372 1591 2231
f 394 1382 2298
f 358 1322 2190
f 256 1274 1884
f 261 1262 1900
f 387 1298 2278
f 399 1316 2314
f 351 1340 2170
f 348 1561 2159
f 300 1459 2015
f 366 1585 2213
f 267 1346 1918
f 340 1520 2136
f 287 1417 1977
f 291 1394 1990
f 369 1496 2224
f 395 1514 2301
f 354 1556 2177
f 345 1424 2152
f 297 1430 2008
f 363 1567 2206
f 270 1369 1925
f 234 1279 1817
f 227 1255 1797
f 239 1291 1833
f 245 1309 1851
f 252 1327 1871
f 275 1375 1941
f 334 1537 2119
f 304 1448 2029
f 377 1574 2247
f 382 1364 2262
f 312 1483 2051
f 279 1387 1954
f 316 1436 2064
f 323 1507 2085
f 330 1525 2105
f 335 1543 2121
f 305 1465 2031
f 376 1454 2244
f 383 1580 2265
f 274 1358 1939
f 232 1267 1814
f 225 1243 1793
f 237 1250 1829
f 243 1286 1847
f 250 1304 1868
f 273 1334 1937
f 336 1549 2124
f 306 1471 2034
f 378 1597 2250
f 381 1352 2261
f 311 1477 2050
f 281 1399 1960
f 315 1406 2063
f 321 1490 2081
f 328 1502 2102
f 333 1531 2117
f 303 1412 2027
f 375 1442 2243
f 384 1592 2268
f 276 1381 1944
f 229 890 1804
f 223 884 1785
f 235 896 1821
f 241 902 1839
f 247 908 1858
f 271 938 1929
f 332 1046 2114
f 302 1220 2024
f 374 1196 2240
f 379 1112 2253
f 307 980 2038
f 278 974 1951
f 313 986 2055
f 319 992 2073
f 325 998 2092
f 331 1016 2109
f 301 968 2019
f 373 1088 2235
f 380 1142 2258
f 272 1154 1934
f 248 1214 1861
f 230 1034 1807
f 224 914 1790
f 236 1094 1826
f 242 1184 1844
f 254 1040 1880
f 356 1232 2186
f 397 1208 2308
f 385 1118 2272
f 259 926 1894
f 326 1160 2095
f 308 1010 2041
f 277 944 1948
f 314 1070 2060
f 320 1130 2078
f 338 1166 2132
f 284 1004 1970
f 289 956 1984
f 367 1082 2218
f 391 1148 2289
f 355 1058 2181
f 253 920 1875
f 260 1100 1897
f 386 1202 2275
f 398 1238 2311
f 350 1172 2167
f 343 1028 2146
f 295 962 2002
f 361 1076 2200
f 266 1124 1915
f 337 1022 2127
f 283 950 1965
f 290 1064 1987
f 368 1136 2221
f 392 1178 2294
f 349 1052 2164
f 344 1226 2149
f 296 1190 2005
f 362 1106 2203
f 265 932 1912
f 251 1321 1870
f 233 1273 1816
f 228 1261 1800
f 240 1297 1836
f 246 1315 1854
f 258 1339 1890
f 360 1562 2196
f 401 1460 2320
f 389 1586 2284
f 263 1345 1906
f 329 1519 2104
f 310 1418 2047
f 280 1393 1958
f 318 1495 2070
f 324 1513 2088
f 342 1555 2142
f 288 1423 1980
f 292 1429 1994
f 371 1568 2230
f 393 1370 2297
f 409 894 2329
f 405 887 2323
f 411 899 2326
f 414 905 2333
f 417 912 2336
f 431 941 2345
f 488 1050 2409
f 575 1224 2496
f 563 1200 2485
f 519 1115 2435
f 454 984 2374
f 450 977 2368
f 456 989 2371
f 459 995 2378
f 462 1002 2381
f 472 1019 2392
f 446 971 2360
f 506 1091 2416
f 535 1146 2456
f 541 1158 2460
f 570 1217 2488
f 480 1037 2398
f 421 918 2340
f 511 1098 2430
f 556 1188 2475
f 484 1044 2404
f 580 1236 2501
f 567 1212 2482
f 522 1122 2440
f 427 930 2347
f 544 1163 2464
f 468 1013 2384
f 436 948 2355
f 499 1074 2419
f 530 1134 2451
f 548 1170 2470
f 466 1008 2385
f 442 960 2362
f 505 1086 2423
f 536 1151 2446
f 491 1061 2401
f 423 923 2339
f 513 1103 2429
f 564 1205 2474
f 581 1241 2491
f 549 1175 2459
f 477 1032 2395
f 445 966 2365
f 503 1080 2424
f 525 1127 2443
f 474 1025 2390
f 438 953 2354
f 495 1067 2413
f 532 1139 2450
f 552 1182 2467
f 490 1056 2408
f 577 1229 2495
f 559 1193 2479
f 517 1109 2437
f 430 936 2350
f 590 1325 2511
f 584 1277 2505
f 585 1265 2507
f 592 1301 2513
f 595 1319 2516
f 598 1343 2519
f 636 1566 2556
f 621 1464 2540
f 642 1590 2561
f 601 1349 2521
f 623 1523 2544
f 611 1422 2529
f 609 1397 2530
f 625 1499 2546
f 628 1517 2549
f 632 1559 2553
f 613 1427 2534
f 616 1433 2536
f 638 1572 2557
f 606 1374 2525
f 407 892 1609
f 403 885 1605
f 404 897 1611
f 410 903 1614
f 413 910 1617
f 422 939 1631
f 486 1048 1688
f 573 1222 1775
f 561 1198 1763
f 512 1113 1719
f 452 982 1654
f 448 975 1650
f 449 987 1656
f 455 993 1659
f 458 1000 1662
f 470 1017 1672
f 437 969 1646
f 494 1089 1706
f 531 1144 1735
f 539 1156 1741
f 568 1215 1770
f 478 1035 1680
f 419 916 1621
f 509 1096 1711
f 554 1186 1756
f 482 1042 1684
f 576 1234 1780
f 558 1210 1767
f 516 1120 1722
f 425 928 1627
f 542 1161 1744
f 463 1011 1668
f 434 946 1636
f 497 1072 1699
f 528 1132 1730
f 546 1168 1748
f 464 1006 1666
f 440 958 1642
f 500 1084 1705
f 524 1149 1736
f 479 1059 1691
f 418 921 1623
f 508 1101 1713
f 553 1203 1764
f 569 1239 1781
f 538 1173 1749
f 471 1030 1677
f 443 964 1645
f 501 1078 1703
f 523 1125 1725
f 467 1023 1674
f 433 951 1638
f 493 1065 1695
f 527 1137 1732
f 543 1180 1752
f 485 1054 1690
f 572 1227 1777
f 557 1191 1759
f 515 1107 1717
f 428 934 1630
f 591 1326 2191
f 587 1278 1885
f 588 1266 1901
f 594 1302 2279
f 597 1320 2315
f 600 1344 2171
f 634 1565 2160
f 619 1463 2016
f 639 1589 2214
f 602 1350 1919
f 624 1524 2137
f 608 1421 1978
f 610 1398 1991
f 627 1500 2225
f 630 1518 2302
f 635 1560 2178
f 615 1428 2153
f 617 1434 2009
f 637 1571 2207
f 604 1373 1926
f 416 911 1857
f 408 893 1803
f 406 888 1786
f 412 900 1822
f 415 906 1840
f 424 924 1876
f 492 1062 2182
f 582 1242 2312
f 565 1206 2276
f 514 1104 1898
f 461 1001 2091
f 453 983 2037
f 451 978 1952
f 457 990 2056
f 460 996 2074
f 475 1026 2128
f 439 954 1966
f 496 1068 1988
f 533 1140 2222
f 551 1181 2293
f 579 1235 2185
f 483 1043 1879
f 426 929 1893
f 521 1121 2271
f 566 1211 2307
f 489 1055 2163
f 578 1230 2150
f 560 1194 2006
f 518 1110 2204
f 429 935 1911
f 547 1169 2131
f 465 1007 1969
f 441 959 1983
f 504 1085 2217
f 537 1152 2290
f 550 1176 2168
f 476 1031 2145
f 444 965 2001
f 502 1079 2199
f 526 1128 1916
f 481 1038 1808
f 420 917 1789
f 510 1097 1825
f 555 1187 1843
f 571 1218 1862
f 540 1157 1933
f 473 1020 2110
f 447 972 2020
f 507 1092 2236
f 534 1145 2257
f 469 1014 2042
f 435 947 1947
f 498 1073 2059
f 529 1133 2077
f 545 1164 2096
f 487 1049 2113
f 574 1223 2023
f 562 1199 2239
f 520 1116 2254
f 432 942 1930
f 589 1283 1818
f 583 1259 1798
f 586 1295 1834
f 593 1313 1852
f 596 1331 1872
f 599 1379 1942
f 633 1541 2120
f 620 1452 2030
f 640 1578 2248
f 603 1368 2263
f 622 1487 2052
f 607 1391 1955
f 612 1440 2065
f 626 1511 2086
f 629 1529 2106
f 631 1547 2122
f 614 1469 2032
f 618 1458 2245
f 641 1584 2266
f 605 1362 1940
f 409 1269 1813
f 405 1245 1792
f 411 1252 1828
f 414 1288 1846
f 417 1306 1867
f 431 1336 1936
f 488 1551 2123
f 575 1473 2033
f 563 1599 2249
f 519 1354 2260
f 454 1479 2049
f 450 1401 1959
f 456 1408 2062
f 459 1492 2080
f 462 1504 2101
f 472 1533 2116
f 446 1414 2026
f 506 1444 2242
f 535 1594 2267
f 541 1383 1943
f 570 1323 1869
f 480 1275 1815
f 421 1263 1799
f 511 1299 1835
f 556 1317 1853
f 484 1341 1889
f 580 1564 2195
f 567 1462 2319
f 522 1588 2283
f 427 1347 1905
f 544 1521 2103
f 468 1420 2046
f 436 1395 1957
f 499 1497 2069
f 530 1515 2087
f 548 1557 2141
f 466 1425 1979
f 442 1431 1993
f 505 1570 2229
f 536 1372 2296
f 491 1282 2188
f 423 1258 1882
f 513 1294 1902
f 564 1312 2280
f 581 1330 2316
f 549 1378 2172
f 477 1540 2157
f 445 1449 2011
f 503 1575 2209
f 525 1365 1923
f 474 1486 2134
f 438 1390 1972
f 495 1437 1995
f 532 1510 2226
f 552 1528 2303
f 490 1546 2175
f 577 1468 2154
f 559 1455 2013
f 517 1581 2211
f 430 1359 1921
f 590 1272 1865
f 584 1248 1811
f 585 1253 1796
f 592 1289 1832
f 595 1307 1850
f 598 1337 1888
f 636 1554 2194
f 621 1476 2322
f 642 1602 2286
f 601 1355 1908
f 623 1482 2099
f 611 1404 2045
f 609 1409 1962
f 625 1493 2068
f 628 1505 2084
f 632 1536 2140
f 613 1415 1976
f 616 1445 1998
f 638 1595 2232
f 606 1386 2299
f 407 909 2330
f 403 891 2324
f 404 886 2325
f 410 898 2332
f 413 904 2335
f 422 922 2344
f 486 1060 2410
f 573 1240 2497
f 561 1204 2486
f 512 1102 2434
f 452 999 2375
f 448 981 2369
f 449 976 2370
f 455 988 2377
f 458 994 2380
f 470 1024 2393
f 437 952 2359
f 494 1066 2415
f 531 1138 2455
f 539 1179 2461
f 568 1233 2489
f 478 1041 2399
f 419 927 2341
f 509 1119 2431
f 554 1209 2476
f 482 1053 2405
f 576 1228 2500
f 558 1192 2481
f 516 1108 2439
f 425 933 2348
f 542 1167 2465
f 463 1005 2383
f 434 957 2356
f 497 1083 2420
f 528 1150 2452
f 546 1174 2471
f 464 1029 2386
f 440 963 2363
f 500 1077 2422
f 524 1126 2445
f 479 1036 2400
f 418 915 2338
f 508 1095 2428
f 553 1185 2473
f 569 1216 2490
f 538 1155 2458
f 471 1018 2394
f 443 970 2366
f 501 1090 2425
f 523 1143 2444
f 467 1012 2389
f 433 945 2353
f 493 1071 2414
f 527 1131 2449
f 543 1162 2466
f 485 1047 2407
f 572 1221 2494
f 557 1197 2480
f 515 1114 2438
f 428 940 2351
f 591 1284 2510
f 587 1260 2504
f 588 1296 2508
f 594 1314 2514
f 597 1332 2517
f 600 1380 2520
f 634 1542 2554
f 619 1451 2539
f 639 1577 2560
f 602 1367 2523
f 624 1488 2543
f 608 1392 2527
f 610 1439 2532
f 627 1512 2547
f 630 1530 2550
f 635 1548 2552
f 615 1470 2535
f 617 1457 2538
f 637 1583 2558
f 604 1361 2524
f 167 1616 1607
f 164 1608 1603
f 163 1606 1604
f 165 1612 1610
f 166 1615 1613
f 169 1624 1622
f 192 1692 1686
f 222 1782 1773
f 216 1765 1761
f 199 1714 1712
f 182 1661 1652
f 179 1653 1648
f 178 1651 1649
f 180 1657 1655
f 181 1660 1658
f 186 1675 1670
f 174 1639 1637
f 193 1696 1694
f 205 1733 1731
f 212 1751 1739
f 221 1779 1768
f 189 1683 1678
f 170 1626 1619
f 202 1721 1709
f 217 1766 1754
f 191 1689 1682
f 220 1778 1776
f 214 1760 1758
f 200 1718 1716
f 171 1629 1625
f 210 1747 1742
f 183 1665 1663
f 175 1641 1634
f 196 1704 1697
f 207 1737 1728
f 211 1750 1746
f 187 1676 1664
f 176 1644 1640
f 195 1702 1700
f 203 1726 1724
f 188 1681 1679
f 168 1620 1618
f 198 1710 1708
f 213 1755 1753
f 218 1771 1769
f 208 1740 1738
f 185 1673 1671
f 177 1647 1643
f 197 1707 1701
f 206 1734 1723
f 184 1669 1667
f 173 1635 1633
f 194 1698 1693
f 204 1729 1727
f 209 1745 1743
f 190 1687 1685
f 219 1774 1772
f 215 1762 1757
f 201 1720 1715
f 172 1632 1628
f 357 2189 2187
f 255 1883 1881
f 262 1903 1899
f 388 2281 2277
f 400 2317 2313
f 352 2173 2169
f 347 2158 2156
f 298 2012 2010
f 364 2210 2208
f 269 1924 1917
f 339 2135 2133
f 285 1973 1971
f 293 1996 1989
f 370 2227 2223
f 396 2304 2300
f 353 2176 2174
f 346 2155 2151
f 299 2014 2007
f 365 2212 2205
f 268 1922 1920
f 249 1864 1855
f 231 1810 1801
f 226 1795 1784
f 238 1831 1820
f 244 1849 1838
f 257 1887 1874
f 359 2193 2180
f 402 2321 2310
f 390 2285 2274
f 264 1907 1896
f 327 2098 2089
f 309 2044 2035
f 282 1961 1950
f 317 2067 2054
f 322 2083 2072
f 341 2139 2126
f 286 1975 1964
f 294 1997 1986
f 372 2231 2220
f 394 2298 2291
f 358 2190 2183
f 256 1884 1877
f 261 1900 1891
f 387 2278 2269
f 399 2314 2305
f 351 2170 2161
f 348 2159 2148
f 300 2015 2004
f 366 2213 2202
f 267 1918 1909
f 340 2136 2129
f 287 1977 1967
f 291 1990 1981
f 369 2224 2215
f 395 2301 2288
f 354 2177 2166
f 345 2152 2143
f 297 2008 1999
f 363 2206 2197
f 270 1925 1914
f 234 1817 1806
f 227 1797 1787
f 239 1833 1823
f 245 1851 1841
f 252 1871 1860
f 275 1941 1931
f 334 2119 2108
f 304 2029 2018
f 377 2247 2234
f 382 2262 2255
f 312 2051 2040
f 279 1954 1945
f 316 2064 2057
f 323 2085 2075
f 330 2105 2094
f 335 2121 2111
f 305 2031 2021
f 376 2244 2237
f 383 2265 2252
f 274 1939 1928
f 232 1814 1812
f 225 1793 1791
f 237 1829 1827
f 243 1847 1845
f 250 1868 1866
f 273 1937 1935
f 336 2124 2118
f 306 2034 2028
f 378 2250 2246
f 381 2261 2259
f 311 2050 2048
f 281 1960 1953
f 315 2063 2061
f 321 2081 2079
f 328 2102 2100
f 333 2117 2115
f 303 2027 2025
f 375 2243 2241
f 384 2268 2264
f 276 1944 1938
f 229 1804 1802
f 223 1785 1783
f 235 1821 1819
f 241 1839 1837
f 247 1858 1856
f 271 1929 1927
f 332 2114 2112
f 302 2024 2022
f 374 2240 2238
f 379 2253 2251
f 307 2038 2036
f 278 1951 1949
f 313 2055 2053
f 319 2073 2071
f 325 2092 2090
f 331 2109 2107
f 301 2019 2017
f 373 2235 2233
f 380 2258 2256
f 272 1934 1932
f 248 1861 1859
f 230 1807 1805
f 224 1790 1788
f 236 1826 1824
f 242 1844 1842
f 254 1880 1878
f 356 2186 2184
f 397 2308 2306
f 385 2272 2270
f 259 1894 1892
f 326 2095 2093
f 308 2041 2039
f 277 1948 1946
f 314 2060 2058
f 320 2078 2076
f 338 2132 2130
f 284 1970 1968
f 289 1984 1982
f 367 2218 2216
f 391 2289 2287
f 355 2181 2179
f 253 1875 1873
f 260 1897 1895
f 386 2275 2273
f 398 2311 2309
f 350 2167 2165
f 343 2146 2144
f 295 2002 2000
f 361 2200 2198
f 266 1915 1913
f 337 2127 2125
f 283 1965 1963
f 290 1987 1985
f 368 2221 2219
f 392 2294 2292
f 349 2164 2162
f 344 2149 2147
f 296 2005 2003
f 362 2203 2201
f 265 1912 1910
f 251 1870 1863
f 233 1816 1809
f 228 1800 1794
f 240 1836 1830
f 246 1854 1848
f 258 1890 1886
f 360 2196 2192
f 401 2320 2318
f 389 2284 2282
f 263 1906 1904
f 329 2104 2097
f 310 2047 2043
f 280 1958 1956
f 318 2070 2066
f 324 2088 2082
f 342 2142 2138
f 288 1980 1974
f 292 1994 1992
f 371 2230 2228
f 393 2297 2295
f 409 2329 2331
f 405 2323 2327
f 411 2326 2328
f 414 2333 2334
f 417 2336 2337
f 431 2345 2346
f 488 2409 2412
f 575 2496 2499
f 563 2485 2487
f 519 2435 2436
f 454 2374 2376
f 450 2368 2372
f 456 2371 2373
f 459 2378 2379
f 462 2381 2382
f 472 2392 2396
f 446 2360 2361
f 506 2416 2418
f 535 2456 2457
f 541 2460 2463
f 570 2488 2492
f 480 2398 2402
f 421 2340 2343
f 511 2430 2433
f 556 2475 2478
f 484 2404 2406
f 580 2501 2502
f 567 2482 2484
f 522 2440 2442
f 427 2347 2349
f 544 2464 2468
f 468 2384 2387
f 436 2355 2358
f 499 2419 2421
f 530 2451 2454
f 548 2470 2472
f 466 2385 2388
f 442 2362 2364
f 505 2423 2426
f 536 2446 2448
f 491 2401 2403
f 423 2339 2342
f 513 2429 2432
f 564 2474 2477
f 581 2491 2493
f 549 2459 2462
f 477 2395 2397
f 445 2365 2367
f 503 2424 2427
f 525 2443 2447
f 474 2390 2391
f 438 2354 2357
f 495 2413 2417
f 532 2450 2453
f 552 2467 2469
f 490 2408 2411
f 577 2495 2498
f 559 2479 2483
f 517 2437 2441
f 430 2350 2352
f 590 2511 2509
f 584 2505 2503
f 585 2507 2506
f 592 2513 2512
f 595 2516 2515
f 598 2519 2518
f 636 2556 2555
f 621 2540 2541
f 642 2561 2562
f 601 2521 2522
f 623 2544 2542
f 611 2529 2528
f 609 2530 2531
f 625 2546 2545
f 628 2549 2548
f 632 2553 2551
f 613 2534 2533
f 616 2536 2537
f 638 2557 2559
f 606 2525 2526
f 1607 644 647
f 1603 643 644
f 1604 645 643
f 1610 646 645
f 1613 647 646
f 1622 652 649
f 1686 670 672
f 1773 699 702
f 1761 695 696
f 1712 681 679
f 1652 659 662
f 1648 658 659
f 1649 660 658
f 1655 661 660
f 1658 662 661
f 1670 665 666
f 1637 657 654
f 1694 677 673
f 1731 686 685
f 1739 688 692
f 1768 698 701
f 1678 668 669
f 1619 648 650
f 1709 678 682
f 1754 693 697
f 1682 669 671
f 1776 701 700
f 1758 697 694
f 1716 682 680
f 1625 650 651
f 1742 689 690
f 1663 664 663
f 1634 653 655
f 1697 674 676
f 1728 684 687
f 1746 690 691
f 1664 663 667
f 1640 655 656
f 1700 676 675
f 1724 687 683
f 1679 672 668
f 1618 649 648
f 1708 679 678
f 1753 696 693
f 1769 702 698
f 1738 691 688
f 1671 667 665
f 1643 656 657
f 1701 675 677
f 1723 683 686
f 1667 666 664
f 1633 654 653
f 1693 673 674
f 1727 685 684
f 1743 692 689
f 1685 671 670
f 1772 700 699
f 1757 694 695
f 1715 680 681
f 1628 651 652
f 2187 838 837
f 1881 736 735
f 1899 741 742
f 2277 867 868
f 2313 879 880
f 2169 831 832
f 2156 828 827
f 2010 780 778
f 2208 846 844
f 1917 747 749
f 2133 820 819
f 1971 767 765
f 1989 771 773
f 2223 849 850
f 2300 875 876
f 2174 834 833
f 2151 825 826
f 2007 777 779
f 2205 843 845
f 1920 750 748
f 1855 727 729
f 1801 709 711
f 1784 703 706
f 1820 715 718
f 1838 721 724
f 1874 733 737
f 2180 835 839
f 2310 878 882
f 2274 866 870
f 1896 740 744
f 2089 805 807
f 2035 787 789
f 1950 758 762
f 2054 793 797
f 2072 799 802
f 2126 817 821
f 1964 763 766
f 1986 770 774
f 2220 848 852
f 2291 872 874
f 2183 836 838
f 1877 734 736
f 1891 739 741
f 2269 865 867
f 2305 877 879
f 2161 829 831
f 2148 824 828
f 2004 776 780
f 2202 842 846
f 1909 745 747
f 2129 818 820
f 1967 764 767
f 1981 769 771
f 2215 847 849
f 2288 871 875
f 2166 830 834
f 2143 823 825
f 1999 775 777
f 2197 841 843
f 1914 746 750
f 1806 710 714
f 1787 704 707
f 1823 716 719
f 1841 722 725
f 1860 728 732
f 1931 752 755
f 2108 811 814
f 2018 781 784
f 2234 853 857
f 2255 860 862
f 2040 788 792
f 1945 757 759
f 2057 794 796
f 2075 800 803
f 2094 806 810
f 2111 812 815
f 2021 782 785
f 2237 854 856
f 2252 859 863
f 1928 751 754
f 1812 714 712
f 1791 707 705
f 1827 719 717
f 1845 725 723
f 1866 732 730
f 1935 755 753
f 2118 814 816
f 2028 784 786
f 2246 857 858
f 2259 862 861
f 2048 792 791
f 1953 759 761
f 2061 796 795
f 2079 803 801
f 2100 810 808
f 2115 815 813
f 2025 785 783
f 2241 856 855
f 2264 863 864
f 1938 754 756
f 1802 712 709
f 1783 705 703
f 1819 717 715
f 1837 723 721
f 1856 730 727
f 1927 753 751
f 2112 816 812
f 2022 786 782
f 2238 858 854
f 2251 861 859
f 2036 791 787
f 1949 761 758
f 2053 795 793
f 2071 801 799
f 2090 808 805
f 2107 813 811
f 2017 783 781
f 2233 855 853
f 2256 864 860
f 1932 756 752
f 1859 731 728
f 1805 713 710
f 1788 708 704
f 1824 720 716
f 1842 726 722
f 1878 738 734
f 2184 840 836
f 2306 881 877
f 2270 869 865
f 1892 743 739
f 2093 809 806
f 2039 790 788
f 1946 760 757
f 2058 798 794
f 2076 804 800
f 2130 822 818
f 1968 768 764
f 1982 772 769
f 2216 851 847
f 2287 873 871
f 2179 837 835
f 1873 735 733
f 1895 742 740
f 2273 868 866
f 2309 880 878
f 2165 832 830
f 2144 827 823
f 2000 778 775
f 2198 844 841
f 1913 749 746
f 2125 819 817
f 1963 765 763
f 1985 773 770
f 2219 850 848
f 2292 876 872
f 2162 833 829
f 2147 826 824
f 2003 779 776
f 2201 845 842
f 1910 748 745
f 1863 729 731
f 1809 711 713
f 1794 706 708
f 1830 718 720
f 1848 724 726
f 1886 737 738
f 2192 839 840
f 2318 882 881
f 2282 870 869
f 1904 744 743
f 2097 807 809
f 2043 789 790
f 1956 762 760
f 2066 797 798
f 2082 802 804
f 2138 821 822
f 1974 766 768
f 1992 774 772
f 2228 852 851
f 2295 874 873
f 2331 1270 1269
f 2327 1246 1245
f 2328 1251 1252
f 2334 1287 1288
f 2337 1305 1306
f 2346 1335 1336
f 2412 1552 1551
f 2499 1474 1473
f 2487 1600 1599
f 2436 1353 1354
f 2376 1480 1479
f 2372 1402 1401
f 2373 1407 1408
f 2379 1491 1492
f 2382 1503 1504
f 2396 1534 1533
f 2361 1413 1414
f 2418 1443 1444
f 2457 1593 1594
f 2463 1384 1383
f 2492 1324 1323
f 2402 1276 1275
f 2343 1264 1263
f 2433 1300 1299
f 2478 1318 1317
f 2406 1342 1341
f 2502 1563 1564
f 2484 1461 1462
f 2442 1587 1588
f 2349 1348 1347
f 2468 1522 1521
f 2387 1419 1420
f 2358 1396 1395
f 2421 1498 1497
f 2454 1516 1515
f 2472 1558 1557
f 2388 1426 1425
f 2364 1432 1431
f 2426 1569 1570
f 2448 1371 1372
f 2403 1281 1282
f 2342 1257 1258
f 2432 1293 1294
f 2477 1311 1312
f 2493 1329 1330
f 2462 1377 1378
f 2397 1539 1540
f 2367 1450 1449
f 2427 1576 1575
f 2447 1366 1365
f 2391 1485 1486
f 2357 1389 1390
f 2417 1438 1437
f 2453 1509 1510
f 2469 1527 1528
f 2411 1545 1546
f 2498 1467 1468
f 2483 1456 1455
f 2441 1582 1581
f 2352 1360 1359
f 2509 1271 1272
f 2503 1247 1248
f 2506 1254 1253
f 2512 1290 1289
f 2515 1308 1307
f 2518 1338 1337
f 2555 1553 1554
f 2541 1475 1476
f 2562 1601 1602
f 2522 1356 1355
f 2542 1481 1482
f 2528 1403 1404
f 2531 1410 1409
f 2545 1494 1493
f 2548 1506 1505
f 2551 1535 1536
f 2533 1416 1415
f 2537 1446 1445
f 2559 1596 1595
f 2526 1385 1386
f 1616 907 909
f 1608 889 891
f 1606 883 886
f 1612 895 898
f 1615 901 904
f 1624 919 922
f 1692 1057 1060
f 1782 1237 1240
f 1765 1201 1204
f 1714 1099 1102
f 1661 997 999
f 1653 979 981
f 1651 973 976
f 1657 985 988
f 1660 991 994
f 1675 1021 1024
f 1639 949 952
f 1696 1063 1066
f 1733 1135 1138
f 1751 1177 1179
f 1779 1231 1233
f 1683 1039 1041
f 1626 925 927
f 1721 1117 1119
f 1766 1207 1209
f 1689 1051 1053
f 1778 1225 1228
f 1760 1189 1192
f 1718 1105 1108
f 1629 931 933
f 1747 1165 1167
f 1665 1003 1005
f 1641 955 957
f 1704 1081 1083
f 1737 1147 1150
f 1750 1171 1174
f 1676 1027 1029
f 1644 961 963
f 1702 1075 1077
f 1726 1123 1126
f 1681 1033 1036
f 1620 913 915
f 1710 1093 1095
f 1755 1183 1185
f 1771 1213 1216
f 1740 1153 1155
f 1673 1015 1018
f 1647 967 970
f 1707 1087 1090
f 1734 1141 1143
f 1669 1009 1012
f 1635 943 945
f 1698 1069 1071
f 1729 1129 1131
f 1745 1159 1162
f 1687 1045 1047
f 1774 1219 1221
f 1762 1195 1197
f 1720 1111 1114
f 1632 937 940
f 2189 1280 1284
f 1883 1256 1260
f 1903 1292 1296
f 2281 1310 1314
f 2317 1328 1332
f 2173 1376 1380
f 2158 1538 1542
f 2012 1447 1451
f 2210 1573 1577
f 1924 1363 1367
f 2135 1484 1488
f 1973 1388 1392
f 1996 1435 1439
f 2227 1508 1512
f 2304 1526 1530
f 2176 1544 1548
f 2155 1466 1470
f 2014 1453 1457
f 2212 1579 1583
f 1922 1357 1361
f 1864 1268 1270
f 1810 1244 1246
f 1795 1249 1251
f 1831 1285 1287
f 1849 1303 1305
f 1887 1333 1335
f 2193 1550 1552
f 2321 1472 1474
f 2285 1598 1600
f 1907 1351 1353
f 2098 1478 1480
f 2044 1400 1402
f 1961 1405 1407
f 2067 1489 1491
f 2083 1501 1503
f 2139 1532 1534
f 1975 1411 1413
f 1997 1441 1443
f 2231 1591 1593
f 2298 1382 1384
f 2190 1322 1324
f 1884 1274 1276
f 1900 1262 1264
f 2278 1298 1300
f 2314 1316 1318
f 2170 1340 1342
f 2159 1561 1563
f 2015 1459 1461
f 2213 1585 1587
f 1918 1346 1348
f 2136 1520 1522
f 1977 1417 1419
f 1990 1394 1396
f 2224 1496 1498
f 2301 1514 1516
f 2177 1556 1558
f 2152 1424 1426
f 2008 1430 1432
f 2206 1567 1569
f 1925 1369 1371
f 1817 1279 1281
f 1797 1255 1257
f 1833 1291 1293
f 1851 1309 1311
f 1871 1327 1329
f 1941 1375 1377
f 2119 1537 1539
f 2029 1448 1450
f 2247 1574 1576
f 2262 1364 1366
f 2051 1483 1485
f 1954 1387 1389
f 2064 1436 1438
f 2085 1507 1509
f 2105 1525 1527
f 2121 1543 1545
f 2031 1465 1467
f 2244 1454 1456
f 2265 1580 1582
f 1939 1358 1360
f 1814 1267 1271
f 1793 1243 1247
f 1829 1250 1254
f 1847 1286 1290
f 1868 1304 1308
f 1937 1334 1338
f 2124 1549 1553
f 2034 1471 1475
f 2250 1597 1601
f 2261 1352 1356
f 2050 1477 1481
f 1960 1399 1403
f 2063 1406 1410
f 2081 1490 1494
f 2102 1502 1506
f 2117 1531 1535
f 2027 1412 1416
f 2243 1442 1446
f 2268 1592 1596
f 1944 1381 1385
f 1804 890 894
f 1785 884 887
f 1821 896 899
f 1839 902 905
f 1858 908 912
f 1929 938 941
f 2114 1046 1050
f 2024 1220 1224
f 2240 1196 1200
f 2253 1112 1115
f 2038 980 984
f 1951 974 977
f 2055 986 989
f 2073 992 995
f 2092 998 1002
f 2109 1016 1019
f 2019 968 971
f 2235 1088 1091
f 2258 1142 1146
f 1934 1154 1158
f 1861 1214 1217
f 1807 1034 1037
f 1790 914 918
f 1826 1094 1098
f 1844 1184 1188
f 1880 1040 1044
f 2186 1232 1236
f 2308 1208 1212
f 2272 1118 1122
f 1894 926 930
f 2095 1160 1163
f 2041 1010 1013
f 1948 944 948
f 2060 1070 1074
f 2078 1130 1134
f 2132 1166 1170
f 1970 1004 1008
f 1984 956 960
f 2218 1082 1086
f 2289 1148 1151
f 2181 1058 1061
f 1875 920 923
f 1897 1100 1103
f 2275 1202 1205
f 2311 1238 1241
f 2167 1172 1175
f 2146 1028 1032
f 2002 962 966
f 2200 1076 1080
f 1915 1124 1127
f 2127 1022 1025
f 1965 950 953
f 1987 1064 1067
f 2221 1136 1139
f 2294 1178 1182
f 2164 1052 1056
f 2149 1226 1229
f 2005 1190 1193
f 2203 1106 1109
f 1912 932 936
f 1870 1321 1325
f 1816 1273 1277
f 1800 1261 1265
f 1836 1297 1301
f 1854 1315 1319
f 1890 1339 1343
f 2196 1562 1566
f 2320 1460 1464
f 2284 1586 1590
f 1906 1345 1349
f 2104 1519 1523
f 2047 1418 1422
f 1958 1393 1397
f 2070 1495 1499
f 2088 1513 1517
f 2142 1555 1559
f 1980 1423 1427
f 1994 1429 1433
f 2230 1568 1572
f 2297 1370 1374
f 2329 894 892
f 2323 887 885
f 2326 899 897
f 2333 905 903
f 2336 912 910
f 2345 941 939
f 2409 1050 1048
f 2496 1224 1222
f 2485 1200 1198
f 2435 1115 1113
f 2374 984 982
f 2368 977 975
f 2371 989 987
f 2378 995 993
f 2381 1002 1000
f 2392 1019 1017
f 2360 971 969
f 2416 1091 1089
f 2456 1146 1144
f 2460 1158 1156
f 2488 1217 1215
f 2398 1037 1035
f 2340 918 916
f 2430 1098 1096
f 2475 1188 1186
f 2404 1044 1042
f 2501 1236 1234
f 2482 1212 1210
f 2440 1122 1120
f 2347 930 928
f 2464 1163 1161
f 2384 1013 1011
f 2355 948 946
f 2419 1074 1072
f 2451 1134 1132
f 2470 1170 1168
f 2385 1008 1006
f 2362 960 958
f 2423 1086 1084
f 2446 1151 1149
f 2401 1061 1059
f 2339 923 921
f 2429 1103 1101
f 2474 1205 1203
f 2491 1241 1239
f 2459 1175 1173
f 2395 1032 1030
f 2365 966 964
f 2424 1080 1078
f 2443 1127 1125
f 2390 1025 1023
f 2354 953 951
f 2413 1067 1065
f 2450 1139 1137
f 2467 1182 1180
f 2408 1056 1054
f 2495 1229 1227
f 2479 1193 1191
f 2437 1109 1107
f 2350 936 934
f 2511 1325 1326
f 2505 1277 1278
f 2507 1265 1266
f 2513 1301 1302
f 2516 1319 1320
f 2519 1343 1344
f 2556 1566 1565
f 2540 1464 1463
f 2561 1590 1589
f 2521 1349 1350
f 2544 1523 1524
f 2529 1422 1421
f 2530 1397 1398
f 2546 1499 1500
f 2549 1517 1518
f 2553 1559 1560
f 2534 1427 1428
f 2536 1433 1434
f 2557 1572 1571
f 2525 1374 1373
f 1609 892 889
f 1605 885 883
f 1611 897 895
f 1614 903 901
f 1617 910 907
f 1631 939 937
f 1688 1048 1045
f 1775 1222 1219
f 1763 1198 1195
f 1719 1113 1111
f 1654 982 979
f 1650 975 973
f 1656 987 985
f 1659 993 991
f 1662 1000 997
f 1672 1017 1015
f 1646 969 967
f 1706 1089 1087
f 1735 1144 1141
f 1741 1156 1153
f 1770 1215 1213
f 1680 1035 1033
f 1621 916 913
f 1711 1096 1093
f 1756 1186 1183
f 1684 1042 1039
f 1780 1234 1231
f 1767 1210 1207
f 1722 1120 1117
f 1627 928 925
f 1744 1161 1159
f 1668 1011 1009
f 1636 946 943
f 1699 1072 1069
f 1730 1132 1129
f 1748 1168 1165
f 1666 1006 1003
f 1642 958 955
f 1705 1084 1081
f 1736 1149 1147
f 1691 1059 1057
f 1623 921 919
f 1713 1101 1099
f 1764 1203 1201
f 1781 1239 1237
f 1749 1173 1171
f 1677 1030 1027
f 1645 964 961
f 1703 1078 1075
f 1725 1125 1123
f 1674 1023 1021
f 1638 951 949
f 1695 1065 1063
f 1732 1137 1135
f 1752 1180 1177
f 1690 1054 1051
f 1777 1227 1225
f 1759 1191 1189
f 1717 1107 1105
f 1630 934 931
f 2191 1326 1322
f 1885 1278 1274
f 1901 1266 1262
f 2279 1302 1298
f 2315 1320 1316
f 2171 1344 1340
f 2160 1565 1561
f 2016 1463 1459
f 2214 1589 1585
f 1919 1350 1346
f 2137 1524 1520
f 1978 1421 1417
f 1991 1398 1394
f 2225 1500 1496
f 2302 1518 1514
f 2178 1560 1556
f 2153 1428 1424
f 2009 1434 1430
f 2207 1571 1567
f 1926 1373 1369
f 1857 911 908
f 1803 893 890
f 1786 888 884
f 1822 900 896
f 1840 906 902
f 1876 924 920
f 2182 1062 1058
f 2312 1242 1238
f 2276 1206 1202
f 1898 1104 1100
f 2091 1001 998
f 2037 983 980
f 1952 978 974
f 2056 990 986
f 2074 996 992
f 2128 1026 1022
f 1966 954 950
f 1988 1068 1064
f 2222 1140 1136
f 2293 1181 1178
f 2185 1235 1232
f 1879 1043 1040
f 1893 929 926
f 2271 1121 1118
f 2307 1211 1208
f 2163 1055 1052
f 2150 1230 1226
f 2006 1194 1190
f 2204 1110 1106
f 1911 935 932
f 2131 1169 1166
f 1969 1007 1004
f 1983 959 956
f 2217 1085 1082
f 2290 1152 1148
f 2168 1176 1172
f 2145 1031 1028
f 2001 965 962
f 2199 1079 1076
f 1916 1128 1124
f 1808 1038 1034
f 1789 917 914
f 1825 1097 1094
f 1843 1187 1184
f 1862 1218 1214
f 1933 1157 1154
f 2110 1020 1016
f 2020 972 968
f 2236 1092 1088
f 2257 1145 1142
f 2042 1014 1010
f 1947 947 944
f 2059 1073 1070
f 2077 1133 1130
f 2096 1164 1160
f 2113 1049 1046
f 2023 1223 1220
f 2239 1199 1196
f 2254 1116 1112
f 1930 942 938
f 1818 1283 1279
f 1798 1259 1255
f 1834 1295 1291
f 1852 1313 1309
f 1872 1331 1327
f 1942 1379 1375
f 2120 1541 1537
f 2030 1452 1448
f 2248 1578 1574
f 2263 1368 1364
f 2052 1487 1483
f 1955 1391 1387
f 2065 1440 1436
f 2086 1511 1507
f 2106 1529 1525
f 2122 1547 1543
f 2032 1469 1465
f 2245 1458 1454
f 2266 1584 1580
f 1940 1362 1358
f 1813 1269 1267
f 1792 1245 1243
f 1828 1252 1250
f 1846 1288 1286
f 1867 1306 1304
f 1936 1336 1334
f 2123 1551 1549
f 2033 1473 1471
f 2249 1599 1597
f 2260 1354 1352
f 2049 1479 1477
f 1959 1401 1399
f 2062 1408 1406
f 2080 1492 1490
f 2101 1504 1502
f 2116 1533 1531
f 2026 1414 1412
f 2242 1444 1442
f 2267 1594 1592
f 1943 1383 1381
f 1869 1323 1321
f 1815 1275 1273
f 1799 1263 1261
f 1835 1299 1297
f 1853 1317 1315
f 1889 1341 1339
f 2195 1564 1562
f 2319 1462 1460
f 2283 1588 1586
f 1905 1347 1345
f 2103 1521 1519
f 2046 1420 1418
f 1957 1395 1393
f 2069 1497 1495
f 2087 1515 1513
f 2141 1557 1555
f 1979 1425 1423
f 1993 1431 1429
f 2229 1570 1568
f 2296 1372 1370
f 2188 1282 1280
f 1882 1258 1256
f 1902 1294 1292
f 2280 1312 1310
f 2316 1330 1328
f 2172 1378 1376
f 2157 1540 1538
f 2011 1449 1447
f 2209 1575 1573
f 1923 1365 1363
f 2134 1486 1484
f 1972 1390 1388
f 1995 1437 1435
f 2226 1510 1508
f 2303 1528 1526
f 2175 1546 1544
f 2154 1468 1466
f 2013 1455 1453
f 2211 1581 1579
f 1921 1359 1357
f 1865 1272 1268
f 1811 1248 1244
f 1796 1253 1249
f 1832 1289 1285
f 1850 1307 1303
f 1888 1337 1333
f 2194 1554 1550
f 2322 1476 1472
f 2286 1602 1598
f 1908 1355 1351
f 2099 1482 1478
f 2045 1404 1400
f 1962 1409 1405
f 2068 1493 1489
f 2084 1505 1501
f 2140 1536 1532
f 1976 1415 1411
f 1998 1445 1441
f 2232 1595 1591
f 2299 1386 1382
f 2330 909 911
f 2324 891 893
f 2325 886 888
f 2332 898 900
f 2335 904 906
f 2344 922 924
f 2410 1060 1062
f 2497 1240 1242
f 2486 1204 1206
f 2434 1102 1104
f 2375 999 1001
f 2369 981 983
f 2370 976 978
f 2377 988 990
f 2380 994 996
f 2393 1024 1026
f 2359 952 954
f 2415 1066 1068
f 2455 1138 1140
f 2461 1179 1181
f 2489 1233 1235
f 2399 1041 1043
f 2341 927 929
f 2431 1119 1121
f 2476 1209 1211
f 2405 1053 1055
f 2500 1228 1230
f 2481 1192 1194
f 2439 1108 1110
f 2348 933 935
f 2465 1167 1169
f 2383 1005 1007
f 2356 957 959
f 2420 1083 1085
f 2452 1150 1152
f 2471 1174 1176
f 2386 1029 1031
f 2363 963 965
f 2422 1077 1079
f 2445 1126 1128
f 2400 1036 1038
f 2338 915 917
f 2428 1095 1097
f 2473 1185 1187
f 2490 1216 1218
f 2458 1155 1157
f 2394 1018 1020
f 2366 970 972
f 2425 1090 1092
f 2444 1143 1145
f 2389 1012 1014
f 2353 945 947
f 2414 1071 1073
f 2449 1131 1133
f 2466 1162 1164
f 2407 1047 1049
f 2494 1221 1223
f 2480 1197 1199
f 2438 1114 1116
f 2351 940 942
f 2510 1284 1283
f 2504 1260 1259
f 2508 1296 1295
f 2514 1314 1313
f 2517 1332 1331
f 2520 1380 1379
f 2554 1542 1541
f 2539 1451 1452
f 2560 1577 1578
f 2523 1367 1368
f 2543 1488 1487
f 2527 1392 1391
f 2532 1439 1440
f 2547 1512 1511
f 2550 1530 1529
f 2552 1548 1547
f 2535 1470 1469
f 2538 1457 1458
f 2558 1583 1584
f 2524 1361 1362
f 1607 1616 1609
f 1603 1608 1605
f 1604 1606 1611
f 1610 1612 1614
f 1613 1615 1617
f 1622 1624 1631
f 1686 1692 1688
f 1773 1782 1775
f 1761 1765 1763
f 1712 1714 1719
f 1652 1661 1654
f 1648 1653 1650
f 1649 1651 1656
f 1655 1657 1659
f 1658 1660 1662
f 1670 1675 1672
f 1637 1639 1646
f 1694 1696 1706
f 1731 1733 1735
f 1739 1751 1741
f 1768 1779 1770
f 1678 1683 1680
f 1619 1626 1621
f 1709 1721 1711
f 1754 1766 1756
f 1682 1689 1684
f 1776 1778 1780
f 1758 1760 1767
f 1716 1718 1722
f 1625 1629 1627
f 1742 1747 1744
f 1663 1665 1668
f 1634 1641 1636
f 1697 1704 1699
f 1728 1737 1730
f 1746 1750 1748
f 1664 1676 1666
f 1640 1644 1642
f 1700 1702 1705
f 1724 1726 1736
f 1679 1681 1691
f 1618 1620 1623
f 1708 1710 1713
f 1753 1755 1764
f 1769 1771 1781
f 1738 1740 1749
f 1671 1673 1677
f 1643 1647 1645
f 1701 1707 1703
f 1723 1734 1725
f 1667 1669 1674
f 1633 1635 1638
f 1693 1698 1695
f 1727 1729 1732
f 1743 1745 1752
f 1685 1687 1690
f 1772 1774 1777
f 1757 1762 1759
f 1715 1720 1717
f 1628 1632 1630
f 2187 2189 2191
f 1881 1883 1885
f 1899 1903 1901
f 2277 2281 2279
f 2313 2317 2315
f 2169 2173 2171
f 2156 2158 2160
f 2010 2012 2016
f 2208 2210 2214
f 1917 1924 1919
f 2133 2135 2137
f 1971 1973 1978
f 1989 1996 1991
f 2223 2227 2225
f 2300 2304 2302
f 2174 2176 2178
f 2151 2155 2153
f 2007 2014 2009
f 2205 2212 2207
f 1920 1922 1926
f 1855 1864 1857
f 1801 1810 1803
f 1784 1795 1786
f 1820 1831 1822
f 1838 1849 1840
f 1874 1887 1876
f 2180 2193 2182
f 2310 2321 2312
f 2274 2285 2276
f 1896 1907 1898
f 2089 2098 2091
f 2035 2044 2037
f 1950 1961 1952
f 2054 2067 2056
f 2072 2083 2074
f 2126 2139 2128
f 1964 1975 1966
f 1986 1997 1988
f 2220 2231 2222
f 2291 2298 2293
f 2183 2190 2185
f 1877 1884 1879
f 1891 1900 1893
f 2269 2278 2271
f 2305 2314 2307
f 2161 2170 2163
f 2148 2159 2150
f 2004 2015 2006
f 2202 2213 2204
f 1909 1918 1911
f 2129 2136 2131
f 1967 1977 1969
f 1981 1990 1983
f 2215 2224 2217
f 2288 2301 2290
f 2166 2177 2168
f 2143 2152 2145
f 1999 2008 2001
f 2197 2206 2199
f 1914 1925 1916
f 1806 1817 1808
f 1787 1797 1789
f 1823 1833 1825
f 1841 1851 1843
f 1860 1871 1862
f 1931 1941 1933
f 2108 2119 2110
f 2018 2029 2020
f 2234 2247 2236
f 2255 2262 2257
f 2040 2051 2042
f 1945 1954 1947
f 2057 2064 2059
f 2075 2085 2077
f 2094 2105 2096
f 2111 2121 2113
f 2021 2031 2023
f 2237 2244 2239
f 2252 2265 2254
f 1928 1939 1930
f 1812 1814 1818
f 1791 1793 1798
f 1827 1829 1834
f 1845 1847 1852
f 1866 1868 1872
f 1935 1937 1942
f 2118 2124 2120
f 2028 2034 2030
f 2246 2250 2248
f 2259 2261 2263
f 2048 2050 2052
f 1953 1960 1955
f 2061 2063 2065
f 2079 2081 2086
f 2100 2102 2106
f 2115 2117 2122
f 2025 2027 2032
f 2241 2243 2245
f 2264 2268 2266
f 1938 1944 1940
f 1802 1804 1813
f 1783 1785 1792
f 1819 1821 1828
f 1837 1839 1846
f 1856 1858 1867
f 1927 1929 1936
f 2112 2114 2123
f 2022 2024 2033
f 2238 2240 2249
f 2251 2253 2260
f 2036 2038 2049
f 1949 1951 1959
f 2053 2055 2062
f 2071 2073 2080
f 2090 2092 2101
f 2107 2109 2116
f 2017 2019 2026
f 2233 2235 2242
f 2256 2258 2267
f 1932 1934 1943
f 1859 1861 1869
f 1805 1807 1815
f 1788 1790 1799
f 1824 1826 1835
f 1842 1844 1853
f 1878 1880 1889
f 2184 2186 2195
f 2306 2308 2319
f 2270 2272 2283
f 1892 1894 1905
f 2093 2095 2103
f 2039 2041 2046
f 1946 1948 1957
f 2058 2060 2069
f 2076 2078 2087
f 2130 2132 2141
f 1968 1970 1979
f 1982 1984 1993
f 2216 2218 2229
f 2287 2289 2296
f 2179 2181 2188
f 1873 1875 1882
f 1895 1897 1902
f 2273 2275 2280
f 2309 2311 2316
f 2165 2167 2172
f 2144 2146 2157
f 2000 2002 2011
f 2198 2200 2209
f 1913 1915 1923
f 2125 2127 2134
f 1963 1965 1972
f 1985 1987 1995
f 2219 2221 2226
f 2292 2294 2303
f 2162 2164 2175
f 2147 2149 2154
f 2003 2005 2013
f 2201 2203 2211
f 1910 1912 1921
f 1863 1870 1865
f 1809 1816 1811
f 1794 1800 1796
f 1830 1836 1832
f 1848 1854 1850
f 1886 1890 1888
f 2192 2196 2194
f 2318 2320 2322
f 2282 2284 2286
f 1904 1906 1908
f 2097 2104 2099
f 2043 2047 2045
f 1956 1958 1962
f 2066 2070 2068
f 2082 2088 2084
f 2138 2142 2140
f 1974 1980 1976
f 1992 1994 1998
f 2228 2230 2232
f 2295 2297 2299
f 2331 2329 2330
f 2327 2323 2324
f 2328 2326 2325
f 2334 2333 2332
f 2337 2336 2335
f 2346 2345 2344
f 2412 2409 2410
f 2499 2496 2497
f 2487 2485 2486
f 2436 2435 2434
f 2376 2374 2375
f 2372 2368 2369
f 2373 2371 2370
f 2379 2378 2377
f 2382 2381 2380
f 2396 2392 2393
f 2361 2360 2359
f 2418 2416 2415
f 2457 2456 2455
f 2463 2460 2461
f 2492 2488 2489
f 2402 2398 2399
f 2343 2340 2341
f 2433 2430 2431
f 2478 2475 2476
f 2406 2404 2405
f 2502 2501 2500
f 2484 2482 2481
f 2442 2440 2439
f 2349 2347 2348
f 2468 2464 2465
f 2387 2384 2383
f 2358 2355 2356
f 2421 2419 2420
f 2454 2451 2452
f 2472 2470 2471
f 2388 2385 2386
f 2364 2362 2363
f 2426 2423 2422
f 2448 2446 2445
f 2403 2401 2400
f 2342 2339 2338
f 2432 2429 2428
f 2477 2474 2473
f 2493 2491 2490
f 2462 2459 2458
f 2397 2395 2394
f 2367 2365 2366
f 2427 2424 2425
f 2447 2443 2444
f 2391 2390 2389
f 2357 2354 2353
f 2417 2413 2414
f 2453 2450 2449
f 2469 2467 2466
f 2411 2408 2407
f 2498 2495 2494
f 2483 2479 2480
f 2441 2437 2438
f 2352 2350 2351
f 2509 2511 2510
f 2503 2505 2504
f 2506 2507 2508
f 2512 2513 2514
f 2515 2516 2517
f 2518 2519 2520
f 2555 2556 2554
f 2541 2540 2539
f 2562 2561 2560
f 2522 2521 2523
f 2542 2544 2543
f 2528 2529 2527
f 2531 2530 2532
f 2545 2546 2547
f 2548 2549 2550
f 2551 2553 2552
f 2533 2534 2535
f 2537 2536 2538
f 2559 2557 2558
f 2526 2525 2524