v -0.419345 0.779031 0.189622
v 0.418292 0.793158 0.197935
v -0.409145 -0.577434 0.202027
v 0.421096 -0.593249 0.197495
v -0.000253 -0.352450 0.928312
v 0.000390 0.528685 0.877850
v -0.004645 -0.312216 -0.471142
v -0.000090 0.568851 -0.561161
v 0.615641 0.100646 -0.193067
v 0.654340 0.103560 0.610838
v -0.612903 0.099250 -0.190676
v -0.668711 0.099307 0.612335
v -0.001403 0.930804 0.197928
v -0.259405 0.777598 0.611864
v -0.260937 0.780414 -0.232268
v -0.575370 0.470630 -0.025981
v -0.639160 0.506412 0.447209
v 0.242727 0.743663 0.580115
v 0.256170 0.788794 -0.235017
v 0.562036 0.454938 -0.018656
v 0.641443 0.500647 0.434549
v 0.000455 -0.703113 0.198651
v -0.265903 -0.593265 0.626380
v -0.230059 -0.541008 -0.199818
v -0.569336 -0.236291 -0.012653
v -0.635885 -0.287986 0.433492
v 0.286036 -0.652237 0.648979
v 0.238234 -0.552267 -0.209723
v 0.577438 -0.255733 -0.019225
v 0.628890 -0.290109 0.434485
v -0.000191 0.102745 1.055622
v 0.397689 -0.149851 0.851339
v -0.402369 -0.150057 0.860304
v 0.398667 0.343265 0.843677
v -0.391795 0.340797 0.826980
v -0.000077 0.104527 -0.619125
v 0.349633 -0.111151 -0.383503
v -0.349735 -0.119922 -0.382940
v 0.378140 0.347498 -0.439327
v -0.369831 0.335334 -0.429819
v 0.705888 0.103664 0.193830
v -0.711365 0.095795 0.195602
v -0.224192 0.867329 0.194945
v -0.349480 0.788251 0.393522
v -0.360912 0.818993 -0.013165
v -0.523219 0.665304 0.083466
v -0.550288 0.669712 0.317256
v 0.243032 0.908632 0.194827
v 0.352142 0.800919 0.385468
v 0.337698 0.795255 -0.005509
v 0.495001 0.642346 0.095545
v 0.544072 0.672128 0.317992
v -0.240803 -0.693287 0.191251
v -0.364545 -0.615042 0.409706
v -0.365795 -0.615646 -0.014483
v -0.491134 -0.413842 0.104386
v -0.541952 -0.460913 0.314562
v 0.240876 -0.697920 0.187331
v 0.360039 -0.603924 0.396258
v 0.361417 -0.618243 -0.009455
v 0.505304 -0.427780 0.100834
v 0.539513 -0.458458 0.315501
v -0.132037 -0.515470 0.829332
v 0.147934 -0.524514 0.848040
v 0.002099 -0.145027 1.010939
v 0.248517 -0.326588 1.033243
v -0.289797 -0.389615 1.042311
v -0.122446 0.649145 0.761742
v 0.116460 0.639249 0.754584
v 0.002180 0.329837 0.967924
v 0.190022 0.451753 0.883100
v -0.189191 0.453819 0.877801
v -0.128480 -0.434483 -0.363714
v 0.117816 -0.429569 -0.356284
v -0.005258 -0.118741 -0.537044
v 0.178798 -0.228930 -0.440865
v -0.177631 -0.231155 -0.439877
v -0.136476 0.710794 -0.434611
v 0.128870 0.697003 -0.411191
v -0.004972 0.357390 -0.641778
v 0.209289 0.473411 -0.547684
v -0.207520 0.477553 -0.557434
v 0.611069 0.266478 -0.125386
v 0.620927 -0.062639 -0.127560
v 0.514983 0.003758 -0.297442
v 0.522121 0.213376 -0.321281
v 0.672528 0.099950 -0.013360
v 0.665620 0.297297 0.536128
v 0.652750 -0.089408 0.534085
v 0.567450 -0.009843 0.740340
v 0.572575 0.218031 0.752344
v 0.691355 0.105551 0.414347
v -0.614560 0.271396 -0.128074
v -0.602616 -0.058550 -0.114763
v -0.506751 -0.001404 -0.299555
v -0.516619 0.203711 -0.301913
v -0.680746 0.097532 -0.014433
v -0.683098 0.303455 0.541144
v -0.673236 -0.090847 0.539044
v -0.577268 -0.013851 0.753130
v -0.563661 0.215286 0.737262
v -0.712231 0.097512 0.422507
v -0.121443 0.891044 0.414673
v -0.132178 0.898620 -0.081014
v 0.128074 0.894099 0.417237
v 0.167613 0.892402 -0.062829
v -0.491512 0.673448 0.563963
v -0.003828 0.797894 0.609314
v -0.342904 0.577250 0.729173
v -0.459950 0.661077 -0.165257
v -0.006051 0.822978 -0.260081
v -0.332689 0.590256 -0.346834
v -0.645350 0.506484 0.205132
v -0.511225 0.431118 -0.247596
v -0.679406 0.296545 0.090013
v -0.544330 0.453380 0.658931
v -0.695114 0.307832 0.316578
v 0.467266 0.652006 0.536189
v 0.336143 0.564947 0.724259
v 0.444916 0.646199 -0.158456
v 0.335319 0.587498 -0.364107
v 0.620175 0.488008 0.217451
v 0.488783 0.420493 -0.248141
v 0.663352 0.289066 0.090906
v 0.535482 0.443321 0.653123
v 0.694293 0.310256 0.316275
v -0.118948 -0.699623 0.420415
v -0.130313 -0.679480 -0.026977
v 0.126704 -0.708639 0.425989
v 0.133458 -0.679340 -0.025996
v -0.465711 -0.447186 0.539398
v -0.002626 -0.672034 0.658844
v -0.356044 -0.396183 0.773303
v -0.408297 -0.387673 -0.118053
v 0.004059 -0.560016 -0.208367
v -0.298548 -0.330220 -0.319125
v -0.624464 -0.274549 0.216923
v -0.479154 -0.192411 -0.233720
v -0.661325 -0.088584 0.094543
v -0.543627 -0.243277 0.659136
v -0.697812 -0.106421 0.316932
v 0.466957 -0.452833 0.546830
v 0.364239 -0.401736 0.772692
v 0.416491 -0.396102 -0.125357
v 0.298625 -0.334579 -0.301335
v 0.632547 -0.291497 0.206177
v 0.481254 -0.205830 -0.224422
v 0.678908 -0.093747 0.086174
v 0.532303 -0.238461 0.654354
v 0.683829 -0.101704 0.313094
v 0.228682 -0.026071 1.005018
v -0.229563 -0.026516 1.007907
v 0.222455 0.224580 0.984139
v -0.215514 0.216918 0.964672
v 0.429670 0.109484 0.912057
v -0.428853 0.100031 0.913142
v 0.200251 -0.003756 -0.517835
v -0.186970 0.000884 -0.507865
v 0.229325 0.244480 -0.612866
v -0.221993 0.251663 -0.624335
v 0.380194 0.108865 -0.442576
v -0.373160 0.102710 -0.432542
v -0.333489 0.821955 0.191943
v -0.387143 0.783412 0.281891
v -0.397288 0.800173 0.097214
v -0.484269 0.741722 0.135436
v -0.482166 0.734303 0.247481
v 0.344267 0.855854 0.193088
v 0.396839 0.807056 0.279465
v 0.379569 0.795454 0.111044
v 0.460169 0.729318 0.151322
v 0.481787 0.742654 0.254343
v -0.340292 -0.646404 0.193084
v -0.395485 -0.603526 0.289140
v -0.376962 -0.590575 0.110288
v -0.445965 -0.503525 0.159974
v -0.468408 -0.520118 0.260165
v 0.365862 -0.688835 0.188583
v 0.400562 -0.605454 0.282139
v 0.388466 -0.602640 0.110131
v 0.457124 -0.513125 0.157298
v 0.480886 -0.534344 0.250630
v -0.059452 -0.419111 0.882170
v 0.071128 -0.450168 0.911138
v 0.000664 -0.256750 0.970638
v 0.098980 -0.335766 0.961746
v -0.115251 -0.331142 0.950697
v -0.055809 0.583089 0.827042
v 0.052858 0.580532 0.826806
v 0.001194 0.442000 0.919061
v 0.085953 0.497141 0.884496
v -0.086908 0.498598 0.883523
v -0.059800 -0.373333 -0.429268
v 0.050894 -0.369436 -0.421105
v -0.006272 -0.225938 -0.502456
v 0.075248 -0.280020 -0.455476
v -0.083979 -0.276173 -0.457470
v -0.057130 0.630856 -0.498806
v 0.059984 0.623447 -0.496915
v -0.000303 0.471541 -0.608802
v 0.100081 0.530241 -0.564362
v -0.097456 0.540078 -0.574395
v 0.616677 0.172287 -0.166338
v 0.624453 0.028191 -0.167834
v 0.575947 0.060464 -0.242280
v 0.575620 0.149130 -0.246574
v 0.649806 0.100298 -0.118161
v 0.668816 0.190378 0.582626
v 0.652416 0.018277 0.577522
v 0.619744 0.051576 0.673528
v 0.636788 0.157256 0.686408
v 0.676886 0.103025 0.522401
v -0.620410 0.176299 -0.167427
v -0.609460 0.027165 -0.160124
v -0.577301 0.052135 -0.247749
v -0.580374 0.145155 -0.246665
v -0.642597 0.097163 -0.117355
v -0.678062 0.188167 0.580723
v -0.674141 0.014357 0.582715
v -0.635209 0.047418 0.679758
v -0.631104 0.150678 0.675324
v -0.688734 0.101840 0.526560
v -0.114029 0.907564 0.194194
v 0.120759 0.914452 0.196002
v -0.055048 0.920857 0.306604
v -0.064459 0.916822 0.077460
v 0.061812 0.921233 0.307508
v 0.064160 0.912060 0.078299
v -0.310993 0.795794 0.509368
v -0.192928 0.719814 0.691190
v -0.191302 0.836712 0.516408
v -0.381756 0.740323 0.597284
v -0.131731 0.794897 0.613583
v -0.308391 0.688504 0.676865
v -0.301555 0.797293 -0.118119
v -0.205291 0.775293 -0.357870
v -0.211698 0.986048 -0.260478
v -0.402521 0.776175 -0.241711
v -0.144387 0.847647 -0.255557
v -0.317189 0.715808 -0.320636
v -0.547837 0.571073 0.030783
v -0.597889 0.369226 -0.079324
v -0.508531 0.557397 -0.088411
v -0.608908 0.485783 0.092631
v -0.540340 0.452675 -0.139941
v -0.629906 0.383049 0.037181
v -0.599272 0.594954 0.385063
v -0.669060 0.407722 0.500838
v -0.584774 0.599431 0.509504
v -0.644619 0.507397 0.322897
v -0.618803 0.496663 0.562496
v -0.676661 0.410195 0.383027
v 0.301226 0.782316 0.488369
v 0.178977 0.692097 0.668635
v 0.186368 0.824949 0.500726
v 0.121850 0.772274 0.591157
v 0.358251 0.709688 0.567470
v 0.296148 0.665114 0.658213
v 0.300126 0.790206 -0.122156
v 0.142915 0.789511 -0.336576
v 0.220126 0.854122 -0.131005
v 0.151024 0.870307 -0.263592
v 0.409402 0.764343 -0.248034
v 0.315468 0.724675 -0.334789
v 0.530993 0.551629 0.037169
v 0.591815 0.359994 -0.075379
v 0.495892 0.542476 -0.082675
v 0.595094 0.469630 0.099398
v 0.528150 0.441728 -0.135693
v 0.623939 0.374884 0.038963
v 0.594376 0.589117 0.373331
v 0.658400 0.400371 0.487878
v 0.560807 0.577927 0.486198
v 0.639936 0.500840 0.325934
v 0.602769 0.479754 0.547485
v 0.673648 0.412189 0.378138
v -0.122498 -0.699268 0.195593
v 0.124656 -0.702329 0.195217
v -0.055308 -0.713059 0.311813
v -0.065836 -0.683476 0.087144
v 0.060728 -0.727014 0.312579
v 0.065878 -0.680850 0.086880
v -0.313756 -0.596113 0.505673
v -0.217625 -0.576888 0.816333
v -0.189450 -0.641718 0.522517
v -0.364974 -0.519046 0.586427
v -0.140073 -0.653811 0.655102
v -0.338949 -0.516738 0.727389
v -0.297797 -0.588662 -0.107192
v -0.179363 -0.492273 -0.292971
v -0.193903 -0.636127 -0.124188
v -0.320557 -0.470018 -0.164437
v -0.131494 -0.574351 -0.210434
v -0.266832 -0.439000 -0.268470
v -0.532360 -0.323201 0.046147
v -0.595315 -0.150455 -0.068341
v -0.494550 -0.309479 -0.066066
v -0.598829 -0.253636 0.101691
v -0.529958 -0.219229 -0.123982
v -0.622584 -0.164945 0.042037
v -0.592312 -0.380110 0.371973
v -0.666662 -0.194700 0.493316
v -0.555854 -0.366880 0.487904
v -0.652504 -0.295706 0.322992
v -0.599269 -0.270433 0.549263
v -0.682191 -0.206071 0.377119
v 0.322549 -0.626557 0.527216
v 0.202448 -0.556203 0.727579
v 0.211870 -0.693840 0.556372
v 0.143725 -0.674191 0.676142
v 0.354424 -0.552679 0.623696
v 0.327889 -0.513728 0.708766
v 0.302255 -0.596128 -0.116816
v 0.177266 -0.491009 -0.283456
v 0.198583 -0.642713 -0.129942
v 0.130951 -0.574557 -0.211727
v 0.327206 -0.476618 -0.173015
v 0.267734 -0.441808 -0.259725
v 0.545647 -0.342438 0.040633
v 0.601564 -0.160732 -0.074926
v 0.502403 -0.324021 -0.073443
v 0.606170 -0.272586 0.095731
v 0.536305 -0.237751 -0.131634
v 0.628844 -0.177718 0.036155
v 0.595464 -0.380007 0.378037
v 0.653251 -0.192913 0.486874
v 0.557993 -0.372092 0.489276
v 0.640562 -0.298269 0.319403
v 0.585676 -0.268941 0.542429
v 0.663852 -0.201693 0.378032
v 0.000452 -0.021936 1.034975
v 0.002551 0.215523 1.016169
v 0.115266 0.041559 1.042428
v -0.117060 0.041260 1.043109
v 0.113352 0.160252 1.026857
v -0.110311 0.155795 1.021861
v 0.309170 -0.229386 0.919386
v 0.489924 -0.077413 0.796382
v 0.378765 -0.279710 0.817432
v 0.478070 -0.204868 0.764374
v 0.320372 -0.090313 0.937505
v 0.414505 -0.018380 0.884048
v -0.308434 -0.227745 0.919542
v -0.497762 -0.081133 0.812246
v -0.380878 -0.274773 0.819841
v -0.476528 -0.202490 0.767584
v -0.324220 -0.091557 0.945170
v -0.422484 -0.024476 0.898517
v 0.295952 0.399689 0.870764
v 0.491357 0.282190 0.805537
v 0.367595 0.453539 0.783214
v 0.465256 0.395134 0.749761
v 0.319546 0.285639 0.923350
v 0.424420 0.228181 0.896722
v -0.291202 0.398719 0.855331
v -0.484165 0.279841 0.789814
v -0.368526 0.458885 0.777601
v -0.466418 0.399324 0.744126
v -0.310460 0.279761 0.902738
v -0.411724 0.220954 0.875908
v -0.003500 -0.004321 -0.568790
v -0.004864 0.244839 -0.626538
v 0.103176 0.053144 -0.569766
v -0.104720 0.055066 -0.574987
v 0.115423 0.172855 -0.630671
v -0.113871 0.175796 -0.621960
v 0.268113 -0.171248 -0.418103
v 0.434428 -0.054283 -0.342390
v 0.326081 -0.222908 -0.341444
v 0.413336 -0.161802 -0.303137
v 0.287865 -0.061809 -0.455409
v 0.374722 -0.005427 -0.425461
v -0.263792 -0.178678 -0.413512
v -0.434312 -0.060183 -0.343595
v -0.325858 -0.223155 -0.358495
v -0.412995 -0.157027 -0.315597
v -0.272912 -0.066941 -0.437635
v -0.366175 -0.013022 -0.409129
v 0.304865 0.417417 -0.509306
v 0.456780 0.278949 -0.381033
v 0.363043 0.467953 -0.407727
v 0.434961 0.388166 -0.344691
v 0.312890 0.296278 -0.545558
v 0.381550 0.227218 -0.451756
v -0.305152 0.412327 -0.518406
v -0.444023 0.265930 -0.356744
v -0.354152 0.458588 -0.388428
v -0.440250 0.385521 -0.332435
v -0.317948 0.278127 -0.560074
v -0.371533 0.218763 -0.440013
v 0.704722 0.100677 0.082284
v 0.701526 0.107093 0.303691
v 0.693070 0.199435 0.142943
v 0.702117 0.206754 0.253474
v 0.703902 0.001833 0.136063
v 0.699507 0.002586 0.249950
v -0.706208 0.097337 0.087574
v -0.713099 0.095635 0.310351
v -0.708809 0.200232 0.138733
v -0.704929 0.200724 0.253181
v -0.698304 -0.000331 0.144206
v -0.711137 -0.004888 0.255714
v -0.280286 0.832009 0.297563
v -0.290285 0.852823 0.085170
v -0.168775 0.878990 0.304862
v -0.177234 0.892553 0.073370
v -0.455567 0.730965 0.364672
v -0.237139 0.841292 0.410083
v -0.424197 0.735236 0.485806
v -0.453579 0.746018 0.021776
v -0.242783 0.873154 -0.047574
v -0.414876 0.741402 -0.093588
v -0.556690 0.672264 0.200378
v -0.483967 0.658333 -0.036972
v -0.586522 0.585034 0.148130
v -0.526483 0.668432 0.446323
v -0.605958 0.596469 0.262245
v 0.298089 0.872363 0.297440
v 0.295067 0.874374 0.084248
v 0.184924 0.911415 0.308590
v 0.182286 0.910995 0.076060
v 0.459631 0.742940 0.357342
v 0.244460 0.859294 0.408520
v 0.412888 0.731304 0.467829
v 0.420288 0.717971 0.038539
v 0.249568 0.874519 -0.053889
v 0.388862 0.714083 -0.090545
v 0.525845 0.656331 0.210615
v 0.459271 0.634819 -0.028988
v 0.565484 0.566636 0.157369
v 0.517758 0.670290 0.427509
v 0.590688 0.582774 0.269598
v -0.299055 -0.660495 0.301877
v -0.303776 -0.692352 0.077925
v -0.180432 -0.685712 0.305959
v -0.191984 -0.722675 0.076245
v -0.459935 -0.545528 0.367212
v -0.246019 -0.646597 0.410553
v -0.426581 -0.550041 0.478494
v -0.410144 -0.494019 0.049078
v -0.265352 -0.710916 -0.042345
v -0.374347 -0.491583 -0.060270
v -0.519969 -0.432688 0.217367
v -0.451840 -0.400010 -0.007482
v -0.562593 -0.340830 0.163643
v -0.512018 -0.463449 0.427333
v -0.589207 -0.365525 0.269928
v 0.297476 -0.653755 0.294849
v 0.307512 -0.689874 0.079448
v 0.182538 -0.691426 0.305018
v 0.194444 -0.719474 0.076584
v 0.459938 -0.539533 0.365332
v 0.246545 -0.650796 0.412240
v 0.422049 -0.544274 0.486013
v 0.423788 -0.506684 0.047431
v 0.272214 -0.712254 -0.041181
v 0.377068 -0.495198 -0.066574
v 0.533636 -0.443493 0.209313
v 0.462875 -0.411105 -0.012915
v 0.582133 -0.359178 0.156804
v 0.512108 -0.459173 0.432660
v 0.599739 -0.376842 0.260647
v -0.003061 -0.520494 0.824715
v -0.190948 -0.403907 0.906249
v -0.063103 -0.607574 0.777720
v -0.272759 -0.480296 0.823446
v 0.198825 -0.421404 0.927223
v 0.066089 -0.578780 0.735758
v 0.275366 -0.474772 0.825160
v 0.117155 -0.231273 1.025426
v -0.122005 -0.217205 1.002163
v 0.116536 -0.089323 1.020895
v -0.115264 -0.088443 1.018940
v 0.271806 -0.370518 0.881821
v 0.227479 -0.164687 0.997587
v -0.297721 -0.354523 0.880953
v -0.226452 -0.166121 0.995176
v -0.003141 0.655646 0.761441
v -0.163353 0.558713 0.822903
v -0.068401 0.728287 0.691145
v -0.235756 0.623881 0.750667
v 0.164512 0.560064 0.828120
v 0.057827 0.716549 0.680735
v 0.231454 0.612281 0.746845
v 0.102303 0.389169 0.934639
v -0.098305 0.389722 0.929899
v 0.109851 0.276616 0.983607
v -0.105904 0.273625 0.976324
v 0.266327 0.510999 0.811736
v 0.209255 0.338555 0.934268
v -0.267568 0.514012 0.805654
v -0.203887 0.336953 0.922020
v -0.001786 -0.440939 -0.364895
v -0.161318 -0.344020 -0.410726
v -0.067493 -0.502829 -0.290417
v -0.217188 -0.402788 -0.350940
v 0.157376 -0.346031 -0.413119
v 0.064849 -0.508949 -0.289273
v 0.213995 -0.391550 -0.333692
v 0.088537 -0.171536 -0.494684
v -0.096087 -0.171909 -0.498560
v 0.099051 -0.060569 -0.536870
v -0.098880 -0.058222 -0.538236
v 0.243138 -0.286806 -0.379338
v 0.191429 -0.114693 -0.477109
v -0.247233 -0.290913 -0.390657
v -0.188251 -0.119614 -0.477577
v -0.003575 0.705047 -0.423188
v -0.173626 0.598121 -0.489256
v -0.078464 0.831027 -0.400069
v -0.253952 0.670511 -0.416729
v 0.181402 0.591380 -0.490534
v 0.065728 0.817715 -0.382263
v 0.258300 0.667556 -0.421588
v 0.117125 0.409358 -0.627193
v -0.119465 0.416435 -0.632161
v 0.123596 0.295532 -0.638298
v -0.125398 0.301491 -0.648675
v 0.293470 0.544906 -0.473219
v 0.236272 0.354406 -0.615066
v -0.279687 0.541863 -0.459063
v -0.228751 0.348835 -0.640636
v 0.570763 0.243157 -0.227312
v 0.647863 0.183474 -0.063812
v 0.556051 0.342856 -0.187057
v 0.639845 0.276881 -0.014602
v 0.581918 -0.040141 -0.224220
v 0.647935 0.017455 -0.063117
v 0.564314 -0.141310 -0.182418
v 0.646680 -0.075770 -0.017186
v 0.517169 0.110591 -0.314793
v 0.502003 -0.102563 -0.265790
v 0.450018 0.054127 -0.373744
v 0.506538 0.314307 -0.287434
v 0.457536 0.165417 -0.385767
v 0.679423 0.191886 0.035939
v 0.686638 0.009493 0.033557
v 0.633498 0.264866 0.649635
v 0.687084 0.206080 0.471152
v 0.622251 0.375320 0.601814
v 0.688115 0.310082 0.425094
v 0.615739 -0.056155 0.640404
v 0.678293 0.001944 0.472308
v 0.606810 -0.163935 0.594327
v 0.673853 -0.101152 0.427314
v 0.575460 0.107884 0.766354
v 0.556963 -0.127488 0.700827
v 0.500721 0.048674 0.828403
v 0.556142 0.332725 0.706750
v 0.508750 0.167503 0.845079
v 0.701931 0.210711 0.360550
v 0.691286 0.000931 0.363416
v -0.578888 0.248354 -0.223906
v -0.652329 0.186831 -0.071338
v -0.568990 0.351055 -0.189823
v -0.646886 0.284288 -0.018517
v -0.560413 -0.034676 -0.216566
v -0.645682 0.012924 -0.064967
v -0.549771 -0.125639 -0.174929
v -0.634446 -0.076272 -0.010494
v -0.518492 0.095461 -0.320417
v -0.497433 -0.095058 -0.273313
v -0.444736 0.043476 -0.366269
v -0.519147 0.316271 -0.279277
v -0.448237 0.151664 -0.374091
v -0.688717 0.192865 0.036390
v -0.672851 0.006532 0.039998
v -0.626363 0.264515 0.641714
v -0.699445 0.202658 0.480304
v -0.625990 0.382290 0.604677
v -0.692523 0.308320 0.434367
v -0.631906 -0.058653 0.648685
v -0.694818 0.000127 0.475731
v -0.622001 -0.168612 0.601927
v -0.695807 -0.104879 0.427255
v -0.574301 0.097728 0.767786
v -0.563763 -0.130721 0.710597
v -0.511584 0.040843 0.846371
v -0.553645 0.336472 0.699839
v -0.498038 0.157462 0.827273
v -0.705441 0.202772 0.369694
v -0.711853 -0.006591 0.368375
v -0.000234 0.908990 0.419100
v -0.065646 0.858135 0.518856
v 0.003028 0.908700 -0.041233
v -0.075422 0.901261 -0.158203
v 0.063951 0.856300 0.512064
v 0.074789 0.902520 -0.150551
v -0.420356 0.637780 0.648478
v -0.524407 0.571048 0.611084
v -0.444380 0.517335 0.695329
v -0.417047 0.658413 -0.277768
v -0.473408 0.545873 -0.201992
v -0.426476 0.514159 -0.298559
v -0.670029 0.402395 0.146018
v -0.681204 0.410258 0.260515
v -0.698408 0.305957 0.197414
v 0.403671 0.614677 0.632030
v 0.505809 0.549381 0.593303
v 0.437369 0.505012 0.690576
v 0.391314 0.646370 -0.264969
v 0.457491 0.530417 -0.198993
v 0.406113 0.503375 -0.300832
v 0.647515 0.389946 0.155445
v 0.664460 0.403630 0.267671
v 0.675710 0.300151 0.206103
v 0.010157 -0.741201 0.430150
v -0.063194 -0.700552 0.540294
v 0.000660 -0.641973 -0.014232
v -0.068032 -0.614332 -0.118923
v 0.067608 -0.720886 0.552718
v 0.073344 -0.612361 -0.118587
v -0.405066 -0.420074 0.653747
v -0.506452 -0.344231 0.600920
v -0.446882 -0.315292 0.714134
v -0.358013 -0.363732 -0.228858
v -0.450127 -0.291751 -0.180286
v -0.388834 -0.259401 -0.278427
v -0.653533 -0.185920 0.152864
v -0.663969 -0.199784 0.268120
v -0.683764 -0.100299 0.203918
v 0.420767 -0.435116 0.659583
v 0.503803 -0.347530 0.598842
v 0.448858 -0.317152 0.711947
v 0.359719 -0.371921 -0.220569
v 0.455299 -0.304778 -0.182012
v 0.388808 -0.269204 -0.264741
v 0.659898 -0.196152 0.144084
v 0.671073 -0.204017 0.257866
v 0.694449 -0.101833 0.193983
v 0.230658 0.104063 1.022054
v 0.334997 0.042064 0.969791
v -0.225768 0.097424 1.007673
v -0.338411 0.035963 0.978127
v 0.336873 0.167289 0.969727
v -0.326395 0.158322 0.947910
v 0.207312 0.115666 -0.561843
v 0.294494 0.052210 -0.492275
v -0.202543 0.116676 -0.559475
v -0.277707 0.050156 -0.469831
v 0.303024 0.173999 -0.525708
v -0.285238 0.172833 -0.506623
v -0.382052 0.798390 0.190524
v -0.405093 0.781564 0.230771
v -0.410041 0.789498 0.149023
v -0.449774 0.764563 0.164946
v -0.447573 0.759839 0.215068
v 0.387605 0.824244 0.194622
v 0.414229 0.803968 0.233611
v 0.402854 0.796372 0.159592
v 0.438969 0.765705 0.177299
v 0.447060 0.770790 0.224380
v -0.379038 -0.609633 0.197290
v -0.404492 -0.589940 0.239175
v -0.393538 -0.582033 0.162329
v -0.425196 -0.545270 0.182814
v -0.433498 -0.551021 0.228972
v 0.402483 -0.642013 0.193642
v 0.416188 -0.603880 0.232921
v 0.407055 -0.599335 0.159823
v 0.437631 -0.557696 0.178059
v 0.446771 -0.565647 0.221875
v -0.027425 -0.383415 0.909634
v 0.030311 -0.386480 0.913998
v -0.000914 -0.311174 0.948577
v 0.044999 -0.342474 0.939081
v -0.048376 -0.339122 0.934165
v -0.024489 0.551271 0.854294
v 0.022763 0.553245 0.855766
v -0.000062 0.491901 0.897319
v 0.038054 0.515649 0.881531
v -0.038817 0.516559 0.883041
v -0.026585 -0.338119 -0.454226
v 0.019025 -0.336669 -0.445482
v -0.006049 -0.274019 -0.482677
v 0.029469 -0.296966 -0.460598
v -0.039545 -0.296539 -0.466712
v -0.027540 0.600646 -0.541377
v 0.028604 0.597086 -0.539149
v 0.000241 0.528068 -0.580528
v 0.047980 0.557773 -0.569227
v -0.048568 0.565025 -0.576419
v 0.615039 0.130670 -0.183668
v 0.617245 0.069916 -0.183085
v 0.600372 0.083928 -0.214632
v 0.601855 0.120249 -0.217118
v 0.627934 0.101434 -0.163643
v 0.663343 0.141618 0.600537
v 0.653497 0.065358 0.595724
v 0.641128 0.080254 0.640394
v 0.648938 0.127387 0.644830
v 0.664577 0.102469 0.571826
v -0.616331 0.133335 -0.181885
v -0.617277 0.068302 -0.181948
v -0.607055 0.078306 -0.219138
v -0.602843 0.119781 -0.217368
v -0.625532 0.098329 -0.161209
v -0.672045 0.137434 0.598115
v -0.670334 0.062848 0.600204
v -0.656238 0.075566 0.643656
v -0.655330 0.121236 0.641037
v -0.680148 0.101311 0.574223
v -0.058494 0.923893 0.196503
v 0.057553 0.924417 0.197491
v -0.028161 0.927683 0.251403
v -0.034109 0.924139 0.142299
v 0.030082 0.926660 0.252556
v 0.028716 0.924888 0.141428
v -0.288398 0.793385 0.562484
v -0.227609 0.754975 0.658155
v -0.225800 0.807339 0.564467
v -0.321776 0.762302 0.606848
v -0.196004 0.788344 0.613951
v -0.288510 0.741266 0.650833
v -0.279049 0.786422 -0.179219
v -0.230920 0.770516 -0.286923
v -0.220553 0.816784 -0.186824
v -0.325637 0.774220 -0.233442
v -0.205298 0.814512 -0.236021
v -0.292389 0.755557 -0.282168
v -0.561949 0.520811 0.002421
v -0.588007 0.420032 -0.052342
v -0.542532 0.513395 -0.056921
v -0.592452 0.478166 0.033672
v -0.556373 0.461319 -0.082870
v -0.604323 0.427784 0.005904
v -0.619228 0.552106 0.416181
v -0.658951 0.458802 0.475523
v -0.613746 0.552497 0.478661
v -0.642479 0.506774 0.385193
v -0.636261 0.504318 0.508836
v -0.659534 0.459096 0.415519
v 0.273342 0.766773 0.535445
v 0.211300 0.716771 0.623059
v 0.215133 0.785310 0.541330
v 0.183109 0.757966 0.584460
v 0.302130 0.729102 0.575528
v 0.269438 0.703563 0.618908
v 0.277074 0.776743 -0.171514
v 0.236129 0.801799 -0.293359
v 0.229773 0.814562 -0.176237
v 0.232609 0.848227 -0.250721
v 0.316728 0.767610 -0.235352
v 0.278650 0.745059 -0.279617
v 0.546452 0.504244 0.008915
v 0.577452 0.407309 -0.047365
v 0.529556 0.498042 -0.049899
v 0.580385 0.462534 0.039391
v 0.544504 0.445765 -0.075785
v 0.595510 0.414850 0.009964
v 0.618515 0.545625 0.404830
v 0.655362 0.451689 0.461148
v 0.607029 0.540167 0.460335
v 0.644165 0.503543 0.380263
v 0.624539 0.491331 0.489824
v 0.657277 0.455523 0.408193
v -0.060688 -0.700234 0.197737
v 0.063235 -0.703106 0.197510
v -0.027931 -0.710907 0.255122
v -0.031703 -0.690747 0.142686
v 0.031225 -0.717042 0.254989
v 0.032088 -0.689566 0.142374
v -0.285388 -0.588335 0.561680
v -0.265546 -0.621228 0.714758
v -0.227522 -0.618640 0.575940
v -0.312988 -0.553524 0.607015
v -0.208272 -0.629549 0.648516
v -0.309027 -0.561977 0.685260
v -0.260735 -0.566222 -0.153051
v -0.204371 -0.519339 -0.249511
v -0.211533 -0.589622 -0.162278
v -0.276985 -0.508693 -0.184175
v -0.182577 -0.561704 -0.208399
v -0.249537 -0.490370 -0.235222
v -0.550853 -0.279847 0.017014
v -0.583895 -0.193688 -0.041100
v -0.534280 -0.273288 -0.039883
v -0.583859 -0.244565 0.044326
v -0.551595 -0.230395 -0.068982
v -0.599049 -0.201706 0.014733
v -0.616470 -0.334916 0.402536
v -0.654913 -0.242754 0.464981
v -0.596280 -0.326405 0.460368
v -0.652665 -0.297302 0.376231
v -0.616953 -0.278790 0.491354
v -0.667679 -0.248421 0.405418
v 0.309184 -0.649572 0.594550
v 0.242966 -0.604572 0.690304
v 0.264860 -0.693122 0.626381
v 0.219152 -0.673484 0.679007
v 0.333985 -0.633709 0.638233
v 0.303826 -0.585533 0.679361
v 0.267129 -0.571794 -0.161316
v 0.207080 -0.520515 -0.244362
v 0.217176 -0.595080 -0.168850
v 0.185334 -0.564413 -0.209679
v 0.282906 -0.516968 -0.192177
v 0.253766 -0.495530 -0.234546
v 0.562197 -0.299824 0.010685
v 0.592822 -0.211242 -0.048312
v 0.541006 -0.290248 -0.046019
v 0.595166 -0.265344 0.038390
v 0.557837 -0.246640 -0.075662
v 0.608918 -0.219517 0.007955
v 0.614784 -0.339440 0.405075
v 0.647483 -0.241455 0.462803
v 0.597700 -0.332978 0.460733
v 0.636658 -0.295485 0.377965
v 0.610921 -0.281751 0.487555
v 0.655220 -0.246788 0.410976
v -0.000617 0.042991 1.050506
v 0.001673 0.159244 1.038665
v 0.057015 0.073413 1.053313
v -0.058868 0.073235 1.054274
v 0.057128 0.130898 1.046707
v -0.055672 0.129361 1.043025
v 0.349035 -0.187679 0.879803
v 0.445317 -0.113306 0.824287
v 0.388216 -0.215159 0.835313
v 0.438068 -0.177969 0.808180
v 0.359170 -0.120729 0.895862
v 0.407279 -0.084169 0.868133
v -0.354433 -0.187076 0.886999
v -0.449612 -0.114731 0.835471
v -0.392390 -0.212940 0.840474
v -0.439210 -0.176916 0.813915
v -0.364262 -0.121999 0.904895
v -0.412784 -0.086692 0.879817
v 0.347521 0.371411 0.857385
v 0.446118 0.312340 0.825777
v 0.383071 0.398252 0.812872
v 0.432082 0.368704 0.796962
v 0.361171 0.314418 0.885577
v 0.412549 0.285966 0.872739
v -0.342885 0.370542 0.843052
v -0.438041 0.310594 0.808979
v -0.380171 0.400093 0.801934
v -0.429302 0.370758 0.786957
v -0.352412 0.309931 0.865340
v -0.400528 0.281054 0.850373
v -0.002376 0.050155 -0.586236
v -0.000107 0.169270 -0.632553
v 0.051894 0.080119 -0.595811
v -0.055281 0.080001 -0.596099
v 0.055763 0.136101 -0.627325
v -0.057171 0.140272 -0.618078
v 0.309031 -0.142037 -0.401781
v 0.390888 -0.082528 -0.362560
v 0.336610 -0.166837 -0.360668
v 0.378472 -0.136294 -0.340921
v 0.321770 -0.087483 -0.424841
v 0.361651 -0.058735 -0.405130
v -0.305333 -0.149242 -0.397826
v -0.393207 -0.089270 -0.363628
v -0.338883 -0.171102 -0.372081
v -0.381578 -0.139186 -0.351868
v -0.315254 -0.097175 -0.411375
v -0.360112 -0.068907 -0.395914
v 0.340397 0.382040 -0.472428
v 0.420160 0.313238 -0.410725
v 0.371522 0.406950 -0.424203
v 0.410319 0.370998 -0.393488
v 0.339295 0.319696 -0.485232
v 0.381658 0.287302 -0.449984
v -0.338217 0.372784 -0.474551
v -0.405750 0.300250 -0.391031
v -0.363117 0.395376 -0.411548
v -0.403045 0.360605 -0.378802
v -0.340554 0.310321 -0.489231
v -0.370391 0.275620 -0.437744
v 0.705314 0.102441 0.136590
v 0.704015 0.106030 0.249020
v 0.703583 0.152414 0.167803
v 0.705235 0.155559 0.223042
v 0.706571 0.052605 0.165373
v 0.703341 0.053317 0.221138
v -0.708535 0.096584 0.140709
v -0.712705 0.095754 0.253351
v -0.708798 0.148164 0.168143
v -0.710455 0.148212 0.223450
v -0.708568 0.046775 0.169508
v -0.711755 0.044393 0.224906
v -0.280005 0.845114 0.193475
v -0.168956 0.888603 0.194284
v -0.249485 0.851889 0.248868
v -0.256523 0.861228 0.140389
v -0.193622 0.874033 0.250579
v -0.200468 0.881116 0.136468
v -0.367825 0.785097 0.337758
v -0.330659 0.792133 0.451723
v -0.313894 0.812068 0.346072
v -0.403407 0.759938 0.381369
v -0.293307 0.814951 0.402857
v -0.386178 0.762302 0.440890
v -0.382377 0.813228 0.040596
v -0.334381 0.812872 -0.067471
v -0.325636 0.840833 0.034547
v -0.414502 0.790097 -0.000772
v -0.301563 0.847987 -0.024462
v -0.394252 0.787017 -0.055294
v -0.509486 0.706477 0.108603
v -0.533869 0.619306 0.057769
v -0.488657 0.706493 0.050631
v -0.543407 0.667932 0.143386
v -0.501460 0.661799 0.024929
v -0.555598 0.624789 0.116691
v -0.517863 0.703629 0.282142
v -0.575723 0.632361 0.350783
v -0.505327 0.701106 0.343717
v -0.559173 0.673147 0.255969
v -0.539976 0.669775 0.381406
v -0.584346 0.638348 0.289167
v 0.299194 0.891416 0.192738
v 0.182310 0.914258 0.195700
v 0.272790 0.902219 0.247958
v 0.271484 0.898373 0.138310
v 0.213665 0.909819 0.251125
v 0.212251 0.912450 0.136942
v 0.376482 0.806212 0.331527
v 0.325880 0.791500 0.439305
v 0.324404 0.837485 0.343548
v 0.407176 0.772551 0.372742
v 0.298474 0.829309 0.397025
v 0.382081 0.765084 0.426493
v 0.356501 0.794547 0.055957
v 0.321304 0.797039 -0.066818
v 0.310963 0.831285 0.039468
v 0.378447 0.754822 0.015331
v 0.294607 0.837402 -0.026688
v 0.363117 0.753644 -0.046650
v 0.478692 0.687084 0.124178
v 0.513124 0.598234 0.065701
v 0.460071 0.680874 0.065488
v 0.511890 0.648590 0.154365
v 0.477286 0.637452 0.035048
v 0.531891 0.604656 0.126368
v 0.513442 0.709811 0.287215
v 0.569249 0.631700 0.344779
v 0.510885 0.713502 0.339740
v 0.538558 0.665671 0.265394
v 0.534598 0.673579 0.370546
v 0.566853 0.627478 0.293260
v -0.294405 -0.676940 0.190881
v -0.182876 -0.698266 0.193271
v -0.268020 -0.676821 0.247129
v -0.272176 -0.700342 0.133208
v -0.210402 -0.686320 0.249340
v -0.216257 -0.710745 0.134058
v -0.381071 -0.610941 0.347361
v -0.343071 -0.605817 0.453845
v -0.331227 -0.639776 0.356011
v -0.415974 -0.585981 0.391333
v -0.307861 -0.634584 0.410403
v -0.387823 -0.576321 0.439772
v -0.366350 -0.601947 0.051404
v -0.339922 -0.609274 -0.066136
v -0.338195 -0.668278 0.023818
v -0.381577 -0.549225 0.019917
v -0.330021 -0.670796 -0.031355
v -0.367109 -0.550492 -0.036500
v -0.467250 -0.459586 0.133233
v -0.511198 -0.368104 0.076159
v -0.450626 -0.453706 0.076468
v -0.505636 -0.421819 0.162859
v -0.472987 -0.406378 0.047895
v -0.527524 -0.375333 0.135566
v -0.505224 -0.492986 0.288256
v -0.568125 -0.423734 0.342028
v -0.505106 -0.505783 0.340179
v -0.533732 -0.447187 0.267244
v -0.532908 -0.467360 0.370227
v -0.564737 -0.411769 0.294086
v 0.300318 -0.684907 0.187546
v 0.184957 -0.700951 0.191761
v 0.267228 -0.674769 0.242341
v 0.272271 -0.700463 0.131573
v 0.211365 -0.690966 0.246450
v 0.217853 -0.713733 0.131891
v 0.381755 -0.605061 0.338077
v 0.340421 -0.609712 0.457546
v 0.327499 -0.628487 0.346317
v 0.413545 -0.574430 0.384757
v 0.305152 -0.628480 0.404446
v 0.391961 -0.576649 0.442890
v 0.373094 -0.609907 0.052198
v 0.341170 -0.615864 -0.069520
v 0.343677 -0.671776 0.029699
v 0.384801 -0.555693 0.021373
v 0.332027 -0.671736 -0.028561
v 0.366582 -0.553984 -0.038700
v 0.482611 -0.469799 0.129563
v 0.526403 -0.385183 0.071149
v 0.467754 -0.461097 0.073912
v 0.518852 -0.433983 0.157267
v 0.485019 -0.418306 0.044516
v 0.542640 -0.391930 0.129744
v 0.511910 -0.498027 0.283301
v 0.567631 -0.419660 0.346846
v 0.500024 -0.498449 0.340815
v 0.544361 -0.452595 0.260365
v 0.529340 -0.459515 0.375079
v 0.576375 -0.417197 0.286986
v -0.093939 -0.459155 0.849874
v -0.180917 -0.583294 0.833101
v -0.063114 -0.513354 0.819628
v -0.160093 -0.450987 0.857918
v -0.097161 -0.572651 0.819339
v -0.209032 -0.509069 0.834939
v 0.153603 -0.599634 0.979862
v 0.168555 -0.526947 0.776993
v 0.070590 -0.537895 0.845350
v 0.202458 -0.487659 0.910432
v 0.100487 -0.541625 0.779333
v 0.207765 -0.490202 0.830727
v 0.002027 -0.201437 0.994084
v 0.001572 -0.084958 1.022938
v 0.060946 -0.177146 1.008689
v -0.055241 -0.174488 1.004724
v 0.059695 -0.117380 1.018144
v -0.056660 -0.116527 1.017078
v 0.164454 -0.338725 1.001797
v 0.275880 -0.277711 0.974218
v 0.215590 -0.375657 0.975248
v 0.173007 -0.324123 1.080469
v 0.281327 -0.375913 1.000808
v 0.239209 -0.239247 1.014829
v -0.205661 -0.338105 0.981009
v -0.278430 -0.284820 0.970419
v -0.233823 -0.375963 0.962404
v -0.195922 -0.278738 1.014454
v -0.296182 -0.352016 0.953287
v -0.233286 -0.252448 1.007631
v -0.088447 0.616361 0.796040
v -0.157311 0.684199 0.727390
v -0.062903 0.655452 0.763984
v -0.145718 0.606327 0.793161
v -0.097130 0.691085 0.728734
v -0.180699 0.639442 0.757320
v 0.084420 0.609797 0.791989
v 0.148366 0.667242 0.712877
v 0.056460 0.647982 0.756831
v 0.142361 0.599402 0.791188
v 0.087969 0.678251 0.718275
v 0.175688 0.627362 0.750952
v 0.002283 0.386740 0.945899
v 0.002587 0.272334 0.992077
v 0.053565 0.359625 0.954861
v -0.049383 0.358672 0.950784
v 0.055487 0.302603 0.978539
v -0.051544 0.301810 0.974220
v 0.137559 0.475546 0.884320
v 0.244486 0.427119 0.880020
v 0.178851 0.508081 0.857528
v 0.148302 0.420402 0.911544
v 0.231406 0.484483 0.853712
v 0.201371 0.395289 0.909564
v -0.137653 0.478604 0.883543
v -0.240393 0.427590 0.867911
v -0.177952 0.508989 0.852212
v -0.144954 0.421895 0.906125
v -0.229182 0.484426 0.842381
v -0.197820 0.395053 0.899965
v -0.091739 -0.403621 -0.393985
v -0.156825 -0.465756 -0.333916
v -0.065247 -0.437735 -0.362739
v -0.151168 -0.396946 -0.388683
v -0.098008 -0.467116 -0.328087
v -0.180203 -0.427579 -0.361554
v 0.086310 -0.400555 -0.392866
v 0.149372 -0.459253 -0.319444
v 0.061263 -0.437128 -0.362501
v 0.140148 -0.388633 -0.384245
v 0.096257 -0.470347 -0.327265
v 0.169977 -0.412571 -0.343612
v -0.005809 -0.174316 -0.520371
v -0.003717 -0.062511 -0.556987
v 0.043306 -0.145646 -0.523441
v -0.050954 -0.145165 -0.520867
v 0.047054 -0.090010 -0.542922
v -0.052349 -0.090194 -0.546928
v 0.124561 -0.253609 -0.442628
v 0.224312 -0.200819 -0.431052
v 0.170208 -0.291287 -0.427187
v 0.132338 -0.198647 -0.463579
v 0.215957 -0.261239 -0.417612
v 0.185355 -0.171084 -0.457924
v -0.130956 -0.253761 -0.446663
v -0.223077 -0.206274 -0.427109
v -0.170743 -0.288469 -0.425654
v -0.139517 -0.199426 -0.468445
v -0.215765 -0.262865 -0.415213
v -0.185838 -0.176321 -0.459940
v -0.092091 0.666014 -0.461601
v -0.183440 0.762979 -0.413583
v -0.070875 0.710300 -0.430338
v -0.152974 0.656728 -0.458621
v -0.115479 0.766790 -0.412502
v -0.205054 0.706479 -0.437285
v 0.094717 0.656238 -0.453729
v 0.141478 0.758308 -0.375349
v 0.063739 0.703418 -0.418360
v 0.157767 0.644039 -0.452020
v 0.099423 0.755846 -0.372814
v 0.187901 0.688651 -0.418159
v -0.001251 0.409568 -0.641791
v -0.006183 0.302966 -0.633866
v 0.063514 0.378226 -0.651356
v -0.066026 0.387485 -0.646721
v 0.063566 0.325745 -0.631239
v -0.069988 0.335650 -0.664486
v 0.153454 0.500624 -0.556222
v 0.262521 0.447729 -0.536012
v 0.198785 0.535514 -0.524182
v 0.162582 0.440970 -0.586765
v 0.257646 0.513072 -0.520630
v 0.220432 0.413044 -0.577698
v -0.150718 0.507291 -0.564023
v -0.263777 0.447490 -0.545977
v -0.191371 0.538913 -0.520677
v -0.163885 0.445196 -0.600219
v -0.251089 0.516677 -0.514634
v -0.222566 0.409682 -0.599090
v 0.613010 0.218499 -0.145488
v 0.604168 0.313382 -0.102008
v 0.591454 0.256172 -0.176861
v 0.629992 0.226032 -0.093614
v 0.583995 0.303953 -0.155949
v 0.625689 0.272664 -0.069830
v 0.622125 -0.016349 -0.147539
v 0.614051 -0.112247 -0.102367
v 0.601026 -0.053732 -0.178263
v 0.638398 -0.023384 -0.096471
v 0.594204 -0.102532 -0.155640
v 0.634054 -0.069633 -0.071554
v 0.547185 0.033252 -0.269483
v 0.475653 -0.025237 -0.320502
v 0.548415 -0.019542 -0.260247
v 0.516696 0.057355 -0.309591
v 0.509711 -0.049703 -0.282180
v 0.483614 0.028789 -0.337491
v 0.547552 0.180254 -0.282864
v 0.488637 0.244977 -0.351636
v 0.542845 0.227916 -0.272471
v 0.518313 0.163786 -0.321134
v 0.514196 0.262758 -0.304781
v 0.492928 0.192209 -0.357078
v 0.657581 0.100475 -0.059408
v 0.689161 0.098251 0.032492
v 0.663939 0.139967 -0.035838
v 0.660042 0.058417 -0.035578
v 0.679927 0.143919 0.009958
v 0.679737 0.055904 0.013196
v 0.670090 0.243173 0.561192
v 0.660581 0.350335 0.512105
v 0.657046 0.285610 0.594246
v 0.678670 0.252419 0.503016
v 0.649926 0.338849 0.569538
v 0.676833 0.306766 0.479317
v 0.651755 -0.033780 0.555568
v 0.654975 -0.141882 0.509873
v 0.635103 -0.073055 0.587384
v 0.666513 -0.044787 0.503774
v 0.636005 -0.127486 0.565014
v 0.671043 -0.099976 0.483221
v 0.594447 0.020305 0.707499
v 0.529559 -0.042649 0.768329
v 0.590765 -0.034315 0.687851
v 0.567563 0.049949 0.751746
v 0.562440 -0.069770 0.720743
v 0.532917 0.018797 0.783150
v 0.607685 0.185176 0.719126
v 0.533935 0.250826 0.781904
v 0.604919 0.242765 0.702625
v 0.577920 0.160597 0.768071
v 0.565591 0.276006 0.731221
v 0.540448 0.193139 0.800975
v 0.684815 0.104287 0.467821
v 0.697238 0.106946 0.357826
v 0.691138 0.156479 0.441880
v 0.684229 0.053290 0.443006
v 0.696706 0.158286 0.386921
v 0.692402 0.053725 0.388199
v -0.619516 0.225954 -0.150884
v -0.606429 0.319808 -0.104073
v -0.602228 0.263006 -0.179059
v -0.633649 0.230315 -0.099158
v -0.593544 0.312358 -0.159445
v -0.630651 0.278594 -0.074150
v -0.605976 -0.016593 -0.138316
v -0.601079 -0.104767 -0.092675
v -0.581873 -0.048031 -0.167107
v -0.628999 -0.025240 -0.091616
v -0.580898 -0.093624 -0.146656
v -0.621647 -0.068475 -0.064978
v -0.542738 0.025632 -0.278099
v -0.474012 -0.031730 -0.323058
v -0.533976 -0.018925 -0.260149
v -0.513859 0.045587 -0.311876
v -0.500977 -0.047736 -0.285038
v -0.477256 0.019244 -0.333997
v -0.552285 0.173762 -0.277190
v -0.479849 0.233967 -0.327279
v -0.549951 0.228561 -0.263670
v -0.518413 0.148881 -0.312782
v -0.514648 0.258396 -0.288227
v -0.481544 0.178244 -0.337338
v -0.661282 0.096963 -0.067348
v -0.687948 0.097519 0.039298
v -0.666274 0.142419 -0.042443
v -0.664003 0.053624 -0.039431
v -0.681604 0.143955 0.011295
v -0.679990 0.052423 0.012618
v -0.682058 0.244846 0.561322
v -0.678528 0.360176 0.523061
v -0.661530 0.287333 0.593972
v -0.693809 0.254854 0.511195
v -0.657243 0.344074 0.573366
v -0.691173 0.308303 0.490665
v -0.670754 -0.036134 0.561318
v -0.679119 -0.147345 0.518669
v -0.659194 -0.077075 0.595112
v -0.687636 -0.046054 0.506335
v -0.655078 -0.131391 0.572843
v -0.686988 -0.101494 0.482352
v -0.607472 0.016965 0.716382
v -0.539891 -0.046811 0.785445
v -0.604348 -0.038486 0.701333
v -0.578165 0.042535 0.765776
v -0.571806 -0.072080 0.734696
v -0.545410 0.013525 0.803178
v -0.598784 0.182418 0.707160
v -0.524307 0.247339 0.763212
v -0.597568 0.242798 0.692833
v -0.568634 0.155096 0.754465
v -0.558785 0.275011 0.718804
v -0.530645 0.186195 0.782673
v -0.700313 0.100267 0.476077
v -0.712397 0.096506 0.367357
v -0.702198 0.150397 0.451659
v -0.704674 0.048139 0.448841
v -0.707457 0.149872 0.395923
v -0.712762 0.045157 0.394841
v -0.087447 0.904267 0.361547
v -0.156910 0.867169 0.467375
v -0.145700 0.885181 0.359601
v -0.179610 0.866729 0.413006
v -0.062782 0.903359 0.416452
v -0.096795 0.880485 0.468736
v -0.098191 0.911837 0.008009
v -0.170405 0.898118 -0.223435
v -0.154072 0.899491 -0.000253
v -0.187111 0.890483 -0.080448
v -0.073948 0.910614 -0.051926
v -0.119696 0.901080 -0.137475
v 0.095254 0.910233 0.363727
v 0.157380 0.861429 0.459842
v 0.156770 0.904356 0.363965
v 0.187364 0.878672 0.413525
v 0.064981 0.904009 0.418314
v 0.098451 0.882878 0.465396
v 0.107379 0.900137 0.012273
v 0.206264 0.902032 -0.099221
v 0.170738 0.903949 0.003673
v 0.216679 0.914490 -0.081759
v 0.084695 0.901785 -0.045759
v 0.130540 0.906913 -0.115461
v -0.439898 0.711718 0.584034
v -0.539982 0.635705 0.538862
v -0.461024 0.707398 0.526944
v -0.512411 0.673654 0.506459
v -0.459691 0.666167 0.606197
v -0.512602 0.629305 0.588408
v -0.067659 0.801003 0.614979
v 0.059920 0.786233 0.599165
v -0.037211 0.764286 0.653102
v 0.026850 0.756007 0.644267
v -0.034441 0.830954 0.566362
v 0.030106 0.826675 0.560857
v -0.326115 0.635125 0.702512
v -0.356034 0.517678 0.752550
v -0.290071 0.603364 0.742432
v -0.304742 0.545152 0.767012
v -0.378860 0.606331 0.686723
v -0.393777 0.548530 0.712012
v -0.476806 0.720584 -0.217883
v -0.473182 0.602610 -0.121932
v -0.439164 0.703502 -0.135665
v -0.469575 0.657350 -0.097994
v -0.445136 0.672588 -0.233253
v -0.449163 0.603903 -0.180028
v -0.076886 0.845390 -0.264749
v 0.068937 0.820676 -0.257068
v -0.041645 0.829422 -0.342816
v 0.035139 0.823699 -0.345805
v -0.036593 0.858576 -0.200140
v 0.033320 0.853916 -0.197091
v -0.326415 0.657782 -0.336380
v -0.344258 0.523683 -0.366700
v -0.294200 0.631689 -0.380940
v -0.306142 0.565884 -0.400967
v -0.366832 0.625332 -0.305935
v -0.378898 0.553059 -0.323086
v -0.629523 0.495650 0.148744
v -0.645949 0.506009 0.263118
v -0.616464 0.545524 0.177362
v -0.625664 0.550885 0.233597
v -0.657112 0.453995 0.175833
v -0.666389 0.460350 0.232065
v -0.526360 0.442741 -0.196453
v -0.480217 0.411594 -0.291755
v -0.542927 0.390629 -0.219549
v -0.524204 0.377204 -0.266107
v -0.495508 0.488687 -0.225363
v -0.481937 0.476338 -0.276847
v -0.656285 0.339801 0.064209
v -0.699287 0.251098 0.111893
v -0.664346 0.290053 0.036213
v -0.685683 0.245466 0.063508
v -0.678141 0.350102 0.116214
v -0.694503 0.304259 0.139849
v -0.580600 0.476952 0.611079
v -0.505027 0.427089 0.701658
v -0.586420 0.419306 0.633125
v -0.549493 0.395044 0.679130
v -0.533962 0.511351 0.633813
v -0.493491 0.484880 0.676009
v -0.688270 0.360103 0.349778
v -0.700052 0.254127 0.284221
v -0.694395 0.307941 0.375790
v -0.699765 0.255092 0.343627
v -0.690757 0.359871 0.289644
v -0.696838 0.307319 0.257113
v 0.416117 0.686270 0.556958
v 0.517210 0.617682 0.512118
v 0.445076 0.697495 0.507979
v 0.494791 0.664076 0.484239
v 0.436158 0.635191 0.584619
v 0.486899 0.600692 0.563541
v 0.317951 0.618316 0.693488
v 0.352364 0.509061 0.754106
v 0.283737 0.591449 0.738009
v 0.301547 0.538514 0.769626
v 0.369485 0.589932 0.677986
v 0.386806 0.534639 0.707858
v 0.483056 0.717038 -0.208782
v 0.458347 0.588194 -0.117230
v 0.423687 0.684098 -0.132331
v 0.443564 0.636204 -0.094907
v 0.439794 0.654627 -0.221994
v 0.436670 0.586403 -0.175295
v 0.324468 0.650502 -0.337659
v 0.351026 0.528046 -0.388586
v 0.296287 0.625158 -0.390607
v 0.311993 0.566184 -0.417941
v 0.357624 0.613446 -0.309033
v 0.367168 0.545134 -0.330095
v 0.607719 0.478590 0.159232
v 0.632788 0.496355 0.270890
v 0.592820 0.526632 0.188249
v 0.603667 0.535021 0.244142
v 0.634114 0.439578 0.185956
v 0.645719 0.447835 0.241928
v 0.510384 0.432620 -0.192357
v 0.459935 0.405070 -0.296649
v 0.524452 0.381773 -0.217608
v 0.500651 0.368390 -0.270061
v 0.472813 0.476192 -0.223375
v 0.447920 0.461867 -0.275680
v 0.646587 0.333063 0.065909
v 0.683869 0.246411 0.116697
v 0.656885 0.283175 0.038658
v 0.674439 0.240539 0.063503
v 0.659414 0.339724 0.122555
v 0.671111 0.295257 0.148483
v 0.568656 0.462485 0.601252
v 0.499722 0.420211 0.701844
v 0.580873 0.409899 0.629238
v 0.545650 0.387977 0.680537
v 0.521159 0.496815 0.623126
v 0.487403 0.475242 0.673168
v 0.684026 0.361520 0.347733
v 0.696973 0.256828 0.285457
v 0.694065 0.313411 0.370158
v 0.698998 0.260942 0.338811
v 0.681616 0.359271 0.294269
v 0.686437 0.305285 0.261736
v -0.082813 -0.712298 0.366538
v -0.154601 -0.670405 0.472120
v -0.150197 -0.690225 0.362996
v -0.184252 -0.668356 0.413821
v -0.050245 -0.719858 0.426076
v -0.089894 -0.699189 0.479075
v -0.098104 -0.681266 0.030620
v -0.165056 -0.668240 -0.081345
v -0.161289 -0.705493 0.022827
v -0.190310 -0.717634 -0.038202
v -0.066816 -0.653053 -0.017442
v -0.100380 -0.645785 -0.073055
v 0.090113 -0.725717 0.367531
v 0.165448 -0.695584 0.486497
v 0.153524 -0.701147 0.364488
v 0.188247 -0.682212 0.420044
v 0.063951 -0.730082 0.428061
v 0.099875 -0.715621 0.489629
v 0.100159 -0.679827 0.030843
v 0.167638 -0.668144 -0.079943
v 0.165169 -0.713260 0.021997
v 0.196033 -0.717592 -0.037987
v 0.069477 -0.650763 -0.016982
v 0.104684 -0.640552 -0.070799
v -0.417060 -0.485270 0.563804
v -0.512387 -0.407458 0.514694
v -0.447868 -0.501205 0.508983
v -0.491107 -0.458150 0.484019
v -0.435742 -0.433057 0.596176
v -0.486496 -0.395441 0.570456
v -0.069182 -0.661027 0.660175
v 0.066899 -0.670420 0.658915
v -0.033231 -0.632784 0.712961
v 0.033460 -0.626972 0.701364
v -0.034559 -0.697222 0.602097
v 0.024536 -0.736721 0.617119
v -0.343361 -0.456844 0.746164
v -0.369062 -0.334968 0.796200
v -0.316120 -0.438663 0.800077
v -0.325360 -0.374625 0.823467
v -0.380441 -0.409455 0.714340
v -0.399131 -0.354317 0.743736
v -0.364722 -0.428836 -0.141728
v -0.452927 -0.348031 -0.092386
v -0.387742 -0.437258 -0.087709
v -0.430831 -0.394793 -0.062512
v -0.384455 -0.377694 -0.173545
v -0.431641 -0.339398 -0.150680
v -0.065851 -0.566551 -0.209261
v 0.073191 -0.573098 -0.212950
v -0.033026 -0.539625 -0.251476
v 0.035461 -0.537307 -0.248581
v -0.031785 -0.585890 -0.163696
v 0.037953 -0.585274 -0.163759
v -0.282600 -0.386476 -0.296605
v -0.314519 -0.277154 -0.341767
v -0.257817 -0.371247 -0.338942
v -0.271374 -0.311864 -0.358227
v -0.327143 -0.346700 -0.275852
v -0.342960 -0.292649 -0.300951
v -0.612672 -0.263818 0.159353
v -0.634473 -0.284856 0.270096
v -0.595594 -0.307460 0.189821
v -0.610406 -0.320526 0.245557
v -0.645237 -0.231731 0.186946
v -0.646458 -0.238496 0.241608
v -0.503358 -0.205799 -0.177984
v -0.446063 -0.174854 -0.276272
v -0.516113 -0.157583 -0.203722
v -0.488130 -0.141496 -0.254859
v -0.465839 -0.242750 -0.207931
v -0.435026 -0.226035 -0.256467
v -0.639739 -0.126446 0.071230
v -0.682876 -0.046656 0.118108
v -0.648837 -0.083230 0.041178
v -0.667645 -0.041673 0.066916
v -0.660849 -0.137627 0.120682
v -0.675740 -0.096151 0.146470
v -0.572910 -0.257924 0.603662
v -0.513104 -0.225361 0.716015
v -0.585282 -0.204600 0.630612
v -0.556954 -0.189874 0.686942
v -0.525892 -0.293486 0.630522
v -0.495583 -0.278363 0.686603
v -0.687297 -0.156165 0.346760
v -0.705804 -0.054831 0.285668
v -0.699288 -0.106423 0.372459
v -0.708921 -0.056380 0.343619
v -0.681361 -0.154691 0.292243
v -0.690682 -0.103720 0.260804
v 0.418802 -0.501828 0.580920
v 0.511952 -0.409974 0.516865
v 0.445060 -0.501761 0.520309
v 0.490987 -0.457440 0.490717
v 0.445710 -0.446729 0.604357
v 0.487260 -0.401444 0.570872
v 0.351040 -0.459297 0.743527
v 0.369713 -0.341634 0.796473
v 0.341229 -0.450918 0.811958
v 0.334638 -0.390497 0.834521
v 0.391904 -0.418342 0.715205
v 0.404418 -0.359395 0.741692
v 0.371455 -0.435487 -0.148977
v 0.460894 -0.359649 -0.100714
v 0.397040 -0.444732 -0.095967
v 0.440726 -0.402990 -0.070595
v 0.389041 -0.386824 -0.177244
v 0.436538 -0.351149 -0.155361
v 0.284975 -0.389563 -0.282416
v 0.311508 -0.279749 -0.320195
v 0.256609 -0.366174 -0.318673
v 0.270512 -0.311745 -0.338889
v 0.329474 -0.355505 -0.262699
v 0.342805 -0.301552 -0.282773
v 0.618796 -0.280853 0.151862
v 0.642924 -0.299521 0.259922
v 0.601193 -0.325003 0.183723
v 0.614214 -0.334099 0.235024
v 0.649599 -0.245830 0.175443
v 0.664389 -0.255040 0.229316
v 0.513176 -0.224709 -0.182999
v 0.447555 -0.184728 -0.264163
v 0.525729 -0.177977 -0.205001
v 0.494033 -0.156108 -0.246244
v 0.468341 -0.255729 -0.202702
v 0.436289 -0.237291 -0.245108
v 0.654181 -0.136173 0.061652
v 0.703516 -0.051077 0.109343
v 0.662856 -0.084916 0.033741
v 0.688740 -0.044175 0.056940
v 0.669259 -0.145142 0.114759
v 0.695283 -0.102398 0.137935
v 0.559153 -0.254618 0.598221
v 0.505561 -0.222092 0.709156
v 0.570608 -0.200967 0.624081
v 0.545099 -0.184581 0.679436
v 0.519175 -0.292998 0.626884
v 0.492328 -0.277715 0.684259
v 0.674317 -0.152658 0.345619
v 0.691429 -0.050086 0.280654
v 0.678315 -0.101575 0.370593
v 0.686520 -0.050816 0.338379
v 0.678964 -0.153247 0.285988
v 0.688733 -0.102190 0.253513
v 0.172709 0.007566 1.024239
v 0.277968 -0.058648 0.975317
v 0.172758 -0.058120 1.015152
v 0.226250 -0.092794 0.996227
v 0.231119 0.039647 1.017316
v 0.286122 0.006786 0.994223
v -0.173555 0.006764 1.026577
v -0.280545 -0.059728 0.981090
v -0.172439 -0.058278 1.015284
v -0.226580 -0.093665 0.996877
v -0.229990 0.037194 1.018098
v -0.283776 0.004791 0.994253
v 0.169116 0.193206 1.011058
v 0.271652 0.254095 0.953420
v 0.165302 0.251051 0.985799
v 0.216035 0.281509 0.959386
v 0.226649 0.165193 1.006952
v 0.278992 0.195344 0.976404
v -0.163723 0.185987 0.992735
v -0.265160 0.249537 0.937053
v -0.159715 0.245404 0.970750
v -0.209765 0.277087 0.943372
v -0.220333 0.155991 0.985246
v -0.272465 0.187148 0.958582
v 0.422496 0.046873 0.900293
v 0.432664 0.169174 0.914362
v 0.467910 0.080937 0.873103
v 0.474155 0.144160 0.882599
v 0.383468 0.076518 0.941670
v 0.392441 0.141442 0.953258
v -0.427296 0.037534 0.910425
v -0.420419 0.159776 0.897175
v -0.473757 0.068631 0.883542
v -0.466325 0.129814 0.872216
v -0.387304 0.068616 0.948185
v -0.382128 0.127514 0.936392
v 0.153734 0.024613 -0.548434
v 0.244664 -0.032386 -0.485230
v 0.150033 -0.032024 -0.526693
v 0.195447 -0.059259 -0.496666
v 0.202983 0.054676 -0.538805
v 0.247664 0.024544 -0.506612
v -0.146621 0.028635 -0.546522
v -0.231337 -0.033867 -0.473147
v -0.143369 -0.026763 -0.527809
v -0.187734 -0.059899 -0.493317
v -0.191451 0.056835 -0.531300
v -0.231654 0.024489 -0.488199
v 0.169677 0.210115 -0.628956
v 0.285610 0.273800 -0.607114
v 0.182246 0.272343 -0.638802
v 0.252862 0.320899 -0.641594
v 0.215365 0.178230 -0.587138
v 0.266723 0.209181 -0.571307
v -0.173178 0.214199 -0.625903
v -0.276754 0.260377 -0.607178
v -0.177000 0.275797 -0.654231
v -0.229781 0.296654 -0.656087
v -0.217437 0.185378 -0.583897
v -0.272879 0.200113 -0.586116
v 0.376389 0.051722 -0.435257
v 0.380712 0.169156 -0.445627
v 0.416616 0.080887 -0.409919
v 0.418762 0.137760 -0.413852
v 0.338733 0.081214 -0.470297
v 0.341339 0.140788 -0.481372
v -0.371646 0.043526 -0.421517
v -0.373055 0.161364 -0.438263
v -0.413836 0.069904 -0.399180
v -0.411665 0.127090 -0.406658
v -0.325636 0.077116 -0.451401
v -0.327126 0.137399 -0.464525
v -0.358460 0.804218 0.238348
v -0.363913 0.813304 0.142622
v -0.306127 0.827904 0.244033
v -0.311123 0.837847 0.140783
v -0.436520 0.759487 0.267989
v -0.335595 0.807546 0.291016
v -0.420270 0.758099 0.323797
v -0.442551 0.773231 0.110826
v -0.345757 0.827059 0.089453
v -0.431854 0.781944 0.052045
v -0.487229 0.737304 0.191759
v -0.471148 0.745301 0.077739
v -0.524434 0.707285 0.166106
v -0.470496 0.731815 0.305772
v -0.524732 0.706034 0.222456
v 0.369531 0.835531 0.238170
v 0.364518 0.830749 0.149094
v 0.321089 0.869152 0.242341
v 0.320717 0.868721 0.141869
v 0.446047 0.776524 0.269430
v 0.348067 0.839102 0.288288
v 0.428042 0.775219 0.319031
v 0.420159 0.761076 0.128265
v 0.337264 0.831489 0.097689
v 0.397333 0.756161 0.075354
v 0.472170 0.734645 0.202976
v 0.442403 0.723639 0.096788
v 0.495302 0.693685 0.180322
v 0.478272 0.744058 0.304144
v 0.504947 0.700905 0.233200
v -0.366023 -0.628672 0.243076
v -0.358784 -0.623903 0.148356
v -0.320556 -0.660004 0.245135
v -0.319845 -0.666930 0.138523
v -0.434700 -0.563802 0.276429
v -0.349853 -0.634961 0.297133
v -0.425895 -0.574239 0.330129
v -0.410665 -0.544807 0.133277
v -0.342990 -0.640917 0.091377
v -0.392713 -0.545060 0.077823
v -0.459438 -0.509651 0.211007
v -0.429416 -0.500232 0.104903
v -0.482879 -0.464990 0.190578
v -0.467697 -0.533685 0.310091
v -0.498584 -0.477835 0.241632
v 0.378865 -0.640997 0.238176
v 0.373643 -0.643122 0.146565
v 0.327406 -0.665065 0.240794
v 0.326436 -0.675369 0.136887
v 0.444379 -0.571820 0.269064
v 0.351986 -0.633413 0.289628
v 0.431869 -0.576669 0.326923
v 0.421593 -0.555150 0.131830
v 0.351688 -0.649524 0.091817
v 0.405678 -0.556286 0.077843
v 0.472368 -0.522313 0.203859
v 0.442333 -0.508717 0.103387
v 0.495905 -0.477549 0.182298
v 0.472188 -0.537920 0.306102
v 0.507048 -0.487766 0.232106
v 0.000047 -0.433676 0.888446
v -0.089551 -0.375765 0.917048
v -0.034828 -0.471779 0.852690
v -0.122585 -0.410954 0.891367
v 0.089068 -0.381732 0.926694
v 0.022848 -0.504146 0.873347
v 0.146352 -0.451639 0.934615
v 0.052543 -0.291679 0.962591
v -0.057790 -0.289341 0.960528
v 0.057558 -0.234475 0.991933
v -0.056531 -0.226691 0.978838
v 0.148997 -0.380817 0.952686
v 0.113525 -0.290775 1.003636
v -0.161958 -0.372815 0.934098
v -0.125684 -0.275827 0.981763
v -0.001017 0.585422 0.827504
v -0.074253 0.541954 0.854243
v -0.030254 0.619723 0.796113
v -0.108556 0.573602 0.827545
v 0.072684 0.544559 0.859283
v 0.026918 0.617673 0.794198
v 0.109268 0.573663 0.829267
v 0.045470 0.468807 0.905528
v -0.044498 0.470783 0.907345
v 0.050128 0.415021 0.929281
v -0.047102 0.415824 0.928549
v 0.126086 0.528952 0.860386
v 0.095399 0.445050 0.910172
v -0.126435 0.527556 0.854929
v -0.094005 0.447248 0.909470
v -0.001985 -0.376046 -0.432912
v -0.072536 -0.326253 -0.444139
v -0.032364 -0.408978 -0.398311
v -0.111999 -0.361253 -0.415982
v 0.064800 -0.326422 -0.436023
v 0.028391 -0.409185 -0.400710
v 0.106264 -0.362268 -0.419565
v 0.034779 -0.249874 -0.479231
v -0.045502 -0.248306 -0.479474
v 0.038557 -0.198435 -0.502207
v -0.048868 -0.197292 -0.497169
v 0.118812 -0.312887 -0.436934
v 0.081862 -0.225062 -0.472616
v -0.123254 -0.309595 -0.432574
v -0.090993 -0.223013 -0.474750
v 0.000618 0.632049 -0.499459
v -0.080369 0.592355 -0.541582
v -0.031966 0.669233 -0.461482
v -0.114586 0.618826 -0.496112
v 0.084662 0.579844 -0.535204
v 0.030882 0.666147 -0.459862
v 0.120084 0.608354 -0.492249
v 0.052242 0.500091 -0.591137
v -0.051937 0.505606 -0.595667
v 0.055595 0.439727 -0.622038
v -0.058114 0.445876 -0.622636
v 0.139296 0.556240 -0.524963
v 0.106691 0.470250 -0.591087
v -0.135185 0.565151 -0.530194
v -0.108354 0.481202 -0.605192
v 0.597819 0.162155 -0.209348
v 0.636976 0.137516 -0.143197
v 0.593644 0.206512 -0.194874
v 0.637972 0.181624 -0.119289
v 0.605935 0.041912 -0.209421
v 0.638224 0.062727 -0.141486
v 0.605325 -0.004878 -0.195916
v 0.639387 0.020703 -0.118820
v 0.574367 0.105569 -0.245491
v 0.579272 0.011454 -0.233017
v 0.545229 0.083257 -0.276749
v 0.572324 0.193868 -0.239035
v 0.546545 0.131664 -0.281733
v 0.651128 0.140462 -0.089849
v 0.649520 0.059487 -0.089056
v 0.654168 0.176698 0.636284
v 0.672962 0.148042 0.550375
v 0.658923 0.230100 0.616750
v 0.677998 0.198617 0.528100
v 0.638584 0.031406 0.627994
v 0.666252 0.058541 0.548865
v 0.634875 -0.019859 0.608643
v 0.668611 0.007713 0.526020
v 0.626722 0.104247 0.682716
v 0.614789 -0.002073 0.658259
v 0.599621 0.077803 0.720533
v 0.638937 0.209823 0.670901
v 0.610482 0.132981 0.732617
v 0.682684 0.153005 0.497028
v 0.676901 0.055328 0.496957
v -0.605379 0.164820 -0.209548
v -0.630295 0.136820 -0.141604
v -0.606867 0.214943 -0.195752
v -0.632523 0.182655 -0.121085
v -0.592657 0.038397 -0.204635
v -0.632050 0.059569 -0.140821
v -0.584456 -0.003550 -0.185488
v -0.628826 0.018880 -0.114542
v -0.581311 0.097992 -0.252599
v -0.562712 0.008441 -0.231487
v -0.555862 0.071632 -0.291153
v -0.581933 0.196683 -0.237847
v -0.552327 0.122350 -0.285580
v -0.647618 0.140039 -0.094396
v -0.649526 0.055473 -0.092554
v -0.655250 0.171902 0.627967
v -0.687350 0.146569 0.552418
v -0.657698 0.227665 0.611410
v -0.692861 0.199384 0.530495
v -0.660436 0.028257 0.634997
v -0.682556 0.056543 0.553185
v -0.658629 -0.023207 0.616535
v -0.682500 0.006391 0.529868
v -0.632848 0.098006 0.682732
v -0.634273 -0.005217 0.667892
v -0.608349 0.070849 0.724922
v -0.628353 0.207288 0.659784
v -0.602148 0.124604 0.722155
v -0.697019 0.151152 0.502995
v -0.694138 0.052261 0.501954
v -0.084007 0.915037 0.251282
v -0.090440 0.915696 0.136187
v -0.138689 0.896151 0.250994
v -0.144994 0.899555 0.135042
v 0.089893 0.921393 0.252120
v 0.090572 0.913737 0.139478
v 0.152834 0.916076 0.253121
v 0.152006 0.912450 0.136969
v 0.000903 0.925742 0.306489
v -0.111936 0.900321 0.306111
v -0.028184 0.913834 0.362457
v -0.000754 0.918256 0.079700
v -0.121516 0.908108 0.072455
v -0.035559 0.917980 0.018667
v 0.124221 0.914941 0.308338
v 0.031800 0.916708 0.363579
v 0.124113 0.910386 0.076425
v 0.036992 0.908611 0.017202
v -0.253885 0.821629 0.515057
v -0.347607 0.769688 0.554823
v -0.274351 0.820605 0.462336
v -0.367786 0.766034 0.498059
v -0.164680 0.762314 0.658755
v -0.250109 0.705936 0.684287
v -0.131733 0.727185 0.693834
v -0.215976 0.673698 0.721821
v -0.162780 0.818889 0.566011
v -0.216206 0.845845 0.466026
v -0.129919 0.851422 0.518095
v -0.347335 0.721739 0.637482
v -0.404886 0.739753 0.542552
v -0.404791 0.698068 0.623425
v -0.099911 0.766789 0.658055
v -0.099170 0.827773 0.567372
v -0.272336 0.657040 0.715383
v -0.364744 0.665578 0.663001
v -0.218154 0.838863 -0.148032
v -0.347344 0.772018 -0.172127
v -0.270097 0.844383 -0.085647
v -0.367766 0.774115 -0.109928
v -0.181364 0.825708 -0.319472
v -0.258886 0.736612 -0.331650
v -0.156201 0.842512 -0.398382
v -0.230200 0.723041 -0.386224
v -0.168021 0.864536 -0.175178
v -0.222215 0.877060 -0.146791
v -0.155429 0.962093 -0.206380
v -0.364985 0.767117 -0.292811
v -0.408798 0.743306 -0.161083
v -0.433892 0.738759 -0.279452
v -0.123654 0.861037 -0.350710
v -0.104552 0.869134 -0.195237
v -0.281356 0.690814 -0.363477
v -0.377941 0.699312 -0.321567
v -0.530722 0.564644 -0.029427
v -0.578914 0.527725 0.062436
v -0.515286 0.613570 -0.002251
v -0.566915 0.576912 0.090024
v -0.569905 0.409789 -0.109219
v -0.614270 0.376575 -0.021343
v -0.580321 0.359681 -0.135801
v -0.624014 0.327591 -0.048200
v -0.523703 0.505089 -0.114185
v -0.497573 0.609078 -0.063139
v -0.487421 0.551182 -0.145377
v -0.619700 0.433318 0.064807
v -0.599301 0.537109 0.121232
v -0.641880 0.443832 0.119900
v -0.555650 0.400997 -0.165613
v -0.510063 0.497018 -0.171662
v -0.641364 0.333185 0.009535
v -0.649121 0.390933 0.092172
v -0.592681 0.594629 0.447727
v -0.623211 0.552615 0.354295
v -0.566795 0.633359 0.416229
v -0.605743 0.597271 0.321845
v -0.655012 0.453893 0.534510
v -0.673157 0.409607 0.444637
v -0.657918 0.402973 0.554382
v -0.684766 0.359822 0.468056
v -0.605547 0.551226 0.538089
v -0.555180 0.634446 0.479275
v -0.562290 0.591679 0.565573
v -0.662515 0.459137 0.353925
v -0.627152 0.552660 0.293019
v -0.664155 0.459644 0.292194
v -0.624085 0.440645 0.584361
v -0.573490 0.535420 0.589488
v -0.686225 0.359422 0.409625
v -0.678864 0.410418 0.321743
v 0.245250 0.806084 0.495937
v 0.329683 0.744466 0.528718
v 0.271866 0.819956 0.448427
v 0.356679 0.757040 0.480392
v 0.150884 0.732060 0.629721
v 0.237854 0.677857 0.663425
v 0.119746 0.705849 0.675103
v 0.205799 0.652581 0.707500
v 0.154624 0.799289 0.546156
v 0.215590 0.845186 0.454726
v 0.125608 0.840144 0.506584
v 0.090283 0.745493 0.637164
v 0.092608 0.813848 0.552257
v 0.327706 0.689379 0.614009
v 0.388087 0.723179 0.520355
v 0.384197 0.669096 0.603492
v 0.263861 0.637519 0.701659
v 0.350932 0.644545 0.648357
v 0.251209 0.821858 -0.130390
v 0.336389 0.755443 -0.172190
v 0.274476 0.843157 -0.086727
v 0.349016 0.752849 -0.110234
v 0.204930 0.951600 -0.282033
v 0.238050 0.744047 -0.330720
v 0.110138 0.899500 -0.332744
v 0.206201 0.722292 -0.373713
v 0.159447 0.841849 -0.176851
v 0.209250 0.857570 -0.092287
v 0.144154 0.902249 -0.133351
v 0.110274 0.862571 -0.336464
v 0.105873 0.863451 -0.194511
v 0.363547 0.738604 -0.283735
v 0.394235 0.727233 -0.160753
v 0.426407 0.743711 -0.266576
v 0.268707 0.687156 -0.358798
v 0.376535 0.700555 -0.319497
v 0.512393 0.546228 -0.022893
v 0.564287 0.510702 0.068137
v 0.494691 0.592763 0.005072
v 0.548615 0.558690 0.097368
v 0.560261 0.400509 -0.105220
v 0.609611 0.368194 -0.018127
v 0.574479 0.352165 -0.131558
v 0.620180 0.320074 -0.045534
v 0.513023 0.492165 -0.108657
v 0.477049 0.589910 -0.056849
v 0.479816 0.538196 -0.142944
v 0.609603 0.422036 0.069584
v 0.581595 0.518427 0.128553
v 0.620952 0.429635 0.129149
v 0.543954 0.392587 -0.162949
v 0.494189 0.485737 -0.167054
v 0.633095 0.325889 0.011016
v 0.634269 0.381340 0.097021
v 0.583977 0.588088 0.431114
v 0.625382 0.548312 0.351826
v 0.556789 0.630060 0.400302
v 0.595469 0.587913 0.324151
v 0.637841 0.440691 0.518266
v 0.669718 0.408848 0.432758
v 0.646908 0.391750 0.543334
v 0.672983 0.356283 0.456974
v 0.580457 0.528292 0.515470
v 0.540372 0.626489 0.457069
v 0.536278 0.565958 0.540736
v 0.663019 0.457630 0.353650
v 0.619309 0.543656 0.299225
v 0.652725 0.453429 0.298020
v 0.613756 0.428767 0.575524
v 0.553516 0.514325 0.570638
v 0.681111 0.360037 0.402177
v 0.671165 0.407572 0.322888
v -0.089016 -0.702810 0.253185
v -0.094618 -0.696505 0.140635
v -0.150524 -0.695477 0.251044
v -0.156664 -0.704813 0.136993
v 0.092269 -0.710862 0.253396
v 0.095581 -0.692637 0.140526
v 0.153153 -0.700274 0.250504
v 0.157740 -0.703433 0.136321
v 0.004270 -0.724398 0.315780
v -0.117396 -0.698902 0.308958
v -0.018267 -0.727690 0.372143
v -0.000157 -0.676959 0.088733
v -0.129588 -0.700880 0.082298
v -0.033815 -0.661780 0.036126
v 0.121789 -0.709684 0.309221
v 0.024266 -0.737138 0.371405
v 0.129853 -0.697232 0.082148
v 0.034706 -0.657708 0.036759
v -0.252369 -0.618522 0.514934
v -0.341969 -0.561421 0.547521
v -0.280684 -0.624117 0.459765
v -0.369757 -0.571455 0.493081
v -0.184337 -0.653212 0.739621
v -0.353246 -0.610428 0.842265
v -0.176423 -0.622834 0.884093
v -0.276006 -0.568082 0.820253
v -0.165690 -0.646795 0.586158
v -0.217602 -0.644298 0.465383
v -0.127120 -0.671827 0.532069
v -0.335819 -0.509433 0.648971
v -0.398440 -0.535503 0.529724
v -0.384675 -0.470616 0.621486
v -0.105736 -0.643350 0.738720
v -0.099670 -0.671466 0.595328
v -0.321087 -0.513371 0.787418
v -0.355267 -0.460917 0.683364
v -0.248009 -0.622174 -0.120356
v -0.306813 -0.526516 -0.134380
v -0.292787 -0.664120 -0.081585
v -0.338743 -0.541519 -0.086341
v -0.153385 -0.531975 -0.252687
v -0.225297 -0.474123 -0.289277
v -0.128525 -0.500207 -0.293231
v -0.205787 -0.456137 -0.334412
v -0.159740 -0.599014 -0.165608
v -0.231254 -0.682235 -0.087771
v -0.133061 -0.630279 -0.124159
v -0.293723 -0.454732 -0.216254
v -0.348131 -0.482495 -0.112521
v -0.338860 -0.416281 -0.196334
v -0.097538 -0.535895 -0.250921
v -0.101488 -0.601249 -0.170280
v -0.239133 -0.424948 -0.319836
v -0.310856 -0.401795 -0.248269
v -0.515567 -0.316956 -0.010872
v -0.567252 -0.287377 0.074224
v -0.494494 -0.359056 0.018133
v -0.547736 -0.331911 0.104421
v -0.565297 -0.185103 -0.096792
v -0.612711 -0.159312 -0.013998
v -0.574406 -0.138418 -0.121848
v -0.614175 -0.113575 -0.037958
v -0.513672 -0.263819 -0.094745
v -0.473556 -0.353903 -0.036740
v -0.474133 -0.300717 -0.122641
v -0.616826 -0.211607 0.070067
v -0.582231 -0.297913 0.131988
v -0.629639 -0.219336 0.128592
v -0.543003 -0.173393 -0.150936
v -0.490458 -0.253929 -0.151341
v -0.629584 -0.121737 0.014504
v -0.637044 -0.174856 0.097668
v -0.577230 -0.374823 0.429287
v -0.625776 -0.338313 0.347658
v -0.553246 -0.421095 0.399732
v -0.598895 -0.378140 0.318157
v -0.632837 -0.232423 0.520805
v -0.680050 -0.201764 0.434045
v -0.647450 -0.184346 0.548347
v -0.687579 -0.153220 0.459984
v -0.576082 -0.317527 0.517788
v -0.534979 -0.415604 0.457592
v -0.535805 -0.357277 0.545725
v -0.663873 -0.251001 0.349752
v -0.619461 -0.330286 0.296027
v -0.654217 -0.245802 0.296533
v -0.613819 -0.222514 0.576297
v -0.554569 -0.306153 0.574093
v -0.689377 -0.155413 0.403414
v -0.671610 -0.203341 0.322430
v 0.270826 -0.661278 0.541465
v 0.353029 -0.609058 0.582496
v 0.285172 -0.638208 0.469145
v 0.372993 -0.586636 0.508626
v 0.173152 -0.606541 0.689268
v 0.267774 -0.541167 0.721415
v 0.134026 -0.567821 0.731040
v 0.233664 -0.509010 0.770427
v 0.190388 -0.775155 0.736758
v 0.226450 -0.665645 0.476930
v 0.141399 -0.709706 0.557746
v 0.101094 -0.614767 0.692805
v 0.103844 -0.696660 0.611593
v 0.355288 -0.549209 0.666404
v 0.395419 -0.550838 0.551297
v 0.401141 -0.497823 0.639791
v 0.299773 -0.490386 0.762857
v 0.375513 -0.479633 0.689108
v 0.252768 -0.628055 -0.125864
v 0.311627 -0.531702 -0.144372
v 0.296208 -0.662447 -0.085998
v 0.341787 -0.546753 -0.093533
v 0.153492 -0.533611 -0.248311
v 0.223075 -0.470792 -0.274838
v 0.124140 -0.501894 -0.286828
v 0.197083 -0.443851 -0.311017
v 0.162987 -0.603375 -0.171645
v 0.234348 -0.683120 -0.085469
v 0.139279 -0.629001 -0.125863
v 0.098608 -0.543334 -0.250031
v 0.103895 -0.598772 -0.168966
v 0.298164 -0.460910 -0.216665
v 0.354349 -0.488416 -0.121543
v 0.342221 -0.422096 -0.197263
v 0.240878 -0.420143 -0.297971
v 0.314174 -0.406513 -0.240939
v 0.523486 -0.333300 -0.016012
v 0.583594 -0.310693 0.067082
v 0.505569 -0.374712 0.014891
v 0.567777 -0.353048 0.097457
v 0.571757 -0.200606 -0.103196
v 0.617091 -0.169738 -0.018622
v 0.584944 -0.152155 -0.131056
v 0.625394 -0.119510 -0.045647
v 0.520324 -0.281779 -0.103057
v 0.482974 -0.366539 -0.043603
v 0.480028 -0.315735 -0.129789
v 0.618564 -0.225800 0.065312
v 0.594608 -0.317333 0.126592
v 0.633271 -0.234766 0.120176
v 0.552841 -0.190748 -0.158270
v 0.496840 -0.271600 -0.156709
v 0.639011 -0.127075 0.008348
v 0.643422 -0.186487 0.089918
v 0.582436 -0.378325 0.434324
v 0.618555 -0.339928 0.346468
v 0.555764 -0.419112 0.405395
v 0.599841 -0.381213 0.315341
v 0.626811 -0.230774 0.514136
v 0.659645 -0.197553 0.433545
v 0.631621 -0.178656 0.539518
v 0.663958 -0.150490 0.458506
v 0.570654 -0.321123 0.514905
v 0.537369 -0.415679 0.460919
v 0.529764 -0.360481 0.542838
v 0.656401 -0.251289 0.350112
v 0.620288 -0.339885 0.289496
v 0.661559 -0.254863 0.290181
v 0.596977 -0.216240 0.568718
v 0.545394 -0.308096 0.570971
v 0.669139 -0.151199 0.402443
v 0.667452 -0.203826 0.318987
v 0.057923 0.009770 1.040820
v -0.057721 0.009653 1.040985
v 0.058783 -0.054559 1.027678
v -0.057150 -0.054104 1.027235
v 0.057165 0.188136 1.026734
v -0.054578 0.186645 1.021272
v 0.056997 0.245596 1.001473
v -0.052790 0.244072 0.997047
v 0.115088 0.103565 1.049579
v 0.115876 -0.023155 1.028822
v 0.173609 0.072616 1.036313
v -0.114182 0.100158 1.042399
v -0.115602 -0.023567 1.029273
v -0.172753 0.069662 1.034874
v 0.112035 0.219528 1.010186
v 0.172323 0.133848 1.031747
v -0.108118 0.214891 0.999055
v -0.167995 0.126809 1.013332
v 0.340119 -0.256149 0.865764
v 0.312181 -0.158154 0.925676
v 0.303736 -0.305625 0.915932
v 0.272911 -0.198738 0.965992
v 0.485464 -0.141679 0.780941
v 0.451687 -0.048556 0.840488
v 0.524526 -0.104331 0.749897
v 0.495174 -0.014031 0.813548
v 0.429258 -0.240804 0.789951
v 0.330002 -0.323606 0.849342
v 0.417624 -0.300211 0.767964
v 0.518102 -0.165465 0.733532
v 0.467160 -0.262120 0.741315
v 0.368203 -0.053827 0.910698
v 0.273544 -0.126658 0.966253
v 0.328282 -0.023766 0.952684
v 0.458905 0.016460 0.856847
v 0.375643 0.011601 0.926939
v -0.345358 -0.251288 0.868720
v -0.315752 -0.159243 0.931337
v -0.310377 -0.297631 0.907150
v -0.271037 -0.203195 0.965924
v -0.487168 -0.142099 0.789468
v -0.459463 -0.052576 0.854780
v -0.533059 -0.107793 0.764692
v -0.505259 -0.019286 0.830744
v -0.428578 -0.237618 0.792449
v -0.336760 -0.313820 0.849305
v -0.414799 -0.297003 0.768643
v -0.523587 -0.168410 0.740755
v -0.463136 -0.260529 0.742230
v -0.373913 -0.058146 0.922252
v -0.274596 -0.128589 0.969703
v -0.332091 -0.027790 0.961526
v -0.467017 0.007958 0.871567
v -0.385600 0.004904 0.943588
v 0.332132 0.426763 0.827462
v 0.308000 0.342867 0.896461
v 0.281641 0.455537 0.841099
v 0.256252 0.370128 0.906751
v 0.478894 0.339110 0.779571
v 0.459626 0.255129 0.853639
v 0.522376 0.308666 0.758077
v 0.502732 0.224391 0.829769
v 0.417952 0.424451 0.767266
v 0.317002 0.482377 0.798103
v 0.402846 0.479502 0.737785
v 0.511967 0.365388 0.731326
v 0.452719 0.450041 0.720742
v 0.373361 0.257302 0.912092
v 0.264497 0.312538 0.930411
v 0.329129 0.226448 0.947914
v 0.467534 0.196620 0.870614
v 0.384805 0.198588 0.936784
v -0.330244 0.428437 0.815963
v -0.301834 0.339185 0.879587
v -0.279746 0.456443 0.830050
v -0.250338 0.368731 0.892503
v -0.474328 0.340396 0.767007
v -0.449108 0.251747 0.835538
v -0.517710 0.308504 0.744294
v -0.490664 0.218959 0.809288
v -0.419412 0.430520 0.763124
v -0.318098 0.486418 0.791038
v -0.406492 0.488887 0.736998
v -0.511735 0.368330 0.723939
v -0.456758 0.458599 0.721109
v -0.363059 0.251303 0.891829
v -0.258693 0.309185 0.914495
v -0.318655 0.219095 0.925815
v -0.458101 0.190663 0.856257
v -0.372196 0.190095 0.914174
v 0.048486 0.023838 -0.569105
v -0.057518 0.025274 -0.572816
v 0.049079 -0.033466 -0.557458
v -0.056978 -0.031759 -0.561477
v 0.057519 0.207068 -0.630410
v -0.061999 0.208196 -0.629130
v 0.060027 0.274217 -0.629037
v -0.065524 0.274168 -0.638777
v 0.107467 0.112120 -0.598493
v 0.101058 -0.003916 -0.552981
v 0.156700 0.083902 -0.568816
v -0.109166 0.109501 -0.601825
v -0.104139 0.000980 -0.559687
v -0.150849 0.084211 -0.575858
v 0.118319 0.239014 -0.633639
v 0.162245 0.145783 -0.597755
v -0.120696 0.241246 -0.635708
v -0.161328 0.147696 -0.595160
v 0.296326 -0.196822 -0.380651
v 0.281881 -0.116706 -0.440659
v 0.255687 -0.228553 -0.397842
v 0.235474 -0.143705 -0.449829
v 0.423689 -0.107790 -0.322028
v 0.401369 -0.029557 -0.382859
v 0.466736 -0.078836 -0.301503
v 0.443463 -0.000467 -0.360735
v 0.368764 -0.191370 -0.322701
v 0.283769 -0.254648 -0.360368
v 0.357179 -0.246759 -0.303262
v 0.459916 -0.132866 -0.283453
v 0.402189 -0.215632 -0.284386
v 0.331718 -0.035490 -0.446156
v 0.240738 -0.087552 -0.465901
v 0.290870 -0.005749 -0.474370
v 0.412745 0.024190 -0.400908
v 0.334765 0.022732 -0.458246
v -0.296181 -0.203096 -0.387491
v -0.269299 -0.122455 -0.424432
v -0.255345 -0.233860 -0.400963
v -0.229721 -0.151461 -0.442797
v -0.424279 -0.108436 -0.331314
v -0.400532 -0.038511 -0.375782
v -0.464345 -0.077645 -0.308479
v -0.440077 -0.009421 -0.353825
v -0.369759 -0.189625 -0.337914
v -0.287093 -0.259292 -0.378120
v -0.357508 -0.241806 -0.321573
v -0.455941 -0.126200 -0.293948
v -0.402166 -0.207539 -0.299310
v -0.319373 -0.040209 -0.424666
v -0.230561 -0.092486 -0.458438
v -0.275969 -0.008772 -0.453285
v -0.406307 0.015732 -0.387828
v -0.322085 0.018320 -0.435287
v 0.335982 0.444360 -0.458200
v 0.313801 0.357795 -0.530427
v 0.299466 0.480157 -0.491644
v 0.278624 0.389973 -0.564607
v 0.449145 0.334303 -0.366545
v 0.421914 0.253593 -0.417676
v 0.482386 0.298480 -0.336130
v 0.460669 0.221716 -0.386651
v 0.397255 0.427259 -0.373599
v 0.327209 0.506613 -0.437767
v 0.383408 0.484299 -0.354182
v 0.472421 0.352280 -0.317363
v 0.420445 0.444043 -0.324350
v 0.343377 0.261317 -0.494542
v 0.301119 0.334824 -0.599611
v 0.312322 0.235346 -0.548263
v 0.420464 0.194890 -0.417412
v 0.341671 0.201593 -0.489693
v -0.327927 0.435621 -0.449490
v -0.314069 0.345796 -0.545689
v -0.291627 0.476035 -0.485536
v -0.281411 0.384211 -0.590781
v -0.442412 0.325316 -0.346588
v -0.408341 0.241521 -0.398261
v -0.479819 0.290554 -0.316866
v -0.444448 0.208008 -0.364497
v -0.396409 0.421244 -0.359491
v -0.316469 0.499744 -0.421795
v -0.388803 0.484286 -0.337717
v -0.481364 0.351386 -0.305322
v -0.435242 0.448444 -0.315800
v -0.338209 0.253449 -0.489517
v -0.281241 0.309914 -0.621000
v -0.303078 0.227645 -0.537040
v -0.409825 0.184370 -0.404009
v -0.330892 0.198467 -0.476909
v 0.701878 0.149094 0.112242
v 0.707555 0.052721 0.107727
v 0.696014 0.146098 0.058604
v 0.699516 0.052785 0.055202
v 0.702198 0.157801 0.277563
v 0.700956 0.055402 0.276774
v 0.703271 0.159836 0.331485
v 0.697366 0.054326 0.332103
v 0.696681 0.203515 0.198595
v 0.687462 0.195115 0.088494
v 0.685235 0.249908 0.173945
v 0.701844 0.208113 0.308226
v 0.691403 0.253510 0.230342
v 0.701225 0.001984 0.193158
v 0.701796 0.003661 0.082147
v 0.700400 -0.049974 0.164460
v 0.695492 0.001807 0.306783
v 0.695410 -0.050095 0.222977
v -0.705893 0.147951 0.113960
v -0.707540 0.048315 0.114203
v -0.694139 0.145296 0.062018
v -0.692963 0.051332 0.064294
v -0.709371 0.147997 0.281276
v -0.713591 0.043803 0.282671
v -0.709022 0.148730 0.339363
v -0.715598 0.043453 0.339953
v -0.704933 0.200607 0.195663
v -0.705690 0.198330 0.084990
v -0.701431 0.252812 0.167735
v -0.704578 0.201405 0.311687
v -0.700981 0.253484 0.225566
v -0.703941 -0.002845 0.199405
v -0.689351 0.002901 0.090309
v -0.691738 -0.051165 0.173417
v -0.711046 -0.007126 0.312490
v -0.700255 -0.053904 0.228876
v -0.224660 0.856096 0.302508
v -0.257541 0.836491 0.352577
v -0.233521 0.875700 0.079895
v -0.267309 0.868322 0.024974
v -0.202039 0.861515 0.357562
v -0.210681 0.885022 0.008685
v -0.440426 0.732397 0.425223
v -0.493099 0.702397 0.406882
v -0.478365 0.702685 0.469425
v -0.435160 0.746252 -0.035295
v -0.468812 0.703856 -0.007419
v -0.451556 0.702880 -0.068866
v -0.573529 0.630701 0.175665
v -0.583491 0.636205 0.231339
v -0.601899 0.593488 0.205764
v 0.244403 0.901022 0.306114
v 0.271688 0.866415 0.352190
v 0.242858 0.905284 0.076908
v 0.269084 0.871966 0.020305
v 0.215959 0.892166 0.361882
v 0.221932 0.905157 0.005362
v 0.437909 0.738953 0.412595
v 0.491316 0.710404 0.393799
v 0.468609 0.703953 0.451721
v 0.402642 0.713913 -0.024110
v 0.440662 0.676663 0.003691
v 0.426110 0.675593 -0.062625
v 0.544672 0.610851 0.185332
v 0.557554 0.620134 0.239728
v 0.576120 0.573324 0.216449
v -0.240703 -0.671989 0.304168
v -0.273296 -0.653701 0.357424
v -0.253247 -0.732209 0.073027
v -0.292622 -0.719939 0.012887
v -0.213017 -0.670252 0.358773
v -0.225322 -0.725426 0.014489
v -0.442500 -0.549901 0.424962
v -0.489208 -0.509340 0.398311
v -0.468403 -0.505566 0.453923
v -0.392319 -0.493747 -0.006430
v -0.430679 -0.447091 0.021049
v -0.410289 -0.443162 -0.033328
v -0.540364 -0.386145 0.192120
v -0.553583 -0.399092 0.245166
v -0.575495 -0.352836 0.218884
v 0.240666 -0.672526 0.299880
v 0.272015 -0.651187 0.352858
v 0.253451 -0.722112 0.074325
v 0.292466 -0.711508 0.017395
v 0.213853 -0.675306 0.358874
v 0.233931 -0.729851 0.017506
v 0.441448 -0.539722 0.424131
v 0.489581 -0.501005 0.402856
v 0.469522 -0.501064 0.461287
v 0.400475 -0.499782 -0.009445
v 0.442923 -0.456008 0.017183
v 0.419152 -0.450374 -0.040442
v 0.557186 -0.398488 0.185867
v 0.567730 -0.408296 0.237072
v 0.592652 -0.367744 0.209612
v -0.029103 -0.559871 0.793733
v 0.033020 -0.552187 0.784286
v -0.227132 -0.438889 0.860501
v -0.254767 -0.388028 0.902576
v 0.001352 -0.593316 0.750755
v -0.281825 -0.411942 0.848434
v 0.243655 -0.455130 0.884621
v 0.250145 -0.409469 0.926365
v 0.333785 -0.453721 0.894921
v 0.118098 -0.157401 1.019096
v 0.176511 -0.206358 1.027313
v -0.117160 -0.152581 1.012752
v -0.180812 -0.196710 1.013929
v 0.174173 -0.126258 1.013312
v -0.173221 -0.125791 1.009110
v -0.034878 0.690368 0.726968
v 0.026840 0.686645 0.721950
v -0.200875 0.592361 0.789383
v -0.215672 0.538916 0.816066
v -0.004647 0.723386 0.686629
v -0.252453 0.570323 0.778824
v 0.200186 0.586504 0.789152
v 0.216512 0.538983 0.823605
v 0.250392 0.565050 0.781063
v 0.106583 0.333513 0.958662
v 0.155269 0.364235 0.935965
v -0.102356 0.331903 0.953305
v -0.150836 0.363351 0.926993
v 0.161529 0.307859 0.961457
v -0.155873 0.304755 0.948973
v -0.033626 -0.468871 -0.325791
v 0.030962 -0.472269 -0.327330
v -0.193483 -0.376257 -0.385292
v -0.207242 -0.322311 -0.404337
v -0.000066 -0.504139 -0.288068
v -0.232626 -0.348043 -0.373036
v 0.184981 -0.366274 -0.371367
v 0.199567 -0.317743 -0.394432
v 0.228479 -0.342223 -0.356348
v 0.096441 -0.116485 -0.519847
v 0.140085 -0.143528 -0.487191
v -0.097583 -0.116666 -0.518744
v -0.148317 -0.147761 -0.500597
v 0.146884 -0.087952 -0.507943
v -0.144215 -0.087593 -0.509672
v -0.047058 0.748843 -0.409870
v 0.028281 0.742512 -0.398212
v -0.222298 0.641434 -0.463491
v -0.242272 0.583543 -0.489675
v 0.000273 0.803055 -0.416645
v -0.267647 0.608209 -0.438647
v 0.221045 0.627988 -0.451864
v 0.247034 0.577233 -0.498017
v 0.274706 0.600970 -0.440472
v 0.129609 0.352939 -0.660199
v 0.175989 0.379206 -0.622104
v -0.124112 0.358223 -0.650772
v -0.173913 0.379968 -0.635283
v 0.193188 0.325207 -0.663149
v -0.173983 0.325269 -0.659304
v 0.563482 0.293629 -0.208481
v 0.540321 0.280259 -0.258611
v 0.645686 0.230758 -0.040499
v 0.660848 0.186029 -0.012686
v 0.531295 0.330997 -0.237499
v 0.658842 0.234395 0.013108
v 0.573659 -0.090143 -0.205403
v 0.545282 -0.072343 -0.244071
v 0.648245 -0.028157 -0.041290
v 0.659144 0.015851 -0.009185
v 0.535812 -0.124090 -0.224405
v 0.666918 -0.033243 0.010157
v 0.486260 0.083532 -0.348284
v 0.487951 0.137737 -0.352867
v 0.453933 0.109389 -0.380658
v 0.625583 0.319812 0.625145
v 0.596834 0.298975 0.678715
v 0.688392 0.258076 0.447737
v 0.695409 0.209012 0.415355
v 0.588807 0.354496 0.654511
v 0.695981 0.261434 0.392557
v 0.616605 -0.112165 0.619178
v 0.590321 -0.091826 0.670507
v 0.675790 -0.050685 0.450619
v 0.684569 0.001410 0.418853
v 0.583819 -0.148351 0.650015
v 0.682435 -0.051027 0.394934
v 0.537455 0.079072 0.797624
v 0.541744 0.138200 0.809578
v 0.506173 0.109121 0.841544
v -0.578432 0.302933 -0.208823
v -0.551886 0.283494 -0.254263
v -0.653234 0.235675 -0.045028
v -0.668423 0.190258 -0.016373
v -0.556174 0.339550 -0.239154
v -0.669013 0.240525 0.010937
v -0.556059 -0.078944 -0.197714
v -0.529194 -0.063911 -0.247520
v -0.643445 -0.031914 -0.038044
v -0.658922 0.010088 -0.011436
v -0.526004 -0.111221 -0.228257
v -0.652783 -0.035302 0.015207
v -0.479898 0.070114 -0.341429
v -0.482672 0.123561 -0.344113
v -0.447283 0.097174 -0.376226
v -0.626048 0.323611 0.623104
v -0.593871 0.300843 0.672894
v -0.697047 0.256113 0.457899
v -0.703711 0.202487 0.427003
v -0.589625 0.360496 0.652998
v -0.699409 0.255239 0.401667
v -0.628336 -0.113835 0.626415
v -0.599368 -0.094229 0.680155
v -0.697652 -0.052495 0.451482
v -0.705851 -0.003997 0.422186
v -0.592597 -0.150381 0.656035
v -0.705762 -0.055288 0.397961
v -0.545723 0.068477 0.811273
v -0.536785 0.126444 0.797664
v -0.506474 0.096541 0.842496
v -0.032067 0.886948 0.469537
v 0.033166 0.888234 0.470303
v -0.000542 0.862107 0.518876
v -0.038302 0.911116 -0.099763
v 0.041498 0.905951 -0.102252
v 0.001294 0.894290 -0.150666
v -0.471506 0.605021 0.627511
v -0.433496 0.578018 0.671180
v -0.484240 0.546267 0.655148
v -0.444670 0.602134 -0.238961
v -0.415223 0.581498 -0.283120
v -0.458615 0.536320 -0.255311
v -0.683657 0.410686 0.201209
v -0.692765 0.357659 0.168437
v -0.692783 0.359376 0.228973
v 0.455711 0.582597 0.613432
v 0.421238 0.559464 0.660799
v 0.472066 0.528435 0.642620
v 0.421808 0.584436 -0.229719
v 0.395204 0.566902 -0.279020
v 0.432823 0.520141 -0.251851
v 0.655699 0.397535 0.211592
v 0.663386 0.345371 0.180459
v 0.671017 0.352066 0.237530
v -0.026782 -0.731388 0.484525
v 0.035405 -0.729948 0.488826
v -0.002015 -0.731828 0.549526
v -0.034238 -0.619127 -0.064594
v 0.037892 -0.613376 -0.061811
v 0.002133 -0.599949 -0.112983
v -0.456404 -0.381738 0.627147
v -0.427577 -0.368776 0.685354
v -0.476743 -0.330445 0.657535
v -0.404719 -0.327483 -0.205027
v -0.373889 -0.310067 -0.256397
v -0.420308 -0.276351 -0.231914
v -0.658974 -0.191943 0.209983
v -0.668982 -0.145852 0.175968
v -0.674913 -0.149700 0.235674
v 0.463448 -0.389223 0.626105
v 0.434393 -0.374112 0.683694
v 0.477728 -0.332855 0.655263
v 0.406677 -0.337593 -0.201039
v 0.375143 -0.320452 -0.243444
v 0.423284 -0.287957 -0.223797
v 0.676353 -0.204344 0.197513
v 0.686543 -0.153560 0.166868
v 0.684556 -0.153408 0.225874
v 0.287686 0.072120 1.003205
v 0.285802 0.135799 0.998710
v 0.342349 0.106750 0.983355
v -0.283814 0.066305 0.997852
v -0.277647 0.126950 0.980577
v -0.333133 0.097461 0.965367
v 0.252435 0.084484 -0.526842
v 0.256352 0.146507 -0.547554
v 0.299558 0.113075 -0.509143
v -0.236578 0.083729 -0.512474
v -0.249394 0.145745 -0.537957
v -0.279622 0.111633 -0.484277
f 1 647 644
f 1 644 643
f 1 643 645
f 1 645 646
f 1 646 647
f 2 649 652
f 6 672 670
f 12 702 699
f 11 696 695
f 8 679 681
f 4 662 659
f 4 659 658
f 4 658 660
f 4 660 661
f 4 661 662
f 5 666 665
f 3 654 657
f 7 673 677
f 9 685 686
f 10 692 688
f 12 701 698
f 6 669 668
f 2 650 648
f 8 682 678
f 11 697 693
f 6 671 669
f 12 700 701
f 11 694 697
f 8 680 682
f 2 651 650
f 10 690 689
f 5 663 664
f 3 655 653
f 7 676 674
f 9 687 684
f 10 691 690
f 5 667 663
f 3 656 655
f 7 675 676
f 9 683 687
f 6 668 672
f 2 648 649
f 8 678 679
f 11 693 696
f 12 698 702
f 10 688 691
f 5 665 667
f 3 657 656
f 7 677 675
f 9 686 683
f 5 664 666
f 3 653 654
f 7 674 673
f 9 684 685
f 10 689 692
f 6 670 671
f 12 699 700
f 11 695 694
f 8 681 680
f 2 652 651
f 35 837 838
f 18 735 736
f 19 742 741
f 40 868 867
f 42 880 879
f 34 832 831
f 33 827 828
f 25 778 780
f 36 844 846
f 20 749 747
f 32 819 820
f 23 765 767
f 24 773 771
f 37 850 849
f 41 876 875
f 34 833 834
f 33 826 825
f 25 779 777
f 36 845 843
f 20 748 750
f 17 729 727
f 14 711 709
f 13 706 703
f 15 718 715
f 16 724 721
f 18 737 733
f 35 839 835
f 42 882 878
f 40 870 866
f 19 744 740
f 30 807 805
f 27 789 787
f 22 762 758
f 28 797 793
f 29 802 799
f 32 821 817
f 23 766 763
f 24 774 770
f 37 852 848
f 41 874 872
f 35 838 836
f 18 736 734
f 19 741 739
f 40 867 865
f 42 879 877
f 34 831 829
f 33 828 824
f 25 780 776
f 36 846 842
f 20 747 745
f 32 820 818
f 23 767 764
f 24 771 769
f 37 849 847
f 41 875 871
f 34 834 830
f 33 825 823
f 25 777 775
f 36 843 841
f 20 750 746
f 14 714 710
f 13 707 704
f 15 719 716
f 16 725 722
f 17 732 728
f 21 755 752
f 31 814 811
f 26 784 781
f 38 857 853
f 39 862 860
f 27 792 788
f 22 759 757
f 28 796 794
f 29 803 800
f 30 810 806
f 31 815 812
f 26 785 782
f 38 856 854
f 39 863 859
f 21 754 751
f 14 712 714
f 13 705 707
f 15 717 719
f 16 723 725
f 17 730 732
f 21 753 755
f 31 816 814
f 26 786 784
f 38 858 857
f 39 861 862
f 27 791 792
f 22 761 759
f 28 795 796
f 29 801 803
f 30 808 810
f 31 813 815
f 26 783 785
f 38 855 856
f 39 864 863
f 21 756 754
f 14 709 712
f 13 703 705
f 15 715 717
f 16 721 723
f 17 727 730
f 21 751 753
f 31 812 816
f 26 782 786
f 38 854 858
f 39 859 861
f 27 787 791
f 22 758 761
f 28 793 795
f 29 799 801
f 30 805 808
f 31 811 813
f 26 781 783
f 38 853 855
f 39 860 864
f 21 752 756
f 17 728 731
f 14 710 713
f 13 704 708
f 15 716 720
f 16 722 726
f 18 734 738
f 35 836 840
f 42 877 881
f 40 865 869
f 19 739 743
f 30 806 809
f 27 788 790
f 22 757 760
f 28 794 798
f 29 800 804
f 32 818 822
f 23 764 768
f 24 769 772
f 37 847 851
f 41 871 873
f 35 835 837
f 18 733 735
f 19 740 742
f 40 866 868
f 42 878 880
f 34 830 832
f 33 823 827
f 25 775 778
f 36 841 844
f 20 746 749
f 32 817 819
f 23 763 765
f 24 770 773
f 37 848 850
f 41 872 876
f 34 829 833
f 33 824 826
f 25 776 779
f 36 842 845
f 20 745 748
f 17 731 729
f 14 713 711
f 13 708 706
f 15 720 718
f 16 726 724
f 18 738 737
f 35 840 839
f 42 881 882
f 40 869 870
f 19 743 744
f 30 809 807
f 27 790 789
f 22 760 762
f 28 798 797
f 29 804 802
f 32 822 821
f 23 768 766
f 24 772 774
f 37 851 852
f 41 873 874
f 107 1269 1270
f 103 1245 1246
f 104 1252 1251
f 110 1288 1287
f 113 1306 1305
f 118 1336 1335
f 154 1551 1552
f 141 1473 1474
f 162 1599 1600
f 121 1354 1353
f 142 1479 1480
f 129 1401 1402
f 130 1408 1407
f 144 1492 1491
f 146 1504 1503
f 151 1533 1534
f 131 1414 1413
f 136 1444 1443
f 161 1594 1593
f 126 1383 1384
f 116 1323 1324
f 108 1275 1276
f 106 1263 1264
f 112 1299 1300
f 115 1317 1318
f 119 1341 1342
f 156 1564 1563
f 139 1462 1461
f 160 1588 1587
f 120 1347 1348
f 149 1521 1522
f 132 1420 1419
f 128 1395 1396
f 145 1497 1498
f 148 1515 1516
f 155 1557 1558
f 133 1425 1426
f 134 1431 1432
f 157 1570 1569
f 124 1372 1371
f 109 1282 1281
f 105 1258 1257
f 111 1294 1293
f 114 1312 1311
f 117 1330 1329
f 125 1378 1377
f 152 1540 1539
f 137 1449 1450
f 158 1575 1576
f 123 1365 1366
f 143 1486 1485
f 127 1390 1389
f 135 1437 1438
f 147 1510 1509
f 150 1528 1527
f 153 1546 1545
f 140 1468 1467
f 138 1455 1456
f 159 1581 1582
f 122 1359 1360
f 107 1272 1271
f 103 1248 1247
f 104 1253 1254
f 110 1289 1290
f 113 1307 1308
f 118 1337 1338
f 154 1554 1553
f 141 1476 1475
f 162 1602 1601
f 121 1355 1356
f 142 1482 1481
f 129 1404 1403
f 130 1409 1410
f 144 1493 1494
f 146 1505 1506
f 151 1536 1535
f 131 1415 1416
f 136 1445 1446
f 161 1595 1596
f 126 1386 1385
f 47 909 907
f 44 891 889
f 43 886 883
f 45 898 895
f 46 904 901
f 49 922 919
f 72 1060 1057
f 102 1240 1237
f 96 1204 1201
f 79 1102 1099
f 62 999 997
f 59 981 979
f 58 976 973
f 60 988 985
f 61 994 991
f 66 1024 1021
f 54 952 949
f 73 1066 1063
f 85 1138 1135
f 92 1179 1177
f 101 1233 1231
f 69 1041 1039
f 50 927 925
f 82 1119 1117
f 97 1209 1207
f 71 1053 1051
f 100 1228 1225
f 94 1192 1189
f 80 1108 1105
f 51 933 931
f 90 1167 1165
f 63 1005 1003
f 55 957 955
f 76 1083 1081
f 87 1150 1147
f 91 1174 1171
f 67 1029 1027
f 56 963 961
f 75 1077 1075
f 83 1126 1123
f 68 1036 1033
f 48 915 913
f 78 1095 1093
f 93 1185 1183
f 98 1216 1213
f 88 1155 1153
f 65 1018 1015
f 57 970 967
f 77 1090 1087
f 86 1143 1141
f 64 1012 1009
f 53 945 943
f 74 1071 1069
f 84 1131 1129
f 89 1162 1159
f 70 1047 1045
f 99 1221 1219
f 95 1197 1195
f 81 1114 1111
f 52 940 937
f 109 1284 1280
f 105 1260 1256
f 111 1296 1292
f 114 1314 1310
f 117 1332 1328
f 125 1380 1376
f 152 1542 1538
f 137 1451 1447
f 158 1577 1573
f 123 1367 1363
f 143 1488 1484
f 127 1392 1388
f 135 1439 1435
f 147 1512 1508
f 150 1530 1526
f 153 1548 1544
f 140 1470 1466
f 138 1457 1453
f 159 1583 1579
f 122 1361 1357
f 107 1270 1268
f 103 1246 1244
f 104 1251 1249
f 110 1287 1285
f 113 1305 1303
f 118 1335 1333
f 154 1552 1550
f 141 1474 1472
f 162 1600 1598
f 121 1353 1351
f 142 1480 1478
f 129 1402 1400
f 130 1407 1405
f 144 1491 1489
f 146 1503 1501
f 151 1534 1532
f 131 1413 1411
f 136 1443 1441
f 161 1593 1591
f 126 1384 1382
f 116 1324 1322
f 108 1276 1274
f 106 1264 1262
f 112 1300 1298
f 115 1318 1316
f 119 1342 1340
f 156 1563 1561
f 139 1461 1459
f 160 1587 1585
f 120 1348 1346
f 149 1522 1520
f 132 1419 1417
f 128 1396 1394
f 145 1498 1496
f 148 1516 1514
f 155 1558 1556
f 133 1426 1424
f 134 1432 1430
f 157 1569 1567
f 124 1371 1369
f 109 1281 1279
f 105 1257 1255
f 111 1293 1291
f 114 1311 1309
f 117 1329 1327
f 125 1377 1375
f 152 1539 1537
f 137 1450 1448
f 158 1576 1574
f 123 1366 1364
f 143 1485 1483
f 127 1389 1387
f 135 1438 1436
f 147 1509 1507
f 150 1527 1525
f 153 1545 1543
f 140 1467 1465
f 138 1456 1454
f 159 1582 1580
f 122 1360 1358
f 107 1271 1267
f 103 1247 1243
f 104 1254 1250
f 110 1290 1286
f 113 1308 1304
f 118 1338 1334
f 154 1553 1549
f 141 1475 1471
f 162 1601 1597
f 121 1356 1352
f 142 1481 1477
f 129 1403 1399
f 130 1410 1406
f 144 1494 1490
f 146 1506 1502
f 151 1535 1531
f 131 1416 1412
f 136 1446 1442
f 161 1596 1592
f 126 1385 1381
f 44 894 890
f 43 887 884
f 45 899 896
f 46 905 902
f 47 912 908
f 52 941 938
f 70 1050 1046
f 99 1224 1220
f 95 1200 1196
f 81 1115 1112
f 59 984 980
f 58 977 974
f 60 989 986
f 61 995 992
f 62 1002 998
f 65 1019 1016
f 57 971 968
f 77 1091 1088
f 86 1146 1142
f 88 1158 1154
f 98 1217 1214
f 68 1037 1034
f 48 918 914
f 78 1098 1094
f 93 1188 1184
f 69 1044 1040
f 101 1236 1232
f 97 1212 1208
f 82 1122 1118
f 50 930 926
f 89 1163 1160
f 64 1013 1010
f 53 948 944
f 74 1074 1070
f 84 1134 1130
f 90 1170 1166
f 63 1008 1004
f 55 960 956
f 76 1086 1082
f 87 1151 1148
f 72 1061 1058
f 49 923 920
f 79 1103 1100
f 96 1205 1202
f 102 1241 1238
f 91 1175 1172
f 67 1032 1028
f 56 966 962
f 75 1080 1076
f 83 1127 1124
f 66 1025 1022
f 54 953 950
f 73 1067 1064
f 85 1139 1136
f 92 1182 1178
f 71 1056 1052
f 100 1229 1226
f 94 1193 1190
f 80 1109 1106
f 51 936 932
f 116 1325 1321
f 108 1277 1273
f 106 1265 1261
f 112 1301 1297
f 115 1319 1315
f 119 1343 1339
f 156 1566 1562
f 139 1464 1460
f 160 1590 1586
f 120 1349 1345
f 149 1523 1519
f 132 1422 1418
f 128 1397 1393
f 145 1499 1495
f 148 1517 1513
f 155 1559 1555
f 133 1427 1423
f 134 1433 1429
f 157 1572 1568
f 124 1374 1370
f 44 892 894
f 43 885 887
f 45 897 899
f 46 903 905
f 47 910 912
f 52 939 941
f 70 1048 1050
f 99 1222 1224
f 95 1198 1200
f 81 1113 1115
f 59 982 984
f 58 975 977
f 60 987 989
f 61 993 995
f 62 1000 1002
f 65 1017 1019
f 57 969 971
f 77 1089 1091
f 86 1144 1146
f 88 1156 1158
f 98 1215 1217
f 68 1035 1037
f 48 916 918
f 78 1096 1098
f 93 1186 1188
f 69 1042 1044
f 101 1234 1236
f 97 1210 1212
f 82 1120 1122
f 50 928 930
f 89 1161 1163
f 64 1011 1013
f 53 946 948
f 74 1072 1074
f 84 1132 1134
f 90 1168 1170
f 63 1006 1008
f 55 958 960
f 76 1084 1086
f 87 1149 1151
f 72 1059 1061
f 49 921 923
f 79 1101 1103
f 96 1203 1205
f 102 1239 1241
f 91 1173 1175
f 67 1030 1032
f 56 964 966
f 75 1078 1080
f 83 1125 1127
f 66 1023 1025
f 54 951 953
f 73 1065 1067
f 85 1137 1139
f 92 1180 1182
f 71 1054 1056
f 100 1227 1229
f 94 1191 1193
f 80 1107 1109
f 51 934 936
f 116 1326 1325
f 108 1278 1277
f 106 1266 1265
f 112 1302 1301
f 115 1320 1319
f 119 1344 1343
f 156 1565 1566
f 139 1463 1464
f 160 1589 1590
f 120 1350 1349
f 149 1524 1523
f 132 1421 1422
f 128 1398 1397
f 145 1500 1499
f 148 1518 1517
f 155 1560 1559
f 133 1428 1427
f 134 1434 1433
f 157 1571 1572
f 124 1373 1374
f 44 889 892
f 43 883 885
f 45 895 897
f 46 901 903
f 47 907 910
f 52 937 939
f 70 1045 1048
f 99 1219 1222
f 95 1195 1198
f 81 1111 1113
f 59 979 982
f 58 973 975
f 60 985 987
f 61 991 993
f 62 997 1000
f 65 1015 1017
f 57 967 969
f 77 1087 1089
f 86 1141 1144
f 88 1153 1156
f 98 1213 1215
f 68 1033 1035
f 48 913 916
f 78 1093 1096
f 93 1183 1186
f 69 1039 1042
f 101 1231 1234
f 97 1207 1210
f 82 1117 1120
f 50 925 928
f 89 1159 1161
f 64 1009 1011
f 53 943 946
f 74 1069 1072
f 84 1129 1132
f 90 1165 1168
f 63 1003 1006
f 55 955 958
f 76 1081 1084
f 87 1147 1149
f 72 1057 1059
f 49 919 921
f 79 1099 1101
f 96 1201 1203
f 102 1237 1239
f 91 1171 1173
f 67 1027 1030
f 56 961 964
f 75 1075 1078
f 83 1123 1125
f 66 1021 1023
f 54 949 951
f 73 1063 1065
f 85 1135 1137
f 92 1177 1180
f 71 1051 1054
f 100 1225 1227
f 94 1189 1191
f 80 1105 1107
f 51 931 934
f 116 1322 1326
f 108 1274 1278
f 106 1262 1266
f 112 1298 1302
f 115 1316 1320
f 119 1340 1344
f 156 1561 1565
f 139 1459 1463
f 160 1585 1589
f 120 1346 1350
f 149 1520 1524
f 132 1417 1421
f 128 1394 1398
f 145 1496 1500
f 148 1514 1518
f 155 1556 1560
f 133 1424 1428
f 134 1430 1434
f 157 1567 1571
f 124 1369 1373
f 47 908 911
f 44 890 893
f 43 884 888
f 45 896 900
f 46 902 906
f 49 920 924
f 72 1058 1062
f 102 1238 1242
f 96 1202 1206
f 79 1100 1104
f 62 998 1001
f 59 980 983
f 58 974 978
f 60 986 990
f 61 992 996
f 66 1022 1026
f 54 950 954
f 73 1064 1068
f 85 1136 1140
f 92 1178 1181
f 101 1232 1235
f 69 1040 1043
f 50 926 929
f 82 1118 1121
f 97 1208 1211
f 71 1052 1055
f 100 1226 1230
f 94 1190 1194
f 80 1106 1110
f 51 932 935
f 90 1166 1169
f 63 1004 1007
f 55 956 959
f 76 1082 1085
f 87 1148 1152
f 91 1172 1176
f 67 1028 1031
f 56 962 965
f 75 1076 1079
f 83 1124 1128
f 68 1034 1038
f 48 914 917
f 78 1094 1097
f 93 1184 1187
f 98 1214 1218
f 88 1154 1157
f 65 1016 1020
f 57 968 972
f 77 1088 1092
f 86 1142 1145
f 64 1010 1014
f 53 944 947
f 74 1070 1073
f 84 1130 1133
f 89 1160 1164
f 70 1046 1049
f 99 1220 1223
f 95 1196 1199
f 81 1112 1116
f 52 938 942
f 109 1279 1283
f 105 1255 1259
f 111 1291 1295
f 114 1309 1313
f 117 1327 1331
f 125 1375 1379
f 152 1537 1541
f 137 1448 1452
f 158 1574 1578
f 123 1364 1368
f 143 1483 1487
f 127 1387 1391
f 135 1436 1440
f 147 1507 1511
f 150 1525 1529
f 153 1543 1547
f 140 1465 1469
f 138 1454 1458
f 159 1580 1584
f 122 1358 1362
f 107 1267 1269
f 103 1243 1245
f 104 1250 1252
f 110 1286 1288
f 113 1304 1306
f 118 1334 1336
f 154 1549 1551
f 141 1471 1473
f 162 1597 1599
f 121 1352 1354
f 142 1477 1479
f 129 1399 1401
f 130 1406 1408
f 144 1490 1492
f 146 1502 1504
f 151 1531 1533
f 131 1412 1414
f 136 1442 1444
f 161 1592 1594
f 126 1381 1383
f 116 1321 1323
f 108 1273 1275
f 106 1261 1263
f 112 1297 1299
f 115 1315 1317
f 119 1339 1341
f 156 1562 1564
f 139 1460 1462
f 160 1586 1588
f 120 1345 1347
f 149 1519 1521
f 132 1418 1420
f 128 1393 1395
f 145 1495 1497
f 148 1513 1515
f 155 1555 1557
f 133 1423 1425
f 134 1429 1431
f 157 1568 1570
f 124 1370 1372
f 109 1280 1282
f 105 1256 1258
f 111 1292 1294
f 114 1310 1312
f 117 1328 1330
f 125 1376 1378
f 152 1538 1540
f 137 1447 1449
f 158 1573 1575
f 123 1363 1365
f 143 1484 1486
f 127 1388 1390
f 135 1435 1437
f 147 1508 1510
f 150 1526 1528
f 153 1544 1546
f 140 1466 1468
f 138 1453 1455
f 159 1579 1581
f 122 1357 1359
f 107 1268 1272
f 103 1244 1248
f 104 1249 1253
f 110 1285 1289
f 113 1303 1307
f 118 1333 1337
f 154 1550 1554
f 141 1472 1476
f 162 1598 1602
f 121 1351 1355
f 142 1478 1482
f 129 1400 1404
f 130 1405 1409
f 144 1489 1493
f 146 1501 1505
f 151 1532 1536
f 131 1411 1415
f 136 1441 1445
f 161 1591 1595
f 126 1382 1386
f 47 911 909
f 44 893 891
f 43 888 886
f 45 900 898
f 46 906 904
f 49 924 922
f 72 1062 1060
f 102 1242 1240
f 96 1206 1204
f 79 1104 1102
f 62 1001 999
f 59 983 981
f 58 978 976
f 60 990 988
f 61 996 994
f 66 1026 1024
f 54 954 952
f 73 1068 1066
f 85 1140 1138
f 92 1181 1179
f 101 1235 1233
f 69 1043 1041
f 50 929 927
f 82 1121 1119
f 97 1211 1209
f 71 1055 1053
f 100 1230 1228
f 94 1194 1192
f 80 1110 1108
f 51 935 933
f 90 1169 1167
f 63 1007 1005
f 55 959 957
f 76 1085 1083
f 87 1152 1150
f 91 1176 1174
f 67 1031 1029
f 56 965 963
f 75 1079 1077
f 83 1128 1126
f 68 1038 1036
f 48 917 915
f 78 1097 1095
f 93 1187 1185
f 98 1218 1216
f 88 1157 1155
f 65 1020 1018
f 57 972 970
f 77 1092 1090
f 86 1145 1143
f 64 1014 1012
f 53 947 945
f 74 1073 1071
f 84 1133 1131
f 89 1164 1162
f 70 1049 1047
f 99 1223 1221
f 95 1199 1197
f 81 1116 1114
f 52 942 940
f 109 1283 1284
f 105 1259 1260
f 111 1295 1296
f 114 1313 1314
f 117 1331 1332
f 125 1379 1380
f 152 1541 1542
f 137 1452 1451
f 158 1578 1577
f 123 1368 1367
f 143 1487 1488
f 127 1391 1392
f 135 1440 1439
f 147 1511 1512
f 150 1529 1530
f 153 1547 1548
f 140 1469 1470
f 138 1458 1457
f 159 1584 1583
f 122 1362 1361
f 407 1609 1616
f 403 1605 1608
f 404 1611 1606
f 410 1614 1612
f 413 1617 1615
f 422 1631 1624
f 486 1688 1692
f 573 1775 1782
f 561 1763 1765
f 512 1719 1714
f 452 1654 1661
f 448 1650 1653
f 449 1656 1651
f 455 1659 1657
f 458 1662 1660
f 470 1672 1675
f 437 1646 1639
f 494 1706 1696
f 531 1735 1733
f 539 1741 1751
f 568 1770 1779
f 478 1680 1683
f 419 1621 1626
f 509 1711 1721
f 554 1756 1766
f 482 1684 1689
f 576 1780 1778
f 558 1767 1760
f 516 1722 1718
f 425 1627 1629
f 542 1744 1747
f 463 1668 1665
f 434 1636 1641
f 497 1699 1704
f 528 1730 1737
f 546 1748 1750
f 464 1666 1676
f 440 1642 1644
f 500 1705 1702
f 524 1736 1726
f 479 1691 1681
f 418 1623 1620
f 508 1713 1710
f 553 1764 1755
f 569 1781 1771
f 538 1749 1740
f 471 1677 1673
f 443 1645 1647
f 501 1703 1707
f 523 1725 1734
f 467 1674 1669
f 433 1638 1635
f 493 1695 1698
f 527 1732 1729
f 543 1752 1745
f 485 1690 1687
f 572 1777 1774
f 557 1759 1762
f 515 1717 1720
f 428 1630 1632
f 591 2191 2189
f 587 1885 1883
f 588 1901 1903
f 594 2279 2281
f 597 2315 2317
f 600 2171 2173
f 634 2160 2158
f 619 2016 2012
f 639 2214 2210
f 602 1919 1924
f 624 2137 2135
f 608 1978 1973
f 610 1991 1996
f 627 2225 2227
f 630 2302 2304
f 635 2178 2176
f 615 2153 2155
f 617 2009 2014
f 637 2207 2212
f 604 1926 1922
f 416 1857 1864
f 408 1803 1810
f 406 1786 1795
f 412 1822 1831
f 415 1840 1849
f 424 1876 1887
f 492 2182 2193
f 582 2312 2321
f 565 2276 2285
f 514 1898 1907
f 461 2091 2098
f 453 2037 2044
f 451 1952 1961
f 457 2056 2067
f 460 2074 2083
f 475 2128 2139
f 439 1966 1975
f 496 1988 1997
f 533 2222 2231
f 551 2293 2298
f 579 2185 2190
f 483 1879 1884
f 426 1893 1900
f 521 2271 2278
f 566 2307 2314
f 489 2163 2170
f 578 2150 2159
f 560 2006 2015
f 518 2204 2213
f 429 1911 1918
f 547 2131 2136
f 465 1969 1977
f 441 1983 1990
f 504 2217 2224
f 537 2290 2301
f 550 2168 2177
f 476 2145 2152
f 444 2001 2008
f 502 2199 2206
f 526 1916 1925
f 481 1808 1817
f 420 1789 1797
f 510 1825 1833
f 555 1843 1851
f 571 1862 1871
f 540 1933 1941
f 473 2110 2119
f 447 2020 2029
f 507 2236 2247
f 534 2257 2262
f 469 2042 2051
f 435 1947 1954
f 498 2059 2064
f 529 2077 2085
f 545 2096 2105
f 487 2113 2121
f 574 2023 2031
f 562 2239 2244
f 520 2254 2265
f 432 1930 1939
f 589 1818 1814
f 583 1798 1793
f 586 1834 1829
f 593 1852 1847
f 596 1872 1868
f 599 1942 1937
f 633 2120 2124
f 620 2030 2034
f 640 2248 2250
f 603 2263 2261
f 622 2052 2050
f 607 1955 1960
f 612 2065 2063
f 626 2086 2081
f 629 2106 2102
f 631 2122 2117
f 614 2032 2027
f 618 2245 2243
f 641 2266 2268
f 605 1940 1944
f 409 1813 1804
f 405 1792 1785
f 411 1828 1821
f 414 1846 1839
f 417 1867 1858
f 431 1936 1929
f 488 2123 2114
f 575 2033 2024
f 563 2249 2240
f 519 2260 2253
f 454 2049 2038
f 450 1959 1951
f 456 2062 2055
f 459 2080 2073
f 462 2101 2092
f 472 2116 2109
f 446 2026 2019
f 506 2242 2235
f 535 2267 2258
f 541 1943 1934
f 570 1869 1861
f 480 1815 1807
f 421 1799 1790
f 511 1835 1826
f 556 1853 1844
f 484 1889 1880
f 580 2195 2186
f 567 2319 2308
f 522 2283 2272
f 427 1905 1894
f 544 2103 2095
f 468 2046 2041
f 436 1957 1948
f 499 2069 2060
f 530 2087 2078
f 548 2141 2132
f 466 1979 1970
f 442 1993 1984
f 505 2229 2218
f 536 2296 2289
f 491 2188 2181
f 423 1882 1875
f 513 1902 1897
f 564 2280 2275
f 581 2316 2311
f 549 2172 2167
f 477 2157 2146
f 445 2011 2002
f 503 2209 2200
f 525 1923 1915
f 474 2134 2127
f 438 1972 1965
f 495 1995 1987
f 532 2226 2221
f 552 2303 2294
f 490 2175 2164
f 577 2154 2149
f 559 2013 2005
f 517 2211 2203
f 430 1921 1912
f 590 1865 1870
f 584 1811 1816
f 585 1796 1800
f 592 1832 1836
f 595 1850 1854
f 598 1888 1890
f 636 2194 2196
f 621 2322 2320
f 642 2286 2284
f 601 1908 1906
f 623 2099 2104
f 611 2045 2047
f 609 1962 1958
f 625 2068 2070
f 628 2084 2088
f 632 2140 2142
f 613 1976 1980
f 616 1998 1994
f 638 2232 2230
f 606 2299 2297
f 407 2330 2329
f 403 2324 2323
f 404 2325 2326
f 410 2332 2333
f 413 2335 2336
f 422 2344 2345
f 486 2410 2409
f 573 2497 2496
f 561 2486 2485
f 512 2434 2435
f 452 2375 2374
f 448 2369 2368
f 449 2370 2371
f 455 2377 2378
f 458 2380 2381
f 470 2393 2392
f 437 2359 2360
f 494 2415 2416
f 531 2455 2456
f 539 2461 2460
f 568 2489 2488
f 478 2399 2398
f 419 2341 2340
f 509 2431 2430
f 554 2476 2475
f 482 2405 2404
f 576 2500 2501
f 558 2481 2482
f 516 2439 2440
f 425 2348 2347
f 542 2465 2464
f 463 2383 2384
f 434 2356 2355
f 497 2420 2419
f 528 2452 2451
f 546 2471 2470
f 464 2386 2385
f 440 2363 2362
f 500 2422 2423
f 524 2445 2446
f 479 2400 2401
f 418 2338 2339
f 508 2428 2429
f 553 2473 2474
f 569 2490 2491
f 538 2458 2459
f 471 2394 2395
f 443 2366 2365
f 501 2425 2424
f 523 2444 2443
f 467 2389 2390
f 433 2353 2354
f 493 2414 2413
f 527 2449 2450
f 543 2466 2467
f 485 2407 2408
f 572 2494 2495
f 557 2480 2479
f 515 2438 2437
f 428 2351 2350
f 591 2510 2511
f 587 2504 2505
f 588 2508 2507
f 594 2514 2513
f 597 2517 2516
f 600 2520 2519
f 634 2554 2556
f 619 2539 2540
f 639 2560 2561
f 602 2523 2521
f 624 2543 2544
f 608 2527 2529
f 610 2532 2530
f 627 2547 2546
f 630 2550 2549
f 635 2552 2553
f 615 2535 2534
f 617 2538 2536
f 637 2558 2557
f 604 2524 2525
f 167 1607 647
f 164 1603 644
f 163 1604 643
f 165 1610 645
f 166 1613 646
f 169 1622 649
f 192 1686 672
f 222 1773 702
f 216 1761 696
f 199 1712 679
f 182 1652 662
f 179 1648 659
f 178 1649 658
f 180 1655 660
f 181 1658 661
f 186 1670 666
f 174 1637 654
f 193 1694 673
f 205 1731 685
f 212 1739 692
f 221 1768 701
f 189 1678 669
f 170 1619 650
f 202 1709 682
f 217 1754 697
f 191 1682 671
f 220 1776 700
f 214 1758 694
f 200 1716 680
f 171 1625 651
f 210 1742 690
f 183 1663 663
f 175 1634 655
f 196 1697 676
f 207 1728 687
f 211 1746 691
f 187 1664 667
f 176 1640 656
f 195 1700 675
f 203 1724 683
f 188 1679 668
f 168 1618 648
f 198 1708 678
f 213 1753 693
f 218 1769 698
f 208 1738 688
f 185 1671 665
f 177 1643 657
f 197 1701 677
f 206 1723 686
f 184 1667 664
f 173 1633 653
f 194 1693 674
f 204 1727 684
f 209 1743 689
f 190 1685 670
f 219 1772 699
f 215 1757 695
f 201 1715 681
f 172 1628 652
f 357 2187 837
f 255 1881 735
f 262 1899 742
f 388 2277 868
f 400 2313 880
f 352 2169 832
f 347 2156 827
f 298 2010 778
f 364 2208 844
f 269 1917 749
f 339 2133 819
f 285 1971 765
f 293 1989 773
f 370 2223 850
f 396 2300 876
f 353 2174 833
f 346 2151 826
f 299 2007 779
f 365 2205 845
f 268 1920 748
f 249 1855 729
f 231 1801 711
f 226 1784 706
f 238 1820 718
f 244 1838 724
f 257 1874 737
f 359 2180 839
f 402 2310 882
f 390 2274 870
f 264 1896 744
f 327 2089 807
f 309 2035 789
f 282 1950 762
f 317 2054 797
f 322 2072 802
f 341 2126 821
f 286 1964 766
f 294 1986 774
f 372 2220 852
f 394 2291 874
f 358 2183 838
f 256 1877 736
f 261 1891 741
f 387 2269 867
f 399 2305 879
f 351 2161 831
f 348 2148 828
f 300 2004 780
f 366 2202 846
f 267 1909 747
f 340 2129 820
f 287 1967 767
f 291 1981 771
f 369 2215 849
f 395 2288 875
f 354 2166 834
f 345 2143 825
f 297 1999 777
f 363 2197 843
f 270 1914 750
f 234 1806 714
f 227 1787 707
f 239 1823 719
f 245 1841 725
f 252 1860 732
f 275 1931 755
f 334 2108 814
f 304 2018 784
f 377 2234 857
f 382 2255 862
f 312 2040 792
f 279 1945 759
f 316 2057 796
f 323 2075 803
f 330 2094 810
f 335 2111 815
f 305 2021 785
f 376 2237 856
f 383 2252 863
f 274 1928 754
f 232 1812 712
f 225 1791 705
f 237 1827 717
f 243 1845 723
f 250 1866 730
f 273 1935 753
f 336 2118 816
f 306 2028 786
f 378 2246 858
f 381 2259 861
f 311 2048 791
f 281 1953 761
f 315 2061 795
f 321 2079 801
f 328 2100 808
f 333 2115 813
f 303 2025 783
f 375 2241 855
f 384 2264 864
f 276 1938 756
f 229 1802 709
f 223 1783 703
f 235 1819 715
f 241 1837 721
f 247 1856 727
f 271 1927 751
f 332 2112 812
f 302 2022 782
f 374 2238 854
f 379 2251 859
f 307 2036 787
f 278 1949 758
f 313 2053 793
f 319 2071 799
f 325 2090 805
f 331 2107 811
f 301 2017 781
f 373 2233 853
f 380 2256 860
f 272 1932 752
f 248 1859 728
f 230 1805 710
f 224 1788 704
f 236 1824 716
f 242 1842 722
f 254 1878 734
f 356 2184 836
f 397 2306 877
f 385 2270 865
f 259 1892 739
f 326 2093 806
f 308 2039 788
f 277 1946 757
f 314 2058 794
f 320 2076 800
f 338 2130 818
f 284 1968 764
f 289 1982 769
f 367 2216 847
f 391 2287 871
f 355 2179 835
f 253 1873 733
f 260 1895 740
f 386 2273 866
f 398 2309 878
f 350 2165 830
f 343 2144 823
f 295 2000 775
f 361 2198 841
f 266 1913 746
f 337 2125 817
f 283 1963 763
f 290 1985 770
f 368 2219 848
f 392 2292 872
f 349 2162 829
f 344 2147 824
f 296 2003 776
f 362 2201 842
f 265 1910 745
f 251 1863 731
f 233 1809 713
f 228 1794 708
f 240 1830 720
f 246 1848 726
f 258 1886 738
f 360 2192 840
f 401 2318 881
f 389 2282 869
f 263 1904 743
f 329 2097 809
f 310 2043 790
f 280 1956 760
f 318 2066 798
f 324 2082 804
f 342 2138 822
f 288 1974 768
f 292 1992 772
f 371 2228 851
f 393 2295 873
f 409 2331 1269
f 405 2327 1245
f 411 2328 1252
f 414 2334 1288
f 417 2337 1306
f 431 2346 1336
f 488 2412 1551
f 575 2499 1473
f 563 2487 1599
f 519 2436 1354
f 454 2376 1479
f 450 2372 1401
f 456 2373 1408
f 459 2379 1492
f 462 2382 1504
f 472 2396 1533
f 446 2361 1414
f 506 2418 1444
f 535 2457 1594
f 541 2463 1383
f 570 2492 1323
f 480 2402 1275
f 421 2343 1263
f 511 2433 1299
f 556 2478 1317
f 484 2406 1341
f 580 2502 1564
f 567 2484 1462
f 522 2442 1588
f 427 2349 1347
f 544 2468 1521
f 468 2387 1420
f 436 2358 1395
f 499 2421 1497
f 530 2454 1515
f 548 2472 1557
f 466 2388 1425
f 442 2364 1431
f 505 2426 1570
f 536 2448 1372
f 491 2403 1282
f 423 2342 1258
f 513 2432 1294
f 564 2477 1312
f 581 2493 1330
f 549 2462 1378
f 477 2397 1540
f 445 2367 1449
f 503 2427 1575
f 525 2447 1365
f 474 2391 1486
f 438 2357 1390
f 495 2417 1437
f 532 2453 1510
f 552 2469 1528
f 490 2411 1546
f 577 2498 1468
f 559 2483 1455
f 517 2441 1581
f 430 2352 1359
f 590 2509 1272
f 584 2503 1248
f 585 2506 1253
f 592 2512 1289
f 595 2515 1307
f 598 2518 1337
f 636 2555 1554
f 621 2541 1476
f 642 2562 1602
f 601 2522 1355
f 623 2542 1482
f 611 2528 1404
f 609 2531 1409
f 625 2545 1493
f 628 2548 1505
f 632 2551 1536
f 613 2533 1415
f 616 2537 1445
f 638 2559 1595
f 606 2526 1386
f 407 1616 909
f 403 1608 891
f 404 1606 886
f 410 1612 898
f 413 1615 904
f 422 1624 922
f 486 1692 1060
f 573 1782 1240
f 561 1765 1204
f 512 1714 1102
f 452 1661 999
f 448 1653 981
f 449 1651 976
f 455 1657 988
f 458 1660 994
f 470 1675 1024
f 437 1639 952
f 494 1696 1066
f 531 1733 1138
f 539 1751 1179
f 568 1779 1233
f 478 1683 1041
f 419 1626 927
f 509 1721 1119
f 554 1766 1209
f 482 1689 1053
f 576 1778 1228
f 558 1760 1192
f 516 1718 1108
f 425 1629 933
f 542 1747 1167
f 463 1665 1005
f 434 1641 957
f 497 1704 1083
f 528 1737 1150
f 546 1750 1174
f 464 1676 1029
f 440 1644 963
f 500 1702 1077
f 524 1726 1126
f 479 1681 1036
f 418 1620 915
f 508 1710 1095
f 553 1755 1185
f 569 1771 1216
f 538 1740 1155
f 471 1673 1018
f 443 1647 970
f 501 1707 1090
f 523 1734 1143
f 467 1669 1012
f 433 1635 945
f 493 1698 1071
f 527 1729 1131
f 543 1745 1162
f 485 1687 1047
f 572 1774 1221
f 557 1762 1197
f 515 1720 1114
f 428 1632 940
f 591 2189 1284
f 587 1883 1260
f 588 1903 1296
f 594 2281 1314
f 597 2317 1332
f 600 2173 1380
f 634 2158 1542
f 619 2012 1451
f 639 2210 1577
f 602 1924 1367
f 624 2135 1488
f 608 1973 1392
f 610 1996 1439
f 627 2227 1512
f 630 2304 1530
f 635 2176 1548
f 615 2155 1470
f 617 2014 1457
f 637 2212 1583
f 604 1922 1361
f 416 1864 1270
f 408 1810 1246
f 406 1795 1251
f 412 1831 1287
f 415 1849 1305
f 424 1887 1335
f 492 2193 1552
f 582 2321 1474
f 565 2285 1600
f 514 1907 1353
f 461 2098 1480
f 453 2044 1402
f 451 1961 1407
f 457 2067 1491
f 460 2083 1503
f 475 2139 1534
f 439 1975 1413
f 496 1997 1443
f 533 2231 1593
f 551 2298 1384
f 579 2190 1324
f 483 1884 1276
f 426 1900 1264
f 521 2278 1300
f 566 2314 1318
f 489 2170 1342
f 578 2159 1563
f 560 2015 1461
f 518 2213 1587
f 429 1918 1348
f 547 2136 1522
f 465 1977 1419
f 441 1990 1396
f 504 2224 1498
f 537 2301 1516
f 550 2177 1558
f 476 2152 1426
f 444 2008 1432
f 502 2206 1569
f 526 1925 1371
f 481 1817 1281
f 420 1797 1257
f 510 1833 1293
f 555 1851 1311
f 571 1871 1329
f 540 1941 1377
f 473 2119 1539
f 447 2029 1450
f 507 2247 1576
f 534 2262 1366
f 469 2051 1485
f 435 1954 1389
f 498 2064 1438
f 529 2085 1509
f 545 2105 1527
f 487 2121 1545
f 574 2031 1467
f 562 2244 1456
f 520 2265 1582
f 432 1939 1360
f 589 1814 1271
f 583 1793 1247
f 586 1829 1254
f 593 1847 1290
f 596 1868 1308
f 599 1937 1338
f 633 2124 1553
f 620 2034 1475
f 640 2250 1601
f 603 2261 1356
f 622 2050 1481
f 607 1960 1403
f 612 2063 1410
f 626 2081 1494
f 629 2102 1506
f 631 2117 1535
f 614 2027 1416
f 618 2243 1446
f 641 2268 1596
f 605 1944 1385
f 409 1804 894
f 405 1785 887
f 411 1821 899
f 414 1839 905
f 417 1858 912
f 431 1929 941
f 488 2114 1050
f 575 2024 1224
f 563 2240 1200
f 519 2253 1115
f 454 2038 984
f 450 1951 977
f 456 2055 989
f 459 2073 995
f 462 2092 1002
f 472 2109 1019
f 446 2019 971
f 506 2235 1091
f 535 2258 1146
f 541 1934 1158
f 570 1861 1217
f 480 1807 1037
f 421 1790 918
f 511 1826 1098
f 556 1844 1188
f 484 1880 1044
f 580 2186 1236
f 567 2308 1212
f 522 2272 1122
f 427 1894 930
f 544 2095 1163
f 468 2041 1013
f 436 1948 948
f 499 2060 1074
f 530 2078 1134
f 548 2132 1170
f 466 1970 1008
f 442 1984 960
f 505 2218 1086
f 536 2289 1151
f 491 2181 1061
f 423 1875 923
f 513 1897 1103
f 564 2275 1205
f 581 2311 1241
f 549 2167 1175
f 477 2146 1032
f 445 2002 966
f 503 2200 1080
f 525 1915 1127
f 474 2127 1025
f 438 1965 953
f 495 1987 1067
f 532 2221 1139
f 552 2294 1182
f 490 2164 1056
f 577 2149 1229
f 559 2005 1193
f 517 2203 1109
f 430 1912 936
f 590 1870 1325
f 584 1816 1277
f 585 1800 1265
f 592 1836 1301
f 595 1854 1319
f 598 1890 1343
f 636 2196 1566
f 621 2320 1464
f 642 2284 1590
f 601 1906 1349
f 623 2104 1523
f 611 2047 1422
f 609 1958 1397
f 625 2070 1499
f 628 2088 1517
f 632 2142 1559
f 613 1980 1427
f 616 1994 1433
f 638 2230 1572
f 606 2297 1374
f 407 2329 892
f 403 2323 885
f 404 2326 897
f 410 2333 903
f 413 2336 910
f 422 2345 939
f 486 2409 1048
f 573 2496 1222
f 561 2485 1198
f 512 2435 1113
f 452 2374 982
f 448 2368 975
f 449 2371 987
f 455 2378 993
f 458 2381 1000
f 470 2392 1017
f 437 2360 969
f 494 2416 1089
f 531 2456 1144
f 539 2460 1156
f 568 2488 1215
f 478 2398 1035
f 419 2340 916
f 509 2430 1096
f 554 2475 1186
f 482 2404 1042
f 576 2501 1234
f 558 2482 1210
f 516 2440 1120
f 425 2347 928
f 542 2464 1161
f 463 2384 1011
f 434 2355 946
f 497 2419 1072
f 528 2451 1132
f 546 2470 1168
f 464 2385 1006
f 440 2362 958
f 500 2423 1084
f 524 2446 1149
f 479 2401 1059
f 418 2339 921
f 508 2429 1101
f 553 2474 1203
f 569 2491 1239
f 538 2459 1173
f 471 2395 1030
f 443 2365 964
f 501 2424 1078
f 523 2443 1125
f 467 2390 1023
f 433 2354 951
f 493 2413 1065
f 527 2450 1137
f 543 2467 1180
f 485 2408 1054
f 572 2495 1227
f 557 2479 1191
f 515 2437 1107
f 428 2350 934
f 591 2511 1326
f 587 2505 1278
f 588 2507 1266
f 594 2513 1302
f 597 2516 1320
f 600 2519 1344
f 634 2556 1565
f 619 2540 1463
f 639 2561 1589
f 602 2521 1350
f 624 2544 1524
f 608 2529 1421
f 610 2530 1398
f 627 2546 1500
f 630 2549 1518
f 635 2553 1560
f 615 2534 1428
f 617 2536 1434
f 637 2557 1571
f 604 2525 1373
f 164 1609 889
f 163 1605 883
f 165 1611 895
f 166 1614 901
f 167 1617 907
f 172 1631 937
f 190 1688 1045
f 219 1775 1219
f 215 1763 1195
f 201 1719 1111
f 179 1654 979
f 178 1650 973
f 180 1656 985
f 181 1659 991
f 182 1662 997
f 185 1672 1015
f 177 1646 967
f 197 1706 1087
f 206 1735 1141
f 208 1741 1153
f 218 1770 1213
f 188 1680 1033
f 168 1621 913
f 198 1711 1093
f 213 1756 1183
f 189 1684 1039
f 221 1780 1231
f 217 1767 1207
f 202 1722 1117
f 170 1627 925
f 209 1744 1159
f 184 1668 1009
f 173 1636 943
f 194 1699 1069
f 204 1730 1129
f 210 1748 1165
f 183 1666 1003
f 175 1642 955
f 196 1705 1081
f 207 1736 1147
f 192 1691 1057
f 169 1623 919
f 199 1713 1099
f 216 1764 1201
f 222 1781 1237
f 211 1749 1171
f 187 1677 1027
f 176 1645 961
f 195 1703 1075
f 203 1725 1123
f 186 1674 1021
f 174 1638 949
f 193 1695 1063
f 205 1732 1135
f 212 1752 1177
f 191 1690 1051
f 220 1777 1225
f 214 1759 1189
f 200 1717 1105
f 171 1630 931
f 358 2191 1322
f 256 1885 1274
f 261 1901 1262
f 387 2279 1298
f 399 2315 1316
f 351 2171 1340
f 348 2160 1561
f 300 2016 1459
f 366 2214 1585
f 267 1919 1346
f 340 2137 1520
f 287 1978 1417
f 291 1991 1394
f 369 2225 1496
f 395 2302 1514
f 354 2178 1556
f 345 2153 1424
f 297 2009 1430
f 363 2207 1567
f 270 1926 1369
f 247 1857 908
f 229 1803 890
f 223 1786 884
f 235 1822 896
f 241 1840 902
f 253 1876 920
f 355 2182 1058
f 398 2312 1238
f 386 2276 1202
f 260 1898 1100
f 325 2091 998
f 307 2037 980
f 278 1952 974
f 313 2056 986
f 319 2074 992
f 337 2128 1022
f 283 1966 950
f 290 1988 1064
f 368 2222 1136
f 392 2293 1178
f 356 2185 1232
f 254 1879 1040
f 259 1893 926
f 385 2271 1118
f 397 2307 1208
f 349 2163 1052
f 344 2150 1226
f 296 2006 1190
f 362 2204 1106
f 265 1911 932
f 338 2131 1166
f 284 1969 1004
f 289 1983 956
f 367 2217 1082
f 391 2290 1148
f 350 2168 1172
f 343 2145 1028
f 295 2001 962
f 361 2199 1076
f 266 1916 1124
f 230 1808 1034
f 224 1789 914
f 236 1825 1094
f 242 1843 1184
f 248 1862 1214
f 272 1933 1154
f 331 2110 1016
f 301 2020 968
f 373 2236 1088
f 380 2257 1142
f 308 2042 1010
f 277 1947 944
f 314 2059 1070
f 320 2077 1130
f 326 2096 1160
f 332 2113 1046
f 302 2023 1220
f 374 2239 1196
f 379 2254 1112
f 271 1930 938
f 234 1818 1279
f 227 1798 1255
f 239 1834 1291
f 245 1852 1309
f 252 1872 1327
f 275 1942 1375
f 334 2120 1537
f 304 2030 1448
f 377 2248 1574
f 382 2263 1364
f 312 2052 1483
f 279 1955 1387
f 316 2065 1436
f 323 2086 1507
f 330 2106 1525
f 335 2122 1543
f 305 2032 1465
f 376 2245 1454
f 383 2266 1580
f 274 1940 1358
f 232 1813 1267
f 225 1792 1243
f 237 1828 1250
f 243 1846 1286
f 250 1867 1304
f 273 1936 1334
f 336 2123 1549
f 306 2033 1471
f 378 2249 1597
f 381 2260 1352
f 311 2049 1477
f 281 1959 1399
f 315 2062 1406
f 321 2080 1490
f 328 2101 1502
f 333 2116 1531
f 303 2026 1412
f 375 2242 1442
f 384 2267 1592
f 276 1943 1381
f 251 1869 1321
f 233 1815 1273
f 228 1799 1261
f 240 1835 1297
f 246 1853 1315
f 258 1889 1339
f 360 2195 1562
f 401 2319 1460
f 389 2283 1586
f 263 1905 1345
f 329 2103 1519
f 310 2046 1418
f 280 1957 1393
f 318 2069 1495
f 324 2087 1513
f 342 2141 1555
f 288 1979 1423
f 292 1993 1429
f 371 2229 1568
f 393 2296 1370
f 357 2188 1280
f 255 1882 1256
f 262 1902 1292
f 388 2280 1310
f 400 2316 1328
f 352 2172 1376
f 347 2157 1538
f 298 2011 1447
f 364 2209 1573
f 269 1923 1363
f 339 2134 1484
f 285 1972 1388
f 293 1995 1435
f 370 2226 1508
f 396 2303 1526
f 353 2175 1544
f 346 2154 1466
f 299 2013 1453
f 365 2211 1579
f 268 1921 1357
f 249 1865 1268
f 231 1811 1244
f 226 1796 1249
f 238 1832 1285
f 244 1850 1303
f 257 1888 1333
f 359 2194 1550
f 402 2322 1472
f 390 2286 1598
f 264 1908 1351
f 327 2099 1478
f 309 2045 1400
f 282 1962 1405
f 317 2068 1489
f 322 2084 1501
f 341 2140 1532
f 286 1976 1411
f 294 1998 1441
f 372 2232 1591
f 394 2299 1382
f 416 2330 911
f 408 2324 893
f 406 2325 888
f 412 2332 900
f 415 2335 906
f 424 2344 924
f 492 2410 1062
f 582 2497 1242
f 565 2486 1206
f 514 2434 1104
f 461 2375 1001
f 453 2369 983
f 451 2370 978
f 457 2377 990
f 460 2380 996
f 475 2393 1026
f 439 2359 954
f 496 2415 1068
f 533 2455 1140
f 551 2461 1181
f 579 2489 1235
f 483 2399 1043
f 426 2341 929
f 521 2431 1121
f 566 2476 1211
f 489 2405 1055
f 578 2500 1230
f 560 2481 1194
f 518 2439 1110
f 429 2348 935
f 547 2465 1169
f 465 2383 1007
f 441 2356 959
f 504 2420 1085
f 537 2452 1152
f 550 2471 1176
f 476 2386 1031
f 444 2363 965
f 502 2422 1079
f 526 2445 1128
f 481 2400 1038
f 420 2338 917
f 510 2428 1097
f 555 2473 1187
f 571 2490 1218
f 540 2458 1157
f 473 2394 1020
f 447 2366 972
f 507 2425 1092
f 534 2444 1145
f 469 2389 1014
f 435 2353 947
f 498 2414 1073
f 529 2449 1133
f 545 2466 1164
f 487 2407 1049
f 574 2494 1223
f 562 2480 1199
f 520 2438 1116
f 432 2351 942
f 589 2510 1283
f 583 2504 1259
f 586 2508 1295
f 593 2514 1313
f 596 2517 1331
f 599 2520 1379
f 633 2554 1541
f 620 2539 1452
f 640 2560 1578
f 603 2523 1368
f 622 2543 1487
f 607 2527 1391
f 612 2532 1440
f 626 2547 1511
f 629 2550 1529
f 631 2552 1547
f 614 2535 1469
f 618 2538 1458
f 641 2558 1584
f 605 2524 1362
f 164 1607 1609
f 163 1603 1605
f 165 1604 1611
f 166 1610 1614
f 167 1613 1617
f 172 1622 1631
f 190 1686 1688
f 219 1773 1775
f 215 1761 1763
f 201 1712 1719
f 179 1652 1654
f 178 1648 1650
f 180 1649 1656
f 181 1655 1659
f 182 1658 1662
f 185 1670 1672
f 177 1637 1646
f 197 1694 1706
f 206 1731 1735
f 208 1739 1741
f 218 1768 1770
f 188 1678 1680
f 168 1619 1621
f 198 1709 1711
f 213 1754 1756
f 189 1682 1684
f 221 1776 1780
f 217 1758 1767
f 202 1716 1722
f 170 1625 1627
f 209 1742 1744
f 184 1663 1668
f 173 1634 1636
f 194 1697 1699
f 204 1728 1730
f 210 1746 1748
f 183 1664 1666
f 175 1640 1642
f 196 1700 1705
f 207 1724 1736
f 192 1679 1691
f 169 1618 1623
f 199 1708 1713
f 216 1753 1764
f 222 1769 1781
f 211 1738 1749
f 187 1671 1677
f 176 1643 1645
f 195 1701 1703
f 203 1723 1725
f 186 1667 1674
f 174 1633 1638
f 193 1693 1695
f 205 1727 1732
f 212 1743 1752
f 191 1685 1690
f 220 1772 1777
f 214 1757 1759
f 200 1715 1717
f 171 1628 1630
f 358 2187 2191
f 256 1881 1885
f 261 1899 1901
f 387 2277 2279
f 399 2313 2315
f 351 2169 2171
f 348 2156 2160
f 300 2010 2016
f 366 2208 2214
f 267 1917 1919
f 340 2133 2137
f 287 1971 1978
f 291 1989 1991
f 369 2223 2225
f 395 2300 2302
f 354 2174 2178
f 345 2151 2153
f 297 2007 2009
f 363 2205 2207
f 270 1920 1926
f 247 1855 1857
f 229 1801 1803
f 223 1784 1786
f 235 1820 1822
f 241 1838 1840
f 253 1874 1876
f 355 2180 2182
f 398 2310 2312
f 386 2274 2276
f 260 1896 1898
f 325 2089 2091
f 307 2035 2037
f 278 1950 1952
f 313 2054 2056
f 319 2072 2074
f 337 2126 2128
f 283 1964 1966
f 290 1986 1988
f 368 2220 2222
f 392 2291 2293
f 356 2183 2185
f 254 1877 1879
f 259 1891 1893
f 385 2269 2271
f 397 2305 2307
f 349 2161 2163
f 344 2148 2150
f 296 2004 2006
f 362 2202 2204
f 265 1909 1911
f 338 2129 2131
f 284 1967 1969
f 289 1981 1983
f 367 2215 2217
f 391 2288 2290
f 350 2166 2168
f 343 2143 2145
f 295 1999 2001
f 361 2197 2199
f 266 1914 1916
f 230 1806 1808
f 224 1787 1789
f 236 1823 1825
f 242 1841 1843
f 248 1860 1862
f 272 1931 1933
f 331 2108 2110
f 301 2018 2020
f 373 2234 2236
f 380 2255 2257
f 308 2040 2042
f 277 1945 1947
f 314 2057 2059
f 320 2075 2077
f 326 2094 2096
f 332 2111 2113
f 302 2021 2023
f 374 2237 2239
f 379 2252 2254
f 271 1928 1930
f 234 1812 1818
f 227 1791 1798
f 239 1827 1834
f 245 1845 1852
f 252 1866 1872
f 275 1935 1942
f 334 2118 2120
f 304 2028 2030
f 377 2246 2248
f 382 2259 2263
f 312 2048 2052
f 279 1953 1955
f 316 2061 2065
f 323 2079 2086
f 330 2100 2106
f 335 2115 2122
f 305 2025 2032
f 376 2241 2245
f 383 2264 2266
f 274 1938 1940
f 232 1802 1813
f 225 1783 1792
f 237 1819 1828
f 243 1837 1846
f 250 1856 1867
f 273 1927 1936
f 336 2112 2123
f 306 2022 2033
f 378 2238 2249
f 381 2251 2260
f 311 2036 2049
f 281 1949 1959
f 315 2053 2062
f 321 2071 2080
f 328 2090 2101
f 333 2107 2116
f 303 2017 2026
f 375 2233 2242
f 384 2256 2267
f 276 1932 1943
f 251 1859 1869
f 233 1805 1815
f 228 1788 1799
f 240 1824 1835
f 246 1842 1853
f 258 1878 1889
f 360 2184 2195
f 401 2306 2319
f 389 2270 2283
f 263 1892 1905
f 329 2093 2103
f 310 2039 2046
f 280 1946 1957
f 318 2058 2069
f 324 2076 2087
f 342 2130 2141
f 288 1968 1979
f 292 1982 1993
f 371 2216 2229
f 393 2287 2296
f 357 2179 2188
f 255 1873 1882
f 262 1895 1902
f 388 2273 2280
f 400 2309 2316
f 352 2165 2172
f 347 2144 2157
f 298 2000 2011
f 364 2198 2209
f 269 1913 1923
f 339 2125 2134
f 285 1963 1972
f 293 1985 1995
f 370 2219 2226
f 396 2292 2303
f 353 2162 2175
f 346 2147 2154
f 299 2003 2013
f 365 2201 2211
f 268 1910 1921
f 249 1863 1865
f 231 1809 1811
f 226 1794 1796
f 238 1830 1832
f 244 1848 1850
f 257 1886 1888
f 359 2192 2194
f 402 2318 2322
f 390 2282 2286
f 264 1904 1908
f 327 2097 2099
f 309 2043 2045
f 282 1956 1962
f 317 2066 2068
f 322 2082 2084
f 341 2138 2140
f 286 1974 1976
f 294 1992 1998
f 372 2228 2232
f 394 2295 2299
f 416 2331 2330
f 408 2327 2324
f 406 2328 2325
f 412 2334 2332
f 415 2337 2335
f 424 2346 2344
f 492 2412 2410
f 582 2499 2497
f 565 2487 2486
f 514 2436 2434
f 461 2376 2375
f 453 2372 2369
f 451 2373 2370
f 457 2379 2377
f 460 2382 2380
f 475 2396 2393
f 439 2361 2359
f 496 2418 2415
f 533 2457 2455
f 551 2463 2461
f 579 2492 2489
f 483 2402 2399
f 426 2343 2341
f 521 2433 2431
f 566 2478 2476
f 489 2406 2405
f 578 2502 2500
f 560 2484 2481
f 518 2442 2439
f 429 2349 2348
f 547 2468 2465
f 465 2387 2383
f 441 2358 2356
f 504 2421 2420
f 537 2454 2452
f 550 2472 2471
f 476 2388 2386
f 444 2364 2363
f 502 2426 2422
f 526 2448 2445
f 481 2403 2400
f 420 2342 2338
f 510 2432 2428
f 555 2477 2473
f 571 2493 2490
f 540 2462 2458
f 473 2397 2394
f 447 2367 2366
f 507 2427 2425
f 534 2447 2444
f 469 2391 2389
f 435 2357 2353
f 498 2417 2414
f 529 2453 2449
f 545 2469 2466
f 487 2411 2407
f 574 2498 2494
f 562 2483 2480
f 520 2441 2438
f 432 2352 2351
f 589 2509 2510
f 583 2503 2504
f 586 2506 2508
f 593 2512 2514
f 596 2515 2517
f 599 2518 2520
f 633 2555 2554
f 620 2541 2539
f 640 2562 2560
f 603 2522 2523
f 622 2542 2543
f 607 2528 2527
f 612 2531 2532
f 626 2545 2547
f 629 2548 2550
f 631 2551 2552
f 614 2533 2535
f 618 2537 2538
f 641 2559 2558
f 605 2526 2524
f 164 644 1607
f 163 643 1603
f 165 645 1604
f 166 646 1610
f 167 647 1613
f 172 652 1622
f 190 670 1686
f 219 699 1773
f 215 695 1761
f 201 681 1712
f 179 659 1652
f 178 658 1648
f 180 660 1649
f 181 661 1655
f 182 662 1658
f 185 665 1670
f 177 657 1637
f 197 677 1694
f 206 686 1731
f 208 688 1739
f 218 698 1768
f 188 668 1678
f 168 648 1619
f 198 678 1709
f 213 693 1754
f 189 669 1682
f 221 701 1776
f 217 697 1758
f 202 682 1716
f 170 650 1625
f 209 689 1742
f 184 664 1663
f 173 653 1634
f 194 674 1697
f 204 684 1728
f 210 690 1746
f 183 663 1664
f 175 655 1640
f 196 676 1700
f 207 687 1724
f 192 672 1679
f 169 649 1618
f 199 679 1708
f 216 696 1753
f 222 702 1769
f 211 691 1738
f 187 667 1671
f 176 656 1643
f 195 675 1701
f 203 683 1723
f 186 666 1667
f 174 654 1633
f 193 673 1693
f 205 685 1727
f 212 692 1743
f 191 671 1685
f 220 700 1772
f 214 694 1757
f 200 680 1715
f 171 651 1628
f 358 838 2187
f 256 736 1881
f 261 741 1899
f 387 867 2277
f 399 879 2313
f 351 831 2169
f 348 828 2156
f 300 780 2010
f 366 846 2208
f 267 747 1917
f 340 820 2133
f 287 767 1971
f 291 771 1989
f 369 849 2223
f 395 875 2300
f 354 834 2174
f 345 825 2151
f 297 777 2007
f 363 843 2205
f 270 750 1920
f 247 727 1855
f 229 709 1801
f 223 703 1784
f 235 715 1820
f 241 721 1838
f 253 733 1874
f 355 835 2180
f 398 878 2310
f 386 866 2274
f 260 740 1896
f 325 805 2089
f 307 787 2035
f 278 758 1950
f 313 793 2054
f 319 799 2072
f 337 817 2126
f 283 763 1964
f 290 770 1986
f 368 848 2220
f 392 872 2291
f 356 836 2183
f 254 734 1877
f 259 739 1891
f 385 865 2269
f 397 877 2305
f 349 829 2161
f 344 824 2148
f 296 776 2004
f 362 842 2202
f 265 745 1909
f 338 818 2129
f 284 764 1967
f 289 769 1981
f 367 847 2215
f 391 871 2288
f 350 830 2166
f 343 823 2143
f 295 775 1999
f 361 841 2197
f 266 746 1914
f 230 710 1806
f 224 704 1787
f 236 716 1823
f 242 722 1841
f 248 728 1860
f 272 752 1931
f 331 811 2108
f 301 781 2018
f 373 853 2234
f 380 860 2255
f 308 788 2040
f 277 757 1945
f 314 794 2057
f 320 800 2075
f 326 806 2094
f 332 812 2111
f 302 782 2021
f 374 854 2237
f 379 859 2252
f 271 751 1928
f 234 714 1812
f 227 707 1791
f 239 719 1827
f 245 725 1845
f 252 732 1866
f 275 755 1935
f 334 814 2118
f 304 784 2028
f 377 857 2246
f 382 862 2259
f 312 792 2048
f 279 759 1953
f 316 796 2061
f 323 803 2079
f 330 810 2100
f 335 815 2115
f 305 785 2025
f 376 856 2241
f 383 863 2264
f 274 754 1938
f 232 712 1802
f 225 705 1783
f 237 717 1819
f 243 723 1837
f 250 730 1856
f 273 753 1927
f 336 816 2112
f 306 786 2022
f 378 858 2238
f 381 861 2251
f 311 791 2036
f 281 761 1949
f 315 795 2053
f 321 801 2071
f 328 808 2090
f 333 813 2107
f 303 783 2017
f 375 855 2233
f 384 864 2256
f 276 756 1932
f 251 731 1859
f 233 713 1805
f 228 708 1788
f 240 720 1824
f 246 726 1842
f 258 738 1878
f 360 840 2184
f 401 881 2306
f 389 869 2270
f 263 743 1892
f 329 809 2093
f 310 790 2039
f 280 760 1946
f 318 798 2058
f 324 804 2076
f 342 822 2130
f 288 768 1968
f 292 772 1982
f 371 851 2216
f 393 873 2287
f 357 837 2179
f 255 735 1873
f 262 742 1895
f 388 868 2273
f 400 880 2309
f 352 832 2165
f 347 827 2144
f 298 778 2000
f 364 844 2198
f 269 749 1913
f 339 819 2125
f 285 765 1963
f 293 773 1985
f 370 850 2219
f 396 876 2292
f 353 833 2162
f 346 826 2147
f 299 779 2003
f 365 845 2201
f 268 748 1910
f 249 729 1863
f 231 711 1809
f 226 706 1794
f 238 718 1830
f 244 724 1848
f 257 737 1886
f 359 839 2192
f 402 882 2318
f 390 870 2282
f 264 744 1904
f 327 807 2097
f 309 789 2043
f 282 762 1956
f 317 797 2066
f 322 802 2082
f 341 821 2138
f 286 766 1974
f 294 774 1992
f 372 852 2228
f 394 874 2295
f 416 1270 2331
f 408 1246 2327
f 406 1251 2328
f 412 1287 2334
f 415 1305 2337
f 424 1335 2346
f 492 1552 2412
f 582 1474 2499
f 565 1600 2487
f 514 1353 2436
f 461 1480 2376
f 453 1402 2372
f 451 1407 2373
f 457 1491 2379
f 460 1503 2382
f 475 1534 2396
f 439 1413 2361
f 496 1443 2418
f 533 1593 2457
f 551 1384 2463
f 579 1324 2492
f 483 1276 2402
f 426 1264 2343
f 521 1300 2433
f 566 1318 2478
f 489 1342 2406
f 578 1563 2502
f 560 1461 2484
f 518 1587 2442
f 429 1348 2349
f 547 1522 2468
f 465 1419 2387
f 441 1396 2358
f 504 1498 2421
f 537 1516 2454
f 550 1558 2472
f 476 1426 2388
f 444 1432 2364
f 502 1569 2426
f 526 1371 2448
f 481 1281 2403
f 420 1257 2342
f 510 1293 2432
f 555 1311 2477
f 571 1329 2493
f 540 1377 2462
f 473 1539 2397
f 447 1450 2367
f 507 1576 2427
f 534 1366 2447
f 469 1485 2391
f 435 1389 2357
f 498 1438 2417
f 529 1509 2453
f 545 1527 2469
f 487 1545 2411
f 574 1467 2498
f 562 1456 2483
f 520 1582 2441
f 432 1360 2352
f 589 1271 2509
f 583 1247 2503
f 586 1254 2506
f 593 1290 2512
f 596 1308 2515
f 599 1338 2518
f 633 1553 2555
f 620 1475 2541
f 640 1601 2562
f 603 1356 2522
f 622 1481 2542
f 607 1403 2528
f 612 1410 2531
f 626 1494 2545
f 629 1506 2548
f 631 1535 2551
f 614 1416 2533
f 618 1446 2537
f 641 1596 2559
f 605 1385 2526
f 167 907 1616
f 164 889 1608
f 163 883 1606
f 165 895 1612
f 166 901 1615
f 169 919 1624
f 192 1057 1692
f 222 1237 1782
f 216 1201 1765
f 199 1099 1714
f 182 997 1661
f 179 979 1653
f 178 973 1651
f 180 985 1657
f 181 991 1660
f 186 1021 1675
f 174 949 1639
f 193 1063 1696
f 205 1135 1733
f 212 1177 1751
f 221 1231 1779
f 189 1039 1683
f 170 925 1626
f 202 1117 1721
f 217 1207 1766
f 191 1051 1689
f 220 1225 1778
f 214 1189 1760
f 200 1105 1718
f 171 931 1629
f 210 1165 1747
f 183 1003 1665
f 175 955 1641
f 196 1081 1704
f 207 1147 1737
f 211 1171 1750
f 187 1027 1676
f 176 961 1644
f 195 1075 1702
f 203 1123 1726
f 188 1033 1681
f 168 913 1620
f 198 1093 1710
f 213 1183 1755
f 218 1213 1771
f 208 1153 1740
f 185 1015 1673
f 177 967 1647
f 197 1087 1707
f 206 1141 1734
f 184 1009 1669
f 173 943 1635
f 194 1069 1698
f 204 1129 1729
f 209 1159 1745
f 190 1045 1687
f 219 1219 1774
f 215 1195 1762
f 201 1111 1720
f 172 937 1632
f 357 1280 2189
f 255 1256 1883
f 262 1292 1903
f 388 1310 2281
f 400 1328 2317
f 352 1376 2173
f 347 1538 2158
f 298 1447 2012
f 364 1573 2210
f 269 1363 1924
f 339 1484 2135
f 285 1388 1973
f 293 1435 1996
f 370 1508 2227
f 396 1526 2304
f 353 1544 2176
f 346 1466 2155
f 299 1453 2014
f 365 1579 2212
f 268 1357 1922
f 249 1268 1864
f 231 1244 1810
f 226 1249 1795
f 238 1285 1831
f 244 1303 1849
f 257 1333 1887
f 359 1550 2193
f 402 1472 2321
f 390 1598 2285
f 264 1351 1907
f 327 1478 2098
f 309 1400 2044
f 282 1405 1961
f 317 1489 2067
f 322 1501 2083
f 341 1532 2139
f 286 1411 1975
f 294 1441 1997
f 372 1591 2231
f 394 1382 2298
f 358 1322 2190
f 256 1274 1884
f 261 1262 1900
f 387 1298 2278
f 399 1316 2314
f 351 1340 2170
f 348 1561 2159
f 300 1459 2015
f 366 1585 2213
f 267 1346 1918
f 340 1520 2136
f 287 1417 1977
f 291 1394 1990
f 369 1496 2224
f 395 1514 2301
f 354 1556 2177
f 345 1424 2152
f 297 1430 2008
f 363 1567 2206
f 270 1369 1925
f 234 1279 1817
f 227 1255 1797
f 239 1291 1833
f 245 1309 1851
f 252 1327 1871
f 275 1375 1941
f 334 1537 2119
f 304 1448 2029
f 377 1574 2247
f 382 1364 2262
f 312 1483 2051
f 279 1387 1954
f 316 1436 2064
f 323 1507 2085
f 330 1525 2105
f 335 1543 2121
f 305 1465 2031
f 376 1454 2244
f 383 1580 2265
f 274 1358 1939
f 232 1267 1814
f 225 1243 1793
f 237 1250 1829
f 243 1286 1847
f 250 1304 1868
f 273 1334 1937
f 336 1549 2124
f 306 1471 2034
f 378 1597 2250
f 381 1352 2261
f 311 1477 2050
f 281 1399 1960
f 315 1406 2063
f 321 1490 2081
f 328 1502 2102
f 333 1531 2117
f 303 1412 2027
f 375 1442 2243
f 384 1592 2268
f 276 1381 1944
f 229 890 1804
f 223 884 1785
f 235 896 1821
f 241 902 1839
f 247 908 1858
f 271 938 1929
f 332 1046 2114
f 302 1220 2024
f 374 1196 2240
f 379 1112 2253
f 307 980 2038
f 278 974 1951
f 313 986 2055
f 319 992 2073
f 325 998 2092
f 331 1016 2109
f 301 968 2019
f 373 1088 2235
f 380 1142 2258
f 272 1154 1934
f 248 1214 1861
f 230 1034 1807
f 224 914 1790
f 236 1094 1826
f 242 1184 1844
f 254 1040 1880
f 356 1232 2186
f 397 1208 2308
f 385 1118 2272
f 259 926 1894
f 326 1160 2095
f 308 1010 2041
f 277 944 1948
f 314 1070 2060
f 320 1130 2078
f 338 1166 2132
f 284 1004 1970
f 289 956 1984
f 367 1082 2218
f 391 1148 2289
f 355 1058 2181
f 253 920 1875
f 260 1100 1897
f 386 1202 2275
f 398 1238 2311
f 350 1172 2167
f 343 1028 2146
f 295 962 2002
f 361 1076 2200
f 266 1124 1915
f 337 1022 2127
f 283 950 1965
f 290 1064 1987
f 368 1136 2221
f 392 1178 2294
f 349 1052 2164
f 344 1226 2149
f 296 1190 2005
f 362 1106 2203
f 265 932 1912
f 251 1321 1870
f 233 1273 1816
f 228 1261 1800
f 240 1297 1836
f 246 1315 1854
f 258 1339 1890
f 360 1562 2196
f 401 1460 2320
f 389 1586 2284
f 263 1345 1906
f 329 1519 2104
f 310 1418 2047
f 280 1393 1958
f 318 1495 2070
f 324 1513 2088
f 342 1555 2142
f 288 1423 1980
f 292 1429 1994
f 371 1568 2230
f 393 1370 2297
f 409 894 2329
f 405 887 2323
f 411 899 2326
f 414 905 2333
f 417 912 2336
f 431 941 2345
f 488 1050 2409
f 575 1224 2496
f 563 1200 2485
f 519 1115 2435
f 454 984 2374
f 450 977 2368
f 456 989 2371
f 459 995 2378
f 462 1002 2381
f 472 1019 2392
f 446 971 2360
f 506 1091 2416
f 535 1146 2456
f 541 1158 2460
f 570 1217 2488
f 480 1037 2398
f 421 918 2340
f 511 1098 2430
f 556 1188 2475
f 484 1044 2404
f 580 1236 2501
f 567 1212 2482
f 522 1122 2440
f 427 930 2347
f 544 1163 2464
f 468 1013 2384
f 436 948 2355
f 499 1074 2419
f 530 1134 2451
f 548 1170 2470
f 466 1008 2385
f 442 960 2362
f 505 1086 2423
f 536 1151 2446
f 491 1061 2401
f 423 923 2339
f 513 1103 2429
f 564 1205 2474
f 581 1241 2491
f 549 1175 2459
f 477 1032 2395
f 445 966 2365
f 503 1080 2424
f 525 1127 2443
f 474 1025 2390
f 438 953 2354
f 495 1067 2413
f 532 1139 2450
f 552 1182 2467
f 490 1056 2408
f 577 1229 2495
f 559 1193 2479
f 517 1109 2437
f 430 936 2350
f 590 1325 2511
f 584 1277 2505
f 585 1265 2507
f 592 1301 2513
f 595 1319 2516
f 598 1343 2519
f 636 1566 2556
f 621 1464 2540
f 642 1590 2561
f 601 1349 2521
f 623 1523 2544
f 611 1422 2529
f 609 1397 2530
f 625 1499 2546
f 628 1517 2549
f 632 1559 2553
f 613 1427 2534
f 616 1433 2536
f 638 1572 2557
f 606 1374 2525
f 407 892 1609
f 403 885 1605
f 404 897 1611
f 410 903 1614
f 413 910 1617
f 422 939 1631
f 486 1048 1688
f 573 1222 1775
f 561 1198 1763
f 512 1113 1719
f 452 982 1654
f 448 975 1650
f 449 987 1656
f 455 993 1659
f 458 1000 1662
f 470 1017 1672
f 437 969 1646
f 494 1089 1706
f 531 1144 1735
f 539 1156 1741
f 568 1215 1770
f 478 1035 1680
f 419 916 1621
f 509 1096 1711
f 554 1186 1756
f 482 1042 1684
f 576 1234 1780
f 558 1210 1767
f 516 1120 1722
f 425 928 1627
f 542 1161 1744
f 463 1011 1668
f 434 946 1636
f 497 1072 1699
f 528 1132 1730
f 546 1168 1748
f 464 1006 1666
f 440 958 1642
f 500 1084 1705
f 524 1149 1736
f 479 1059 1691
f 418 921 1623
f 508 1101 1713
f 553 1203 1764
f 569 1239 1781
f 538 1173 1749
f 471 1030 1677
f 443 964 1645
f 501 1078 1703
f 523 1125 1725
f 467 1023 1674
f 433 951 1638
f 493 1065 1695
f 527 1137 1732
f 543 1180 1752
f 485 1054 1690
f 572 1227 1777
f 557 1191 1759
f 515 1107 1717
f 428 934 1630
f 591 1326 2191
f 587 1278 1885
f 588 1266 1901
f 594 1302 2279
f 597 1320 2315
f 600 1344 2171
f 634 1565 2160
f 619 1463 2016
f 639 1589 2214
f 602 1350 1919
f 624 1524 2137
f 608 1421 1978
f 610 1398 1991
f 627 1500 2225
f 630 1518 2302
f 635 1560 2178
f 615 1428 2153
f 617 1434 2009
f 637 1571 2207
f 604 1373 1926
f 416 911 1857
f 408 893 1803
f 406 888 1786
f 412 900 1822
f 415 906 1840
f 424 924 1876
f 492 1062 2182
f 582 1242 2312
f 565 1206 2276
f 514 1104 1898
f 461 1001 2091
f 453 983 2037
f 451 978 1952
f 457 990 2056
f 460 996 2074
f 475 1026 2128
f 439 954 1966
f 496 1068 1988
f 533 1140 2222
f 551 1181 2293
f 579 1235 2185
f 483 1043 1879
f 426 929 1893
f 521 1121 2271
f 566 1211 2307
f 489 1055 2163
f 578 1230 2150
f 560 1194 2006
f 518 1110 2204
f 429 935 1911
f 547 1169 2131
f 465 1007 1969
f 441 959 1983
f 504 1085 2217
f 537 1152 2290
f 550 1176 2168
f 476 1031 2145
f 444 965 2001
f 502 1079 2199
f 526 1128 1916
f 481 1038 1808
f 420 917 1789
f 510 1097 1825
f 555 1187 1843
f 571 1218 1862
f 540 1157 1933
f 473 1020 2110
f 447 972 2020
f 507 1092 2236
f 534 1145 2257
f 469 1014 2042
f 435 947 1947
f 498 1073 2059
f 529 1133 2077
f 545 1164 2096
f 487 1049 2113
f 574 1223 2023
f 562 1199 2239
f 520 1116 2254
f 432 942 1930
f 589 1283 1818
f 583 1259 1798
f 586 1295 1834
f 593 1313 1852
f 596 1331 1872
f 599 1379 1942
f 633 1541 2120
f 620 1452 2030
f 640 1578 2248
f 603 1368 2263
f 622 1487 2052
f 607 1391 1955
f 612 1440 2065
f 626 1511 2086
f 629 1529 2106
f 631 1547 2122
f 614 1469 2032
f 618 1458 2245
f 641 1584 2266
f 605 1362 1940
f 409 1269 1813
f 405 1245 1792
f 411 1252 1828
f 414 1288 1846
f 417 1306 1867
f 431 1336 1936
f 488 1551 2123
f 575 1473 2033
f 563 1599 2249
f 519 1354 2260
f 454 1479 2049
f 450 1401 1959
f 456 1408 2062
f 459 1492 2080
f 462 1504 2101
f 472 1533 2116
f 446 1414 2026
f 506 1444 2242
f 535 1594 2267
f 541 1383 1943
f 570 1323 1869
f 480 1275 1815
f 421 1263 1799
f 511 1299 1835
f 556 1317 1853
f 484 1341 1889
f 580 1564 2195
f 567 1462 2319
f 522 1588 2283
f 427 1347 1905
f 544 1521 2103
f 468 1420 2046
f 436 1395 1957
f 499 1497 2069
f 530 1515 2087
f 548 1557 2141
f 466 1425 1979
f 442 1431 1993
f 505 1570 2229
f 536 1372 2296
f 491 1282 2188
f 423 1258 1882
f 513 1294 1902
f 564 1312 2280
f 581 1330 2316
f 549 1378 2172
f 477 1540 2157
f 445 1449 2011
f 503 1575 2209
f 525 1365 1923
f 474 1486 2134
f 438 1390 1972
f 495 1437 1995
f 532 1510 2226
f 552 1528 2303
f 490 1546 2175
f 577 1468 2154
f 559 1455 2013
f 517 1581 2211
f 430 1359 1921
f 590 1272 1865
f 584 1248 1811
f 585 1253 1796
f 592 1289 1832
f 595 1307 1850
f 598 1337 1888
f 636 1554 2194
f 621 1476 2322
f 642 1602 2286
f 601 1355 1908
f 623 1482 2099
f 611 1404 2045
f 609 1409 1962
f 625 1493 2068
f 628 1505 2084
f 632 1536 2140
f 613 1415 1976
f 616 1445 1998
f 638 1595 2232
f 606 1386 2299
f 407 909 2330
f 403 891 2324
f 404 886 2325
f 410 898 2332
f 413 904 2335
f 422 922 2344
f 486 1060 2410
f 573 1240 2497
f 561 1204 2486
f 512 1102 2434
f 452 999 2375
f 448 981 2369
f 449 976 2370
f 455 988 2377
f 458 994 2380
f 470 1024 2393
f 437 952 2359
f 494 1066 2415
f 531 1138 2455
f 539 1179 2461
f 568 1233 2489
f 478 1041 2399
f 419 927 2341
f 509 1119 2431
f 554 1209 2476
f 482 1053 2405
f 576 1228 2500
f 558 1192 2481
f 516 1108 2439
f 425 933 2348
f 542 1167 2465
f 463 1005 2383
f 434 957 2356
f 497 1083 2420
f 528 1150 2452
f 546 1174 2471
f 464 1029 2386
f 440 963 2363
f 500 1077 2422
f 524 1126 2445
f 479 1036 2400
f 418 915 2338
f 508 1095 2428
f 553 1185 2473
f 569 1216 2490
f 538 1155 2458
f 471 1018 2394
f 443 970 2366
f 501 1090 2425
f 523 1143 2444
f 467 1012 2389
f 433 945 2353
f 493 1071 2414
f 527 1131 2449
f 543 1162 2466
f 485 1047 2407
f 572 1221 2494
f 557 1197 2480
f 515 1114 2438
f 428 940 2351
f 591 1284 2510
f 587 1260 2504
f 588 1296 2508
f 594 1314 2514
f 597 1332 2517
f 600 1380 2520
f 634 1542 2554
f 619 1451 2539
f 639 1577 2560
f 602 1367 2523
f 624 1488 2543
f 608 1392 2527
f 610 1439 2532
f 627 1512 2547
f 630 1530 2550
f 635 1548 2552
f 615 1470 2535
f 617 1457 2538
f 637 1583 2558
f 604 1361 2524
f 167 1616 1607
f 164 1608 1603
f 163 1606 1604
f 165 1612 1610
f 166 1615 1613
f 169 1624 1622
f 192 1692 1686
f 222 1782 1773
f 216 1765 1761
f 199 1714 1712
f 182 1661 1652
f 179 1653 1648
f 178 1651 1649
f 180 1657 1655
f 181 1660 1658
f 186 1675 1670
f 174 1639 1637
f 193 1696 1694
f 205 1733 1731
f 212 1751 1739
f 221 1779 1768
f 189 1683 1678
f 170 1626 1619
f 202 1721 1709
f 217 1766 1754
f 191 1689 1682
f 220 1778 1776
f 214 1760 1758
f 200 1718 1716
f 171 1629 1625
f 210 1747 1742
f 183 1665 1663
f 175 1641 1634
f 196 1704 1697
f 207 1737 1728
f 211 1750 1746
f 187 1676 1664
f 176 1644 1640
f 195 1702 1700
f 203 1726 1724
f 188 1681 1679
f 168 1620 1618
f 198 1710 1708
f 213 1755 1753
f 218 1771 1769
f 208 1740 1738
f 185 1673 1671
f 177 1647 1643
f 197 1707 1701
f 206 1734 1723
f 184 1669 1667
f 173 1635 1633
f 194 1698 1693
f 204 1729 1727
f 209 1745 1743
f 190 1687 1685
f 219 1774 1772
f 215 1762 1757
f 201 1720 1715
f 172 1632 1628
f 357 2189 2187
f 255 1883 1881
f 262 1903 1899
f 388 2281 2277
f 400 2317 2313
f 352 2173 2169
f 347 2158 2156
f 298 2012 2010
f 364 2210 2208
f 269 1924 1917
f 339 2135 2133
f 285 1973 1971
f 293 1996 1989
f 370 2227 2223
f 396 2304 2300
f 353 2176 2174
f 346 2155 2151
f 299 2014 2007
f 365 2212 2205
f 268 1922 1920
f 249 1864 1855
f 231 1810 1801
f 226 1795 1784
f 238 1831 1820
f 244 1849 1838
f 257 1887 1874
f 359 2193 2180
f 402 2321 2310
f 390 2285 2274
f 264 1907 1896
f 327 2098 2089
f 309 2044 2035
f 282 1961 1950
f 317 2067 2054
f 322 2083 2072
f 341 2139 2126
f 286 1975 1964
f 294 1997 1986
f 372 2231 2220
f 394 2298 2291
f 358 2190 2183
f 256 1884 1877
f 261 1900 1891
f 387 2278 2269
f 399 2314 2305
f 351 2170 2161
f 348 2159 2148
f 300 2015 2004
f 366 2213 2202
f 267 1918 1909
f 340 2136 2129
f 287 1977 1967
f 291 1990 1981
f 369 2224 2215
f 395 2301 2288
f 354 2177 2166
f 345 2152 2143
f 297 2008 1999
f 363 2206 2197
f 270 1925 1914
f 234 1817 1806
f 227 1797 1787
f 239 1833 1823
f 245 1851 1841
f 252 1871 1860
f 275 1941 1931
f 334 2119 2108
f 304 2029 2018
f 377 2247 2234
f 382 2262 2255
f 312 2051 2040
f 279 1954 1945
f 316 2064 2057
f 323 2085 2075
f 330 2105 2094
f 335 2121 2111
f 305 2031 2021
f 376 2244 2237
f 383 2265 2252
f 274 1939 1928
f 232 1814 1812
f 225 1793 1791
f 237 1829 1827
f 243 1847 1845
f 250 1868 1866
f 273 1937 1935
f 336 2124 2118
f 306 2034 2028
f 378 2250 2246
f 381 2261 2259
f 311 2050 2048
f 281 1960 1953
f 315 2063 2061
f 321 2081 2079
f 328 2102 2100
f 333 2117 2115
f 303 2027 2025
f 375 2243 2241
f 384 2268 2264
f 276 1944 1938
f 229 1804 1802
f 223 1785 1783
f 235 1821 1819
f 241 1839 1837
f 247 1858 1856
f 271 1929 1927
f 332 2114 2112
f 302 2024 2022
f 374 2240 2238
f 379 2253 2251
f 307 2038 2036
f 278 1951 1949
f 313 2055 2053
f 319 2073 2071
f 325 2092 2090
f 331 2109 2107
f 301 2019 2017
f 373 2235 2233
f 380 2258 2256
f 272 1934 1932
f 248 1861 1859
f 230 1807 1805
f 224 1790 1788
f 236 1826 1824
f 242 1844 1842
f 254 1880 1878
f 356 2186 2184
f 397 2308 2306
f 385 2272 2270
f 259 1894 1892
f 326 2095 2093
f 308 2041 2039
f 277 1948 1946
f 314 2060 2058
f 320 2078 2076
f 338 2132 2130
f 284 1970 1968
f 289 1984 1982
f 367 2218 2216
f 391 2289 2287
f 355 2181 2179
f 253 1875 1873
f 260 1897 1895
f 386 2275 2273
f 398 2311 2309
f 350 2167 2165
f 343 2146 2144
f 295 2002 2000
f 361 2200 2198
f 266 1915 1913
f 337 2127 2125
f 283 1965 1963
f 290 1987 1985
f 368 2221 2219
f 392 2294 2292
f 349 2164 2162
f 344 2149 2147
f 296 2005 2003
f 362 2203 2201
f 265 1912 1910
f 251 1870 1863
f 233 1816 1809
f 228 1800 1794
f 240 1836 1830
f 246 1854 1848
f 258 1890 1886
f 360 2196 2192
f 401 2320 2318
f 389 2284 2282
f 263 1906 1904
f 329 2104 2097
f 310 2047 2043
f 280 1958 1956
f 318 2070 2066
f 324 2088 2082
f 342 2142 2138
f 288 1980 1974
f 292 1994 1992
f 371 2230 2228
f 393 2297 2295
f 409 2329 2331
f 405 2323 2327
f 411 2326 2328
f 414 2333 2334
f 417 2336 2337
f 431 2345 2346
f 488 2409 2412
f 575 2496 2499
f 563 2485 2487
f 519 2435 2436
f 454 2374 2376
f 450 2368 2372
f 456 2371 2373
f 459 2378 2379
f 462 2381 2382
f 472 2392 2396
f 446 2360 2361
f 506 2416 2418
f 535 2456 2457
f 541 2460 2463
f 570 2488 2492
f 480 2398 2402
f 421 2340 2343
f 511 2430 2433
f 556 2475 2478
f 484 2404 2406
f 580 2501 2502
f 567 2482 2484
f 522 2440 2442
f 427 2347 2349
f 544 2464 2468
f 468 2384 2387
f 436 2355 2358
f 499 2419 2421
f 530 2451 2454
f 548 2470 2472
f 466 2385 2388
f 442 2362 2364
f 505 2423 2426
f 536 2446 2448
f 491 2401 2403
f 423 2339 2342
f 513 2429 2432
f 564 2474 2477
f 581 2491 2493
f 549 2459 2462
f 477 2395 2397
f 445 2365 2367
f 503 2424 2427
f 525 2443 2447
f 474 2390 2391
f 438 2354 2357
f 495 2413 2417
f 532 2450 2453
f 552 2467 2469
f 490 2408 2411
f 577 2495 2498
f 559 2479 2483
f 517 2437 2441
f 430 2350 2352
f 590 2511 2509
f 584 2505 2503
f 585 2507 2506
f 592 2513 2512
f 595 2516 2515
f 598 2519 2518
f 636 2556 2555
f 621 2540 2541
f 642 2561 2562
f 601 2521 2522
f 623 2544 2542
f 611 2529 2528
f 609 2530 2531
f 625 2546 2545
f 628 2549 2548
f 632 2553 2551
f 613 2534 2533
f 616 2536 2537
f 638 2557 2559
f 606 2525 2526
f 1607 644 647
f 1603 643 644
f 1604 645 643
f 1610 646 645
f 1613 647 646
f 1622 652 649
f 1686 670 672
f 1773 699 702
f 1761 695 696
f 1712 681 679
f 1652 659 662
f 1648 658 659
f 1649 660 658
f 1655 661 660
f 1658 662 661
f 1670 665 666
f 1637 657 654
f 1694 677 673
f 1731 686 685
f 1739 688 692
f 1768 698 701
f 1678 668 669
f 1619 648 650
f 1709 678 682
f 1754 693 697
f 1682 669 671
f 1776 701 700
f 1758 697 694
f 1716 682 680
f 1625 650 651
f 1742 689 690
f 1663 664 663
f 1634 653 655
f 1697 674 676
f 1728 684 687
f 1746 690 691
f 1664 663 667
f 1640 655 656
f 1700 676 675
f 1724 687 683
f 1679 672 668
f 1618 649 648
f 1708 679 678
f 1753 696 693
f 1769 702 698
f 1738 691 688
f 1671 667 665
f 1643 656 657
f 1701 675 677
f 1723 683 686
f 1667 666 664
f 1633 654 653
f 1693 673 674
f 1727 685 684
f 1743 692 689
f 1685 671 670
f 1772 700 699
f 1757 694 695
f 1715 680 681
f 1628 651 652
f 2187 838 837
f 1881 736 735
f 1899 741 742
f 2277 867 868
f 2313 879 880
f 2169 831 832
f 2156 828 827
f 2010 780 778
f 2208 846 844
f 1917 747 749
f 2133 820 819
f 1971 767 765
f 1989 771 773
f 2223 849 850
f 2300 875 876
f 2174 834 833
f 2151 825 826
f 2007 777 779
f 2205 843 845
f 1920 750 748
f 1855 727 729
f 1801 709 711
f 1784 703 706
f 1820 715 718
f 1838 721 724
f 1874 733 737
f 2180 835 839
f 2310 878 882
f 2274 866 870
f 1896 740 744
f 2089 805 807
f 2035 787 789
f 1950 758 762
f 2054 793 797
f 2072 799 802
f 2126 817 821
f 1964 763 766
f 1986 770 774
f 2220 848 852
f 2291 872 874
f 2183 836 838
f 1877 734 736
f 1891 739 741
f 2269 865 867
f 2305 877 879
f 2161 829 831
f 2148 824 828
f 2004 776 780
f 2202 842 846
f 1909 745 747
f 2129 818 820
f 1967 764 767
f 1981 769 771
f 2215 847 849
f 2288 871 875
f 2166 830 834
f 2143 823 825
f 1999 775 777
f 2197 841 843
f 1914 746 750
f 1806 710 714
f 1787 704 707
f 1823 716 719
f 1841 722 725
f 1860 728 732
f 1931 752 755
f 2108 811 814
f 2018 781 784
f 2234 853 857
f 2255 860 862
f 2040 788 792
f 1945 757 759
f 2057 794 796
f 2075 800 803
f 2094 806 810
f 2111 812 815
f 2021 782 785
f 2237 854 856
f 2252 859 863
f 1928 751 754
f 1812 714 712
f 1791 707 705
f 1827 719 717
f 1845 725 723
f 1866 732 730
f 1935 755 753
f 2118 814 816
f 2028 784 786
f 2246 857 858
f 2259 862 861
f 2048 792 791
f 1953 759 761
f 2061 796 795
f 2079 803 801
f 2100 810 808
f 2115 815 813
f 2025 785 783
f 2241 856 855
f 2264 863 864
f 1938 754 756
f 1802 712 709
f 1783 705 703
f 1819 717 715
f 1837 723 721
f 1856 730 727
f 1927 753 751
f 2112 816 812
f 2022 786 782
f 2238 858 854
f 2251 861 859
f 2036 791 787
f 1949 761 758
f 2053 795 793
f 2071 801 799
f 2090 808 805
f 2107 813 811
f 2017 783 781
f 2233 855 853
f 2256 864 860
f 1932 756 752
f 1859 731 728
f 1805 713 710
f 1788 708 704
f 1824 720 716
f 1842 726 722
f 1878 738 734
f 2184 840 836
f 2306 881 877
f 2270 869 865
f 1892 743 739
f 2093 809 806
f 2039 790 788
f 1946 760 757
f 2058 798 794
f 2076 804 800
f 2130 822 818
f 1968 768 764
f 1982 772 769
f 2216 851 847
f 2287 873 871
f 2179 837 835
f 1873 735 733
f 1895 742 740
f 2273 868 866
f 2309 880 878
f 2165 832 830
f 2144 827 823
f 2000 778 775
f 2198 844 841
f 1913 749 746
f 2125 819 817
f 1963 765 763
f 1985 773 770
f 2219 850 848
f 2292 876 872
f 2162 833 829
f 2147 826 824
f 2003 779 776
f 2201 845 842
f 1910 748 745
f 1863 729 731
f 1809 711 713
f 1794 706 708
f 1830 718 720
f 1848 724 726
f 1886 737 738
f 2192 839 840
f 2318 882 881
f 2282 870 869
f 1904 744 743
f 2097 807 809
f 2043 789 790
f 1956 762 760
f 2066 797 798
f 2082 802 804
f 2138 821 822
f 1974 766 768
f 1992 774 772
f 2228 852 851
f 2295 874 873
f 2331 1270 1269
f 2327 1246 1245
f 2328 1251 1252
f 2334 1287 1288
f 2337 1305 1306
f 2346 1335 1336
f 2412 1552 1551
f 2499 1474 1473
f 2487 1600 1599
f 2436 1353 1354
f 2376 1480 1479
f 2372 1402 1401
f 2373 1407 1408
f 2379 1491 1492
f 2382 1503 1504
f 2396 1534 1533
f 2361 1413 1414
f 2418 1443 1444
f 2457 1593 1594
f 2463 1384 1383
f 2492 1324 1323
f 2402 1276 1275
f 2343 1264 1263
f 2433 1300 1299
f 2478 1318 1317
f 2406 1342 1341
f 2502 1563 1564
f 2484 1461 1462
f 2442 1587 1588
f 2349 1348 1347
f 2468 1522 1521
f 2387 1419 1420
f 2358 1396 1395
f 2421 1498 1497
f 2454 1516 1515
f 2472 1558 1557
f 2388 1426 1425
f 2364 1432 1431
f 2426 1569 1570
f 2448 1371 1372
f 2403 1281 1282
f 2342 1257 1258
f 2432 1293 1294
f 2477 1311 1312
f 2493 1329 1330
f 2462 1377 1378
f 2397 1539 1540
f 2367 1450 1449
f 2427 1576 1575
f 2447 1366 1365
f 2391 1485 1486
f 2357 1389 1390
f 2417 1438 1437
f 2453 1509 1510
f 2469 1527 1528
f 2411 1545 1546
f 2498 1467 1468
f 2483 1456 1455
f 2441 1582 1581
f 2352 1360 1359
f 2509 1271 1272
f 2503 1247 1248
f 2506 1254 1253
f 2512 1290 1289
f 2515 1308 1307
f 2518 1338 1337
f 2555 1553 1554
f 2541 1475 1476
f 2562 1601 1602
f 2522 1356 1355
f 2542 1481 1482
f 2528 1403 1404
f 2531 1410 1409
f 2545 1494 1493
f 2548 1506 1505
f 2551 1535 1536
f 2533 1416 1415
f 2537 1446 1445
f 2559 1596 1595
f 2526 1385 1386
f 1616 907 909
f 1608 889 891
f 1606 883 886
f 1612 895 898
f 1615 901 904
f 1624 919 922
f 1692 1057 1060
f 1782 1237 1240
f 1765 1201 1204
f 1714 1099 1102
f 1661 997 999
f 1653 979 981
f 1651 973 976
f 1657 985 988
f 1660 991 994
f 1675 1021 1024
f 1639 949 952
f 1696 1063 1066
f 1733 1135 1138
f 1751 1177 1179
f 1779 1231 1233
f 1683 1039 1041
f 1626 925 927
f 1721 1117 1119
f 1766 1207 1209
f 1689 1051 1053
f 1778 1225 1228
f 1760 1189 1192
f 1718 1105 1108
f 1629 931 933
f 1747 1165 1167
f 1665 1003 1005
f 1641 955 957
f 1704 1081 1083
f 1737 1147 1150
f 1750 1171 1174
f 1676 1027 1029
f 1644 961 963
f 1702 1075 1077
f 1726 1123 1126
f 1681 1033 1036
f 1620 913 915
f 1710 1093 1095
f 1755 1183 1185
f 1771 1213 1216
f 1740 1153 1155
f 1673 1015 1018
f 1647 967 970
f 1707 1087 1090
f 1734 1141 1143
f 1669 1009 1012
f 1635 943 945
f 1698 1069 1071
f 1729 1129 1131
f 1745 1159 1162
f 1687 1045 1047
f 1774 1219 1221
f 1762 1195 1197
f 1720 1111 1114
f 1632 937 940
f 2189 1280 1284
f 1883 1256 1260
f 1903 1292 1296
f 2281 1310 1314
f 2317 1328 1332
f 2173 1376 1380
f 2158 1538 1542
f 2012 1447 1451
f 2210 1573 1577
f 1924 1363 1367
f 2135 1484 1488
f 1973 1388 1392
f 1996 1435 1439
f 2227 1508 1512
f 2304 1526 1530
f 2176 1544 1548
f 2155 1466 1470
f 2014 1453 1457
f 2212 1579 1583
f 1922 1357 1361
f 1864 1268 1270
f 1810 1244 1246
f 1795 1249 1251
f 1831 1285 1287
f 1849 1303 1305
f 1887 1333 1335
f 2193 1550 1552
f 2321 1472 1474
f 2285 1598 1600
f 1907 1351 1353
f 2098 1478 1480
f 2044 1400 1402
f 1961 1405 1407
f 2067 1489 1491
f 2083 1501 1503
f 2139 1532 1534
f 1975 1411 1413
f 1997 1441 1443
f 2231 1591 1593
f 2298 1382 1384
f 2190 1322 1324
f 1884 1274 1276
f 1900 1262 1264
f 2278 1298 1300
f 2314 1316 1318
f 2170 1340 1342
f 2159 1561 1563
f 2015 1459 1461
f 2213 1585 1587
f 1918 1346 1348
f 2136 1520 1522
f 1977 1417 1419
f 1990 1394 1396
f 2224 1496 1498
f 2301 1514 1516
f 2177 1556 1558
f 2152 1424 1426
f 2008 1430 1432
f 2206 1567 1569
f 1925 1369 1371
f 1817 1279 1281
f 1797 1255 1257
f 1833 1291 1293
f 1851 1309 1311
f 1871 1327 1329
f 1941 1375 1377
f 2119 1537 1539
f 2029 1448 1450
f 2247 1574 1576
f 2262 1364 1366
f 2051 1483 1485
f 1954 1387 1389
f 2064 1436 1438
f 2085 1507 1509
f 2105 1525 1527
f 2121 1543 1545
f 2031 1465 1467
f 2244 1454 1456
f 2265 1580 1582
f 1939 1358 1360
f 1814 1267 1271
f 1793 1243 1247
f 1829 1250 1254
f 1847 1286 1290
f 1868 1304 1308
f 1937 1334 1338
f 2124 1549 1553
f 2034 1471 1475
f 2250 1597 1601
f 2261 1352 1356
f 2050 1477 1481
f 1960 1399 1403
f 2063 1406 1410
f 2081 1490 1494
f 2102 1502 1506
f 2117 1531 1535
f 2027 1412 1416
f 2243 1442 1446
f 2268 1592 1596
f 1944 1381 1385
f 1804 890 894
f 1785 884 887
f 1821 896 899
f 1839 902 905
f 1858 908 912
f 1929 938 941
f 2114 1046 1050
f 2024 1220 1224
f 2240 1196 1200
f 2253 1112 1115
f 2038 980 984
f 1951 974 977
f 2055 986 989
f 2073 992 995
f 2092 998 1002
f 2109 1016 1019
f 2019 968 971
f 2235 1088 1091
f 2258 1142 1146
f 1934 1154 1158
f 1861 1214 1217
f 1807 1034 1037
f 1790 914 918
f 1826 1094 1098
f 1844 1184 1188
f 1880 1040 1044
f 2186 1232 1236
f 2308 1208 1212
f 2272 1118 1122
f 1894 926 930
f 2095 1160 1163
f 2041 1010 1013
f 1948 944 948
f 2060 1070 1074
f 2078 1130 1134
f 2132 1166 1170
f 1970 1004 1008
f 1984 956 960
f 2218 1082 1086
f 2289 1148 1151
f 2181 1058 1061
f 1875 920 923
f 1897 1100 1103
f 2275 1202 1205
f 2311 1238 1241
f 2167 1172 1175
f 2146 1028 1032
f 2002 962 966
f 2200 1076 1080
f 1915 1124 1127
f 2127 1022 1025
f 1965 950 953
f 1987 1064 1067
f 2221 1136 1139
f 2294 1178 1182
f 2164 1052 1056
f 2149 1226 1229
f 2005 1190 1193
f 2203 1106 1109
f 1912 932 936
f 1870 1321 1325
f 1816 1273 1277
f 1800 1261 1265
f 1836 1297 1301
f 1854 1315 1319
f 1890 1339 1343
f 2196 1562 1566
f 2320 1460 1464
f 2284 1586 1590
f 1906 1345 1349
f 2104 1519 1523
f 2047 1418 1422
f 1958 1393 1397
f 2070 1495 1499
f 2088 1513 1517
f 2142 1555 1559
f 1980 1423 1427
f 1994 1429 1433
f 2230 1568 1572
f 2297 1370 1374
f 2329 894 892
f 2323 887 885
f 2326 899 897
f 2333 905 903
f 2336 912 910
f 2345 941 939
f 2409 1050 1048
f 2496 1224 1222
f 2485 1200 1198
f 2435 1115 1113
f 2374 984 982
f 2368 977 975
f 2371 989 987
f 2378 995 993
f 2381 1002 1000
f 2392 1019 1017
f 2360 971 969
f 2416 1091 1089
f 2456 1146 1144
f 2460 1158 1156
f 2488 1217 1215
f 2398 1037 1035
f 2340 918 916
f 2430 1098 1096
f 2475 1188 1186
f 2404 1044 1042
f 2501 1236 1234
f 2482 1212 1210
f 2440 1122 1120
f 2347 930 928
f 2464 1163 1161
f 2384 1013 1011
f 2355 948 946
f 2419 1074 1072
f 2451 1134 1132
f 2470 1170 1168
f 2385 1008 1006
f 2362 960 958
f 2423 1086 1084
f 2446 1151 1149
f 2401 1061 1059
f 2339 923 921
f 2429 1103 1101
f 2474 1205 1203
f 2491 1241 1239
f 2459 1175 1173
f 2395 1032 1030
f 2365 966 964
f 2424 1080 1078
f 2443 1127 1125
f 2390 1025 1023
f 2354 953 951
f 2413 1067 1065
f 2450 1139 1137
f 2467 1182 1180
f 2408 1056 1054
f 2495 1229 1227
f 2479 1193 1191
f 2437 1109 1107
f 2350 936 934
f 2511 1325 1326
f 2505 1277 1278
f 2507 1265 1266
f 2513 1301 1302
f 2516 1319 1320
f 2519 1343 1344
f 2556 1566 1565
f 2540 1464 1463
f 2561 1590 1589
f 2521 1349 1350
f 2544 1523 1524
f 2529 1422 1421
f 2530 1397 1398
f 2546 1499 1500
f 2549 1517 1518
f 2553 1559 1560
f 2534 1427 1428
f 2536 1433 1434
f 2557 1572 1571
f 2525 1374 1373
f 1609 892 889
f 1605 885 883
f 1611 897 895
f 1614 903 901
f 1617 910 907
f 1631 939 937
f 1688 1048 1045
f 1775 1222 1219
f 1763 1198 1195
f 1719 1113 1111
f 1654 982 979
f 1650 975 973
f 1656 987 985
f 1659 993 991
f 1662 1000 997
f 1672 1017 1015
f 1646 969 967
f 1706 1089 1087
f 1735 1144 1141
f 1741 1156 1153
f 1770 1215 1213
f 1680 1035 1033
f 1621 916 913
f 1711 1096 1093
f 1756 1186 1183
f 1684 1042 1039
f 1780 1234 1231
f 1767 1210 1207
f 1722 1120 1117
f 1627 928 925
f 1744 1161 1159
f 1668 1011 1009
f 1636 946 943
f 1699 1072 1069
f 1730 1132 1129
f 1748 1168 1165
f 1666 1006 1003
f 1642 958 955
f 1705 1084 1081
f 1736 1149 1147
f 1691 1059 1057
f 1623 921 919
f 1713 1101 1099
f 1764 1203 1201
f 1781 1239 1237
f 1749 1173 1171
f 1677 1030 1027
f 1645 964 961
f 1703 1078 1075
f 1725 1125 1123
f 1674 1023 1021
f 1638 951 949
f 1695 1065 1063
f 1732 1137 1135
f 1752 1180 1177
f 1690 1054 1051
f 1777 1227 1225
f 1759 1191 1189
f 1717 1107 1105
f 1630 934 931
f 2191 1326 1322
f 1885 1278 1274
f 1901 1266 1262
f 2279 1302 1298
f 2315 1320 1316
f 2171 1344 1340
f 2160 1565 1561
f 2016 1463 1459
f 2214 1589 1585
f 1919 1350 1346
f 2137 1524 1520
f 1978 1421 1417
f 1991 1398 1394
f 2225 1500 1496
f 2302 1518 1514
f 2178 1560 1556
f 2153 1428 1424
f 2009 1434 1430
f 2207 1571 1567
f 1926 1373 1369
f 1857 911 908
f 1803 893 890
f 1786 888 884
f 1822 900 896
f 1840 906 902
f 1876 924 920
f 2182 1062 1058
f 2312 1242 1238
f 2276 1206 1202
f 1898 1104 1100
f 2091 1001 998
f 2037 983 980
f 1952 978 974
f 2056 990 986
f 2074 996 992
f 2128 1026 1022
f 1966 954 950
f 1988 1068 1064
f 2222 1140 1136
f 2293 1181 1178
f 2185 1235 1232
f 1879 1043 1040
f 1893 929 926
f 2271 1121 1118
f 2307 1211 1208
f 2163 1055 1052
f 2150 1230 1226
f 2006 1194 1190
f 2204 1110 1106
f 1911 935 932
f 2131 1169 1166
f 1969 1007 1004
f 1983 959 956
f 2217 1085 1082
f 2290 1152 1148
f 2168 1176 1172
f 2145 1031 1028
f 2001 965 962
f 2199 1079 1076
f 1916 1128 1124
f 1808 1038 1034
f 1789 917 914
f 1825 1097 1094
f 1843 1187 1184
f 1862 1218 1214
f 1933 1157 1154
f 2110 1020 1016
f 2020 972 968
f 2236 1092 1088
f 2257 1145 1142
f 2042 1014 1010
f 1947 947 944
f 2059 1073 1070
f 2077 1133 1130
f 2096 1164 1160
f 2113 1049 1046
f 2023 1223 1220
f 2239 1199 1196
f 2254 1116 1112
f 1930 942 938
f 1818 1283 1279
f 1798 1259 1255
f 1834 1295 1291
f 1852 1313 1309
f 1872 1331 1327
f 1942 1379 1375
f 2120 1541 1537
f 2030 1452 1448
f 2248 1578 1574
f 2263 1368 1364
f 2052 1487 1483
f 1955 1391 1387
f 2065 1440 1436
f 2086 1511 1507
f 2106 1529 1525
f 2122 1547 1543
f 2032 1469 1465
f 2245 1458 1454
f 2266 1584 1580
f 1940 1362 1358
f 1813 1269 1267
f 1792 1245 1243
f 1828 1252 1250
f 1846 1288 1286
f 1867 1306 1304
f 1936 1336 1334
f 2123 1551 1549
f 2033 1473 1471
f 2249 1599 1597
f 2260 1354 1352
f 2049 1479 1477
f 1959 1401 1399
f 2062 1408 1406
f 2080 1492 1490
f 2101 1504 1502
f 2116 1533 1531
f 2026 1414 1412
f 2242 1444 1442
f 2267 1594 1592
f 1943 1383 1381
f 1869 1323 1321
f 1815 1275 1273
f 1799 1263 1261
f 1835 1299 1297
f 1853 1317 1315
f 1889 1341 1339
f 2195 1564 1562
f 2319 1462 1460
f 2283 1588 1586
f 1905 1347 1345
f 2103 1521 1519
f 2046 1420 1418
f 1957 1395 1393
f 2069 1497 1495
f 2087 1515 1513
f 2141 1557 1555
f 1979 1425 1423
f 1993 1431 1429
f 2229 1570 1568
f 2296 1372 1370
f 2188 1282 1280
f 1882 1258 1256
f 1902 1294 1292
f 2280 1312 1310
f 2316 1330 1328
f 2172 1378 1376
f 2157 1540 1538
f 2011 1449 1447
f 2209 1575 1573
f 1923 1365 1363
f 2134 1486 1484
f 1972 1390 1388
f 1995 1437 1435
f 2226 1510 1508
f 2303 1528 1526
f 2175 1546 1544
f 2154 1468 1466
f 2013 1455 1453
f 2211 1581 1579
f 1921 1359 1357
f 1865 1272 1268
f 1811 1248 1244
f 1796 1253 1249
f 1832 1289 1285
f 1850 1307 1303
f 1888 1337 1333
f 2194 1554 1550
f 2322 1476 1472
f 2286 1602 1598
f 1908 1355 1351
f 2099 1482 1478
f 2045 1404 1400
f 1962 1409 1405
f 2068 1493 1489
f 2084 1505 1501
f 2140 1536 1532
f 1976 1415 1411
f 1998 1445 1441
f 2232 1595 1591
f 2299 1386 1382
f 2330 909 911
f 2324 891 893
f 2325 886 888
f 2332 898 900
f 2335 904 906
f 2344 922 924
f 2410 1060 1062
f 2497 1240 1242
f 2486 1204 1206
f 2434 1102 1104
f 2375 999 1001
f 2369 981 983
f 2370 976 978
f 2377 988 990
f 2380 994 996
f 2393 1024 1026
f 2359 952 954
f 2415 1066 1068
f 2455 1138 1140
f 2461 1179 1181
f 2489 1233 1235
f 2399 1041 1043
f 2341 927 929
f 2431 1119 1121
f 2476 1209 1211
f 2405 1053 1055
f 2500 1228 1230
f 2481 1192 1194
f 2439 1108 1110
f 2348 933 935
f 2465 1167 1169
f 2383 1005 1007
f 2356 957 959
f 2420 1083 1085
f 2452 1150 1152
f 2471 1174 1176
f 2386 1029 1031
f 2363 963 965
f 2422 1077 1079
f 2445 1126 1128
f 2400 1036 1038
f 2338 915 917
f 2428 1095 1097
f 2473 1185 1187
f 2490 1216 1218
f 2458 1155 1157
f 2394 1018 1020
f 2366 970 972
f 2425 1090 1092
f 2444 1143 1145
f 2389 1012 1014
f 2353 945 947
f 2414 1071 1073
f 2449 1131 1133
f 2466 1162 1164
f 2407 1047 1049
f 2494 1221 1223
f 2480 1197 1199
f 2438 1114 1116
f 2351 940 942
f 2510 1284 1283
f 2504 1260 1259
f 2508 1296 1295
f 2514 1314 1313
f 2517 1332 1331
f 2520 1380 1379
f 2554 1542 1541
f 2539 1451 1452
f 2560 1577 1578
f 2523 1367 1368
f 2543 1488 1487
f 2527 1392 1391
f 2532 1439 1440
f 2547 1512 1511
f 2550 1530 1529
f 2552 1548 1547
f 2535 1470 1469
f 2538 1457 1458
f 2558 1583 1584
f 2524 1361 1362
f 1607 1616 1609
f 1603 1608 1605
f 1604 1606 1611
f 1610 1612 1614
f 1613 1615 1617
f 1622 1624 1631
f 1686 1692 1688
f 1773 1782 1775
f 1761 1765 1763
f 1712 1714 1719
f 1652 1661 1654
f 1648 1653 1650
f 1649 1651 1656
f 1655 1657 1659
f 1658 1660 1662
f 1670 1675 1672
f 1637 1639 1646
f 1694 1696 1706
f 1731 1733 1735
f 1739 1751 1741
f 1768 1779 1770
f 1678 1683 1680
f 1619 1626 1621
f 1709 1721 1711
f 1754 1766 1756
f 1682 1689 1684
f 1776 1778 1780
f 1758 1760 1767
f 1716 1718 1722
f 1625 1629 1627
f 1742 1747 1744
f 1663 1665 1668
f 1634 1641 1636
f 1697 1704 1699
f 1728 1737 1730
f 1746 1750 1748
f 1664 1676 1666
f 1640 1644 1642
f 1700 1702 1705
f 1724 1726 1736
f 1679 1681 1691
f 1618 1620 1623
f 1708 1710 1713
f 1753 1755 1764
f 1769 1771 1781
f 1738 1740 1749
f 1671 1673 1677
f 1643 1647 1645
f 1701 1707 1703
f 1723 1734 1725
f 1667 1669 1674
f 1633 1635 1638
f 1693 1698 1695
f 1727 1729 1732
f 1743 1745 1752
f 1685 1687 1690
f 1772 1774 1777
f 1757 1762 1759
f 1715 1720 1717
f 1628 1632 1630
f 2187 2189 2191
f 1881 1883 1885
f 1899 1903 1901
f 2277 2281 2279
f 2313 2317 2315
f 2169 2173 2171
f 2156 2158 2160
f 2010 2012 2016
f 2208 2210 2214
f 1917 1924 1919
f 2133 2135 2137
f 1971 1973 1978
f 1989 1996 1991
f 2223 2227 2225
f 2300 2304 2302
f 2174 2176 2178
f 2151 2155 2153
f 2007 2014 2009
f 2205 2212 2207
f 1920 1922 1926
f 1855 1864 1857
f 1801 1810 1803
f 1784 1795 1786
f 1820 1831 1822
f 1838 1849 1840
f 1874 1887 1876
f 2180 2193 2182
f 2310 2321 2312
f 2274 2285 2276
f 1896 1907 1898
f 2089 2098 2091
f 2035 2044 2037
f 1950 1961 1952
f 2054 2067 2056
f 2072 2083 2074
f 2126 2139 2128
f 1964 1975 1966
f 1986 1997 1988
f 2220 2231 2222
f 2291 2298 2293
f 2183 2190 2185
f 1877 1884 1879
f 1891 1900 1893
f 2269 2278 2271
f 2305 2314 2307
f 2161 2170 2163
f 2148 2159 2150
f 2004 2015 2006
f 2202 2213 2204
f 1909 1918 1911
f 2129 2136 2131
f 1967 1977 1969
f 1981 1990 1983
f 2215 2224 2217
f 2288 2301 2290
f 2166 2177 2168
f 2143 2152 2145
f 1999 2008 2001
f 2197 2206 2199
f 1914 1925 1916
f 1806 1817 1808
f 1787 1797 1789
f 1823 1833 1825
f 1841 1851 1843
f 1860 1871 1862
f 1931 1941 1933
f 2108 2119 2110
f 2018 2029 2020
f 2234 2247 2236
f 2255 2262 2257
f 2040 2051 2042
f 1945 1954 1947
f 2057 2064 2059
f 2075 2085 2077
f 2094 2105 2096
f 2111 2121 2113
f 2021 2031 2023
f 2237 2244 2239
f 2252 2265 2254
f 1928 1939 1930
f 1812 1814 1818
f 1791 1793 1798
f 1827 1829 1834
f 1845 1847 1852
f 1866 1868 1872
f 1935 1937 1942
f 2118 2124 2120
f 2028 2034 2030
f 2246 2250 2248
f 2259 2261 2263
f 2048 2050 2052
f 1953 1960 1955
f 2061 2063 2065
f 2079 2081 2086
f 2100 2102 2106
f 2115 2117 2122
f 2025 2027 2032
f 2241 2243 2245
f 2264 2268 2266
f 1938 1944 1940
f 1802 1804 1813
f 1783 1785 1792
f 1819 1821 1828
f 1837 1839 1846
f 1856 1858 1867
f 1927 1929 1936
f 2112 2114 2123
f 2022 2024 2033
f 2238 2240 2249
f 2251 2253 2260
f 2036 2038 2049
f 1949 1951 1959
f 2053 2055 2062
f 2071 2073 2080
f 2090 2092 2101
f 2107 2109 2116
f 2017 2019 2026
f 2233 2235 2242
f 2256 2258 2267
f 1932 1934 1943
f 1859 1861 1869
f 1805 1807 1815
f 1788 1790 1799
f 1824 1826 1835
f 1842 1844 1853
f 1878 1880 1889
f 2184 2186 2195
f 2306 2308 2319
f 2270 2272 2283
f 1892 1894 1905
f 2093 2095 2103
f 2039 2041 2046
f 1946 1948 1957
f 2058 2060 2069
f 2076 2078 2087
f 2130 2132 2141
f 1968 1970 1979
f 1982 1984 1993
f 2216 2218 2229
f 2287 2289 2296
f 2179 2181 2188
f 1873 1875 1882
f 1895 1897 1902
f 2273 2275 2280
f 2309 2311 2316
f 2165 2167 2172
f 2144 2146 2157
f 2000 2002 2011
f 2198 2200 2209
f 1913 1915 1923
f 2125 2127 2134
f 1963 1965 1972
f 1985 1987 1995
f 2219 2221 2226
f 2292 2294 2303
f 2162 2164 2175
f 2147 2149 2154
f 2003 2005 2013
f 2201 2203 2211
f 1910 1912 1921
f 1863 1870 1865
f 1809 1816 1811
f 1794 1800 1796
f 1830 1836 1832
f 1848 1854 1850
f 1886 1890 1888
f 2192 2196 2194
f 2318 2320 2322
f 2282 2284 2286
f 1904 1906 1908
f 2097 2104 2099
f 2043 2047 2045
f 1956 1958 1962
f 2066 2070 2068
f 2082 2088 2084
f 2138 2142 2140
f 1974 1980 1976
f 1992 1994 1998
f 2228 2230 2232
f 2295 2297 2299
f 2331 2329 2330
f 2327 2323 2324
f 2328 2326 2325
f 2334 2333 2332
f 2337 2336 2335
f 2346 2345 2344
f 2412 2409 2410
f 2499 2496 2497
f 2487 2485 2486
f 2436 2435 2434
f 2376 2374 2375
f 2372 2368 2369
f 2373 2371 2370
f 2379 2378 2377
f 2382 2381 2380
f 2396 2392 2393
f 2361 2360 2359
f 2418 2416 2415
f 2457 2456 2455
f 2463 2460 2461
f 2492 2488 2489
f 2402 2398 2399
f 2343 2340 2341
f 2433 2430 2431
f 2478 2475 2476
f 2406 2404 2405
f 2502 2501 2500
f 2484 2482 2481
f 2442 2440 2439
f 2349 2347 2348
f 2468 2464 2465
f 2387 2384 2383
f 2358 2355 2356
f 2421 2419 2420
f 2454 2451 2452
f 2472 2470 2471
f 2388 2385 2386
f 2364 2362 2363
f 2426 2423 2422
f 2448 2446 2445
f 2403 2401 2400
f 2342 2339 2338
f 2432 2429 2428
f 2477 2474 2473
f 2493 2491 2490
f 2462 2459 2458
f 2397 2395 2394
f 2367 2365 2366
f 2427 2424 2425
f 2447 2443 2444
f 2391 2390 2389
f 2357 2354 2353
f 2417 2413 2414
f 2453 2450 2449
f 2469 2467 2466
f 2411 2408 2407
f 2498 2495 2494
f 2483 2479 2480
f 2441 2437 2438
f 2352 2350 2351
f 2509 2511 2510
f 2503 2505 2504
f 2506 2507 2508
f 2512 2513 2514
f 2515 2516 2517
f 2518 2519 2520
f 2555 2556 2554
f 2541 2540 2539
f 2562 2561 2560
f 2522 2521 2523
f 2542 2544 2543
f 2528 2529 2527
f 2531 2530 2532
f 2545 2546 2547
f 2548 2549 2550
f 2551 2553 2552
f 2533 2534 2535
f 2537 2536 2538
f 2559 2557 2558
f 2526 2525 2524