v -0.379129 0.729999 0.194535
v 0.367580 0.748048 0.212449
v -0.362557 -0.539852 0.209034
v 0.359571 -0.543029 0.200433
v 0.006315 -0.354719 0.920678
v 0.000909 0.491416 0.826948
v 0.002241 -0.270335 -0.391114
v 0.001813 0.566134 -0.558155
v 0.515096 0.105186 -0.139175
v 0.561339 0.105559 0.573863
v -0.503316 0.110575 -0.135773
v -0.547843 0.099898 0.569156
v 0.006040 0.896145 0.196424
v -0.226480 0.705127 0.559154
v -0.244820 0.775781 -0.243715
v -0.482155 0.433903 0.004239
v -0.548311 0.471586 0.433830
v 0.228478 0.712994 0.556885
v 0.228896 0.778796 -0.240971
v 0.482770 0.420046 0.005989
v 0.546322 0.461729 0.426173
v 0.003227 -0.663939 0.199895
v -0.252227 -0.602161 0.648121
v -0.209942 -0.503621 -0.162755
v -0.480107 -0.188081 0.021547
v -0.523167 -0.246262 0.428570
v 0.259557 -0.587291 0.680043
v 0.203597 -0.504471 -0.148447
v 0.467467 -0.201024 0.023013
v 0.517955 -0.245049 0.414470
v 0.002280 0.086270 1.004932
v 0.367000 -0.141508 0.830170
v -0.346922 -0.131599 0.813269
v 0.363137 0.313268 0.789640
v -0.364526 0.320447 0.785437
v -0.001061 0.125408 -0.586756
v 0.289508 -0.079889 -0.305967
v -0.291365 -0.091924 -0.310914
v 0.331564 0.340243 -0.407947
v -0.334301 0.329669 -0.402826
v 0.611403 0.103449 0.201943
v -0.582660 0.103441 0.210943
v -0.221795 0.832693 0.189444
v -0.328517 0.746002 0.382912
v -0.305443 0.758915 -0.005422
v -0.436994 0.612872 0.104247
v -0.479130 0.619496 0.317598
v 0.220197 0.837962 0.187029
v 0.330619 0.761237 0.368625
v 0.287288 0.747167 0.012155
v 0.420545 0.598507 0.117899
v 0.463187 0.620733 0.320545
v -0.236081 -0.667422 0.191087
v -0.327058 -0.558638 0.379798
v -0.364973 -0.612557 -0.008658
v -0.421116 -0.377911 0.128242
v -0.452843 -0.404703 0.326528
v 0.233340 -0.656803 0.181201
v 0.314078 -0.551788 0.379366
v 0.353448 -0.611010 -0.010332
v 0.421620 -0.387823 0.125592
v 0.457949 -0.402440 0.316806
v -0.141426 -0.530671 0.871845
v 0.194399 -0.593995 0.849134
v 0.000187 -0.151488 1.006412
v 0.226389 -0.331351 1.019572
v -0.239301 -0.358359 1.027244
v -0.110117 0.611164 0.715996
v 0.101343 0.599839 0.716718
v 0.000072 0.312617 0.915372
v 0.169740 0.420174 0.829416
v -0.169430 0.427517 0.833651
v -0.096546 -0.384985 -0.294070
v 0.084415 -0.387017 -0.297150
v -0.002792 -0.096533 -0.467356
v 0.132430 -0.200813 -0.378133
v -0.146069 -0.206014 -0.383704
v -0.134661 0.702226 -0.423780
v 0.118960 0.705808 -0.415893
v -0.002201 0.349041 -0.667537
v 0.201549 0.474859 -0.552666
v -0.207434 0.476698 -0.556555
v 0.516371 0.237887 -0.088960
v 0.508598 -0.030470 -0.073921
v 0.441615 0.029854 -0.224061
v 0.450070 0.204082 -0.250482
v 0.560533 0.100701 0.011683
v 0.574618 0.280815 0.513440
v 0.567130 -0.063352 0.511813
v 0.500914 0.006616 0.694797
v 0.500070 0.206062 0.695951
v 0.605097 0.107212 0.406314
v -0.509464 0.243819 -0.086205
v -0.504950 -0.023782 -0.076477
v -0.431089 0.023236 -0.220126
v -0.452457 0.197299 -0.242133
v -0.542424 0.105143 0.018670
v -0.556665 0.279167 0.511126
v -0.546265 -0.062614 0.505736
v -0.487557 0.007822 0.679670
v -0.502714 0.205263 0.690950
v -0.583096 0.098768 0.410131
v -0.109510 0.826867 0.402595
v -0.117673 0.897062 -0.119906
v 0.112861 0.822218 0.390740
v 0.112504 0.870790 -0.032910
v -0.428461 0.605940 0.513512
v -0.007715 0.752995 0.574237
v -0.322990 0.549985 0.686752
v -0.412938 0.629978 -0.146730
v -0.000405 0.848579 -0.272971
v -0.309270 0.593617 -0.356870
v -0.536493 0.457117 0.226723
v -0.433035 0.404616 -0.214098
v -0.557644 0.268736 0.116611
v -0.491317 0.428197 0.610145
v -0.584065 0.291015 0.316312
v 0.429700 0.609593 0.505677
v 0.310945 0.526199 0.680727
v 0.390370 0.606766 -0.153647
v 0.316664 0.596377 -0.364141
v 0.532495 0.446213 0.232726
v 0.428595 0.396298 -0.218244
v 0.566053 0.263477 0.115962
v 0.494279 0.414542 0.611769
v 0.589917 0.288358 0.315982
v -0.114186 -0.660182 0.416638
v -0.128061 -0.659981 -0.024638
v 0.118885 -0.678466 0.438176
v 0.137816 -0.666203 -0.024154
v -0.425025 -0.408669 0.521639
v -0.011338 -0.660739 0.669548
v -0.335795 -0.389594 0.765335
v -0.350833 -0.353430 -0.085115
v 0.001789 -0.529828 -0.180009
v -0.251720 -0.295244 -0.257689
v -0.520058 -0.227207 0.232907
v -0.406290 -0.156287 -0.178451
v -0.546951 -0.056398 0.120816
v -0.471346 -0.209822 0.607947
v -0.559989 -0.073154 0.323534
v 0.402198 -0.402230 0.520560
v 0.342899 -0.412182 0.767074
v 0.361572 -0.364571 -0.084499
v 0.245858 -0.291317 -0.233464
v 0.513319 -0.233451 0.226012
v 0.405325 -0.160843 -0.161252
v 0.547010 -0.059504 0.115199
v 0.465691 -0.208749 0.610986
v 0.583896 -0.083768 0.306676
v 0.220510 -0.025522 1.000498
v -0.219119 -0.025389 0.999803
v 0.202024 0.197730 0.927000
v -0.197455 0.201967 0.923613
v 0.386639 0.099870 0.855013
v -0.366760 0.097528 0.839319
v 0.171076 0.013561 -0.475869
v -0.168967 0.012502 -0.468890
v 0.240396 0.237367 -0.623779
v -0.224521 0.231720 -0.609358
v 0.309289 0.131466 -0.369975
v -0.309611 0.123719 -0.369333
v -0.317079 0.779139 0.190197
v -0.365380 0.739923 0.274742
v -0.344391 0.744217 0.111807
v -0.405742 0.678814 0.155380
v -0.423821 0.681732 0.251464
v 0.315944 0.806845 0.197442
v 0.366742 0.769182 0.277546
v 0.331846 0.751163 0.128733
v 0.391062 0.682781 0.173771
v 0.410523 0.691411 0.261252
v -0.318168 -0.611121 0.196677
v -0.357455 -0.558690 0.285334
v -0.355974 -0.572938 0.118526
v -0.388910 -0.472521 0.171684
v -0.402037 -0.478683 0.266290
v 0.308924 -0.606612 0.180829
v 0.348835 -0.547840 0.269980
v 0.353818 -0.577869 0.116217
v 0.395019 -0.483024 0.172584
v 0.407497 -0.477228 0.255971
v -0.057728 -0.424352 0.881087
v 0.095678 -0.507705 0.924705
v 0.000115 -0.264928 0.969201
v 0.119529 -0.338393 0.959277
v -0.105749 -0.334104 0.948479
v -0.046978 0.546388 0.783107
v 0.045848 0.546254 0.789244
v -0.000099 0.413853 0.866605
v 0.074988 0.460850 0.830523
v -0.074766 0.466274 0.835374
v -0.041477 -0.322273 -0.349269
v 0.038366 -0.325242 -0.354826
v -0.002117 -0.199950 -0.427659
v 0.060269 -0.254680 -0.404445
v -0.065132 -0.250808 -0.404844
v -0.059028 0.622818 -0.499682
v 0.057092 0.623310 -0.499735
v -0.000579 0.468321 -0.602581
v 0.097457 0.529527 -0.566892
v -0.094766 0.533592 -0.568804
v 0.521336 0.161068 -0.122780
v 0.516916 0.045108 -0.112483
v 0.495462 0.072100 -0.185704
v 0.492818 0.145933 -0.191339
v 0.534455 0.102949 -0.074523
v 0.569208 0.183869 0.548909
v 0.564822 0.028639 0.549629
v 0.537017 0.059951 0.628835
v 0.540598 0.152695 0.632470
v 0.583902 0.106518 0.500390
v -0.513861 0.167985 -0.119170
v -0.503572 0.052252 -0.111351
v -0.478975 0.074764 -0.176770
v -0.493430 0.146516 -0.186308
v -0.520052 0.108182 -0.070660
v -0.553712 0.177142 0.545763
v -0.554819 0.026408 0.543035
v -0.531275 0.058823 0.620446
v -0.529152 0.148959 0.623204
v -0.570213 0.097914 0.500580
v -0.110493 0.872036 0.190964
v 0.115702 0.870643 0.186907
v -0.055563 0.871663 0.309619
v -0.051991 0.894765 0.064237
v 0.057140 0.857900 0.298017
v 0.066896 0.899686 0.071641
v -0.281630 0.737615 0.482385
v -0.175517 0.674391 0.642794
v -0.169516 0.768824 0.485614
v -0.329388 0.659312 0.539353
v -0.120039 0.734981 0.568682
v -0.276989 0.632664 0.621661
v -0.280584 0.775817 -0.145980
v -0.197452 0.764703 -0.321418
v -0.210034 0.903433 -0.273589
v -0.407992 0.764808 -0.246051
v -0.144210 0.847219 -0.276996
v -0.302993 0.726406 -0.327396
v -0.459429 0.529452 0.053184
v -0.498103 0.335601 -0.042982
v -0.426774 0.526565 -0.065637
v -0.514089 0.444925 0.118600
v -0.453953 0.422427 -0.108223
v -0.525724 0.348847 0.065547
v -0.521638 0.545787 0.381446
v -0.558002 0.385993 0.472988
v -0.506289 0.540768 0.478856
v -0.552085 0.468122 0.333664
v -0.524784 0.460154 0.521081
v -0.573035 0.389276 0.375598
v 0.285541 0.747014 0.464284
v 0.163533 0.656140 0.638312
v 0.174417 0.789660 0.482514
v 0.110414 0.738051 0.566989
v 0.341649 0.674250 0.538542
v 0.277117 0.627150 0.624491
v 0.272040 0.764366 -0.116477
v 0.169331 0.808125 -0.315558
v 0.176406 0.821536 -0.137409
v 0.171190 0.970070 -0.276521
v 0.422344 0.781700 -0.241632
v 0.298182 0.714882 -0.315916
v 0.451497 0.510550 0.060005
v 0.503241 0.326704 -0.045110
v 0.414652 0.501034 -0.062565
v 0.511487 0.432506 0.122188
v 0.452206 0.410349 -0.109123
v 0.532594 0.340736 0.066336
v 0.513407 0.544394 0.377173
v 0.565325 0.374959 0.470563
v 0.497812 0.535141 0.468134
v 0.549219 0.460816 0.333173
v 0.532964 0.447775 0.516859
v 0.570282 0.378600 0.374071
v -0.120628 -0.669860 0.195043
v 0.124173 -0.664750 0.192980
v -0.055920 -0.675677 0.310213
v -0.064256 -0.648446 0.092128
v 0.061353 -0.673156 0.310821
v 0.073534 -0.647576 0.093647
v -0.282456 -0.557911 0.490782
v -0.242084 -0.718261 0.844744
v -0.179955 -0.632185 0.528261
v -0.337666 -0.495875 0.580496
v -0.136208 -0.666222 0.680550
v -0.328943 -0.534425 0.737638
v -0.299606 -0.580548 -0.110000
v -0.149059 -0.441576 -0.232664
v -0.184614 -0.605280 -0.110210
v -0.288159 -0.442791 -0.136121
v -0.113409 -0.529893 -0.178715
v -0.227016 -0.395304 -0.210804
v -0.451327 -0.281983 0.076239
v -0.497111 -0.108380 -0.031502
v -0.420619 -0.268595 -0.034984
v -0.508750 -0.210932 0.127643
v -0.452169 -0.177284 -0.087308
v -0.527815 -0.129571 0.071731
v -0.498539 -0.328036 0.382003
v -0.534941 -0.156142 0.466321
v -0.500973 -0.332090 0.473224
v -0.524359 -0.240302 0.332457
v -0.513342 -0.240269 0.511988
v -0.541192 -0.161812 0.380917
v 0.260065 -0.560007 0.524443
v 0.208518 -0.570703 0.752541
v 0.206696 -0.668969 0.622379
v 0.118918 -0.725917 0.776745
v 0.318291 -0.487339 0.582390
v 0.299773 -0.503668 0.706388
v 0.294607 -0.579779 -0.113698
v 0.142337 -0.444847 -0.227140
v 0.185544 -0.609798 -0.107046
v 0.112584 -0.530418 -0.174154
v 0.290887 -0.447052 -0.126597
v 0.224184 -0.396627 -0.193380
v 0.444037 -0.291978 0.074855
v 0.492339 -0.113644 -0.028190
v 0.418204 -0.279644 -0.029890
v 0.489675 -0.215361 0.128102
v 0.445601 -0.184513 -0.078198
v 0.511130 -0.128876 0.071625
v 0.492519 -0.328565 0.367759
v 0.546561 -0.154444 0.463393
v 0.478799 -0.328196 0.467832
v 0.526192 -0.247503 0.318597
v 0.508573 -0.235020 0.512096
v 0.554425 -0.165280 0.362609
v 0.001152 -0.025406 1.033922
v 0.001748 0.199380 0.964411
v 0.114364 0.027658 1.012263
v -0.111517 0.030444 1.015203
v 0.106458 0.138582 0.966839
v -0.102520 0.144760 0.976328
v 0.288626 -0.233931 0.910074
v 0.446984 -0.058437 0.761275
v 0.329855 -0.271405 0.791088
v 0.416715 -0.176922 0.719906
v 0.299862 -0.089240 0.922345
v 0.381283 -0.012666 0.852250
v -0.292178 -0.228687 0.903703
v -0.417278 -0.053892 0.741102
v -0.343199 -0.260210 0.789865
v -0.408879 -0.170886 0.710617
v -0.285977 -0.086761 0.910146
v -0.352489 -0.008533 0.832947
v 0.269279 0.370064 0.818759
v 0.441088 0.257958 0.748104
v 0.338633 0.421092 0.735316
v 0.429409 0.364639 0.701990
v 0.286505 0.258834 0.864152
v 0.373626 0.205755 0.824810
v -0.268294 0.378330 0.816347
v -0.452368 0.259226 0.745899
v -0.349699 0.442519 0.742022
v -0.439640 0.381573 0.703050
v -0.284137 0.259296 0.859773
v -0.374605 0.201448 0.823420
v -0.000530 0.014333 -0.519621
v -0.002156 0.224296 -0.668822
v 0.095552 0.068409 -0.543466
v -0.092512 0.070586 -0.536983
v 0.109440 0.180609 -0.611687
v -0.108123 0.181414 -0.611292
v 0.212013 -0.141431 -0.347417
v 0.368409 -0.021423 -0.263064
v 0.270610 -0.185501 -0.270122
v 0.350136 -0.123479 -0.232998
v 0.229296 -0.033609 -0.387776
v 0.303323 0.025501 -0.338910
v -0.224390 -0.151638 -0.354576
v -0.363278 -0.031709 -0.267732
v -0.280731 -0.194973 -0.293166
v -0.351489 -0.128760 -0.247743
v -0.233480 -0.042206 -0.389485
v -0.301757 0.015095 -0.339893
v 0.296157 0.414984 -0.510677
v 0.382079 0.269956 -0.314403
v 0.328132 0.456484 -0.384667
v 0.391132 0.375311 -0.312960
v 0.323722 0.290181 -0.544976
v 0.328687 0.232937 -0.403150
v -0.301064 0.408550 -0.510513
v -0.386889 0.260583 -0.312394
v -0.316508 0.455359 -0.376974
v -0.382318 0.372852 -0.297173
v -0.324199 0.275889 -0.556267
v -0.335276 0.219674 -0.405585
v 0.580881 0.102498 0.107978
v 0.615958 0.105955 0.304150
v 0.589499 0.185679 0.160142
v 0.606340 0.194588 0.257472
v 0.581906 0.016280 0.157300
v 0.606851 0.007911 0.253249
v -0.566878 0.104578 0.114110
v -0.585729 0.102845 0.310723
v -0.578290 0.189341 0.162043
v -0.587158 0.194504 0.260719
v -0.568220 0.021063 0.166911
v -0.575466 0.015931 0.265810
v -0.272774 0.793021 0.292105
v -0.269313 0.810212 0.086741
v -0.164783 0.843017 0.303562
v -0.171106 0.858427 0.064338
v -0.414726 0.686246 0.352666
v -0.222532 0.797896 0.399795
v -0.384529 0.686862 0.461153
v -0.370792 0.683991 0.045074
v -0.227427 0.823353 -0.074390
v -0.356680 0.697557 -0.086339
v -0.464489 0.614792 0.212531
v -0.401668 0.614455 -0.017685
v -0.491420 0.536465 0.167574
v -0.465547 0.619227 0.423238
v -0.513165 0.543093 0.278474
v 0.275311 0.808375 0.283918
v 0.259618 0.817869 0.102782
v 0.167926 0.835382 0.289190
v 0.167984 0.865299 0.079829
v 0.416288 0.701936 0.348125
v 0.227971 0.809355 0.384519
v 0.386314 0.692198 0.442266
v 0.355621 0.673363 0.056965
v 0.204154 0.809520 -0.013258
v 0.328277 0.677546 -0.080492
v 0.445374 0.609039 0.227505
v 0.383940 0.588775 -0.010017
v 0.480400 0.522175 0.180251
v 0.457306 0.621070 0.411353
v 0.498358 0.532914 0.283272
v -0.276706 -0.611493 0.290997
v -0.305359 -0.690190 0.083566
v -0.169969 -0.642107 0.298481
v -0.185864 -0.739689 0.080396
v -0.404488 -0.491483 0.357867
v -0.225417 -0.608201 0.399621
v -0.380428 -0.490387 0.457565
v -0.383831 -0.481924 0.059379
v -0.261060 -0.712555 -0.054770
v -0.375684 -0.481454 -0.064682
v -0.441045 -0.389257 0.231207
v -0.394814 -0.370678 0.014640
v -0.476036 -0.292598 0.188831
v -0.452274 -0.412700 0.419825
v -0.491584 -0.311996 0.287161
v 0.273672 -0.608744 0.275576
v 0.307917 -0.695667 0.089150
v 0.173709 -0.649656 0.299720
v 0.199592 -0.713601 0.077460
v 0.391353 -0.476870 0.348957
v 0.218356 -0.617469 0.420410
v 0.355061 -0.478425 0.460441
v 0.386696 -0.488325 0.058363
v 0.275174 -0.709248 -0.042892
v 0.368353 -0.481095 -0.065674
v 0.445740 -0.396602 0.227730
v 0.400088 -0.380853 0.014415
v 0.468602 -0.304610 0.184141
v 0.437267 -0.402480 0.414741
v 0.493429 -0.323779 0.275926
v 0.018266 -0.542072 0.827924
v -0.190859 -0.409842 0.906477
v -0.084014 -0.622107 0.803127
v -0.267245 -0.490513 0.847519
v 0.266541 -0.474607 0.959036
v 0.057527 -0.594033 0.756378
v 0.298532 -0.502393 0.836872
v 0.114152 -0.219822 0.992763
v -0.117234 -0.225745 0.997258
v 0.114916 -0.091003 1.014806
v -0.113051 -0.092376 1.015168
v 0.292741 -0.382786 0.899544
v 0.221152 -0.165586 0.987246
v -0.283232 -0.353608 0.873143
v -0.216036 -0.168909 0.982497
v -0.004676 0.618352 0.723855
v -0.144363 0.522216 0.773313
v -0.068679 0.695002 0.655079
v -0.215385 0.584201 0.702324
v 0.143293 0.518889 0.780833
v 0.048826 0.679169 0.647865
v 0.209514 0.571372 0.705364
v 0.089063 0.363715 0.877624
v -0.089278 0.372029 0.890115
v 0.099364 0.253510 0.925784
v -0.096283 0.261210 0.937129
v 0.243583 0.475614 0.763543
v 0.188397 0.312342 0.880468
v -0.247115 0.487392 0.763176
v -0.184901 0.318476 0.882631
v -0.002533 -0.399601 -0.307604
v -0.128686 -0.304800 -0.344088
v -0.054180 -0.464450 -0.248105
v -0.180781 -0.353150 -0.280321
v 0.111518 -0.296606 -0.341001
v 0.055285 -0.472722 -0.257478
v 0.166754 -0.345919 -0.267662
v 0.064665 -0.145543 -0.419473
v -0.077046 -0.153587 -0.439278
v 0.084276 -0.043567 -0.488176
v -0.085323 -0.042829 -0.479693
v 0.189274 -0.244849 -0.306247
v 0.151658 -0.093362 -0.420454
v -0.208547 -0.258763 -0.324765
v -0.163310 -0.102083 -0.426319
v -0.004659 0.704872 -0.421408
v -0.177753 0.595591 -0.499636
v -0.082184 0.802862 -0.359671
v -0.245394 0.670188 -0.417231
v 0.171290 0.593735 -0.504603
v 0.074649 0.836708 -0.370689
v 0.238920 0.668899 -0.419137
v 0.114619 0.411104 -0.622523
v -0.114157 0.413329 -0.625139
v 0.126978 0.294291 -0.667439
v -0.131224 0.297494 -0.660021
v 0.253781 0.533605 -0.460461
v 0.233850 0.354274 -0.609516
v -0.267655 0.537787 -0.463651
v -0.237975 0.359017 -0.634124
v 0.493562 0.224121 -0.182143
v 0.543591 0.169487 -0.035414
v 0.480791 0.314204 -0.152180
v 0.540258 0.250949 0.013251
v 0.490359 -0.008996 -0.160228
v 0.535524 0.033087 -0.028571
v 0.476012 -0.095506 -0.122423
v 0.529177 -0.045829 0.019089
v 0.443034 0.117132 -0.240669
v 0.426639 -0.064316 -0.196690
v 0.376722 0.076927 -0.286967
v 0.462197 0.298598 -0.253079
v 0.378017 0.172944 -0.303902
v 0.564262 0.176615 0.062274
v 0.554057 0.023063 0.062618
v 0.543397 0.250412 0.605863
v 0.595702 0.198408 0.458583
v 0.545299 0.353468 0.563407
v 0.586732 0.291561 0.418451
v 0.535878 -0.034142 0.601463
v 0.589463 0.016037 0.458170
v 0.528035 -0.132927 0.559794
v 0.577373 -0.075875 0.410160
v 0.505211 0.106418 0.711986
v 0.490643 -0.097029 0.655818
v 0.458135 0.053590 0.789437
v 0.496049 0.307495 0.656489
v 0.452148 0.154802 0.779630
v 0.606053 0.200163 0.359509
v 0.605195 0.009975 0.356326
v -0.483986 0.222293 -0.171264
v -0.533751 0.176303 -0.033451
v -0.473653 0.317515 -0.145473
v -0.532476 0.256088 0.014753
v -0.477323 -0.004807 -0.160529
v -0.521351 0.040086 -0.026279
v -0.465978 -0.088886 -0.128749
v -0.528628 -0.042052 0.021286
v -0.442167 0.110831 -0.235233
v -0.421328 -0.066041 -0.203788
v -0.375093 0.065260 -0.286726
v -0.449956 0.297202 -0.233257
v -0.383680 0.163141 -0.306819
v -0.555369 0.182319 0.063869
v -0.549072 0.029030 0.068631
v -0.530100 0.249266 0.601447
v -0.572689 0.189143 0.458299
v -0.534385 0.362603 0.568182
v -0.574722 0.291524 0.415915
v -0.536326 -0.034791 0.591094
v -0.569078 0.012163 0.461413
v -0.526280 -0.137417 0.551974
v -0.556464 -0.074661 0.420647
v -0.497837 0.105399 0.698540
v -0.479418 -0.097778 0.647210
v -0.428992 0.052787 0.763523
v -0.504805 0.319097 0.659163
v -0.443802 0.152351 0.767195
v -0.583868 0.194736 0.361716
v -0.573799 0.012827 0.366653
v 0.000244 0.828834 0.397064
v -0.057731 0.789272 0.486550
v 0.011286 0.896634 -0.055904
v -0.062953 0.869070 -0.182466
v 0.054697 0.795347 0.486031
v 0.067409 0.855655 -0.150401
v -0.374775 0.579196 0.596625
v -0.459523 0.516473 0.558119
v -0.418115 0.493650 0.654237
v -0.394623 0.649856 -0.275350
v -0.398853 0.524744 -0.180084
v -0.376178 0.500710 -0.282923
v -0.550857 0.362769 0.173586
v -0.569407 0.379100 0.275167
v -0.576123 0.281645 0.216590
v 0.377734 0.576844 0.594477
v 0.465660 0.513753 0.560005
v 0.406722 0.471316 0.648573
v 0.393184 0.641035 -0.276049
v 0.380140 0.507610 -0.176585
v 0.361262 0.492517 -0.285411
v 0.555812 0.355782 0.174527
v 0.572836 0.373026 0.275060
v 0.585561 0.278212 0.215560
v 0.000047 -0.703435 0.425749
v -0.064221 -0.685911 0.539140
v 0.005661 -0.599130 -0.001123
v -0.063456 -0.579138 -0.099670
v 0.076038 -0.711891 0.569532
v 0.068599 -0.582542 -0.099414
v -0.384217 -0.406457 0.640823
v -0.466051 -0.316159 0.568137
v -0.400842 -0.290293 0.677092
v -0.301806 -0.326066 -0.177802
v -0.382645 -0.251750 -0.139418
v -0.327546 -0.223744 -0.220346
v -0.542615 -0.144391 0.175210
v -0.545053 -0.155452 0.277899
v -0.561290 -0.067317 0.220620
v 0.365028 -0.406008 0.635682
v 0.440578 -0.314916 0.567896
v 0.390607 -0.298121 0.679770
v 0.303942 -0.331766 -0.159197
v 0.383355 -0.261124 -0.124092
v 0.327043 -0.225871 -0.197611
v 0.532959 -0.145500 0.170704
v 0.555613 -0.163273 0.266141
v 0.572292 -0.073438 0.210520
v 0.209250 0.086523 0.964701
v 0.305641 0.037988 0.931671
v -0.208897 0.086609 0.963878
v -0.290945 0.036051 0.916377
v 0.296006 0.147883 0.898641
v -0.297605 0.144022 0.901889
v 0.195352 0.123753 -0.535705
v 0.247198 0.074491 -0.434559
v -0.187737 0.123232 -0.531993
v -0.239472 0.071160 -0.429318
v 0.286055 0.176649 -0.499049
v -0.275597 0.173895 -0.493884
v -0.355997 0.754565 0.191658
v -0.377170 0.737397 0.228015
v -0.366498 0.737751 0.158981
v -0.391597 0.708461 0.177168
v -0.399165 0.708930 0.220403
v 0.348526 0.778100 0.205740
v 0.371058 0.761246 0.239588
v 0.352991 0.751179 0.177058
v 0.377869 0.719998 0.196365
v 0.387053 0.723928 0.234395
v -0.344280 -0.572997 0.203165
v -0.359206 -0.548288 0.243330
v -0.355982 -0.552582 0.170223
v -0.374426 -0.512080 0.192435
v -0.377931 -0.512065 0.235895
v 0.337923 -0.571525 0.191946
v 0.358409 -0.547717 0.230970
v 0.350231 -0.560710 0.166094
v 0.378001 -0.518443 0.186465
v 0.380867 -0.514263 0.225718
v -0.023635 -0.384362 0.900220
v 0.045145 -0.392828 0.898167
v 0.002011 -0.313704 0.944547
v 0.054008 -0.340353 0.928836
v -0.045591 -0.342602 0.931393
v -0.019456 0.517640 0.811444
v 0.021220 0.516066 0.811203
v 0.000592 0.457493 0.844499
v 0.033597 0.478345 0.829685
v -0.032527 0.480564 0.831254
v -0.016809 -0.293796 -0.372724
v 0.018293 -0.295515 -0.375341
v 0.001049 -0.241712 -0.409380
v 0.028891 -0.262420 -0.395931
v -0.027339 -0.261455 -0.396606
v -0.025199 0.594441 -0.537102
v 0.030689 0.598637 -0.541794
v 0.001483 0.523076 -0.576726
v 0.045388 0.552325 -0.564328
v -0.044301 0.556120 -0.567222
v 0.518822 0.129876 -0.133357
v 0.516543 0.078867 -0.128176
v 0.505475 0.090766 -0.159467
v 0.505574 0.122623 -0.162773
v 0.524998 0.103514 -0.111778
v 0.565313 0.140095 0.563135
v 0.562815 0.071816 0.563202
v 0.550712 0.084678 0.599329
v 0.551477 0.126700 0.599213
v 0.572134 0.105989 0.541971
v -0.509312 0.135536 -0.128815
v -0.502966 0.084842 -0.125722
v -0.494067 0.095393 -0.154740
v -0.498209 0.126998 -0.158134
v -0.510807 0.109484 -0.107530
v -0.550830 0.133776 0.559285
v -0.552446 0.066687 0.558518
v -0.540557 0.081100 0.591531
v -0.540946 0.122180 0.592840
v -0.558027 0.098645 0.539130
v -0.052911 0.887531 0.194078
v 0.062166 0.889454 0.193239
v -0.025858 0.884427 0.254048
v -0.022154 0.895866 0.131524
v 0.030775 0.881793 0.252310
v 0.036933 0.898903 0.134278
v -0.253260 0.719879 0.519144
v -0.202164 0.692022 0.600345
v -0.199508 0.736975 0.523379
v -0.277704 0.683677 0.549707
v -0.174704 0.720445 0.564364
v -0.252710 0.670649 0.590901
v -0.266084 0.779509 -0.204653
v -0.222792 0.772959 -0.283399
v -0.222480 0.813016 -0.227271
v -0.313059 0.764881 -0.242729
v -0.197234 0.810984 -0.258759
v -0.280373 0.753505 -0.282274
v -0.471516 0.482945 0.028932
v -0.492249 0.384061 -0.019221
v -0.455460 0.479337 -0.029990
v -0.497528 0.438902 0.062156
v -0.467266 0.428407 -0.052649
v -0.505643 0.390180 0.036520
v -0.541512 0.509739 0.412410
v -0.554727 0.432249 0.454625
v -0.536233 0.507217 0.460571
v -0.554783 0.471148 0.384085
v -0.540045 0.469960 0.481073
v -0.563511 0.431471 0.404577
v 0.258760 0.735024 0.512662
v 0.195796 0.684701 0.597671
v 0.202584 0.756084 0.521352
v 0.169780 0.726389 0.562278
v 0.285837 0.695719 0.549067
v 0.253456 0.670218 0.591633
v 0.264167 0.779149 -0.181694
v 0.202012 0.793873 -0.310668
v 0.217961 0.818188 -0.191391
v 0.212540 0.865621 -0.254903
v 0.310765 0.764653 -0.236942
v 0.262422 0.749726 -0.283988
v 0.467178 0.465392 0.032722
v 0.497372 0.373310 -0.020278
v 0.450210 0.459189 -0.026605
v 0.500336 0.426729 0.064778
v 0.466631 0.414142 -0.052066
v 0.512301 0.381227 0.036387
v 0.532186 0.502088 0.402566
v 0.554736 0.418019 0.448083
v 0.525474 0.497777 0.448086
v 0.554653 0.465070 0.381495
v 0.538932 0.455949 0.472099
v 0.560426 0.422486 0.401875
v -0.059333 -0.667145 0.198541
v 0.064764 -0.663489 0.198120
v -0.027667 -0.671499 0.254448
v -0.028738 -0.656754 0.146073
v 0.032762 -0.668972 0.254226
v 0.036905 -0.656232 0.146337
v -0.259255 -0.571499 0.562591
v -0.255382 -0.657937 0.745370
v -0.213884 -0.617222 0.588724
v -0.290388 -0.542556 0.610858
v -0.200938 -0.648253 0.674531
v -0.309558 -0.592692 0.699133
v -0.247889 -0.539277 -0.121012
v -0.181496 -0.473180 -0.201434
v -0.202521 -0.558806 -0.139633
v -0.249361 -0.476166 -0.145469
v -0.165518 -0.521912 -0.174069
v -0.216308 -0.448564 -0.185141
v -0.466247 -0.235781 0.048573
v -0.489046 -0.147627 -0.005102
v -0.452282 -0.226198 -0.007775
v -0.496715 -0.200911 0.075208
v -0.465301 -0.180902 -0.033546
v -0.507382 -0.159983 0.046239
v -0.515056 -0.288257 0.407488
v -0.528047 -0.202455 0.446120
v -0.512314 -0.288725 0.451985
v -0.525589 -0.244638 0.382413
v -0.517870 -0.244459 0.470149
v -0.534838 -0.205108 0.405979
v 0.253348 -0.571715 0.612678
v 0.233079 -0.586331 0.719646
v 0.308059 -0.645531 0.713430
v 0.222892 -0.651751 0.732446
v 0.281938 -0.535113 0.625224
v 0.273356 -0.543635 0.680232
v 0.243337 -0.541974 -0.123559
v 0.172118 -0.472256 -0.186939
v 0.196504 -0.558424 -0.127845
v 0.160344 -0.520811 -0.162510
v 0.244483 -0.483948 -0.135408
v 0.213029 -0.451333 -0.171564
v 0.455328 -0.245745 0.048579
v 0.480454 -0.156885 -0.002860
v 0.443448 -0.238626 -0.003125
v 0.478692 -0.208496 0.074846
v 0.456504 -0.193785 -0.027985
v 0.490500 -0.163860 0.047730
v 0.504609 -0.287556 0.391785
v 0.531666 -0.199695 0.438691
v 0.498934 -0.285424 0.441070
v 0.523624 -0.247898 0.366292
v 0.514099 -0.240469 0.464531
v 0.537111 -0.205650 0.388700
v 0.001818 0.031534 1.025768
v 0.002194 0.142276 0.983731
v 0.057364 0.057731 1.011222
v -0.054142 0.059562 1.015596
v 0.055748 0.112417 0.987490
v -0.051983 0.115974 0.998185
v 0.322498 -0.185180 0.864891
v 0.405637 -0.098870 0.793979
v 0.350702 -0.206273 0.812617
v 0.391588 -0.160937 0.775977
v 0.331850 -0.116618 0.875622
v 0.375597 -0.075907 0.842588
v -0.314748 -0.177689 0.853597
v -0.380967 -0.090597 0.775574
v -0.344451 -0.196375 0.801644
v -0.378231 -0.152217 0.762601
v -0.316495 -0.110498 0.862894
v -0.348483 -0.067430 0.823982
v 0.317945 0.341677 0.806618
v 0.407220 0.284539 0.771481
v 0.351926 0.367448 0.763622
v 0.398286 0.339132 0.748661
v 0.325779 0.286566 0.827909
v 0.369482 0.258857 0.809056
v -0.317119 0.349467 0.801822
v -0.409891 0.289871 0.765653
v -0.358085 0.381265 0.765659
v -0.404800 0.351530 0.747113
v -0.324119 0.288850 0.822850
v -0.369792 0.260047 0.804305
v -0.000892 0.071244 -0.553003
v -0.001214 0.175980 -0.627979
v 0.048620 0.097493 -0.567125
v -0.049534 0.100400 -0.566678
v 0.051498 0.153139 -0.606504
v -0.053439 0.152187 -0.601638
v 0.250704 -0.110114 -0.326607
v 0.328171 -0.049751 -0.283683
v 0.280895 -0.132752 -0.288141
v 0.320346 -0.102210 -0.268751
v 0.259132 -0.056873 -0.346155
v 0.297270 -0.027694 -0.323077
v -0.258724 -0.121623 -0.335837
v -0.326942 -0.060690 -0.290583
v -0.287824 -0.143815 -0.303562
v -0.322067 -0.111063 -0.280988
v -0.262286 -0.067007 -0.349294
v -0.296480 -0.037821 -0.325366
v 0.318971 0.376401 -0.461573
v 0.353578 0.304161 -0.357560
v 0.332767 0.397230 -0.400056
v 0.357583 0.358704 -0.355213
v 0.324767 0.317387 -0.471714
v 0.331629 0.285155 -0.410640
v -0.319614 0.367903 -0.459048
v -0.356317 0.293415 -0.354015
v -0.325736 0.390405 -0.391145
v -0.348193 0.349884 -0.342873
v -0.333851 0.305231 -0.475261
v -0.340043 0.272232 -0.409955
v 0.594885 0.102263 0.155837
v 0.614420 0.104216 0.251720
v 0.601435 0.145611 0.180144
v 0.610236 0.149001 0.229082
v 0.601691 0.058186 0.179147
v 0.614095 0.055972 0.226858
v -0.576383 0.103837 0.163254
v -0.584479 0.103454 0.261408
v -0.582591 0.146957 0.186402
v -0.586110 0.148357 0.235702
v -0.577305 0.062150 0.189057
v -0.580882 0.060116 0.237481
v -0.271579 0.806505 0.189849
v -0.167278 0.854340 0.189777
v -0.246102 0.813150 0.242214
v -0.249084 0.825581 0.136003
v -0.193395 0.838121 0.245872
v -0.196949 0.848112 0.132025
v -0.348147 0.743092 0.328320
v -0.307725 0.747208 0.439103
v -0.299331 0.770483 0.338418
v -0.375567 0.717691 0.370123
v -0.277211 0.773621 0.394130
v -0.357931 0.720074 0.427678
v -0.323973 0.751686 0.056399
v -0.293498 0.768600 -0.076202
v -0.287895 0.786726 0.037485
v -0.336735 0.720894 0.020088
v -0.269867 0.795575 -0.033138
v -0.325004 0.727977 -0.045162
v -0.420946 0.647142 0.129684
v -0.448708 0.573643 0.078221
v -0.403778 0.648276 0.073114
v -0.452221 0.613385 0.159681
v -0.417742 0.611960 0.044471
v -0.465121 0.575385 0.135724
v -0.451408 0.651809 0.284270
v -0.503682 0.584306 0.350350
v -0.447617 0.652878 0.335824
v -0.473420 0.617109 0.265155
v -0.473589 0.619315 0.370031
v -0.501644 0.582797 0.298450
v 0.269170 0.821077 0.191878
v 0.169384 0.856763 0.184704
v 0.245443 0.820653 0.236615
v 0.243737 0.836918 0.142011
v 0.194648 0.837058 0.236551
v 0.196962 0.858504 0.131551
v 0.350345 0.766222 0.322153
v 0.308553 0.754411 0.415819
v 0.304569 0.792400 0.328749
v 0.378178 0.735226 0.359416
v 0.280932 0.786883 0.376938
v 0.358470 0.727567 0.405886
v 0.309163 0.748473 0.073080
v 0.273645 0.752903 -0.054077
v 0.271441 0.781450 0.058740
v 0.323067 0.711362 0.031702
v 0.248277 0.780154 -0.001241
v 0.306179 0.712566 -0.036148
v 0.405289 0.641154 0.145818
v 0.436289 0.555067 0.088564
v 0.388514 0.635961 0.085928
v 0.436202 0.604753 0.177607
v 0.403025 0.593141 0.055027
v 0.451572 0.560874 0.149555
v 0.437382 0.657939 0.291271
v 0.491355 0.584507 0.349853
v 0.443309 0.663232 0.335162
v 0.454500 0.614428 0.274553
v 0.465758 0.623536 0.365670
v 0.480930 0.577237 0.303795
v -0.281806 -0.644473 0.192125
v -0.180341 -0.671564 0.192017
v -0.255328 -0.638896 0.242465
v -0.269694 -0.683231 0.137587
v -0.202612 -0.651684 0.244595
v -0.217706 -0.698522 0.135505
v -0.342237 -0.557078 0.330549
v -0.304271 -0.555489 0.432936
v -0.300623 -0.586051 0.336762
v -0.367959 -0.527137 0.370490
v -0.277899 -0.583713 0.390028
v -0.352338 -0.525994 0.420427
v -0.360286 -0.594763 0.058209
v -0.339998 -0.604216 -0.069864
v -0.350930 -0.668743 0.033846
v -0.383256 -0.546209 0.023470
v -0.331492 -0.670637 -0.030725
v -0.368240 -0.545233 -0.038767
v -0.404424 -0.427078 0.149769
v -0.437916 -0.329586 0.102647
v -0.396725 -0.426492 0.094053
v -0.430932 -0.382905 0.180816
v -0.407934 -0.373614 0.071231
v -0.448933 -0.334923 0.158163
v -0.426631 -0.442257 0.297338
v -0.477607 -0.366845 0.355211
v -0.430528 -0.449496 0.343338
v -0.447923 -0.396400 0.279461
v -0.456293 -0.411974 0.371845
v -0.474978 -0.359132 0.308817
v 0.276335 -0.639978 0.177401
v 0.180952 -0.664985 0.187046
v 0.252001 -0.630265 0.224677
v 0.269335 -0.675689 0.134494
v 0.203509 -0.648190 0.235846
v 0.217386 -0.685973 0.132498
v 0.337074 -0.551637 0.317903
v 0.286506 -0.553753 0.448939
v 0.295584 -0.584200 0.328177
v 0.353158 -0.513862 0.363294
v 0.267503 -0.585472 0.400100
v 0.332904 -0.515852 0.422616
v 0.358607 -0.598131 0.057471
v 0.332623 -0.606680 -0.076754
v 0.345533 -0.670596 0.034501
v 0.381442 -0.548649 0.022928
v 0.324990 -0.670702 -0.033513
v 0.367194 -0.548041 -0.044160
v 0.409350 -0.436337 0.148224
v 0.433412 -0.339492 0.101076
v 0.399832 -0.435758 0.093937
v 0.433610 -0.392017 0.178720
v 0.410867 -0.384468 0.069260
v 0.446005 -0.343071 0.157894
v 0.433020 -0.438899 0.287139
v 0.474038 -0.365620 0.344541
v 0.426634 -0.440631 0.333172
v 0.456335 -0.401362 0.274449
v 0.448178 -0.403491 0.363805
v 0.476381 -0.363798 0.299054
v -0.099002 -0.466208 0.868896
v -0.188139 -0.607684 0.885272
v -0.065543 -0.530746 0.850546
v -0.169817 -0.462754 0.881120
v -0.101431 -0.594400 0.881941
v -0.210697 -0.518272 0.871130
v 0.144047 -0.691637 0.891518
v 0.194706 -0.566846 0.793506
v 0.102863 -0.582892 0.831758
v 0.311010 -0.592070 0.897919
v 0.123880 -0.580658 0.790920
v 0.263246 -0.544011 0.845563
v -0.000102 -0.210936 0.990782
v 0.000868 -0.088947 1.020066
v 0.057579 -0.182392 0.998081
v -0.057557 -0.185459 0.999752
v 0.057691 -0.121156 1.011495
v -0.056902 -0.122483 1.012232
v 0.175722 -0.337985 0.988467
v 0.263074 -0.285260 0.965756
v 0.228983 -0.395580 0.987764
v 0.170908 -0.268426 0.996299
v 0.258779 -0.363499 0.962347
v 0.224084 -0.244570 0.997465
v -0.170024 -0.333156 0.974432
v -0.282908 -0.287758 0.964572
v -0.218892 -0.369019 0.950300
v -0.178472 -0.280655 1.006226
v -0.262779 -0.341608 0.933614
v -0.226919 -0.251723 0.989834
v -0.077704 0.577387 0.750245
v -0.143782 0.646257 0.681173
v -0.057422 0.617658 0.721204
v -0.128520 0.566886 0.744690
v -0.090004 0.654139 0.686114
v -0.162734 0.599017 0.709452
v 0.072530 0.572594 0.754018
v 0.131858 0.628376 0.678330
v 0.047903 0.611045 0.721022
v 0.124603 0.560740 0.751580
v 0.076030 0.639349 0.682310
v 0.155670 0.587079 0.712771
v -0.000011 0.365537 0.892109
v 0.000971 0.256546 0.938834
v 0.045917 0.337577 0.897501
v -0.046012 0.342724 0.907631
v 0.048653 0.283156 0.921518
v -0.047456 0.287530 0.929142
v 0.121015 0.441562 0.831035
v 0.219709 0.397283 0.827503
v 0.157847 0.471363 0.805114
v 0.130018 0.391420 0.854830
v 0.208382 0.450589 0.801390
v 0.179179 0.366900 0.853919
v -0.121308 0.448952 0.837498
v -0.219053 0.405750 0.830611
v -0.158109 0.476265 0.804138
v -0.130652 0.400684 0.866923
v -0.208502 0.456887 0.799964
v -0.178343 0.375303 0.860199
v -0.068144 -0.353258 -0.322197
v -0.124103 -0.414288 -0.265785
v -0.049698 -0.393175 -0.300160
v -0.112490 -0.344609 -0.317551
v -0.075324 -0.424144 -0.272265
v -0.137944 -0.370215 -0.286047
v 0.058040 -0.359034 -0.330451
v 0.113669 -0.416888 -0.264692
v 0.042164 -0.400002 -0.310302
v 0.098186 -0.342004 -0.318830
v 0.072458 -0.435376 -0.282111
v 0.126725 -0.369540 -0.284682
v -0.002634 -0.150758 -0.447723
v -0.000739 -0.041155 -0.490253
v 0.033834 -0.121092 -0.446808
v -0.038803 -0.126253 -0.459051
v 0.038972 -0.068588 -0.474016
v -0.042173 -0.070412 -0.476006
v 0.095336 -0.229852 -0.393593
v 0.172008 -0.170752 -0.363840
v 0.123610 -0.250440 -0.360816
v 0.101001 -0.174515 -0.404576
v 0.161485 -0.221880 -0.343720
v 0.143001 -0.148158 -0.398742
v -0.104513 -0.227734 -0.391134
v -0.186845 -0.180473 -0.370517
v -0.138010 -0.255934 -0.361960
v -0.112022 -0.179581 -0.413459
v -0.178033 -0.231850 -0.352082
v -0.153872 -0.153614 -0.403061
v -0.095274 0.655514 -0.458368
v -0.169888 0.741117 -0.378869
v -0.071218 0.703688 -0.420592
v -0.157325 0.651249 -0.465282
v -0.107545 0.747096 -0.380247
v -0.204508 0.716476 -0.442808
v 0.086988 0.658647 -0.458817
v 0.149126 0.763512 -0.367323
v 0.058837 0.709869 -0.420051
v 0.148604 0.646226 -0.461575
v 0.093564 0.773111 -0.379078
v 0.179532 0.692498 -0.420206
v -0.001741 0.409393 -0.634340
v -0.000863 0.293752 -0.647305
v 0.059208 0.381659 -0.658668
v -0.065636 0.381898 -0.656025
v 0.063171 0.322942 -0.656299
v -0.065907 0.321824 -0.662996
v 0.148445 0.501875 -0.561615
v 0.257889 0.450251 -0.542049
v 0.187902 0.535333 -0.530654
v 0.161485 0.442105 -0.587438
v 0.234785 0.507009 -0.511773
v 0.219456 0.415313 -0.580776
v -0.148639 0.503860 -0.559911
v -0.267666 0.444936 -0.547878
v -0.192159 0.536589 -0.526735
v -0.161118 0.444178 -0.589732
v -0.247297 0.510068 -0.517470
v -0.223178 0.416940 -0.590260
v 0.519958 0.197840 -0.107488
v 0.509758 0.281437 -0.067838
v 0.504534 0.232383 -0.136462
v 0.530847 0.202176 -0.061186
v 0.497917 0.274873 -0.118596
v 0.526928 0.244388 -0.038629
v 0.513546 0.008712 -0.094152
v 0.502740 -0.071163 -0.052283
v 0.500011 -0.020663 -0.117915
v 0.523205 0.000953 -0.050319
v 0.493815 -0.061251 -0.099100
v 0.519101 -0.039064 -0.028448
v 0.471141 0.052119 -0.205727
v 0.407473 0.006423 -0.242053
v 0.475751 0.008917 -0.198018
v 0.442707 0.074960 -0.232867
v 0.435622 -0.016391 -0.212886
v 0.414521 0.053629 -0.254121
v 0.480075 0.173270 -0.222443
v 0.417404 0.236202 -0.281927
v 0.478722 0.214493 -0.222355
v 0.445748 0.160767 -0.245744
v 0.455897 0.249021 -0.253555
v 0.412285 0.189839 -0.276122
v 0.546111 0.101560 -0.032084
v 0.567751 0.100841 0.060648
v 0.552622 0.135106 -0.011294
v 0.549805 0.066509 -0.009010
v 0.562346 0.136822 0.036947
v 0.558125 0.063974 0.037341
v 0.574509 0.231213 0.532732
v 0.570852 0.328408 0.492253
v 0.561679 0.270870 0.560076
v 0.586681 0.240565 0.486201
v 0.560959 0.321228 0.539064
v 0.583162 0.290196 0.466467
v 0.566412 -0.016376 0.531387
v 0.560322 -0.109583 0.489584
v 0.552165 -0.050718 0.556884
v 0.579336 -0.025611 0.485951
v 0.552350 -0.099787 0.537378
v 0.572513 -0.070575 0.462334
v 0.520897 0.033170 0.661824
v 0.480775 -0.023110 0.729753
v 0.519330 -0.015636 0.648273
v 0.502860 0.055945 0.706644
v 0.499442 -0.045676 0.679988
v 0.481493 0.029138 0.743613
v 0.524229 0.180044 0.665131
v 0.473060 0.233072 0.722178
v 0.522874 0.229761 0.651290
v 0.503559 0.156074 0.707882
v 0.497261 0.256481 0.677229
v 0.476952 0.180938 0.738304
v 0.596008 0.107284 0.454849
v 0.612022 0.107186 0.356019
v 0.602525 0.153981 0.431764
v 0.598056 0.060853 0.431300
v 0.611588 0.155524 0.381855
v 0.606378 0.059358 0.381216
v -0.513905 0.204624 -0.103623
v -0.504840 0.287981 -0.065422
v -0.503092 0.235608 -0.132498
v -0.524552 0.210267 -0.059017
v -0.495427 0.278279 -0.116386
v -0.522306 0.250798 -0.037547
v -0.505495 0.016466 -0.095770
v -0.499416 -0.066375 -0.054131
v -0.491364 -0.015001 -0.119475
v -0.515240 0.007595 -0.050726
v -0.485186 -0.056126 -0.100450
v -0.515284 -0.033204 -0.028074
v -0.458311 0.049400 -0.198021
v -0.398457 -0.004198 -0.242959
v -0.457490 0.006371 -0.191746
v -0.435480 0.067562 -0.226954
v -0.426054 -0.021451 -0.213270
v -0.404273 0.041930 -0.251019
v -0.486318 0.168995 -0.214103
v -0.420439 0.228049 -0.275122
v -0.478640 0.211198 -0.208656
v -0.449494 0.153137 -0.240266
v -0.456814 0.243520 -0.240360
v -0.418896 0.180187 -0.273444
v -0.529474 0.106689 -0.027355
v -0.562027 0.104623 0.064469
v -0.537858 0.141745 -0.006476
v -0.531411 0.071387 -0.003147
v -0.550444 0.142508 0.040423
v -0.547003 0.068591 0.043631
v -0.555628 0.226049 0.529478
v -0.558389 0.332522 0.491702
v -0.544408 0.266763 0.557255
v -0.566729 0.234139 0.484123
v -0.547311 0.321018 0.539601
v -0.566250 0.286508 0.463886
v -0.551710 -0.017982 0.525394
v -0.541459 -0.109311 0.485446
v -0.542589 -0.051928 0.547714
v -0.555399 -0.026837 0.483557
v -0.537871 -0.099816 0.529103
v -0.551042 -0.070684 0.463737
v -0.515875 0.035606 0.650923
v -0.453914 -0.021137 0.709798
v -0.513621 -0.013504 0.636458
v -0.492082 0.056198 0.691976
v -0.483381 -0.043187 0.664630
v -0.459254 0.029701 0.722256
v -0.516778 0.176532 0.656304
v -0.483008 0.232653 0.721128
v -0.518674 0.229043 0.646340
v -0.502236 0.153011 0.698227
v -0.501219 0.260096 0.676623
v -0.478972 0.178633 0.730394
v -0.577725 0.097626 0.457107
v -0.584232 0.101048 0.361425
v -0.578243 0.144354 0.433383
v -0.578900 0.054086 0.436164
v -0.583177 0.146680 0.385281
v -0.580458 0.056210 0.388537
v -0.080455 0.857479 0.360194
v -0.138396 0.800029 0.444619
v -0.134518 0.845095 0.359274
v -0.164238 0.815903 0.402062
v -0.055005 0.830339 0.400213
v -0.081712 0.808954 0.444392
v -0.082950 0.891506 -0.016336
v -0.182788 0.962888 -0.292654
v -0.145478 0.871307 -0.021110
v -0.190558 0.869530 -0.118959
v -0.052204 0.898810 -0.076389
v -0.080763 0.908407 -0.165465
v 0.084233 0.837860 0.344805
v 0.142222 0.804797 0.435989
v 0.140365 0.829607 0.340714
v 0.170995 0.817990 0.387936
v 0.055389 0.825630 0.394068
v 0.083924 0.809672 0.439234
v 0.094918 0.898184 0.014763
v 0.142000 0.842816 -0.085349
v 0.140999 0.870875 0.025539
v 0.161128 0.839743 -0.024489
v 0.069888 0.897153 -0.043883
v 0.091326 0.864449 -0.092638
v -0.379468 0.633646 0.527523
v -0.473927 0.574405 0.498694
v -0.406624 0.647001 0.488079
v -0.453730 0.617289 0.474975
v -0.400727 0.591394 0.553382
v -0.445576 0.560874 0.536113
v -0.064151 0.744015 0.571663
v 0.051005 0.746691 0.569763
v -0.039534 0.724432 0.616030
v 0.020383 0.716706 0.611335
v -0.033061 0.772636 0.531083
v 0.023462 0.783924 0.532372
v -0.300646 0.593107 0.654052
v -0.339922 0.500868 0.716898
v -0.269393 0.568935 0.695146
v -0.286310 0.519876 0.727140
v -0.350202 0.567806 0.640338
v -0.372736 0.525392 0.673456
v -0.476994 0.714412 -0.184509
v -0.398431 0.577581 -0.104072
v -0.386258 0.664711 -0.125981
v -0.388136 0.617606 -0.083943
v -0.435396 0.649072 -0.218223
v -0.396734 0.583584 -0.168351
v -0.083059 0.859130 -0.286651
v 0.084523 0.867549 -0.258005
v -0.052662 0.818588 -0.336059
v 0.047098 0.840559 -0.326924
v -0.037403 0.857931 -0.223297
v 0.039350 0.852630 -0.211346
v -0.308202 0.666166 -0.344115
v -0.311425 0.523448 -0.366191
v -0.279915 0.633478 -0.390508
v -0.286616 0.565018 -0.407617
v -0.350895 0.628659 -0.323240
v -0.343332 0.549686 -0.321339
v -0.527153 0.451288 0.173702
v -0.546462 0.462349 0.281647
v -0.514795 0.496600 0.199518
v -0.524804 0.500645 0.252460
v -0.547081 0.411496 0.199936
v -0.554087 0.417771 0.251637
v -0.442201 0.414243 -0.162347
v -0.429050 0.394685 -0.263571
v -0.460485 0.359104 -0.181980
v -0.449887 0.348002 -0.229038
v -0.411974 0.463095 -0.196067
v -0.401203 0.451173 -0.245839
v -0.542718 0.308310 0.092876
v -0.568297 0.229709 0.139360
v -0.544139 0.262883 0.065828
v -0.559339 0.225056 0.089104
v -0.552939 0.314762 0.145097
v -0.567796 0.275213 0.166638
v -0.507228 0.445192 0.564842
v -0.473897 0.409583 0.657370
v -0.518563 0.399796 0.590008
v -0.507636 0.378549 0.637588
v -0.476084 0.472814 0.584057
v -0.455767 0.458419 0.631288
v -0.579695 0.341489 0.344506
v -0.586780 0.242305 0.287445
v -0.580021 0.291947 0.366110
v -0.583983 0.243173 0.338713
v -0.579352 0.336234 0.295275
v -0.583509 0.287255 0.265972
v 0.391816 0.647068 0.524137
v 0.464978 0.572033 0.486996
v 0.410826 0.653537 0.475587
v 0.445158 0.616233 0.458491
v 0.406335 0.596416 0.550956
v 0.448665 0.562467 0.532892
v 0.295499 0.577733 0.653643
v 0.324956 0.474378 0.707599
v 0.262585 0.552916 0.696391
v 0.277766 0.502229 0.723349
v 0.345388 0.552222 0.637925
v 0.358927 0.499275 0.664862
v 0.481366 0.703473 -0.191916
v 0.378626 0.548911 -0.104454
v 0.382586 0.650037 -0.116052
v 0.368350 0.587884 -0.080048
v 0.427996 0.639188 -0.219813
v 0.374436 0.571612 -0.164792
v 0.313777 0.665846 -0.346395
v 0.322337 0.525246 -0.378194
v 0.277022 0.636981 -0.394444
v 0.287806 0.567867 -0.413061
v 0.348774 0.621483 -0.313806
v 0.343550 0.546593 -0.325783
v 0.522661 0.438837 0.179502
v 0.540318 0.453238 0.283402
v 0.506689 0.483472 0.208630
v 0.516493 0.490063 0.259098
v 0.548788 0.401611 0.204418
v 0.555787 0.408933 0.256890
v 0.439818 0.403792 -0.165373
v 0.417750 0.387246 -0.272040
v 0.459554 0.354335 -0.186322
v 0.449681 0.346909 -0.239530
v 0.406984 0.449104 -0.198510
v 0.392490 0.442189 -0.251236
v 0.548070 0.301883 0.094067
v 0.577021 0.224387 0.138455
v 0.551561 0.256117 0.066136
v 0.564709 0.217944 0.088808
v 0.561883 0.308745 0.145697
v 0.577076 0.271000 0.166561
v 0.516830 0.433529 0.563496
v 0.465006 0.389449 0.658351
v 0.520706 0.383462 0.583903
v 0.495213 0.360924 0.633358
v 0.482606 0.465205 0.586424
v 0.452779 0.442519 0.631521
v 0.581060 0.334256 0.345680
v 0.599740 0.242601 0.286559
v 0.588261 0.290739 0.367619
v 0.598571 0.245464 0.337789
v 0.581977 0.331709 0.294699
v 0.589063 0.284503 0.265071
v -0.085165 -0.671294 0.362936
v -0.146077 -0.646560 0.471644
v -0.141428 -0.647436 0.356182
v -0.170409 -0.632015 0.408286
v -0.057358 -0.694844 0.422125
v -0.089421 -0.676545 0.477598
v -0.099759 -0.653780 0.034226
v -0.161439 -0.647268 -0.075654
v -0.150248 -0.713029 0.015423
v -0.186450 -0.711502 -0.049763
v -0.068651 -0.618952 -0.009759
v -0.099076 -0.613993 -0.061414
v 0.089614 -0.676814 0.371102
v 0.158558 -0.674956 0.520975
v 0.145096 -0.659458 0.367669
v 0.170649 -0.649753 0.435881
v 0.061292 -0.695176 0.433271
v 0.098185 -0.705404 0.506853
v 0.106437 -0.658637 0.036101
v 0.165781 -0.653168 -0.078405
v 0.170795 -0.718858 0.019141
v 0.202344 -0.713437 -0.044283
v 0.079985 -0.616639 -0.007000
v 0.103825 -0.617136 -0.060918
v -0.384501 -0.451964 0.550296
v -0.465908 -0.369316 0.496298
v -0.408858 -0.452309 0.489663
v -0.445887 -0.412830 0.469595
v -0.405168 -0.407760 0.580217
v -0.445145 -0.363573 0.547764
v -0.078258 -0.661978 0.669529
v 0.062958 -0.675333 0.695914
v -0.048810 -0.635617 0.727942
v 0.018523 -0.632430 0.723720
v -0.037625 -0.678473 0.603898
v 0.035064 -0.695010 0.607437
v -0.334178 -0.460276 0.758407
v -0.339991 -0.323694 0.776715
v -0.307290 -0.443303 0.811217
v -0.309256 -0.372344 0.820053
v -0.357626 -0.400532 0.703055
v -0.366222 -0.337747 0.718797
v -0.319690 -0.398301 -0.111886
v -0.386645 -0.310774 -0.061703
v -0.352178 -0.412790 -0.069032
v -0.371967 -0.361166 -0.036900
v -0.327874 -0.341516 -0.132814
v -0.365175 -0.301335 -0.111072
v -0.058295 -0.528981 -0.180122
v 0.059618 -0.532228 -0.178601
v -0.028212 -0.500742 -0.218590
v 0.028260 -0.501241 -0.217605
v -0.027698 -0.554689 -0.140783
v 0.036134 -0.557392 -0.140776
v -0.237112 -0.344445 -0.235296
v -0.266751 -0.244706 -0.277248
v -0.214399 -0.326239 -0.270663
v -0.229517 -0.279603 -0.291542
v -0.274178 -0.309347 -0.218076
v -0.287530 -0.258370 -0.238566
v -0.514172 -0.219047 0.181263
v -0.523110 -0.234704 0.282684
v -0.499738 -0.258975 0.211740
v -0.505633 -0.268360 0.261445
v -0.532601 -0.185358 0.204121
v -0.535239 -0.193273 0.254415
v -0.430709 -0.167687 -0.136063
v -0.380144 -0.143664 -0.215106
v -0.439294 -0.122698 -0.153985
v -0.416612 -0.110968 -0.194645
v -0.394521 -0.202554 -0.159738
v -0.367144 -0.188078 -0.201889
v -0.533302 -0.092842 0.097888
v -0.559764 -0.018401 0.143821
v -0.534779 -0.048594 0.071585
v -0.549520 -0.011937 0.094082
v -0.545726 -0.100713 0.147853
v -0.556248 -0.062573 0.171035
v -0.500129 -0.228084 0.555261
v -0.439798 -0.190284 0.659099
v -0.503396 -0.173267 0.577525
v -0.476248 -0.153970 0.627989
v -0.468504 -0.264264 0.589858
v -0.435349 -0.248037 0.641175
v -0.550774 -0.118156 0.352658
v -0.568342 -0.028091 0.294397
v -0.558464 -0.074531 0.373191
v -0.568073 -0.030363 0.345517
v -0.552462 -0.115261 0.301072
v -0.561123 -0.070480 0.272052
v 0.359094 -0.439869 0.547651
v 0.442480 -0.364224 0.493586
v 0.380427 -0.441740 0.492484
v 0.422567 -0.402926 0.467708
v 0.382609 -0.402782 0.576508
v 0.422529 -0.360003 0.546331
v 0.329105 -0.469534 0.737620
v 0.337782 -0.341356 0.781724
v 0.355129 -0.498567 0.830334
v 0.325106 -0.400055 0.834427
v 0.351351 -0.410751 0.698817
v 0.359344 -0.351105 0.719406
v 0.330416 -0.406709 -0.110491
v 0.390983 -0.322000 -0.057504
v 0.361461 -0.420645 -0.071093
v 0.384158 -0.373944 -0.038102
v 0.333837 -0.350557 -0.123118
v 0.370048 -0.311572 -0.102249
v 0.235022 -0.343641 -0.213733
v 0.258943 -0.237585 -0.251770
v 0.206649 -0.319234 -0.250424
v 0.218048 -0.267470 -0.269245
v 0.274257 -0.311408 -0.195723
v 0.286900 -0.258424 -0.215893
v 0.501679 -0.224168 0.178296
v 0.523635 -0.243075 0.273554
v 0.493456 -0.268323 0.205850
v 0.504751 -0.278136 0.253512
v 0.522806 -0.188970 0.199256
v 0.535467 -0.198767 0.245961
v 0.429391 -0.175291 -0.122556
v 0.377694 -0.143248 -0.197818
v 0.441021 -0.127991 -0.142229
v 0.416101 -0.112008 -0.178786
v 0.396075 -0.211058 -0.145202
v 0.366675 -0.193257 -0.179663
v 0.532318 -0.093815 0.093178
v 0.562895 -0.022793 0.136855
v 0.539296 -0.051768 0.066996
v 0.549238 -0.017987 0.090089
v 0.542196 -0.102559 0.142192
v 0.560085 -0.067211 0.162254
v 0.487668 -0.222588 0.562577
v 0.440493 -0.193419 0.665375
v 0.499446 -0.169219 0.584895
v 0.478071 -0.153009 0.634415
v 0.452473 -0.263478 0.590631
v 0.427851 -0.251251 0.643097
v 0.570015 -0.125046 0.334529
v 0.599065 -0.039411 0.279900
v 0.581055 -0.080677 0.357623
v 0.597435 -0.038173 0.330992
v 0.571536 -0.125383 0.285374
v 0.581843 -0.080035 0.258327
v 0.169791 0.002356 1.016343
v 0.263178 -0.058097 0.964190
v 0.169929 -0.058945 1.011405
v 0.218714 -0.093487 0.988457
v 0.213008 0.030830 0.985838
v 0.264103 0.008150 0.973458
v -0.168625 0.001231 1.011744
v -0.253005 -0.058236 0.955736
v -0.168205 -0.059253 1.013319
v -0.214176 -0.094159 0.986900
v -0.212472 0.031257 0.980388
v -0.255599 0.004113 0.957985
v 0.156814 0.165836 0.949442
v 0.244649 0.228543 0.896282
v 0.151107 0.224820 0.927739
v 0.195907 0.255651 0.904703
v 0.206010 0.139778 0.944995
v 0.249330 0.172674 0.915651
v -0.151279 0.173372 0.951649
v -0.242021 0.230316 0.893287
v -0.146348 0.231541 0.931006
v -0.191115 0.260519 0.902875
v -0.203997 0.143243 0.944998
v -0.249368 0.172052 0.915624
v 0.388592 0.047874 0.861394
v 0.379547 0.152618 0.840925
v 0.428848 0.078278 0.828362
v 0.422418 0.128411 0.818514
v 0.345752 0.069131 0.890999
v 0.340879 0.123480 0.877858
v -0.359186 0.046464 0.837921
v -0.373772 0.147693 0.837000
v -0.397554 0.077022 0.802523
v -0.406076 0.124765 0.802649
v -0.328421 0.067466 0.876345
v -0.334529 0.119705 0.873860
v 0.136776 0.039348 -0.514674
v 0.200019 -0.010053 -0.431345
v 0.130284 -0.017314 -0.490188
v 0.162415 -0.041037 -0.449651
v 0.182838 0.068788 -0.505757
v 0.210708 0.044152 -0.457785
v -0.131678 0.041292 -0.504985
v -0.203045 -0.015958 -0.431503
v -0.128057 -0.015924 -0.478109
v -0.165645 -0.044271 -0.445277
v -0.174897 0.068388 -0.497278
v -0.206022 0.041152 -0.452868
v 0.173105 0.211075 -0.613930
v 0.301019 0.264309 -0.605704
v 0.192122 0.273415 -0.652075
v 0.254628 0.293271 -0.649972
v 0.215332 0.178251 -0.574289
v 0.275070 0.198877 -0.570603
v -0.164033 0.209417 -0.614371
v -0.292772 0.247874 -0.603853
v -0.181214 0.267060 -0.660177
v -0.242366 0.291697 -0.649598
v -0.206154 0.179181 -0.571187
v -0.262816 0.196358 -0.565028
v 0.306577 0.078731 -0.354014
v 0.316480 0.183655 -0.388052
v 0.341683 0.103210 -0.325070
v 0.342443 0.154759 -0.334680
v 0.280045 0.105003 -0.404818
v 0.289487 0.158199 -0.428103
v -0.306696 0.068978 -0.355799
v -0.321520 0.171746 -0.389950
v -0.343585 0.092418 -0.326760
v -0.348165 0.143752 -0.339654
v -0.272962 0.099791 -0.399806
v -0.287351 0.150198 -0.426180
v -0.339704 0.760684 0.234273
v -0.334740 0.767518 0.149353
v -0.296384 0.787471 0.238737
v -0.294610 0.796858 0.142569
v -0.399502 0.712986 0.264085
v -0.319965 0.764942 0.284365
v -0.389060 0.715169 0.314950
v -0.375876 0.712009 0.130836
v -0.309852 0.777309 0.098150
v -0.356776 0.716808 0.078544
v -0.417774 0.679413 0.204082
v -0.388933 0.681365 0.102248
v -0.438037 0.648181 0.183274
v -0.423515 0.684180 0.300462
v -0.445948 0.649374 0.233156
v 0.341207 0.791009 0.239427
v 0.326381 0.789392 0.164355
v 0.297402 0.811242 0.238593
v 0.290335 0.817648 0.151421
v 0.391028 0.731284 0.272134
v 0.325741 0.795480 0.282465
v 0.392591 0.738714 0.313912
v 0.362092 0.716310 0.148151
v 0.299006 0.785906 0.113613
v 0.342520 0.713115 0.092873
v 0.402035 0.686147 0.219245
v 0.374074 0.677166 0.117376
v 0.419118 0.646762 0.200547
v 0.417075 0.698706 0.303980
v 0.428214 0.651251 0.246124
v -0.336719 -0.585811 0.244031
v -0.336151 -0.599734 0.154929
v -0.301247 -0.617017 0.243044
v -0.309047 -0.646526 0.143384
v -0.380636 -0.521058 0.280964
v -0.319705 -0.585850 0.287386
v -0.380834 -0.527805 0.324170
v -0.370939 -0.519894 0.142988
v -0.341094 -0.635766 0.098571
v -0.372192 -0.531726 0.087043
v -0.396009 -0.473375 0.220276
v -0.380650 -0.475793 0.119172
v -0.414035 -0.429860 0.201030
v -0.405265 -0.486359 0.312630
v -0.420727 -0.434719 0.249756
v 0.328309 -0.577953 0.226194
v 0.330411 -0.599022 0.148272
v 0.293401 -0.610757 0.222098
v 0.303806 -0.644959 0.137524
v 0.376675 -0.511669 0.264637
v 0.315729 -0.581237 0.270079
v 0.373233 -0.516325 0.310824
v 0.371390 -0.528322 0.141751
v 0.336333 -0.632280 0.097114
v 0.373307 -0.538237 0.085539
v 0.404324 -0.478302 0.216344
v 0.388501 -0.485052 0.117046
v 0.419989 -0.437622 0.199357
v 0.402851 -0.476835 0.299830
v 0.431928 -0.438070 0.245631
v 0.021786 -0.443866 0.873258
v -0.086577 -0.378864 0.915137
v -0.018134 -0.485249 0.854570
v -0.126908 -0.419134 0.897264
v 0.126329 -0.407749 0.932173
v 0.052790 -0.537013 0.856724
v 0.257921 -0.527869 0.940291
v 0.055606 -0.287608 0.958427
v -0.055552 -0.295647 0.958767
v 0.056868 -0.238151 0.980146
v -0.057674 -0.243552 0.983159
v 0.196324 -0.414208 0.973339
v 0.115467 -0.279774 0.977314
v -0.151884 -0.374056 0.932393
v -0.119092 -0.283790 0.978985
v 0.000135 0.553123 0.790493
v -0.062776 0.506727 0.808060
v -0.027391 0.584029 0.756135
v -0.095136 0.535827 0.778480
v 0.063596 0.504694 0.810168
v 0.021914 0.582352 0.757615
v 0.093693 0.534069 0.785910
v 0.039393 0.436050 0.850405
v -0.039134 0.441576 0.857492
v 0.042902 0.388710 0.873323
v -0.043030 0.393162 0.880130
v 0.109188 0.488638 0.807556
v 0.082828 0.414311 0.853596
v -0.109484 0.492698 0.806196
v -0.083299 0.421607 0.863366
v -0.000550 -0.327089 -0.352348
v -0.054894 -0.285986 -0.374233
v -0.023863 -0.359569 -0.326577
v -0.083639 -0.314200 -0.346431
v 0.052726 -0.290269 -0.381688
v 0.019635 -0.362707 -0.330675
v 0.072128 -0.315734 -0.352692
v 0.031649 -0.222855 -0.413550
v -0.033483 -0.224057 -0.419931
v 0.031600 -0.175540 -0.432202
v -0.036420 -0.179275 -0.440786
v 0.085054 -0.273857 -0.373797
v 0.064610 -0.200826 -0.411934
v -0.095681 -0.272970 -0.370855
v -0.070536 -0.203492 -0.421186
v -0.000827 0.627337 -0.499346
v -0.081634 0.583096 -0.540453
v -0.034293 0.663134 -0.460297
v -0.117836 0.611479 -0.499262
v 0.084234 0.582213 -0.541439
v 0.027158 0.664193 -0.459669
v 0.114697 0.610045 -0.500398
v 0.051017 0.497967 -0.586642
v -0.049753 0.498449 -0.586485
v 0.054710 0.440037 -0.616511
v -0.056039 0.440086 -0.615959
v 0.134520 0.558987 -0.535389
v 0.105520 0.470852 -0.590546
v -0.135280 0.560744 -0.532848
v -0.103894 0.471566 -0.590693
v 0.507433 0.155195 -0.159718
v 0.531969 0.132177 -0.099309
v 0.507347 0.191369 -0.150367
v 0.533049 0.165698 -0.081499
v 0.506541 0.056016 -0.151045
v 0.527957 0.072866 -0.093011
v 0.505120 0.018612 -0.136619
v 0.527326 0.038824 -0.072125
v 0.492535 0.109457 -0.189130
v 0.495341 0.032505 -0.175469
v 0.469702 0.092927 -0.212311
v 0.494395 0.184024 -0.189127
v 0.472229 0.133787 -0.216750
v 0.541062 0.134384 -0.057435
v 0.536852 0.069651 -0.051993
v 0.554846 0.170797 0.590839
v 0.577283 0.146362 0.522656
v 0.558592 0.218678 0.577982
v 0.584020 0.192412 0.505637
v 0.550826 0.041777 0.588945
v 0.576292 0.065107 0.524357
v 0.552592 -0.004606 0.575354
v 0.578741 0.020415 0.506212
v 0.537289 0.105618 0.634394
v 0.538287 0.012453 0.618066
v 0.521239 0.081675 0.669881
v 0.542311 0.201116 0.623392
v 0.525008 0.130923 0.672610
v 0.589743 0.150809 0.479262
v 0.588375 0.062973 0.479499
v -0.506413 0.159909 -0.154732
v -0.517910 0.138564 -0.092675
v -0.506713 0.196121 -0.145182
v -0.522130 0.173303 -0.076632
v -0.492563 0.061828 -0.146303
v -0.511447 0.079388 -0.089634
v -0.497159 0.024308 -0.137158
v -0.511453 0.046568 -0.070829
v -0.484118 0.110601 -0.182244
v -0.479439 0.035247 -0.169717
v -0.465080 0.090807 -0.205441
v -0.495479 0.183426 -0.182998
v -0.479974 0.128487 -0.211588
v -0.528749 0.140118 -0.052155
v -0.520234 0.075737 -0.047954
v -0.543123 0.165534 0.585802
v -0.561919 0.138752 0.521494
v -0.542172 0.213787 0.572479
v -0.565383 0.184095 0.503463
v -0.544816 0.040107 0.581585
v -0.563866 0.059721 0.521723
v -0.547970 -0.006560 0.566265
v -0.561718 0.015331 0.503011
v -0.530367 0.103623 0.624880
v -0.535582 0.013457 0.608858
v -0.516924 0.081850 0.659742
v -0.528311 0.197260 0.615020
v -0.514522 0.128425 0.661817
v -0.572552 0.141869 0.479435
v -0.571969 0.056274 0.480563
v -0.082425 0.875274 0.251812
v -0.081624 0.884187 0.129387
v -0.138509 0.858944 0.248564
v -0.140038 0.866484 0.128855
v 0.086564 0.866720 0.243711
v 0.091553 0.887367 0.130764
v 0.141370 0.853627 0.239108
v 0.144435 0.870929 0.129974
v 0.001846 0.867802 0.303704
v -0.109639 0.861170 0.306657
v -0.026739 0.851848 0.355072
v 0.008258 0.900144 0.069059
v -0.112271 0.878019 0.058949
v -0.021089 0.900455 0.000273
v 0.112276 0.847591 0.293557
v 0.027719 0.844190 0.348794
v 0.122205 0.894770 0.071029
v 0.040109 0.899865 0.008900
v -0.226419 0.754813 0.485251
v -0.306171 0.699182 0.511116
v -0.252707 0.767951 0.444380
v -0.332262 0.712020 0.470623
v -0.148536 0.703674 0.606608
v -0.229519 0.660838 0.633907
v -0.122899 0.688529 0.650641
v -0.196559 0.631170 0.672975
v -0.144044 0.750270 0.525780
v -0.195954 0.785130 0.444894
v -0.113308 0.780683 0.485323
v -0.303197 0.646508 0.580681
v -0.358422 0.676546 0.501932
v -0.353275 0.620684 0.568251
v -0.098898 0.720591 0.613931
v -0.088303 0.761066 0.527604
v -0.249855 0.615267 0.665194
v -0.327223 0.607653 0.610556
v -0.223914 0.821104 -0.185704
v -0.326051 0.756248 -0.186189
v -0.253859 0.808219 -0.115557
v -0.325917 0.742047 -0.115474
v -0.172500 0.810475 -0.288726
v -0.250966 0.740356 -0.326425
v -0.146219 0.787583 -0.323381
v -0.227180 0.726322 -0.376446
v -0.174337 0.850820 -0.241082
v -0.231700 0.862543 -0.182918
v -0.133828 0.882194 -0.227675
v -0.351320 0.757423 -0.288297
v -0.380392 0.723405 -0.157615
v -0.448079 0.742327 -0.263486
v -0.128925 0.887037 -0.351285
v -0.105859 0.860751 -0.238971
v -0.270030 0.698184 -0.366750
v -0.350290 0.712679 -0.318477
v -0.442651 0.526910 -0.006633
v -0.487780 0.486701 0.086841
v -0.429723 0.571398 0.018038
v -0.477317 0.533405 0.112036
v -0.479052 0.378315 -0.074833
v -0.510947 0.341188 0.011825
v -0.486072 0.327949 -0.095756
v -0.517042 0.294448 -0.013091
v -0.440436 0.475258 -0.087436
v -0.413251 0.572552 -0.042978
v -0.411784 0.526581 -0.124509
v -0.522746 0.396384 0.093339
v -0.503141 0.491552 0.143421
v -0.535230 0.403605 0.146916
v -0.466681 0.369555 -0.128506
v -0.426558 0.470963 -0.143195
v -0.529168 0.301918 0.039679
v -0.538923 0.355830 0.119753
v -0.518243 0.544956 0.432637
v -0.539073 0.507909 0.358257
v -0.497095 0.583567 0.402369
v -0.519827 0.545082 0.329217
v -0.544389 0.428683 0.500713
v -0.566843 0.389176 0.425357
v -0.545866 0.376651 0.520511
v -0.569114 0.339430 0.443912
v -0.517042 0.500528 0.500594
v -0.490144 0.582234 0.454082
v -0.484249 0.530344 0.519261
v -0.566385 0.429767 0.356056
v -0.535106 0.505367 0.306525
v -0.562585 0.424854 0.303877
v -0.531445 0.416141 0.545659
v -0.496616 0.487551 0.539893
v -0.575081 0.342356 0.394543
v -0.574735 0.387035 0.326732
v 0.230470 0.770580 0.473924
v 0.313670 0.711129 0.502002
v 0.256588 0.780031 0.425230
v 0.337348 0.720879 0.453711
v 0.137611 0.697269 0.602735
v 0.220814 0.642335 0.632270
v 0.106488 0.668655 0.643257
v 0.187661 0.614297 0.672260
v 0.142775 0.766640 0.525806
v 0.202109 0.800310 0.433323
v 0.112639 0.792168 0.484130
v 0.079165 0.708997 0.607742
v 0.081903 0.774775 0.529123
v 0.310915 0.653172 0.582249
v 0.365515 0.684650 0.489998
v 0.364177 0.630829 0.568565
v 0.242319 0.597332 0.664166
v 0.329425 0.604014 0.609811
v 0.224609 0.795248 -0.127306
v 0.326572 0.757151 -0.172262
v 0.234001 0.784172 -0.064325
v 0.311327 0.728388 -0.102028
v 0.240690 0.925133 -0.295821
v 0.226237 0.739408 -0.319081
v 0.132395 0.878811 -0.319899
v 0.207068 0.728056 -0.367965
v 0.174922 0.862036 -0.204475
v 0.184791 0.808510 -0.075122
v 0.126533 0.847212 -0.145899
v 0.128423 0.885424 -0.300411
v 0.117421 0.853400 -0.214281
v 0.358758 0.769685 -0.307732
v 0.373249 0.713437 -0.148753
v 0.452177 0.726207 -0.267623
v 0.266515 0.693388 -0.361969
v 0.355749 0.700794 -0.295543
v 0.433979 0.505453 -0.001467
v 0.483584 0.471524 0.093108
v 0.418965 0.549780 0.025644
v 0.467361 0.516227 0.121227
v 0.482152 0.366942 -0.076930
v 0.519896 0.334607 0.009786
v 0.489273 0.320023 -0.097896
v 0.523690 0.288628 -0.015045
v 0.433497 0.457206 -0.085912
v 0.399755 0.547194 -0.039162
v 0.399500 0.505778 -0.122494
v 0.524125 0.386862 0.093574
v 0.495729 0.477279 0.151451
v 0.537668 0.393935 0.149388
v 0.468777 0.361357 -0.132316
v 0.418505 0.455336 -0.143066
v 0.536198 0.295194 0.039686
v 0.544184 0.347619 0.121742
v 0.506595 0.540386 0.421742
v 0.532694 0.502166 0.356470
v 0.487417 0.583334 0.395236
v 0.510073 0.541212 0.332007
v 0.549360 0.411405 0.494036
v 0.568612 0.378283 0.423054
v 0.558590 0.367700 0.517653
v 0.575806 0.334084 0.445623
v 0.516861 0.491375 0.493999
v 0.477303 0.579037 0.440549
v 0.487958 0.527822 0.514265
v 0.563467 0.422302 0.353716
v 0.525031 0.496895 0.307980
v 0.561719 0.417028 0.304934
v 0.539470 0.401460 0.539920
v 0.505312 0.481164 0.540326
v 0.576936 0.335387 0.396396
v 0.571757 0.376857 0.324293
v -0.087302 -0.668452 0.252277
v -0.093247 -0.666311 0.142236
v -0.145657 -0.660938 0.247945
v -0.156535 -0.685460 0.138186
v 0.092597 -0.663652 0.251427
v 0.099245 -0.664319 0.142268
v 0.149236 -0.656588 0.244957
v 0.159805 -0.677533 0.135831
v 0.002727 -0.679490 0.311382
v -0.114090 -0.661296 0.304425
v -0.027614 -0.691256 0.367690
v 0.005500 -0.640182 0.096295
v -0.126322 -0.680017 0.083709
v -0.034181 -0.622599 0.045910
v 0.119333 -0.663008 0.306872
v 0.031371 -0.687767 0.369952
v 0.135034 -0.679784 0.084097
v 0.043429 -0.618177 0.046819
v -0.231664 -0.596516 0.512502
v -0.310790 -0.529235 0.536690
v -0.253989 -0.585627 0.446923
v -0.330401 -0.522375 0.474307
v -0.185547 -0.690418 0.775132
v -0.322209 -0.652573 0.810071
v -0.118513 -0.722130 0.920863
v -0.264672 -0.589426 0.852262
v -0.159777 -0.651506 0.602523
v -0.201306 -0.616248 0.460909
v -0.123441 -0.660248 0.537528
v -0.318442 -0.509172 0.657830
v -0.359356 -0.490337 0.515000
v -0.362913 -0.455034 0.615724
v -0.088558 -0.681840 0.759324
v -0.100448 -0.668514 0.605056
v -0.326818 -0.529279 0.814389
v -0.346750 -0.460755 0.686049
v -0.244956 -0.603221 -0.111610
v -0.292478 -0.509303 -0.118583
v -0.293987 -0.659952 -0.082376
v -0.353354 -0.533674 -0.104302
v -0.131240 -0.485993 -0.206446
v -0.190094 -0.422521 -0.224119
v -0.102287 -0.454720 -0.238869
v -0.165563 -0.397487 -0.259285
v -0.147142 -0.564597 -0.142435
v -0.222145 -0.657099 -0.081891
v -0.127673 -0.597107 -0.104803
v -0.255102 -0.417970 -0.171478
v -0.329860 -0.463869 -0.103008
v -0.289840 -0.380755 -0.153311
v -0.082128 -0.496135 -0.214778
v -0.090764 -0.561468 -0.142615
v -0.200642 -0.373264 -0.247993
v -0.262905 -0.362822 -0.197418
v -0.436193 -0.275223 0.019932
v -0.481284 -0.243334 0.104928
v -0.422055 -0.324977 0.046009
v -0.465526 -0.287443 0.133175
v -0.475186 -0.139671 -0.058132
v -0.518176 -0.121560 0.018902
v -0.480991 -0.099587 -0.080908
v -0.511369 -0.075448 -0.003886
v -0.437962 -0.221678 -0.062440
v -0.404311 -0.318356 -0.008761
v -0.402615 -0.262129 -0.088230
v -0.518865 -0.170700 0.099606
v -0.492919 -0.250337 0.159942
v -0.527661 -0.178416 0.152863
v -0.459573 -0.132626 -0.108477
v -0.418784 -0.214281 -0.114195
v -0.515754 -0.083509 0.049125
v -0.532930 -0.135929 0.124002
v -0.498715 -0.330064 0.430544
v -0.512346 -0.283389 0.358444
v -0.476847 -0.370114 0.401585
v -0.495556 -0.321530 0.334198
v -0.524725 -0.197716 0.488889
v -0.538226 -0.161957 0.424881
v -0.532081 -0.149207 0.507798
v -0.545697 -0.115673 0.443925
v -0.507980 -0.286743 0.492119
v -0.478496 -0.373261 0.449891
v -0.485231 -0.325096 0.518358
v -0.535412 -0.202738 0.356802
v -0.510814 -0.277828 0.309726
v -0.534593 -0.198109 0.305569
v -0.519281 -0.188854 0.531778
v -0.495787 -0.278302 0.539681
v -0.549260 -0.119434 0.400882
v -0.542392 -0.158968 0.329847
v 0.222592 -0.606862 0.578225
v 0.289581 -0.523743 0.556882
v 0.241413 -0.593488 0.480147
v 0.305878 -0.515029 0.486911
v 0.168472 -0.623102 0.740551
v 0.261107 -0.541906 0.736660
v 0.135766 -0.582486 0.752295
v 0.253413 -0.538563 0.788799
v 0.245660 -0.749900 0.794787
v 0.194465 -0.633732 0.509930
v 0.154132 -0.711646 0.612421
v 0.089628 -0.635830 0.736780
v 0.123194 -0.723412 0.674833
v 0.308320 -0.498110 0.644432
v 0.333982 -0.480748 0.520886
v 0.342974 -0.448693 0.609095
v 0.298635 -0.508771 0.771783
v 0.330191 -0.457705 0.670941
v 0.239829 -0.607081 -0.109759
v 0.291815 -0.508684 -0.117902
v 0.291040 -0.659992 -0.089860
v 0.340611 -0.532123 -0.102789
v 0.129088 -0.487566 -0.201791
v 0.183712 -0.422653 -0.209644
v 0.100715 -0.462048 -0.244296
v 0.155354 -0.396245 -0.248377
v 0.147014 -0.566235 -0.136982
v 0.231695 -0.674260 -0.089998
v 0.129664 -0.601336 -0.105964
v 0.082485 -0.498444 -0.212574
v 0.094776 -0.569497 -0.142534
v 0.253884 -0.422394 -0.157113
v 0.332259 -0.467206 -0.101676
v 0.294930 -0.386997 -0.140671
v 0.195382 -0.371458 -0.230902
v 0.263393 -0.365890 -0.176315
v 0.431646 -0.285040 0.021512
v 0.467588 -0.252365 0.102672
v 0.420793 -0.334963 0.045910
v 0.456790 -0.297301 0.130909
v 0.470291 -0.148863 -0.052834
v 0.501445 -0.121604 0.021195
v 0.484032 -0.104609 -0.076619
v 0.513176 -0.079562 -0.004415
v 0.430241 -0.231613 -0.053433
v 0.407912 -0.329447 -0.007312
v 0.402481 -0.271521 -0.078694
v 0.499846 -0.171760 0.099419
v 0.480738 -0.258697 0.157019
v 0.510774 -0.179724 0.151388
v 0.460491 -0.139454 -0.100321
v 0.417061 -0.222880 -0.102560
v 0.521759 -0.086931 0.043959
v 0.521353 -0.136787 0.121944
v 0.484277 -0.327577 0.417248
v 0.509121 -0.288067 0.343959
v 0.470141 -0.367336 0.391741
v 0.496353 -0.329033 0.322143
v 0.529193 -0.193477 0.487840
v 0.549456 -0.160895 0.412600
v 0.545154 -0.146482 0.512673
v 0.562406 -0.115439 0.436799
v 0.494524 -0.284364 0.490866
v 0.461479 -0.367507 0.443356
v 0.461821 -0.322172 0.517648
v 0.540719 -0.206977 0.339834
v 0.509197 -0.285282 0.297698
v 0.543206 -0.206367 0.291841
v 0.519041 -0.183177 0.535639
v 0.476870 -0.274549 0.540930
v 0.566621 -0.121897 0.385589
v 0.555958 -0.165332 0.313264
v 0.059711 0.004284 1.031947
v -0.057331 0.004630 1.035466
v 0.058451 -0.057723 1.023993
v -0.056397 -0.057770 1.025953
v 0.053617 0.168587 0.965017
v -0.050629 0.172929 0.977730
v 0.051512 0.225956 0.945631
v -0.048246 0.230685 0.951951
v 0.109329 0.083431 0.990102
v 0.116352 -0.026657 1.025476
v 0.163000 0.057808 0.993038
v -0.106330 0.087245 0.996476
v -0.114566 -0.027373 1.026635
v -0.160952 0.058803 0.990713
v 0.103430 0.195759 0.946974
v 0.159266 0.111356 0.968964
v -0.100211 0.202715 0.957743
v -0.155909 0.115546 0.971609
v 0.316623 -0.256623 0.855496
v 0.294885 -0.159956 0.915253
v 0.288028 -0.308189 0.906801
v 0.259898 -0.203622 0.956653
v 0.432327 -0.118176 0.741819
v 0.414260 -0.036428 0.806697
v 0.469354 -0.077846 0.708666
v 0.454759 0.000279 0.775453
v 0.374102 -0.222808 0.754360
v 0.312186 -0.326137 0.844244
v 0.362884 -0.287071 0.735689
v 0.455233 -0.134913 0.686366
v 0.400667 -0.237260 0.697170
v 0.340860 -0.050717 0.888043
v 0.261736 -0.128492 0.956927
v 0.305084 -0.022424 0.931635
v 0.420401 0.023115 0.817464
v 0.347323 0.013427 0.897322
v -0.317316 -0.244662 0.846078
v -0.285987 -0.156254 0.904747
v -0.293907 -0.294680 0.893759
v -0.260212 -0.204279 0.949817
v -0.412738 -0.111562 0.726333
v -0.385847 -0.029951 0.788411
v -0.448367 -0.075835 0.694124
v -0.422829 0.000909 0.754514
v -0.374765 -0.213640 0.748591
v -0.314973 -0.308520 0.833718
v -0.370810 -0.275088 0.733748
v -0.444424 -0.133043 0.676961
v -0.403784 -0.229923 0.693144
v -0.317850 -0.046480 0.870567
v -0.252873 -0.128320 0.948784
v -0.286827 -0.021988 0.915926
v -0.390423 0.025428 0.798591
v -0.322681 0.012244 0.875462
v 0.304784 0.396003 0.778414
v 0.280358 0.315443 0.845668
v 0.256401 0.423211 0.790470
v 0.229418 0.341308 0.850959
v 0.436647 0.311408 0.726850
v 0.409072 0.232524 0.787357
v 0.468826 0.283803 0.703696
v 0.444734 0.207179 0.763431
v 0.385503 0.392835 0.719947
v 0.291239 0.449004 0.749890
v 0.372813 0.446347 0.692387
v 0.466037 0.336830 0.680824
v 0.419531 0.417668 0.675745
v 0.332186 0.231616 0.846337
v 0.238638 0.285894 0.877118
v 0.291039 0.202940 0.881150
v 0.413620 0.180525 0.802914
v 0.335707 0.177606 0.861833
v -0.309600 0.409837 0.779910
v -0.276288 0.319057 0.838130
v -0.259297 0.435708 0.792410
v -0.227089 0.348433 0.852606
v -0.447296 0.320710 0.725566
v -0.413009 0.230708 0.784672
v -0.481302 0.290323 0.702780
v -0.450327 0.203836 0.760727
v -0.395688 0.412627 0.724415
v -0.300107 0.468589 0.755700
v -0.388365 0.474940 0.702357
v -0.481731 0.351067 0.682605
v -0.431337 0.440955 0.679932
v -0.331327 0.229331 0.843171
v -0.234670 0.289385 0.872187
v -0.291491 0.200874 0.880682
v -0.412986 0.174772 0.799564
v -0.337556 0.171393 0.863980
v 0.046501 0.041750 -0.537245
v -0.045875 0.043162 -0.531428
v 0.043117 -0.014101 -0.503844
v -0.043792 -0.013874 -0.500971
v 0.055470 0.202705 -0.649803
v -0.058717 0.203344 -0.641862
v 0.061135 0.261841 -0.644466
v -0.063698 0.260954 -0.660716
v 0.101366 0.125017 -0.574629
v 0.089993 0.010998 -0.515006
v 0.145671 0.096715 -0.543561
v -0.099415 0.127619 -0.573370
v -0.088078 0.013781 -0.506224
v -0.140303 0.097634 -0.537610
v 0.118945 0.235902 -0.655050
v 0.156665 0.152560 -0.575581
v -0.118780 0.234242 -0.658662
v -0.151912 0.153850 -0.576100
v 0.241010 -0.163038 -0.307756
v 0.220410 -0.087032 -0.366406
v 0.201616 -0.193239 -0.326461
v 0.182317 -0.117788 -0.384582
v 0.359980 -0.071814 -0.248488
v 0.335485 0.001049 -0.299085
v 0.397890 -0.043514 -0.230058
v 0.373735 0.028568 -0.275236
v 0.311799 -0.155170 -0.252434
v 0.230076 -0.215388 -0.288703
v 0.298994 -0.205855 -0.234077
v 0.388571 -0.093346 -0.214311
v 0.339152 -0.175348 -0.216059
v 0.266444 -0.003590 -0.364918
v 0.191051 -0.064021 -0.406838
v 0.237855 0.020448 -0.410535
v 0.339927 0.052468 -0.312620
v 0.272876 0.050763 -0.383453
v -0.255819 -0.175945 -0.325157
v -0.231011 -0.097834 -0.372806
v -0.218053 -0.206178 -0.334556
v -0.193876 -0.126797 -0.389142
v -0.357635 -0.080302 -0.258109
v -0.332531 -0.010127 -0.301764
v -0.392536 -0.050423 -0.234837
v -0.369223 0.016592 -0.277389
v -0.314025 -0.160509 -0.269752
v -0.244615 -0.227966 -0.309678
v -0.303160 -0.209705 -0.256723
v -0.387865 -0.097307 -0.226673
v -0.340516 -0.175492 -0.236000
v -0.266087 -0.012494 -0.364689
v -0.198957 -0.071346 -0.409606
v -0.236067 0.014227 -0.408135
v -0.340293 0.039659 -0.314524
v -0.270272 0.042587 -0.381874
v 0.309413 0.436696 -0.446084
v 0.317701 0.352056 -0.534697
v 0.278944 0.475382 -0.486111
v 0.278642 0.389449 -0.573330
v 0.390509 0.321645 -0.316626
v 0.348198 0.254010 -0.354424
v 0.424957 0.285002 -0.285586
v 0.380530 0.221693 -0.312170
v 0.356782 0.415642 -0.348245
v 0.300756 0.500638 -0.431977
v 0.348074 0.477792 -0.337562
v 0.436173 0.337711 -0.285119
v 0.378998 0.431590 -0.300788
v 0.321977 0.261086 -0.469687
v 0.291510 0.327636 -0.591449
v 0.315513 0.230406 -0.533527
v 0.345702 0.204165 -0.347674
v 0.310050 0.207506 -0.452994
v -0.306803 0.432135 -0.441184
v -0.318430 0.343023 -0.535857
v -0.282654 0.472844 -0.486182
v -0.280315 0.386117 -0.576586
v -0.384116 0.315276 -0.306179
v -0.359373 0.241275 -0.357083
v -0.420967 0.280217 -0.272541
v -0.387732 0.210583 -0.312771
v -0.341478 0.411489 -0.330124
v -0.295349 0.497708 -0.423259
v -0.340260 0.479653 -0.322472
v -0.424346 0.336917 -0.268614
v -0.384732 0.434835 -0.292127
v -0.332222 0.246529 -0.475879
v -0.292088 0.316670 -0.614214
v -0.311920 0.222393 -0.537836
v -0.355257 0.192094 -0.351917
v -0.308567 0.198117 -0.455209
v 0.586565 0.142157 0.132868
v 0.586405 0.060411 0.131115
v 0.574493 0.139569 0.084696
v 0.570301 0.061486 0.084672
v 0.611075 0.151170 0.280555
v 0.612100 0.056639 0.278461
v 0.613484 0.154729 0.330538
v 0.611113 0.057477 0.330253
v 0.605472 0.191549 0.205974
v 0.577525 0.180427 0.110674
v 0.589159 0.230996 0.187168
v 0.607637 0.198289 0.308372
v 0.596169 0.237589 0.236439
v 0.598873 0.010675 0.204248
v 0.567754 0.019497 0.109616
v 0.575586 -0.028936 0.184122
v 0.607572 0.008289 0.304671
v 0.592326 -0.035176 0.230980
v -0.572635 0.145890 0.138192
v -0.567567 0.063532 0.140592
v -0.563431 0.144303 0.088163
v -0.562328 0.066302 0.091334
v -0.587365 0.148821 0.284463
v -0.582844 0.058973 0.286872
v -0.585557 0.148581 0.335820
v -0.582935 0.057887 0.338773
v -0.583862 0.192379 0.211723
v -0.567551 0.186260 0.113311
v -0.579920 0.234891 0.188469
v -0.587664 0.195582 0.310113
v -0.583599 0.239010 0.238229
v -0.576071 0.017660 0.215399
v -0.560562 0.024722 0.117189
v -0.566400 -0.022864 0.193799
v -0.574925 0.014541 0.315978
v -0.568726 -0.025904 0.243286
v -0.219316 0.818655 0.297995
v -0.247698 0.798390 0.347454
v -0.226005 0.838858 0.074144
v -0.244703 0.815425 0.019177
v -0.191690 0.824056 0.355538
v -0.200883 0.845477 -0.009078
v -0.401435 0.687429 0.408081
v -0.439053 0.653775 0.389223
v -0.429454 0.654504 0.444492
v -0.356235 0.688404 -0.017726
v -0.387033 0.650705 0.012481
v -0.375106 0.654526 -0.053617
v -0.478123 0.576978 0.190912
v -0.491151 0.580337 0.246146
v -0.502722 0.539530 0.223276
v 0.221110 0.820155 0.285131
v 0.250776 0.806566 0.332253
v 0.216186 0.845733 0.088553
v 0.230242 0.811835 0.044792
v 0.196637 0.819660 0.336408
v 0.183530 0.839378 0.033773
v 0.406244 0.699352 0.394852
v 0.436899 0.661702 0.380620
v 0.428851 0.659789 0.428155
v 0.338284 0.672384 -0.008911
v 0.369905 0.631975 0.021579
v 0.349867 0.627151 -0.047368
v 0.463478 0.566278 0.205220
v 0.472176 0.571350 0.255372
v 0.489847 0.527657 0.233782
v -0.225612 -0.629236 0.294255
v -0.250550 -0.606958 0.343416
v -0.251681 -0.734398 0.080370
v -0.291308 -0.722695 0.012715
v -0.197260 -0.623579 0.348612
v -0.225534 -0.726340 0.009162
v -0.395907 -0.492983 0.406232
v -0.428446 -0.452827 0.389089
v -0.422881 -0.453840 0.438507
v -0.380388 -0.484464 -0.000883
v -0.391185 -0.427039 0.035495
v -0.377175 -0.422634 -0.019351
v -0.459522 -0.341791 0.210388
v -0.469118 -0.349573 0.261499
v -0.486853 -0.302600 0.239258
v 0.225512 -0.630552 0.287071
v 0.245236 -0.608056 0.343198
v 0.258107 -0.717633 0.076580
v 0.292853 -0.712618 0.020429
v 0.197385 -0.637320 0.357739
v 0.236487 -0.729877 0.008758
v 0.375197 -0.477209 0.402083
v 0.414266 -0.439864 0.383545
v 0.399309 -0.438810 0.437363
v 0.385372 -0.489104 -0.004808
v 0.395070 -0.434638 0.035042
v 0.382784 -0.429542 -0.021402
v 0.458035 -0.351716 0.207106
v 0.470542 -0.358921 0.253073
v 0.481948 -0.314147 0.230196
v -0.037126 -0.576560 0.818213
v 0.043288 -0.576495 0.797152
v -0.227074 -0.446837 0.877305
v -0.243693 -0.389624 0.900103
v -0.015154 -0.600666 0.767754
v -0.272186 -0.415913 0.855742
v 0.303483 -0.493479 0.905939
v 0.280468 -0.426473 0.933602
v 0.323064 -0.447583 0.883409
v 0.114312 -0.156132 1.003685
v 0.170369 -0.196978 1.000369
v -0.113636 -0.159557 1.005369
v -0.171625 -0.202822 1.000349
v 0.169241 -0.126773 1.003083
v -0.166353 -0.128942 1.001039
v -0.035427 0.654986 0.687792
v 0.020311 0.648871 0.686446
v -0.180123 0.552958 0.739169
v -0.195322 0.506240 0.768919
v -0.009011 0.686769 0.651128
v -0.232606 0.536904 0.732850
v 0.176189 0.544389 0.744099
v 0.194440 0.500959 0.774737
v 0.228784 0.526252 0.737247
v 0.094367 0.310267 0.901956
v 0.137625 0.338173 0.879529
v -0.093139 0.317609 0.913647
v -0.136102 0.346308 0.889032
v 0.144842 0.283089 0.904824
v -0.141582 0.289203 0.909820
v -0.029156 -0.436439 -0.282779
v 0.024006 -0.440256 -0.288365
v -0.155428 -0.329103 -0.313006
v -0.169309 -0.284328 -0.335683
v -0.000505 -0.471384 -0.255720
v -0.195010 -0.308530 -0.304575
v 0.138537 -0.320631 -0.304796
v 0.150524 -0.271594 -0.324358
v 0.177449 -0.295180 -0.286125
v 0.074714 -0.094639 -0.452172
v 0.108340 -0.120036 -0.424035
v -0.081223 -0.098986 -0.458029
v -0.119442 -0.127255 -0.433370
v 0.118638 -0.068241 -0.454666
v -0.124465 -0.071977 -0.454612
v -0.042332 0.754904 -0.393955
v 0.030080 0.758903 -0.394529
v -0.229583 0.640319 -0.475854
v -0.234828 0.572945 -0.494730
v -0.009190 0.830908 -0.411472
v -0.258225 0.603849 -0.444028
v 0.210306 0.637011 -0.486798
v 0.232934 0.576963 -0.512009
v 0.251842 0.603992 -0.446392
v 0.125089 0.346715 -0.661094
v 0.175409 0.381871 -0.620683
v -0.125991 0.354586 -0.666895
v -0.174406 0.386382 -0.628001
v 0.192162 0.323407 -0.666079
v -0.183995 0.325911 -0.658403
v 0.489307 0.267504 -0.169365
v 0.479282 0.259644 -0.216200
v 0.542132 0.208869 -0.011750
v 0.554611 0.173556 0.013086
v 0.473346 0.307145 -0.204062
v 0.554033 0.212757 0.038817
v 0.486855 -0.051672 -0.143102
v 0.462676 -0.035668 -0.179643
v 0.532591 -0.006017 -0.005066
v 0.545338 0.028282 0.016145
v 0.456323 -0.082094 -0.159916
v 0.541673 -0.011301 0.041277
v 0.411271 0.098569 -0.263718
v 0.412529 0.143978 -0.270069
v 0.377630 0.125074 -0.296678
v 0.545544 0.302666 0.586353
v 0.523118 0.280136 0.631665
v 0.596407 0.247563 0.439308
v 0.603627 0.201429 0.409826
v 0.521618 0.331357 0.609296
v 0.595673 0.245741 0.389151
v 0.533845 -0.083742 0.581965
v 0.515554 -0.065789 0.629424
v 0.587743 -0.031108 0.436016
v 0.600401 0.012753 0.407946
v 0.509932 -0.115778 0.606422
v 0.592222 -0.034635 0.382744
v 0.483979 0.079800 0.752076
v 0.482147 0.131045 0.750813
v 0.459538 0.104530 0.791261
v -0.480240 0.268883 -0.159828
v -0.468203 0.258465 -0.201101
v -0.536658 0.214232 -0.011028
v -0.542315 0.179440 0.015890
v -0.463690 0.309247 -0.191082
v -0.543419 0.219482 0.040405
v -0.470612 -0.046712 -0.145062
v -0.451209 -0.035218 -0.182309
v -0.528251 0.000495 -0.004240
v -0.534500 0.033999 0.021133
v -0.446103 -0.078642 -0.170183
v -0.537719 -0.006564 0.045133
v -0.408830 0.089081 -0.260249
v -0.413940 0.135353 -0.268280
v -0.378738 0.114824 -0.297910
v -0.532776 0.304822 0.585485
v -0.517829 0.284176 0.631069
v -0.573348 0.239038 0.437002
v -0.579203 0.192479 0.411091
v -0.520868 0.342247 0.612086
v -0.579734 0.242005 0.388698
v -0.530357 -0.085653 0.572415
v -0.510964 -0.064981 0.618070
v -0.561327 -0.031873 0.442487
v -0.572924 0.011097 0.415733
v -0.506569 -0.118936 0.599497
v -0.564913 -0.031869 0.395087
v -0.466351 0.080173 0.732257
v -0.472781 0.128973 0.734146
v -0.435366 0.102924 0.766714
v -0.028701 0.811765 0.443236
v 0.026267 0.810236 0.441403
v -0.001535 0.801190 0.488217
v -0.023872 0.883267 -0.117116
v 0.036330 0.876870 -0.100650
v 0.001846 0.850672 -0.147468
v -0.418610 0.548064 0.578600
v -0.396230 0.536637 0.624455
v -0.437271 0.504340 0.604486
v -0.388664 0.587110 -0.221631
v -0.372683 0.572845 -0.277328
v -0.385578 0.516109 -0.231509
v -0.560507 0.370896 0.223339
v -0.565722 0.323120 0.195322
v -0.572263 0.329558 0.245489
v 0.422820 0.545878 0.578197
v 0.392208 0.523900 0.621972
v 0.439666 0.495522 0.605518
v 0.364884 0.578398 -0.221139
v 0.362548 0.563671 -0.274878
v 0.368008 0.501203 -0.231598
v 0.565771 0.363893 0.225882
v 0.573885 0.318002 0.195618
v 0.579049 0.326236 0.244324
v -0.032533 -0.711188 0.478862
v 0.032560 -0.712304 0.487790
v 0.000915 -0.706377 0.538768
v -0.033163 -0.581540 -0.049259
v 0.043036 -0.581211 -0.047135
v 0.005197 -0.567375 -0.095855
v -0.424659 -0.359029 0.603679
v -0.393397 -0.350083 0.660055
v -0.430853 -0.304501 0.622721
v -0.341871 -0.288849 -0.158907
v -0.314473 -0.273920 -0.200936
v -0.355769 -0.238295 -0.182260
v -0.546405 -0.150831 0.225747
v -0.554392 -0.108450 0.197757
v -0.553057 -0.112315 0.248985
v 0.401891 -0.358144 0.600831
v 0.380897 -0.355977 0.659379
v 0.415349 -0.306967 0.622617
v 0.342998 -0.296233 -0.140852
v 0.315180 -0.278640 -0.179889
v 0.354216 -0.244058 -0.160581
v 0.545628 -0.155139 0.218938
v 0.554667 -0.110634 0.190788
v 0.564951 -0.117902 0.237918
v 0.258518 0.062565 0.954151
v 0.253592 0.117156 0.932596
v 0.300797 0.093416 0.916613
v -0.257310 0.060545 0.951733
v -0.256019 0.114986 0.936746
v -0.294473 0.091277 0.910999
v 0.224867 0.097905 -0.489135
v 0.248389 0.146976 -0.528675
v 0.260376 0.127468 -0.463472
v -0.214085 0.097129 -0.480060
v -0.232294 0.149218 -0.517109
v -0.249292 0.126735 -0.456658
f 1 647 644
f 1 644 643
f 1 643 645
f 1 645 646
f 1 646 647
f 2 649 652
f 6 672 670
f 12 702 699
f 11 696 695
f 8 679 681
f 4 662 659
f 4 659 658
f 4 658 660
f 4 660 661
f 4 661 662
f 5 666 665
f 3 654 657
f 7 673 677
f 9 685 686
f 10 692 688
f 12 701 698
f 6 669 668
f 2 650 648
f 8 682 678
f 11 697 693
f 6 671 669
f 12 700 701
f 11 694 697
f 8 680 682
f 2 651 650
f 10 690 689
f 5 663 664
f 3 655 653
f 7 676 674
f 9 687 684
f 10 691 690
f 5 667 663
f 3 656 655
f 7 675 676
f 9 683 687
f 6 668 672
f 2 648 649
f 8 678 679
f 11 693 696
f 12 698 702
f 10 688 691
f 5 665 667
f 3 657 656
f 7 677 675
f 9 686 683
f 5 664 666
f 3 653 654
f 7 674 673
f 9 684 685
f 10 689 692
f 6 670 671
f 12 699 700
f 11 695 694
f 8 681 680
f 2 652 651
f 35 837 838
f 18 735 736
f 19 742 741
f 40 868 867
f 42 880 879
f 34 832 831
f 33 827 828
f 25 778 780
f 36 844 846
f 20 749 747
f 32 819 820
f 23 765 767
f 24 773 771
f 37 850 849
f 41 876 875
f 34 833 834
f 33 826 825
f 25 779 777
f 36 845 843
f 20 748 750
f 17 729 727
f 14 711 709
f 13 706 703
f 15 718 715
f 16 724 721
f 18 737 733
f 35 839 835
f 42 882 878
f 40 870 866
f 19 744 740
f 30 807 805
f 27 789 787
f 22 762 758
f 28 797 793
f 29 802 799
f 32 821 817
f 23 766 763
f 24 774 770
f 37 852 848
f 41 874 872
f 35 838 836
f 18 736 734
f 19 741 739
f 40 867 865
f 42 879 877
f 34 831 829
f 33 828 824
f 25 780 776
f 36 846 842
f 20 747 745
f 32 820 818
f 23 767 764
f 24 771 769
f 37 849 847
f 41 875 871
f 34 834 830
f 33 825 823
f 25 777 775
f 36 843 841
f 20 750 746
f 14 714 710
f 13 707 704
f 15 719 716
f 16 725 722
f 17 732 728
f 21 755 752
f 31 814 811
f 26 784 781
f 38 857 853
f 39 862 860
f 27 792 788
f 22 759 757
f 28 796 794
f 29 803 800
f 30 810 806
f 31 815 812
f 26 785 782
f 38 856 854
f 39 863 859
f 21 754 751
f 14 712 714
f 13 705 707
f 15 717 719
f 16 723 725
f 17 730 732
f 21 753 755
f 31 816 814
f 26 786 784
f 38 858 857
f 39 861 862
f 27 791 792
f 22 761 759
f 28 795 796
f 29 801 803
f 30 808 810
f 31 813 815
f 26 783 785
f 38 855 856
f 39 864 863
f 21 756 754
f 14 709 712
f 13 703 705
f 15 715 717
f 16 721 723
f 17 727 730
f 21 751 753
f 31 812 816
f 26 782 786
f 38 854 858
f 39 859 861
f 27 787 791
f 22 758 761
f 28 793 795
f 29 799 801
f 30 805 808
f 31 811 813
f 26 781 783
f 38 853 855
f 39 860 864
f 21 752 756
f 17 728 731
f 14 710 713
f 13 704 708
f 15 716 720
f 16 722 726
f 18 734 738
f 35 836 840
f 42 877 881
f 40 865 869
f 19 739 743
f 30 806 809
f 27 788 790
f 22 757 760
f 28 794 798
f 29 800 804
f 32 818 822
f 23 764 768
f 24 769 772
f 37 847 851
f 41 871 873
f 35 835 837
f 18 733 735
f 19 740 742
f 40 866 868
f 42 878 880
f 34 830 832
f 33 823 827
f 25 775 778
f 36 841 844
f 20 746 749
f 32 817 819
f 23 763 765
f 24 770 773
f 37 848 850
f 41 872 876
f 34 829 833
f 33 824 826
f 25 776 779
f 36 842 845
f 20 745 748
f 17 731 729
f 14 713 711
f 13 708 706
f 15 720 718
f 16 726 724
f 18 738 737
f 35 840 839
f 42 881 882
f 40 869 870
f 19 743 744
f 30 809 807
f 27 790 789
f 22 760 762
f 28 798 797
f 29 804 802
f 32 822 821
f 23 768 766
f 24 772 774
f 37 851 852
f 41 873 874
f 107 1269 1270
f 103 1245 1246
f 104 1252 1251
f 110 1288 1287
f 113 1306 1305
f 118 1336 1335
f 154 1551 1552
f 141 1473 1474
f 162 1599 1600
f 121 1354 1353
f 142 1479 1480
f 129 1401 1402
f 130 1408 1407
f 144 1492 1491
f 146 1504 1503
f 151 1533 1534
f 131 1414 1413
f 136 1444 1443
f 161 1594 1593
f 126 1383 1384
f 116 1323 1324
f 108 1275 1276
f 106 1263 1264
f 112 1299 1300
f 115 1317 1318
f 119 1341 1342
f 156 1564 1563
f 139 1462 1461
f 160 1588 1587
f 120 1347 1348
f 149 1521 1522
f 132 1420 1419
f 128 1395 1396
f 145 1497 1498
f 148 1515 1516
f 155 1557 1558
f 133 1425 1426
f 134 1431 1432
f 157 1570 1569
f 124 1372 1371
f 109 1282 1281
f 105 1258 1257
f 111 1294 1293
f 114 1312 1311
f 117 1330 1329
f 125 1378 1377
f 152 1540 1539
f 137 1449 1450
f 158 1575 1576
f 123 1365 1366
f 143 1486 1485
f 127 1390 1389
f 135 1437 1438
f 147 1510 1509
f 150 1528 1527
f 153 1546 1545
f 140 1468 1467
f 138 1455 1456
f 159 1581 1582
f 122 1359 1360
f 107 1272 1271
f 103 1248 1247
f 104 1253 1254
f 110 1289 1290
f 113 1307 1308
f 118 1337 1338
f 154 1554 1553
f 141 1476 1475
f 162 1602 1601
f 121 1355 1356
f 142 1482 1481
f 129 1404 1403
f 130 1409 1410
f 144 1493 1494
f 146 1505 1506
f 151 1536 1535
f 131 1415 1416
f 136 1445 1446
f 161 1595 1596
f 126 1386 1385
f 47 909 907
f 44 891 889
f 43 886 883
f 45 898 895
f 46 904 901
f 49 922 919
f 72 1060 1057
f 102 1240 1237
f 96 1204 1201
f 79 1102 1099
f 62 999 997
f 59 981 979
f 58 976 973
f 60 988 985
f 61 994 991
f 66 1024 1021
f 54 952 949
f 73 1066 1063
f 85 1138 1135
f 92 1179 1177
f 101 1233 1231
f 69 1041 1039
f 50 927 925
f 82 1119 1117
f 97 1209 1207
f 71 1053 1051
f 100 1228 1225
f 94 1192 1189
f 80 1108 1105
f 51 933 931
f 90 1167 1165
f 63 1005 1003
f 55 957 955
f 76 1083 1081
f 87 1150 1147
f 91 1174 1171
f 67 1029 1027
f 56 963 961
f 75 1077 1075
f 83 1126 1123
f 68 1036 1033
f 48 915 913
f 78 1095 1093
f 93 1185 1183
f 98 1216 1213
f 88 1155 1153
f 65 1018 1015
f 57 970 967
f 77 1090 1087
f 86 1143 1141
f 64 1012 1009
f 53 945 943
f 74 1071 1069
f 84 1131 1129
f 89 1162 1159
f 70 1047 1045
f 99 1221 1219
f 95 1197 1195
f 81 1114 1111
f 52 940 937
f 109 1284 1280
f 105 1260 1256
f 111 1296 1292
f 114 1314 1310
f 117 1332 1328
f 125 1380 1376
f 152 1542 1538
f 137 1451 1447
f 158 1577 1573
f 123 1367 1363
f 143 1488 1484
f 127 1392 1388
f 135 1439 1435
f 147 1512 1508
f 150 1530 1526
f 153 1548 1544
f 140 1470 1466
f 138 1457 1453
f 159 1583 1579
f 122 1361 1357
f 107 1270 1268
f 103 1246 1244
f 104 1251 1249
f 110 1287 1285
f 113 1305 1303
f 118 1335 1333
f 154 1552 1550
f 141 1474 1472
f 162 1600 1598
f 121 1353 1351
f 142 1480 1478
f 129 1402 1400
f 130 1407 1405
f 144 1491 1489
f 146 1503 1501
f 151 1534 1532
f 131 1413 1411
f 136 1443 1441
f 161 1593 1591
f 126 1384 1382
f 116 1324 1322
f 108 1276 1274
f 106 1264 1262
f 112 1300 1298
f 115 1318 1316
f 119 1342 1340
f 156 1563 1561
f 139 1461 1459
f 160 1587 1585
f 120 1348 1346
f 149 1522 1520
f 132 1419 1417
f 128 1396 1394
f 145 1498 1496
f 148 1516 1514
f 155 1558 1556
f 133 1426 1424
f 134 1432 1430
f 157 1569 1567
f 124 1371 1369
f 109 1281 1279
f 105 1257 1255
f 111 1293 1291
f 114 1311 1309
f 117 1329 1327
f 125 1377 1375
f 152 1539 1537
f 137 1450 1448
f 158 1576 1574
f 123 1366 1364
f 143 1485 1483
f 127 1389 1387
f 135 1438 1436
f 147 1509 1507
f 150 1527 1525
f 153 1545 1543
f 140 1467 1465
f 138 1456 1454
f 159 1582 1580
f 122 1360 1358
f 107 1271 1267
f 103 1247 1243
f 104 1254 1250
f 110 1290 1286
f 113 1308 1304
f 118 1338 1334
f 154 1553 1549
f 141 1475 1471
f 162 1601 1597
f 121 1356 1352
f 142 1481 1477
f 129 1403 1399
f 130 1410 1406
f 144 1494 1490
f 146 1506 1502
f 151 1535 1531
f 131 1416 1412
f 136 1446 1442
f 161 1596 1592
f 126 1385 1381
f 44 894 890
f 43 887 884
f 45 899 896
f 46 905 902
f 47 912 908
f 52 941 938
f 70 1050 1046
f 99 1224 1220
f 95 1200 1196
f 81 1115 1112
f 59 984 980
f 58 977 974
f 60 989 986
f 61 995 992
f 62 1002 998
f 65 1019 1016
f 57 971 968
f 77 1091 1088
f 86 1146 1142
f 88 1158 1154
f 98 1217 1214
f 68 1037 1034
f 48 918 914
f 78 1098 1094
f 93 1188 1184
f 69 1044 1040
f 101 1236 1232
f 97 1212 1208
f 82 1122 1118
f 50 930 926
f 89 1163 1160
f 64 1013 1010
f 53 948 944
f 74 1074 1070
f 84 1134 1130
f 90 1170 1166
f 63 1008 1004
f 55 960 956
f 76 1086 1082
f 87 1151 1148
f 72 1061 1058
f 49 923 920
f 79 1103 1100
f 96 1205 1202
f 102 1241 1238
f 91 1175 1172
f 67 1032 1028
f 56 966 962
f 75 1080 1076
f 83 1127 1124
f 66 1025 1022
f 54 953 950
f 73 1067 1064
f 85 1139 1136
f 92 1182 1178
f 71 1056 1052
f 100 1229 1226
f 94 1193 1190
f 80 1109 1106
f 51 936 932
f 116 1325 1321
f 108 1277 1273
f 106 1265 1261
f 112 1301 1297
f 115 1319 1315
f 119 1343 1339
f 156 1566 1562
f 139 1464 1460
f 160 1590 1586
f 120 1349 1345
f 149 1523 1519
f 132 1422 1418
f 128 1397 1393
f 145 1499 1495
f 148 1517 1513
f 155 1559 1555
f 133 1427 1423
f 134 1433 1429
f 157 1572 1568
f 124 1374 1370
f 44 892 894
f 43 885 887
f 45 897 899
f 46 903 905
f 47 910 912
f 52 939 941
f 70 1048 1050
f 99 1222 1224
f 95 1198 1200
f 81 1113 1115
f 59 982 984
f 58 975 977
f 60 987 989
f 61 993 995
f 62 1000 1002
f 65 1017 1019
f 57 969 971
f 77 1089 1091
f 86 1144 1146
f 88 1156 1158
f 98 1215 1217
f 68 1035 1037
f 48 916 918
f 78 1096 1098
f 93 1186 1188
f 69 1042 1044
f 101 1234 1236
f 97 1210 1212
f 82 1120 1122
f 50 928 930
f 89 1161 1163
f 64 1011 1013
f 53 946 948
f 74 1072 1074
f 84 1132 1134
f 90 1168 1170
f 63 1006 1008
f 55 958 960
f 76 1084 1086
f 87 1149 1151
f 72 1059 1061
f 49 921 923
f 79 1101 1103
f 96 1203 1205
f 102 1239 1241
f 91 1173 1175
f 67 1030 1032
f 56 964 966
f 75 1078 1080
f 83 1125 1127
f 66 1023 1025
f 54 951 953
f 73 1065 1067
f 85 1137 1139
f 92 1180 1182
f 71 1054 1056
f 100 1227 1229
f 94 1191 1193
f 80 1107 1109
f 51 934 936
f 116 1326 1325
f 108 1278 1277
f 106 1266 1265
f 112 1302 1301
f 115 1320 1319
f 119 1344 1343
f 156 1565 1566
f 139 1463 1464
f 160 1589 1590
f 120 1350 1349
f 149 1524 1523
f 132 1421 1422
f 128 1398 1397
f 145 1500 1499
f 148 1518 1517
f 155 1560 1559
f 133 1428 1427
f 134 1434 1433
f 157 1571 1572
f 124 1373 1374
f 44 889 892
f 43 883 885
f 45 895 897
f 46 901 903
f 47 907 910
f 52 937 939
f 70 1045 1048
f 99 1219 1222
f 95 1195 1198
f 81 1111 1113
f 59 979 982
f 58 973 975
f 60 985 987
f 61 991 993
f 62 997 1000
f 65 1015 1017
f 57 967 969
f 77 1087 1089
f 86 1141 1144
f 88 1153 1156
f 98 1213 1215
f 68 1033 1035
f 48 913 916
f 78 1093 1096
f 93 1183 1186
f 69 1039 1042
f 101 1231 1234
f 97 1207 1210
f 82 1117 1120
f 50 925 928
f 89 1159 1161
f 64 1009 1011
f 53 943 946
f 74 1069 1072
f 84 1129 1132
f 90 1165 1168
f 63 1003 1006
f 55 955 958
f 76 1081 1084
f 87 1147 1149
f 72 1057 1059
f 49 919 921
f 79 1099 1101
f 96 1201 1203
f 102 1237 1239
f 91 1171 1173
f 67 1027 1030
f 56 961 964
f 75 1075 1078
f 83 1123 1125
f 66 1021 1023
f 54 949 951
f 73 1063 1065
f 85 1135 1137
f 92 1177 1180
f 71 1051 1054
f 100 1225 1227
f 94 1189 1191
f 80 1105 1107
f 51 931 934
f 116 1322 1326
f 108 1274 1278
f 106 1262 1266
f 112 1298 1302
f 115 1316 1320
f 119 1340 1344
f 156 1561 1565
f 139 1459 1463
f 160 1585 1589
f 120 1346 1350
f 149 1520 1524
f 132 1417 1421
f 128 1394 1398
f 145 1496 1500
f 148 1514 1518
f 155 1556 1560
f 133 1424 1428
f 134 1430 1434
f 157 1567 1571
f 124 1369 1373
f 47 908 911
f 44 890 893
f 43 884 888
f 45 896 900
f 46 902 906
f 49 920 924
f 72 1058 1062
f 102 1238 1242
f 96 1202 1206
f 79 1100 1104
f 62 998 1001
f 59 980 983
f 58 974 978
f 60 986 990
f 61 992 996
f 66 1022 1026
f 54 950 954
f 73 1064 1068
f 85 1136 1140
f 92 1178 1181
f 101 1232 1235
f 69 1040 1043
f 50 926 929
f 82 1118 1121
f 97 1208 1211
f 71 1052 1055
f 100 1226 1230
f 94 1190 1194
f 80 1106 1110
f 51 932 935
f 90 1166 1169
f 63 1004 1007
f 55 956 959
f 76 1082 1085
f 87 1148 1152
f 91 1172 1176
f 67 1028 1031
f 56 962 965
f 75 1076 1079
f 83 1124 1128
f 68 1034 1038
f 48 914 917
f 78 1094 1097
f 93 1184 1187
f 98 1214 1218
f 88 1154 1157
f 65 1016 1020
f 57 968 972
f 77 1088 1092
f 86 1142 1145
f 64 1010 1014
f 53 944 947
f 74 1070 1073
f 84 1130 1133
f 89 1160 1164
f 70 1046 1049
f 99 1220 1223
f 95 1196 1199
f 81 1112 1116
f 52 938 942
f 109 1279 1283
f 105 1255 1259
f 111 1291 1295
f 114 1309 1313
f 117 1327 1331
f 125 1375 1379
f 152 1537 1541
f 137 1448 1452
f 158 1574 1578
f 123 1364 1368
f 143 1483 1487
f 127 1387 1391
f 135 1436 1440
f 147 1507 1511
f 150 1525 1529
f 153 1543 1547
f 140 1465 1469
f 138 1454 1458
f 159 1580 1584
f 122 1358 1362
f 107 1267 1269
f 103 1243 1245
f 104 1250 1252
f 110 1286 1288
f 113 1304 1306
f 118 1334 1336
f 154 1549 1551
f 141 1471 1473
f 162 1597 1599
f 121 1352 1354
f 142 1477 1479
f 129 1399 1401
f 130 1406 1408
f 144 1490 1492
f 146 1502 1504
f 151 1531 1533
f 131 1412 1414
f 136 1442 1444
f 161 1592 1594
f 126 1381 1383
f 116 1321 1323
f 108 1273 1275
f 106 1261 1263
f 112 1297 1299
f 115 1315 1317
f 119 1339 1341
f 156 1562 1564
f 139 1460 1462
f 160 1586 1588
f 120 1345 1347
f 149 1519 1521
f 132 1418 1420
f 128 1393 1395
f 145 1495 1497
f 148 1513 1515
f 155 1555 1557
f 133 1423 1425
f 134 1429 1431
f 157 1568 1570
f 124 1370 1372
f 109 1280 1282
f 105 1256 1258
f 111 1292 1294
f 114 1310 1312
f 117 1328 1330
f 125 1376 1378
f 152 1538 1540
f 137 1447 1449
f 158 1573 1575
f 123 1363 1365
f 143 1484 1486
f 127 1388 1390
f 135 1435 1437
f 147 1508 1510
f 150 1526 1528
f 153 1544 1546
f 140 1466 1468
f 138 1453 1455
f 159 1579 1581
f 122 1357 1359
f 107 1268 1272
f 103 1244 1248
f 104 1249 1253
f 110 1285 1289
f 113 1303 1307
f 118 1333 1337
f 154 1550 1554
f 141 1472 1476
f 162 1598 1602
f 121 1351 1355
f 142 1478 1482
f 129 1400 1404
f 130 1405 1409
f 144 1489 1493
f 146 1501 1505
f 151 1532 1536
f 131 1411 1415
f 136 1441 1445
f 161 1591 1595
f 126 1382 1386
f 47 911 909
f 44 893 891
f 43 888 886
f 45 900 898
f 46 906 904
f 49 924 922
f 72 1062 1060
f 102 1242 1240
f 96 1206 1204
f 79 1104 1102
f 62 1001 999
f 59 983 981
f 58 978 976
f 60 990 988
f 61 996 994
f 66 1026 1024
f 54 954 952
f 73 1068 1066
f 85 1140 1138
f 92 1181 1179
f 101 1235 1233
f 69 1043 1041
f 50 929 927
f 82 1121 1119
f 97 1211 1209
f 71 1055 1053
f 100 1230 1228
f 94 1194 1192
f 80 1110 1108
f 51 935 933
f 90 1169 1167
f 63 1007 1005
f 55 959 957
f 76 1085 1083
f 87 1152 1150
f 91 1176 1174
f 67 1031 1029
f 56 965 963
f 75 1079 1077
f 83 1128 1126
f 68 1038 1036
f 48 917 915
f 78 1097 1095
f 93 1187 1185
f 98 1218 1216
f 88 1157 1155
f 65 1020 1018
f 57 972 970
f 77 1092 1090
f 86 1145 1143
f 64 1014 1012
f 53 947 945
f 74 1073 1071
f 84 1133 1131
f 89 1164 1162
f 70 1049 1047
f 99 1223 1221
f 95 1199 1197
f 81 1116 1114
f 52 942 940
f 109 1283 1284
f 105 1259 1260
f 111 1295 1296
f 114 1313 1314
f 117 1331 1332
f 125 1379 1380
f 152 1541 1542
f 137 1452 1451
f 158 1578 1577
f 123 1368 1367
f 143 1487 1488
f 127 1391 1392
f 135 1440 1439
f 147 1511 1512
f 150 1529 1530
f 153 1547 1548
f 140 1469 1470
f 138 1458 1457
f 159 1584 1583
f 122 1362 1361
f 407 1609 1616
f 403 1605 1608
f 404 1611 1606
f 410 1614 1612
f 413 1617 1615
f 422 1631 1624
f 486 1688 1692
f 573 1775 1782
f 561 1763 1765
f 512 1719 1714
f 452 1654 1661
f 448 1650 1653
f 449 1656 1651
f 455 1659 1657
f 458 1662 1660
f 470 1672 1675
f 437 1646 1639
f 494 1706 1696
f 531 1735 1733
f 539 1741 1751
f 568 1770 1779
f 478 1680 1683
f 419 1621 1626
f 509 1711 1721
f 554 1756 1766
f 482 1684 1689
f 576 1780 1778
f 558 1767 1760
f 516 1722 1718
f 425 1627 1629
f 542 1744 1747
f 463 1668 1665
f 434 1636 1641
f 497 1699 1704
f 528 1730 1737
f 546 1748 1750
f 464 1666 1676
f 440 1642 1644
f 500 1705 1702
f 524 1736 1726
f 479 1691 1681
f 418 1623 1620
f 508 1713 1710
f 553 1764 1755
f 569 1781 1771
f 538 1749 1740
f 471 1677 1673
f 443 1645 1647
f 501 1703 1707
f 523 1725 1734
f 467 1674 1669
f 433 1638 1635
f 493 1695 1698
f 527 1732 1729
f 543 1752 1745
f 485 1690 1687
f 572 1777 1774
f 557 1759 1762
f 515 1717 1720
f 428 1630 1632
f 591 2191 2189
f 587 1885 1883
f 588 1901 1903
f 594 2279 2281
f 597 2315 2317
f 600 2171 2173
f 634 2160 2158
f 619 2016 2012
f 639 2214 2210
f 602 1919 1924
f 624 2137 2135
f 608 1978 1973
f 610 1991 1996
f 627 2225 2227
f 630 2302 2304
f 635 2178 2176
f 615 2153 2155
f 617 2009 2014
f 637 2207 2212
f 604 1926 1922
f 416 1857 1864
f 408 1803 1810
f 406 1786 1795
f 412 1822 1831
f 415 1840 1849
f 424 1876 1887
f 492 2182 2193
f 582 2312 2321
f 565 2276 2285
f 514 1898 1907
f 461 2091 2098
f 453 2037 2044
f 451 1952 1961
f 457 2056 2067
f 460 2074 2083
f 475 2128 2139
f 439 1966 1975
f 496 1988 1997
f 533 2222 2231
f 551 2293 2298
f 579 2185 2190
f 483 1879 1884
f 426 1893 1900
f 521 2271 2278
f 566 2307 2314
f 489 2163 2170
f 578 2150 2159
f 560 2006 2015
f 518 2204 2213
f 429 1911 1918
f 547 2131 2136
f 465 1969 1977
f 441 1983 1990
f 504 2217 2224
f 537 2290 2301
f 550 2168 2177
f 476 2145 2152
f 444 2001 2008
f 502 2199 2206
f 526 1916 1925
f 481 1808 1817
f 420 1789 1797
f 510 1825 1833
f 555 1843 1851
f 571 1862 1871
f 540 1933 1941
f 473 2110 2119
f 447 2020 2029
f 507 2236 2247
f 534 2257 2262
f 469 2042 2051
f 435 1947 1954
f 498 2059 2064
f 529 2077 2085
f 545 2096 2105
f 487 2113 2121
f 574 2023 2031
f 562 2239 2244
f 520 2254 2265
f 432 1930 1939
f 589 1818 1814
f 583 1798 1793
f 586 1834 1829
f 593 1852 1847
f 596 1872 1868
f 599 1942 1937
f 633 2120 2124
f 620 2030 2034
f 640 2248 2250
f 603 2263 2261
f 622 2052 2050
f 607 1955 1960
f 612 2065 2063
f 626 2086 2081
f 629 2106 2102
f 631 2122 2117
f 614 2032 2027
f 618 2245 2243
f 641 2266 2268
f 605 1940 1944
f 409 1813 1804
f 405 1792 1785
f 411 1828 1821
f 414 1846 1839
f 417 1867 1858
f 431 1936 1929
f 488 2123 2114
f 575 2033 2024
f 563 2249 2240
f 519 2260 2253
f 454 2049 2038
f 450 1959 1951
f 456 2062 2055
f 459 2080 2073
f 462 2101 2092
f 472 2116 2109
f 446 2026 2019
f 506 2242 2235
f 535 2267 2258
f 541 1943 1934
f 570 1869 1861
f 480 1815 1807
f 421 1799 1790
f 511 1835 1826
f 556 1853 1844
f 484 1889 1880
f 580 2195 2186
f 567 2319 2308
f 522 2283 2272
f 427 1905 1894
f 544 2103 2095
f 468 2046 2041
f 436 1957 1948
f 499 2069 2060
f 530 2087 2078
f 548 2141 2132
f 466 1979 1970
f 442 1993 1984
f 505 2229 2218
f 536 2296 2289
f 491 2188 2181
f 423 1882 1875
f 513 1902 1897
f 564 2280 2275
f 581 2316 2311
f 549 2172 2167
f 477 2157 2146
f 445 2011 2002
f 503 2209 2200
f 525 1923 1915
f 474 2134 2127
f 438 1972 1965
f 495 1995 1987
f 532 2226 2221
f 552 2303 2294
f 490 2175 2164
f 577 2154 2149
f 559 2013 2005
f 517 2211 2203
f 430 1921 1912
f 590 1865 1870
f 584 1811 1816
f 585 1796 1800
f 592 1832 1836
f 595 1850 1854
f 598 1888 1890
f 636 2194 2196
f 621 2322 2320
f 642 2286 2284
f 601 1908 1906
f 623 2099 2104
f 611 2045 2047
f 609 1962 1958
f 625 2068 2070
f 628 2084 2088
f 632 2140 2142
f 613 1976 1980
f 616 1998 1994
f 638 2232 2230
f 606 2299 2297
f 407 2330 2329
f 403 2324 2323
f 404 2325 2326
f 410 2332 2333
f 413 2335 2336
f 422 2344 2345
f 486 2410 2409
f 573 2497 2496
f 561 2486 2485
f 512 2434 2435
f 452 2375 2374
f 448 2369 2368
f 449 2370 2371
f 455 2377 2378
f 458 2380 2381
f 470 2393 2392
f 437 2359 2360
f 494 2415 2416
f 531 2455 2456
f 539 2461 2460
f 568 2489 2488
f 478 2399 2398
f 419 2341 2340
f 509 2431 2430
f 554 2476 2475
f 482 2405 2404
f 576 2500 2501
f 558 2481 2482
f 516 2439 2440
f 425 2348 2347
f 542 2465 2464
f 463 2383 2384
f 434 2356 2355
f 497 2420 2419
f 528 2452 2451
f 546 2471 2470
f 464 2386 2385
f 440 2363 2362
f 500 2422 2423
f 524 2445 2446
f 479 2400 2401
f 418 2338 2339
f 508 2428 2429
f 553 2473 2474
f 569 2490 2491
f 538 2458 2459
f 471 2394 2395
f 443 2366 2365
f 501 2425 2424
f 523 2444 2443
f 467 2389 2390
f 433 2353 2354
f 493 2414 2413
f 527 2449 2450
f 543 2466 2467
f 485 2407 2408
f 572 2494 2495
f 557 2480 2479
f 515 2438 2437
f 428 2351 2350
f 591 2510 2511
f 587 2504 2505
f 588 2508 2507
f 594 2514 2513
f 597 2517 2516
f 600 2520 2519
f 634 2554 2556
f 619 2539 2540
f 639 2560 2561
f 602 2523 2521
f 624 2543 2544
f 608 2527 2529
f 610 2532 2530
f 627 2547 2546
f 630 2550 2549
f 635 2552 2553
f 615 2535 2534
f 617 2538 2536
f 637 2558 2557
f 604 2524 2525
f 167 1607 647
f 164 1603 644
f 163 1604 643
f 165 1610 645
f 166 1613 646
f 169 1622 649
f 192 1686 672
f 222 1773 702
f 216 1761 696
f 199 1712 679
f 182 1652 662
f 179 1648 659
f 178 1649 658
f 180 1655 660
f 181 1658 661
f 186 1670 666
f 174 1637 654
f 193 1694 673
f 205 1731 685
f 212 1739 692
f 221 1768 701
f 189 1678 669
f 170 1619 650
f 202 1709 682
f 217 1754 697
f 191 1682 671
f 220 1776 700
f 214 1758 694
f 200 1716 680
f 171 1625 651
f 210 1742 690
f 183 1663 663
f 175 1634 655
f 196 1697 676
f 207 1728 687
f 211 1746 691
f 187 1664 667
f 176 1640 656
f 195 1700 675
f 203 1724 683
f 188 1679 668
f 168 1618 648
f 198 1708 678
f 213 1753 693
f 218 1769 698
f 208 1738 688
f 185 1671 665
f 177 1643 657
f 197 1701 677
f 206 1723 686
f 184 1667 664
f 173 1633 653
f 194 1693 674
f 204 1727 684
f 209 1743 689
f 190 1685 670
f 219 1772 699
f 215 1757 695
f 201 1715 681
f 172 1628 652
f 357 2187 837
f 255 1881 735
f 262 1899 742
f 388 2277 868
f 400 2313 880
f 352 2169 832
f 347 2156 827
f 298 2010 778
f 364 2208 844
f 269 1917 749
f 339 2133 819
f 285 1971 765
f 293 1989 773
f 370 2223 850
f 396 2300 876
f 353 2174 833
f 346 2151 826
f 299 2007 779
f 365 2205 845
f 268 1920 748
f 249 1855 729
f 231 1801 711
f 226 1784 706
f 238 1820 718
f 244 1838 724
f 257 1874 737
f 359 2180 839
f 402 2310 882
f 390 2274 870
f 264 1896 744
f 327 2089 807
f 309 2035 789
f 282 1950 762
f 317 2054 797
f 322 2072 802
f 341 2126 821
f 286 1964 766
f 294 1986 774
f 372 2220 852
f 394 2291 874
f 358 2183 838
f 256 1877 736
f 261 1891 741
f 387 2269 867
f 399 2305 879
f 351 2161 831
f 348 2148 828
f 300 2004 780
f 366 2202 846
f 267 1909 747
f 340 2129 820
f 287 1967 767
f 291 1981 771
f 369 2215 849
f 395 2288 875
f 354 2166 834
f 345 2143 825
f 297 1999 777
f 363 2197 843
f 270 1914 750
f 234 1806 714
f 227 1787 707
f 239 1823 719
f 245 1841 725
f 252 1860 732
f 275 1931 755
f 334 2108 814
f 304 2018 784
f 377 2234 857
f 382 2255 862
f 312 2040 792
f 279 1945 759
f 316 2057 796
f 323 2075 803
f 330 2094 810
f 335 2111 815
f 305 2021 785
f 376 2237 856
f 383 2252 863
f 274 1928 754
f 232 1812 712
f 225 1791 705
f 237 1827 717
f 243 1845 723
f 250 1866 730
f 273 1935 753
f 336 2118 816
f 306 2028 786
f 378 2246 858
f 381 2259 861
f 311 2048 791
f 281 1953 761
f 315 2061 795
f 321 2079 801
f 328 2100 808
f 333 2115 813
f 303 2025 783
f 375 2241 855
f 384 2264 864
f 276 1938 756
f 229 1802 709
f 223 1783 703
f 235 1819 715
f 241 1837 721
f 247 1856 727
f 271 1927 751
f 332 2112 812
f 302 2022 782
f 374 2238 854
f 379 2251 859
f 307 2036 787
f 278 1949 758
f 313 2053 793
f 319 2071 799
f 325 2090 805
f 331 2107 811
f 301 2017 781
f 373 2233 853
f 380 2256 860
f 272 1932 752
f 248 1859 728
f 230 1805 710
f 224 1788 704
f 236 1824 716
f 242 1842 722
f 254 1878 734
f 356 2184 836
f 397 2306 877
f 385 2270 865
f 259 1892 739
f 326 2093 806
f 308 2039 788
f 277 1946 757
f 314 2058 794
f 320 2076 800
f 338 2130 818
f 284 1968 764
f 289 1982 769
f 367 2216 847
f 391 2287 871
f 355 2179 835
f 253 1873 733
f 260 1895 740
f 386 2273 866
f 398 2309 878
f 350 2165 830
f 343 2144 823
f 295 2000 775
f 361 2198 841
f 266 1913 746
f 337 2125 817
f 283 1963 763
f 290 1985 770
f 368 2219 848
f 392 2292 872
f 349 2162 829
f 344 2147 824
f 296 2003 776
f 362 2201 842
f 265 1910 745
f 251 1863 731
f 233 1809 713
f 228 1794 708
f 240 1830 720
f 246 1848 726
f 258 1886 738
f 360 2192 840
f 401 2318 881
f 389 2282 869
f 263 1904 743
f 329 2097 809
f 310 2043 790
f 280 1956 760
f 318 2066 798
f 324 2082 804
f 342 2138 822
f 288 1974 768
f 292 1992 772
f 371 2228 851
f 393 2295 873
f 409 2331 1269
f 405 2327 1245
f 411 2328 1252
f 414 2334 1288
f 417 2337 1306
f 431 2346 1336
f 488 2412 1551
f 575 2499 1473
f 563 2487 1599
f 519 2436 1354
f 454 2376 1479
f 450 2372 1401
f 456 2373 1408
f 459 2379 1492
f 462 2382 1504
f 472 2396 1533
f 446 2361 1414
f 506 2418 1444
f 535 2457 1594
f 541 2463 1383
f 570 2492 1323
f 480 2402 1275
f 421 2343 1263
f 511 2433 1299
f 556 2478 1317
f 484 2406 1341
f 580 2502 1564
f 567 2484 1462
f 522 2442 1588
f 427 2349 1347
f 544 2468 1521
f 468 2387 1420
f 436 2358 1395
f 499 2421 1497
f 530 2454 1515
f 548 2472 1557
f 466 2388 1425
f 442 2364 1431
f 505 2426 1570
f 536 2448 1372
f 491 2403 1282
f 423 2342 1258
f 513 2432 1294
f 564 2477 1312
f 581 2493 1330
f 549 2462 1378
f 477 2397 1540
f 445 2367 1449
f 503 2427 1575
f 525 2447 1365
f 474 2391 1486
f 438 2357 1390
f 495 2417 1437
f 532 2453 1510
f 552 2469 1528
f 490 2411 1546
f 577 2498 1468
f 559 2483 1455
f 517 2441 1581
f 430 2352 1359
f 590 2509 1272
f 584 2503 1248
f 585 2506 1253
f 592 2512 1289
f 595 2515 1307
f 598 2518 1337
f 636 2555 1554
f 621 2541 1476
f 642 2562 1602
f 601 2522 1355
f 623 2542 1482
f 611 2528 1404
f 609 2531 1409
f 625 2545 1493
f 628 2548 1505
f 632 2551 1536
f 613 2533 1415
f 616 2537 1445
f 638 2559 1595
f 606 2526 1386
f 407 1616 909
f 403 1608 891
f 404 1606 886
f 410 1612 898
f 413 1615 904
f 422 1624 922
f 486 1692 1060
f 573 1782 1240
f 561 1765 1204
f 512 1714 1102
f 452 1661 999
f 448 1653 981
f 449 1651 976
f 455 1657 988
f 458 1660 994
f 470 1675 1024
f 437 1639 952
f 494 1696 1066
f 531 1733 1138
f 539 1751 1179
f 568 1779 1233
f 478 1683 1041
f 419 1626 927
f 509 1721 1119
f 554 1766 1209
f 482 1689 1053
f 576 1778 1228
f 558 1760 1192
f 516 1718 1108
f 425 1629 933
f 542 1747 1167
f 463 1665 1005
f 434 1641 957
f 497 1704 1083
f 528 1737 1150
f 546 1750 1174
f 464 1676 1029
f 440 1644 963
f 500 1702 1077
f 524 1726 1126
f 479 1681 1036
f 418 1620 915
f 508 1710 1095
f 553 1755 1185
f 569 1771 1216
f 538 1740 1155
f 471 1673 1018
f 443 1647 970
f 501 1707 1090
f 523 1734 1143
f 467 1669 1012
f 433 1635 945
f 493 1698 1071
f 527 1729 1131
f 543 1745 1162
f 485 1687 1047
f 572 1774 1221
f 557 1762 1197
f 515 1720 1114
f 428 1632 940
f 591 2189 1284
f 587 1883 1260
f 588 1903 1296
f 594 2281 1314
f 597 2317 1332
f 600 2173 1380
f 634 2158 1542
f 619 2012 1451
f 639 2210 1577
f 602 1924 1367
f 624 2135 1488
f 608 1973 1392
f 610 1996 1439
f 627 2227 1512
f 630 2304 1530
f 635 2176 1548
f 615 2155 1470
f 617 2014 1457
f 637 2212 1583
f 604 1922 1361
f 416 1864 1270
f 408 1810 1246
f 406 1795 1251
f 412 1831 1287
f 415 1849 1305
f 424 1887 1335
f 492 2193 1552
f 582 2321 1474
f 565 2285 1600
f 514 1907 1353
f 461 2098 1480
f 453 2044 1402
f 451 1961 1407
f 457 2067 1491
f 460 2083 1503
f 475 2139 1534
f 439 1975 1413
f 496 1997 1443
f 533 2231 1593
f 551 2298 1384
f 579 2190 1324
f 483 1884 1276
f 426 1900 1264
f 521 2278 1300
f 566 2314 1318
f 489 2170 1342
f 578 2159 1563
f 560 2015 1461
f 518 2213 1587
f 429 1918 1348
f 547 2136 1522
f 465 1977 1419
f 441 1990 1396
f 504 2224 1498
f 537 2301 1516
f 550 2177 1558
f 476 2152 1426
f 444 2008 1432
f 502 2206 1569
f 526 1925 1371
f 481 1817 1281
f 420 1797 1257
f 510 1833 1293
f 555 1851 1311
f 571 1871 1329
f 540 1941 1377
f 473 2119 1539
f 447 2029 1450
f 507 2247 1576
f 534 2262 1366
f 469 2051 1485
f 435 1954 1389
f 498 2064 1438
f 529 2085 1509
f 545 2105 1527
f 487 2121 1545
f 574 2031 1467
f 562 2244 1456
f 520 2265 1582
f 432 1939 1360
f 589 1814 1271
f 583 1793 1247
f 586 1829 1254
f 593 1847 1290
f 596 1868 1308
f 599 1937 1338
f 633 2124 1553
f 620 2034 1475
f 640 2250 1601
f 603 2261 1356
f 622 2050 1481
f 607 1960 1403
f 612 2063 1410
f 626 2081 1494
f 629 2102 1506
f 631 2117 1535
f 614 2027 1416
f 618 2243 1446
f 641 2268 1596
f 605 1944 1385
f 409 1804 894
f 405 1785 887
f 411 1821 899
f 414 1839 905
f 417 1858 912
f 431 1929 941
f 488 2114 1050
f 575 2024 1224
f 563 2240 1200
f 519 2253 1115
f 454 2038 984
f 450 1951 977
f 456 2055 989
f 459 2073 995
f 462 2092 1002
f 472 2109 1019
f 446 2019 971
f 506 2235 1091
f 535 2258 1146
f 541 1934 1158
f 570 1861 1217
f 480 1807 1037
f 421 1790 918
f 511 1826 1098
f 556 1844 1188
f 484 1880 1044
f 580 2186 1236
f 567 2308 1212
f 522 2272 1122
f 427 1894 930
f 544 2095 1163
f 468 2041 1013
f 436 1948 948
f 499 2060 1074
f 530 2078 1134
f 548 2132 1170
f 466 1970 1008
f 442 1984 960
f 505 2218 1086
f 536 2289 1151
f 491 2181 1061
f 423 1875 923
f 513 1897 1103
f 564 2275 1205
f 581 2311 1241
f 549 2167 1175
f 477 2146 1032
f 445 2002 966
f 503 2200 1080
f 525 1915 1127
f 474 2127 1025
f 438 1965 953
f 495 1987 1067
f 532 2221 1139
f 552 2294 1182
f 490 2164 1056
f 577 2149 1229
f 559 2005 1193
f 517 2203 1109
f 430 1912 936
f 590 1870 1325
f 584 1816 1277
f 585 1800 1265
f 592 1836 1301
f 595 1854 1319
f 598 1890 1343
f 636 2196 1566
f 621 2320 1464
f 642 2284 1590
f 601 1906 1349
f 623 2104 1523
f 611 2047 1422
f 609 1958 1397
f 625 2070 1499
f 628 2088 1517
f 632 2142 1559
f 613 1980 1427
f 616 1994 1433
f 638 2230 1572
f 606 2297 1374
f 407 2329 892
f 403 2323 885
f 404 2326 897
f 410 2333 903
f 413 2336 910
f 422 2345 939
f 486 2409 1048
f 573 2496 1222
f 561 2485 1198
f 512 2435 1113
f 452 2374 982
f 448 2368 975
f 449 2371 987
f 455 2378 993
f 458 2381 1000
f 470 2392 1017
f 437 2360 969
f 494 2416 1089
f 531 2456 1144
f 539 2460 1156
f 568 2488 1215
f 478 2398 1035
f 419 2340 916
f 509 2430 1096
f 554 2475 1186
f 482 2404 1042
f 576 2501 1234
f 558 2482 1210
f 516 2440 1120
f 425 2347 928
f 542 2464 1161
f 463 2384 1011
f 434 2355 946
f 497 2419 1072
f 528 2451 1132
f 546 2470 1168
f 464 2385 1006
f 440 2362 958
f 500 2423 1084
f 524 2446 1149
f 479 2401 1059
f 418 2339 921
f 508 2429 1101
f 553 2474 1203
f 569 2491 1239
f 538 2459 1173
f 471 2395 1030
f 443 2365 964
f 501 2424 1078
f 523 2443 1125
f 467 2390 1023
f 433 2354 951
f 493 2413 1065
f 527 2450 1137
f 543 2467 1180
f 485 2408 1054
f 572 2495 1227
f 557 2479 1191
f 515 2437 1107
f 428 2350 934
f 591 2511 1326
f 587 2505 1278
f 588 2507 1266
f 594 2513 1302
f 597 2516 1320
f 600 2519 1344
f 634 2556 1565
f 619 2540 1463
f 639 2561 1589
f 602 2521 1350
f 624 2544 1524
f 608 2529 1421
f 610 2530 1398
f 627 2546 1500
f 630 2549 1518
f 635 2553 1560
f 615 2534 1428
f 617 2536 1434
f 637 2557 1571
f 604 2525 1373
f 164 1609 889
f 163 1605 883
f 165 1611 895
f 166 1614 901
f 167 1617 907
f 172 1631 937
f 190 1688 1045
f 219 1775 1219
f 215 1763 1195
f 201 1719 1111
f 179 1654 979
f 178 1650 973
f 180 1656 985
f 181 1659 991
f 182 1662 997
f 185 1672 1015
f 177 1646 967
f 197 1706 1087
f 206 1735 1141
f 208 1741 1153
f 218 1770 1213
f 188 1680 1033
f 168 1621 913
f 198 1711 1093
f 213 1756 1183
f 189 1684 1039
f 221 1780 1231
f 217 1767 1207
f 202 1722 1117
f 170 1627 925
f 209 1744 1159
f 184 1668 1009
f 173 1636 943
f 194 1699 1069
f 204 1730 1129
f 210 1748 1165
f 183 1666 1003
f 175 1642 955
f 196 1705 1081
f 207 1736 1147
f 192 1691 1057
f 169 1623 919
f 199 1713 1099
f 216 1764 1201
f 222 1781 1237
f 211 1749 1171
f 187 1677 1027
f 176 1645 961
f 195 1703 1075
f 203 1725 1123
f 186 1674 1021
f 174 1638 949
f 193 1695 1063
f 205 1732 1135
f 212 1752 1177
f 191 1690 1051
f 220 1777 1225
f 214 1759 1189
f 200 1717 1105
f 171 1630 931
f 358 2191 1322
f 256 1885 1274
f 261 1901 1262
f 387 2279 1298
f 399 2315 1316
f 351 2171 1340
f 348 2160 1561
f 300 2016 1459
f 366 2214 1585
f 267 1919 1346
f 340 2137 1520
f 287 1978 1417
f 291 1991 1394
f 369 2225 1496
f 395 2302 1514
f 354 2178 1556
f 345 2153 1424
f 297 2009 1430
f 363 2207 1567
f 270 1926 1369
f 247 1857 908
f 229 1803 890
f 223 1786 884
f 235 1822 896
f 241 1840 902
f 253 1876 920
f 355 2182 1058
f 398 2312 1238
f 386 2276 1202
f 260 1898 1100
f 325 2091 998
f 307 2037 980
f 278 1952 974
f 313 2056 986
f 319 2074 992
f 337 2128 1022
f 283 1966 950
f 290 1988 1064
f 368 2222 1136
f 392 2293 1178
f 356 2185 1232
f 254 1879 1040
f 259 1893 926
f 385 2271 1118
f 397 2307 1208
f 349 2163 1052
f 344 2150 1226
f 296 2006 1190
f 362 2204 1106
f 265 1911 932
f 338 2131 1166
f 284 1969 1004
f 289 1983 956
f 367 2217 1082
f 391 2290 1148
f 350 2168 1172
f 343 2145 1028
f 295 2001 962
f 361 2199 1076
f 266 1916 1124
f 230 1808 1034
f 224 1789 914
f 236 1825 1094
f 242 1843 1184
f 248 1862 1214
f 272 1933 1154
f 331 2110 1016
f 301 2020 968
f 373 2236 1088
f 380 2257 1142
f 308 2042 1010
f 277 1947 944
f 314 2059 1070
f 320 2077 1130
f 326 2096 1160
f 332 2113 1046
f 302 2023 1220
f 374 2239 1196
f 379 2254 1112
f 271 1930 938
f 234 1818 1279
f 227 1798 1255
f 239 1834 1291
f 245 1852 1309
f 252 1872 1327
f 275 1942 1375
f 334 2120 1537
f 304 2030 1448
f 377 2248 1574
f 382 2263 1364
f 312 2052 1483
f 279 1955 1387
f 316 2065 1436
f 323 2086 1507
f 330 2106 1525
f 335 2122 1543
f 305 2032 1465
f 376 2245 1454
f 383 2266 1580
f 274 1940 1358
f 232 1813 1267
f 225 1792 1243
f 237 1828 1250
f 243 1846 1286
f 250 1867 1304
f 273 1936 1334
f 336 2123 1549
f 306 2033 1471
f 378 2249 1597
f 381 2260 1352
f 311 2049 1477
f 281 1959 1399
f 315 2062 1406
f 321 2080 1490
f 328 2101 1502
f 333 2116 1531
f 303 2026 1412
f 375 2242 1442
f 384 2267 1592
f 276 1943 1381
f 251 1869 1321
f 233 1815 1273
f 228 1799 1261
f 240 1835 1297
f 246 1853 1315
f 258 1889 1339
f 360 2195 1562
f 401 2319 1460
f 389 2283 1586
f 263 1905 1345
f 329 2103 1519
f 310 2046 1418
f 280 1957 1393
f 318 2069 1495
f 324 2087 1513
f 342 2141 1555
f 288 1979 1423
f 292 1993 1429
f 371 2229 1568
f 393 2296 1370
f 357 2188 1280
f 255 1882 1256
f 262 1902 1292
f 388 2280 1310
f 400 2316 1328
f 352 2172 1376
f 347 2157 1538
f 298 2011 1447
f 364 2209 1573
f 269 1923 1363
f 339 2134 1484
f 285 1972 1388
f 293 1995 1435
f 370 2226 1508
f 396 2303 1526
f 353 2175 1544
f 346 2154 1466
f 299 2013 1453
f 365 2211 1579
f 268 1921 1357
f 249 1865 1268
f 231 1811 1244
f 226 1796 1249
f 238 1832 1285
f 244 1850 1303
f 257 1888 1333
f 359 2194 1550
f 402 2322 1472
f 390 2286 1598
f 264 1908 1351
f 327 2099 1478
f 309 2045 1400
f 282 1962 1405
f 317 2068 1489
f 322 2084 1501
f 341 2140 1532
f 286 1976 1411
f 294 1998 1441
f 372 2232 1591
f 394 2299 1382
f 416 2330 911
f 408 2324 893
f 406 2325 888
f 412 2332 900
f 415 2335 906
f 424 2344 924
f 492 2410 1062
f 582 2497 1242
f 565 2486 1206
f 514 2434 1104
f 461 2375 1001
f 453 2369 983
f 451 2370 978
f 457 2377 990
f 460 2380 996
f 475 2393 1026
f 439 2359 954
f 496 2415 1068
f 533 2455 1140
f 551 2461 1181
f 579 2489 1235
f 483 2399 1043
f 426 2341 929
f 521 2431 1121
f 566 2476 1211
f 489 2405 1055
f 578 2500 1230
f 560 2481 1194
f 518 2439 1110
f 429 2348 935
f 547 2465 1169
f 465 2383 1007
f 441 2356 959
f 504 2420 1085
f 537 2452 1152
f 550 2471 1176
f 476 2386 1031
f 444 2363 965
f 502 2422 1079
f 526 2445 1128
f 481 2400 1038
f 420 2338 917
f 510 2428 1097
f 555 2473 1187
f 571 2490 1218
f 540 2458 1157
f 473 2394 1020
f 447 2366 972
f 507 2425 1092
f 534 2444 1145
f 469 2389 1014
f 435 2353 947
f 498 2414 1073
f 529 2449 1133
f 545 2466 1164
f 487 2407 1049
f 574 2494 1223
f 562 2480 1199
f 520 2438 1116
f 432 2351 942
f 589 2510 1283
f 583 2504 1259
f 586 2508 1295
f 593 2514 1313
f 596 2517 1331
f 599 2520 1379
f 633 2554 1541
f 620 2539 1452
f 640 2560 1578
f 603 2523 1368
f 622 2543 1487
f 607 2527 1391
f 612 2532 1440
f 626 2547 1511
f 629 2550 1529
f 631 2552 1547
f 614 2535 1469
f 618 2538 1458
f 641 2558 1584
f 605 2524 1362
f 164 1607 1609
f 163 1603 1605
f 165 1604 1611
f 166 1610 1614
f 167 1613 1617
f 172 1622 1631
f 190 1686 1688
f 219 1773 1775
f 215 1761 1763
f 201 1712 1719
f 179 1652 1654
f 178 1648 1650
f 180 1649 1656
f 181 1655 1659
f 182 1658 1662
f 185 1670 1672
f 177 1637 1646
f 197 1694 1706
f 206 1731 1735
f 208 1739 1741
f 218 1768 1770
f 188 1678 1680
f 168 1619 1621
f 198 1709 1711
f 213 1754 1756
f 189 1682 1684
f 221 1776 1780
f 217 1758 1767
f 202 1716 1722
f 170 1625 1627
f 209 1742 1744
f 184 1663 1668
f 173 1634 1636
f 194 1697 1699
f 204 1728 1730
f 210 1746 1748
f 183 1664 1666
f 175 1640 1642
f 196 1700 1705
f 207 1724 1736
f 192 1679 1691
f 169 1618 1623
f 199 1708 1713
f 216 1753 1764
f 222 1769 1781
f 211 1738 1749
f 187 1671 1677
f 176 1643 1645
f 195 1701 1703
f 203 1723 1725
f 186 1667 1674
f 174 1633 1638
f 193 1693 1695
f 205 1727 1732
f 212 1743 1752
f 191 1685 1690
f 220 1772 1777
f 214 1757 1759
f 200 1715 1717
f 171 1628 1630
f 358 2187 2191
f 256 1881 1885
f 261 1899 1901
f 387 2277 2279
f 399 2313 2315
f 351 2169 2171
f 348 2156 2160
f 300 2010 2016
f 366 2208 2214
f 267 1917 1919
f 340 2133 2137
f 287 1971 1978
f 291 1989 1991
f 369 2223 2225
f 395 2300 2302
f 354 2174 2178
f 345 2151 2153
f 297 2007 2009
f 363 2205 2207
f 270 1920 1926
f 247 1855 1857
f 229 1801 1803
f 223 1784 1786
f 235 1820 1822
f 241 1838 1840
f 253 1874 1876
f 355 2180 2182
f 398 2310 2312
f 386 2274 2276
f 260 1896 1898
f 325 2089 2091
f 307 2035 2037
f 278 1950 1952
f 313 2054 2056
f 319 2072 2074
f 337 2126 2128
f 283 1964 1966
f 290 1986 1988
f 368 2220 2222
f 392 2291 2293
f 356 2183 2185
f 254 1877 1879
f 259 1891 1893
f 385 2269 2271
f 397 2305 2307
f 349 2161 2163
f 344 2148 2150
f 296 2004 2006
f 362 2202 2204
f 265 1909 1911
f 338 2129 2131
f 284 1967 1969
f 289 1981 1983
f 367 2215 2217
f 391 2288 2290
f 350 2166 2168
f 343 2143 2145
f 295 1999 2001
f 361 2197 2199
f 266 1914 1916
f 230 1806 1808
f 224 1787 1789
f 236 1823 1825
f 242 1841 1843
f 248 1860 1862
f 272 1931 1933
f 331 2108 2110
f 301 2018 2020
f 373 2234 2236
f 380 2255 2257
f 308 2040 2042
f 277 1945 1947
f 314 2057 2059
f 320 2075 2077
f 326 2094 2096
f 332 2111 2113
f 302 2021 2023
f 374 2237 2239
f 379 2252 2254
f 271 1928 1930
f 234 1812 1818
f 227 1791 1798
f 239 1827 1834
f 245 1845 1852
f 252 1866 1872
f 275 1935 1942
f 334 2118 2120
f 304 2028 2030
f 377 2246 2248
f 382 2259 2263
f 312 2048 2052
f 279 1953 1955
f 316 2061 2065
f 323 2079 2086
f 330 2100 2106
f 335 2115 2122
f 305 2025 2032
f 376 2241 2245
f 383 2264 2266
f 274 1938 1940
f 232 1802 1813
f 225 1783 1792
f 237 1819 1828
f 243 1837 1846
f 250 1856 1867
f 273 1927 1936
f 336 2112 2123
f 306 2022 2033
f 378 2238 2249
f 381 2251 2260
f 311 2036 2049
f 281 1949 1959
f 315 2053 2062
f 321 2071 2080
f 328 2090 2101
f 333 2107 2116
f 303 2017 2026
f 375 2233 2242
f 384 2256 2267
f 276 1932 1943
f 251 1859 1869
f 233 1805 1815
f 228 1788 1799
f 240 1824 1835
f 246 1842 1853
f 258 1878 1889
f 360 2184 2195
f 401 2306 2319
f 389 2270 2283
f 263 1892 1905
f 329 2093 2103
f 310 2039 2046
f 280 1946 1957
f 318 2058 2069
f 324 2076 2087
f 342 2130 2141
f 288 1968 1979
f 292 1982 1993
f 371 2216 2229
f 393 2287 2296
f 357 2179 2188
f 255 1873 1882
f 262 1895 1902
f 388 2273 2280
f 400 2309 2316
f 352 2165 2172
f 347 2144 2157
f 298 2000 2011
f 364 2198 2209
f 269 1913 1923
f 339 2125 2134
f 285 1963 1972
f 293 1985 1995
f 370 2219 2226
f 396 2292 2303
f 353 2162 2175
f 346 2147 2154
f 299 2003 2013
f 365 2201 2211
f 268 1910 1921
f 249 1863 1865
f 231 1809 1811
f 226 1794 1796
f 238 1830 1832
f 244 1848 1850
f 257 1886 1888
f 359 2192 2194
f 402 2318 2322
f 390 2282 2286
f 264 1904 1908
f 327 2097 2099
f 309 2043 2045
f 282 1956 1962
f 317 2066 2068
f 322 2082 2084
f 341 2138 2140
f 286 1974 1976
f 294 1992 1998
f 372 2228 2232
f 394 2295 2299
f 416 2331 2330
f 408 2327 2324
f 406 2328 2325
f 412 2334 2332
f 415 2337 2335
f 424 2346 2344
f 492 2412 2410
f 582 2499 2497
f 565 2487 2486
f 514 2436 2434
f 461 2376 2375
f 453 2372 2369
f 451 2373 2370
f 457 2379 2377
f 460 2382 2380
f 475 2396 2393
f 439 2361 2359
f 496 2418 2415
f 533 2457 2455
f 551 2463 2461
f 579 2492 2489
f 483 2402 2399
f 426 2343 2341
f 521 2433 2431
f 566 2478 2476
f 489 2406 2405
f 578 2502 2500
f 560 2484 2481
f 518 2442 2439
f 429 2349 2348
f 547 2468 2465
f 465 2387 2383
f 441 2358 2356
f 504 2421 2420
f 537 2454 2452
f 550 2472 2471
f 476 2388 2386
f 444 2364 2363
f 502 2426 2422
f 526 2448 2445
f 481 2403 2400
f 420 2342 2338
f 510 2432 2428
f 555 2477 2473
f 571 2493 2490
f 540 2462 2458
f 473 2397 2394
f 447 2367 2366
f 507 2427 2425
f 534 2447 2444
f 469 2391 2389
f 435 2357 2353
f 498 2417 2414
f 529 2453 2449
f 545 2469 2466
f 487 2411 2407
f 574 2498 2494
f 562 2483 2480
f 520 2441 2438
f 432 2352 2351
f 589 2509 2510
f 583 2503 2504
f 586 2506 2508
f 593 2512 2514
f 596 2515 2517
f 599 2518 2520
f 633 2555 2554
f 620 2541 2539
f 640 2562 2560
f 603 2522 2523
f 622 2542 2543
f 607 2528 2527
f 612 2531 2532
f 626 2545 2547
f 629 2548 2550
f 631 2551 2552
f 614 2533 2535
f 618 2537 2538
f 641 2559 2558
f 605 2526 2524
f 164 644 1607
f 163 643 1603
f 165 645 1604
f 166 646 1610
f 167 647 1613
f 172 652 1622
f 190 670 1686
f 219 699 1773
f 215 695 1761
f 201 681 1712
f 179 659 1652
f 178 658 1648
f 180 660 1649
f 181 661 1655
f 182 662 1658
f 185 665 1670
f 177 657 1637
f 197 677 1694
f 206 686 1731
f 208 688 1739
f 218 698 1768
f 188 668 1678
f 168 648 1619
f 198 678 1709
f 213 693 1754
f 189 669 1682
f 221 701 1776
f 217 697 1758
f 202 682 1716
f 170 650 1625
f 209 689 1742
f 184 664 1663
f 173 653 1634
f 194 674 1697
f 204 684 1728
f 210 690 1746
f 183 663 1664
f 175 655 1640
f 196 676 1700
f 207 687 1724
f 192 672 1679
f 169 649 1618
f 199 679 1708
f 216 696 1753
f 222 702 1769
f 211 691 1738
f 187 667 1671
f 176 656 1643
f 195 675 1701
f 203 683 1723
f 186 666 1667
f 174 654 1633
f 193 673 1693
f 205 685 1727
f 212 692 1743
f 191 671 1685
f 220 700 1772
f 214 694 1757
f 200 680 1715
f 171 651 1628
f 358 838 2187
f 256 736 1881
f 261 741 1899
f 387 867 2277
f 399 879 2313
f 351 831 2169
f 348 828 2156
f 300 780 2010
f 366 846 2208
f 267 747 1917
f 340 820 2133
f 287 767 1971
f 291 771 1989
f 369 849 2223
f 395 875 2300
f 354 834 2174
f 345 825 2151
f 297 777 2007
f 363 843 2205
f 270 750 1920
f 247 727 1855
f 229 709 1801
f 223 703 1784
f 235 715 1820
f 241 721 1838
f 253 733 1874
f 355 835 2180
f 398 878 2310
f 386 866 2274
f 260 740 1896
f 325 805 2089
f 307 787 2035
f 278 758 1950
f 313 793 2054
f 319 799 2072
f 337 817 2126
f 283 763 1964
f 290 770 1986
f 368 848 2220
f 392 872 2291
f 356 836 2183
f 254 734 1877
f 259 739 1891
f 385 865 2269
f 397 877 2305
f 349 829 2161
f 344 824 2148
f 296 776 2004
f 362 842 2202
f 265 745 1909
f 338 818 2129
f 284 764 1967
f 289 769 1981
f 367 847 2215
f 391 871 2288
f 350 830 2166
f 343 823 2143
f 295 775 1999
f 361 841 2197
f 266 746 1914
f 230 710 1806
f 224 704 1787
f 236 716 1823
f 242 722 1841
f 248 728 1860
f 272 752 1931
f 331 811 2108
f 301 781 2018
f 373 853 2234
f 380 860 2255
f 308 788 2040
f 277 757 1945
f 314 794 2057
f 320 800 2075
f 326 806 2094
f 332 812 2111
f 302 782 2021
f 374 854 2237
f 379 859 2252
f 271 751 1928
f 234 714 1812
f 227 707 1791
f 239 719 1827
f 245 725 1845
f 252 732 1866
f 275 755 1935
f 334 814 2118
f 304 784 2028
f 377 857 2246
f 382 862 2259
f 312 792 2048
f 279 759 1953
f 316 796 2061
f 323 803 2079
f 330 810 2100
f 335 815 2115
f 305 785 2025
f 376 856 2241
f 383 863 2264
f 274 754 1938
f 232 712 1802
f 225 705 1783
f 237 717 1819
f 243 723 1837
f 250 730 1856
f 273 753 1927
f 336 816 2112
f 306 786 2022
f 378 858 2238
f 381 861 2251
f 311 791 2036
f 281 761 1949
f 315 795 2053
f 321 801 2071
f 328 808 2090
f 333 813 2107
f 303 783 2017
f 375 855 2233
f 384 864 2256
f 276 756 1932
f 251 731 1859
f 233 713 1805
f 228 708 1788
f 240 720 1824
f 246 726 1842
f 258 738 1878
f 360 840 2184
f 401 881 2306
f 389 869 2270
f 263 743 1892
f 329 809 2093
f 310 790 2039
f 280 760 1946
f 318 798 2058
f 324 804 2076
f 342 822 2130
f 288 768 1968
f 292 772 1982
f 371 851 2216
f 393 873 2287
f 357 837 2179
f 255 735 1873
f 262 742 1895
f 388 868 2273
f 400 880 2309
f 352 832 2165
f 347 827 2144
f 298 778 2000
f 364 844 2198
f 269 749 1913
f 339 819 2125
f 285 765 1963
f 293 773 1985
f 370 850 2219
f 396 876 2292
f 353 833 2162
f 346 826 2147
f 299 779 2003
f 365 845 2201
f 268 748 1910
f 249 729 1863
f 231 711 1809
f 226 706 1794
f 238 718 1830
f 244 724 1848
f 257 737 1886
f 359 839 2192
f 402 882 2318
f 390 870 2282
f 264 744 1904
f 327 807 2097
f 309 789 2043
f 282 762 1956
f 317 797 2066
f 322 802 2082
f 341 821 2138
f 286 766 1974
f 294 774 1992
f 372 852 2228
f 394 874 2295
f 416 1270 2331
f 408 1246 2327
f 406 1251 2328
f 412 1287 2334
f 415 1305 2337
f 424 1335 2346
f 492 1552 2412
f 582 1474 2499
f 565 1600 2487
f 514 1353 2436
f 461 1480 2376
f 453 1402 2372
f 451 1407 2373
f 457 1491 2379
f 460 1503 2382
f 475 1534 2396
f 439 1413 2361
f 496 1443 2418
f 533 1593 2457
f 551 1384 2463
f 579 1324 2492
f 483 1276 2402
f 426 1264 2343
f 521 1300 2433
f 566 1318 2478
f 489 1342 2406
f 578 1563 2502
f 560 1461 2484
f 518 1587 2442
f 429 1348 2349
f 547 1522 2468
f 465 1419 2387
f 441 1396 2358
f 504 1498 2421
f 537 1516 2454
f 550 1558 2472
f 476 1426 2388
f 444 1432 2364
f 502 1569 2426
f 526 1371 2448
f 481 1281 2403
f 420 1257 2342
f 510 1293 2432
f 555 1311 2477
f 571 1329 2493
f 540 1377 2462
f 473 1539 2397
f 447 1450 2367
f 507 1576 2427
f 534 1366 2447
f 469 1485 2391
f 435 1389 2357
f 498 1438 2417
f 529 1509 2453
f 545 1527 2469
f 487 1545 2411
f 574 1467 2498
f 562 1456 2483
f 520 1582 2441
f 432 1360 2352
f 589 1271 2509
f 583 1247 2503
f 586 1254 2506
f 593 1290 2512
f 596 1308 2515
f 599 1338 2518
f 633 1553 2555
f 620 1475 2541
f 640 1601 2562
f 603 1356 2522
f 622 1481 2542
f 607 1403 2528
f 612 1410 2531
f 626 1494 2545
f 629 1506 2548
f 631 1535 2551
f 614 1416 2533
f 618 1446 2537
f 641 1596 2559
f 605 1385 2526
f 167 907 1616
f 164 889 1608
f 163 883 1606
f 165 895 1612
f 166 901 1615
f 169 919 1624
f 192 1057 1692
f 222 1237 1782
f 216 1201 1765
f 199 1099 1714
f 182 997 1661
f 179 979 1653
f 178 973 1651
f 180 985 1657
f 181 991 1660
f 186 1021 1675
f 174 949 1639
f 193 1063 1696
f 205 1135 1733
f 212 1177 1751
f 221 1231 1779
f 189 1039 1683
f 170 925 1626
f 202 1117 1721
f 217 1207 1766
f 191 1051 1689
f 220 1225 1778
f 214 1189 1760
f 200 1105 1718
f 171 931 1629
f 210 1165 1747
f 183 1003 1665
f 175 955 1641
f 196 1081 1704
f 207 1147 1737
f 211 1171 1750
f 187 1027 1676
f 176 961 1644
f 195 1075 1702
f 203 1123 1726
f 188 1033 1681
f 168 913 1620
f 198 1093 1710
f 213 1183 1755
f 218 1213 1771
f 208 1153 1740
f 185 1015 1673
f 177 967 1647
f 197 1087 1707
f 206 1141 1734
f 184 1009 1669
f 173 943 1635
f 194 1069 1698
f 204 1129 1729
f 209 1159 1745
f 190 1045 1687
f 219 1219 1774
f 215 1195 1762
f 201 1111 1720
f 172 937 1632
f 357 1280 2189
f 255 1256 1883
f 262 1292 1903
f 388 1310 2281
f 400 1328 2317
f 352 1376 2173
f 347 1538 2158
f 298 1447 2012
f 364 1573 2210
f 269 1363 1924
f 339 1484 2135
f 285 1388 1973
f 293 1435 1996
f 370 1508 2227
f 396 1526 2304
f 353 1544 2176
f 346 1466 2155
f 299 1453 2014
f 365 1579 2212
f 268 1357 1922
f 249 1268 1864
f 231 1244 1810
f 226 1249 1795
f 238 1285 1831
f 244 1303 1849
f 257 1333 1887
f 359 1550 2193
f 402 1472 2321
f 390 1598 2285
f 264 1351 1907
f 327 1478 2098
f 309 1400 2044
f 282 1405 1961
f 317 1489 2067
f 322 1501 2083
f 341 1532 2139
f 286 1411 1975
f 294 1441 1997
f 372 1591 2231
f 394 1382 2298
f 358 1322 2190
f 256 1274 1884
f 261 1262 1900
f 387 1298 2278
f 399 1316 2314
f 351 1340 2170
f 348 1561 2159
f 300 1459 2015
f 366 1585 2213
f 267 1346 1918
f 340 1520 2136
f 287 1417 1977
f 291 1394 1990
f 369 1496 2224
f 395 1514 2301
f 354 1556 2177
f 345 1424 2152
f 297 1430 2008
f 363 1567 2206
f 270 1369 1925
f 234 1279 1817
f 227 1255 1797
f 239 1291 1833
f 245 1309 1851
f 252 1327 1871
f 275 1375 1941
f 334 1537 2119
f 304 1448 2029
f 377 1574 2247
f 382 1364 2262
f 312 1483 2051
f 279 1387 1954
f 316 1436 2064
f 323 1507 2085
f 330 1525 2105
f 335 1543 2121
f 305 1465 2031
f 376 1454 2244
f 383 1580 2265
f 274 1358 1939
f 232 1267 1814
f 225 1243 1793
f 237 1250 1829
f 243 1286 1847
f 250 1304 1868
f 273 1334 1937
f 336 1549 2124
f 306 1471 2034
f 378 1597 2250
f 381 1352 2261
f 311 1477 2050
f 281 1399 1960
f 315 1406 2063
f 321 1490 2081
f 328 1502 2102
f 333 1531 2117
f 303 1412 2027
f 375 1442 2243
f 384 1592 2268
f 276 1381 1944
f 229 890 1804
f 223 884 1785
f 235 896 1821
f 241 902 1839
f 247 908 1858
f 271 938 1929
f 332 1046 2114
f 302 1220 2024
f 374 1196 2240
f 379 1112 2253
f 307 980 2038
f 278 974 1951
f 313 986 2055
f 319 992 2073
f 325 998 2092
f 331 1016 2109
f 301 968 2019
f 373 1088 2235
f 380 1142 2258
f 272 1154 1934
f 248 1214 1861
f 230 1034 1807
f 224 914 1790
f 236 1094 1826
f 242 1184 1844
f 254 1040 1880
f 356 1232 2186
f 397 1208 2308
f 385 1118 2272
f 259 926 1894
f 326 1160 2095
f 308 1010 2041
f 277 944 1948
f 314 1070 2060
f 320 1130 2078
f 338 1166 2132
f 284 1004 1970
f 289 956 1984
f 367 1082 2218
f 391 1148 2289
f 355 1058 2181
f 253 920 1875
f 260 1100 1897
f 386 1202 2275
f 398 1238 2311
f 350 1172 2167
f 343 1028 2146
f 295 962 2002
f 361 1076 2200
f 266 1124 1915
f 337 1022 2127
f 283 950 1965
f 290 1064 1987
f 368 1136 2221
f 392 1178 2294
f 349 1052 2164
f 344 1226 2149
f 296 1190 2005
f 362 1106 2203
f 265 932 1912
f 251 1321 1870
f 233 1273 1816
f 228 1261 1800
f 240 1297 1836
f 246 1315 1854
f 258 1339 1890
f 360 1562 2196
f 401 1460 2320
f 389 1586 2284
f 263 1345 1906
f 329 1519 2104
f 310 1418 2047
f 280 1393 1958
f 318 1495 2070
f 324 1513 2088
f 342 1555 2142
f 288 1423 1980
f 292 1429 1994
f 371 1568 2230
f 393 1370 2297
f 409 894 2329
f 405 887 2323
f 411 899 2326
f 414 905 2333
f 417 912 2336
f 431 941 2345
f 488 1050 2409
f 575 1224 2496
f 563 1200 2485
f 519 1115 2435
f 454 984 2374
f 450 977 2368
f 456 989 2371
f 459 995 2378
f 462 1002 2381
f 472 1019 2392
f 446 971 2360
f 506 1091 2416
f 535 1146 2456
f 541 1158 2460
f 570 1217 2488
f 480 1037 2398
f 421 918 2340
f 511 1098 2430
f 556 1188 2475
f 484 1044 2404
f 580 1236 2501
f 567 1212 2482
f 522 1122 2440
f 427 930 2347
f 544 1163 2464
f 468 1013 2384
f 436 948 2355
f 499 1074 2419
f 530 1134 2451
f 548 1170 2470
f 466 1008 2385
f 442 960 2362
f 505 1086 2423
f 536 1151 2446
f 491 1061 2401
f 423 923 2339
f 513 1103 2429
f 564 1205 2474
f 581 1241 2491
f 549 1175 2459
f 477 1032 2395
f 445 966 2365
f 503 1080 2424
f 525 1127 2443
f 474 1025 2390
f 438 953 2354
f 495 1067 2413
f 532 1139 2450
f 552 1182 2467
f 490 1056 2408
f 577 1229 2495
f 559 1193 2479
f 517 1109 2437
f 430 936 2350
f 590 1325 2511
f 584 1277 2505
f 585 1265 2507
f 592 1301 2513
f 595 1319 2516
f 598 1343 2519
f 636 1566 2556
f 621 1464 2540
f 642 1590 2561
f 601 1349 2521
f 623 1523 2544
f 611 1422 2529
f 609 1397 2530
f 625 1499 2546
f 628 1517 2549
f 632 1559 2553
f 613 1427 2534
f 616 1433 2536
f 638 1572 2557
f 606 1374 2525
f 407 892 1609
f 403 885 1605
f 404 897 1611
f 410 903 1614
f 413 910 1617
f 422 939 1631
f 486 1048 1688
f 573 1222 1775
f 561 1198 1763
f 512 1113 1719
f 452 982 1654
f 448 975 1650
f 449 987 1656
f 455 993 1659
f 458 1000 1662
f 470 1017 1672
f 437 969 1646
f 494 1089 1706
f 531 1144 1735
f 539 1156 1741
f 568 1215 1770
f 478 1035 1680
f 419 916 1621
f 509 1096 1711
f 554 1186 1756
f 482 1042 1684
f 576 1234 1780
f 558 1210 1767
f 516 1120 1722
f 425 928 1627
f 542 1161 1744
f 463 1011 1668
f 434 946 1636
f 497 1072 1699
f 528 1132 1730
f 546 1168 1748
f 464 1006 1666
f 440 958 1642
f 500 1084 1705
f 524 1149 1736
f 479 1059 1691
f 418 921 1623
f 508 1101 1713
f 553 1203 1764
f 569 1239 1781
f 538 1173 1749
f 471 1030 1677
f 443 964 1645
f 501 1078 1703
f 523 1125 1725
f 467 1023 1674
f 433 951 1638
f 493 1065 1695
f 527 1137 1732
f 543 1180 1752
f 485 1054 1690
f 572 1227 1777
f 557 1191 1759
f 515 1107 1717
f 428 934 1630
f 591 1326 2191
f 587 1278 1885
f 588 1266 1901
f 594 1302 2279
f 597 1320 2315
f 600 1344 2171
f 634 1565 2160
f 619 1463 2016
f 639 1589 2214
f 602 1350 1919
f 624 1524 2137
f 608 1421 1978
f 610 1398 1991
f 627 1500 2225
f 630 1518 2302
f 635 1560 2178
f 615 1428 2153
f 617 1434 2009
f 637 1571 2207
f 604 1373 1926
f 416 911 1857
f 408 893 1803
f 406 888 1786
f 412 900 1822
f 415 906 1840
f 424 924 1876
f 492 1062 2182
f 582 1242 2312
f 565 1206 2276
f 514 1104 1898
f 461 1001 2091
f 453 983 2037
f 451 978 1952
f 457 990 2056
f 460 996 2074
f 475 1026 2128
f 439 954 1966
f 496 1068 1988
f 533 1140 2222
f 551 1181 2293
f 579 1235 2185
f 483 1043 1879
f 426 929 1893
f 521 1121 2271
f 566 1211 2307
f 489 1055 2163
f 578 1230 2150
f 560 1194 2006
f 518 1110 2204
f 429 935 1911
f 547 1169 2131
f 465 1007 1969
f 441 959 1983
f 504 1085 2217
f 537 1152 2290
f 550 1176 2168
f 476 1031 2145
f 444 965 2001
f 502 1079 2199
f 526 1128 1916
f 481 1038 1808
f 420 917 1789
f 510 1097 1825
f 555 1187 1843
f 571 1218 1862
f 540 1157 1933
f 473 1020 2110
f 447 972 2020
f 507 1092 2236
f 534 1145 2257
f 469 1014 2042
f 435 947 1947
f 498 1073 2059
f 529 1133 2077
f 545 1164 2096
f 487 1049 2113
f 574 1223 2023
f 562 1199 2239
f 520 1116 2254
f 432 942 1930
f 589 1283 1818
f 583 1259 1798
f 586 1295 1834
f 593 1313 1852
f 596 1331 1872
f 599 1379 1942
f 633 1541 2120
f 620 1452 2030
f 640 1578 2248
f 603 1368 2263
f 622 1487 2052
f 607 1391 1955
f 612 1440 2065
f 626 1511 2086
f 629 1529 2106
f 631 1547 2122
f 614 1469 2032
f 618 1458 2245
f 641 1584 2266
f 605 1362 1940
f 409 1269 1813
f 405 1245 1792
f 411 1252 1828
f 414 1288 1846
f 417 1306 1867
f 431 1336 1936
f 488 1551 2123
f 575 1473 2033
f 563 1599 2249
f 519 1354 2260
f 454 1479 2049
f 450 1401 1959
f 456 1408 2062
f 459 1492 2080
f 462 1504 2101
f 472 1533 2116
f 446 1414 2026
f 506 1444 2242
f 535 1594 2267
f 541 1383 1943
f 570 1323 1869
f 480 1275 1815
f 421 1263 1799
f 511 1299 1835
f 556 1317 1853
f 484 1341 1889
f 580 1564 2195
f 567 1462 2319
f 522 1588 2283
f 427 1347 1905
f 544 1521 2103
f 468 1420 2046
f 436 1395 1957
f 499 1497 2069
f 530 1515 2087
f 548 1557 2141
f 466 1425 1979
f 442 1431 1993
f 505 1570 2229
f 536 1372 2296
f 491 1282 2188
f 423 1258 1882
f 513 1294 1902
f 564 1312 2280
f 581 1330 2316
f 549 1378 2172
f 477 1540 2157
f 445 1449 2011
f 503 1575 2209
f 525 1365 1923
f 474 1486 2134
f 438 1390 1972
f 495 1437 1995
f 532 1510 2226
f 552 1528 2303
f 490 1546 2175
f 577 1468 2154
f 559 1455 2013
f 517 1581 2211
f 430 1359 1921
f 590 1272 1865
f 584 1248 1811
f 585 1253 1796
f 592 1289 1832
f 595 1307 1850
f 598 1337 1888
f 636 1554 2194
f 621 1476 2322
f 642 1602 2286
f 601 1355 1908
f 623 1482 2099
f 611 1404 2045
f 609 1409 1962
f 625 1493 2068
f 628 1505 2084
f 632 1536 2140
f 613 1415 1976
f 616 1445 1998
f 638 1595 2232
f 606 1386 2299
f 407 909 2330
f 403 891 2324
f 404 886 2325
f 410 898 2332
f 413 904 2335
f 422 922 2344
f 486 1060 2410
f 573 1240 2497
f 561 1204 2486
f 512 1102 2434
f 452 999 2375
f 448 981 2369
f 449 976 2370
f 455 988 2377
f 458 994 2380
f 470 1024 2393
f 437 952 2359
f 494 1066 2415
f 531 1138 2455
f 539 1179 2461
f 568 1233 2489
f 478 1041 2399
f 419 927 2341
f 509 1119 2431
f 554 1209 2476
f 482 1053 2405
f 576 1228 2500
f 558 1192 2481
f 516 1108 2439
f 425 933 2348
f 542 1167 2465
f 463 1005 2383
f 434 957 2356
f 497 1083 2420
f 528 1150 2452
f 546 1174 2471
f 464 1029 2386
f 440 963 2363
f 500 1077 2422
f 524 1126 2445
f 479 1036 2400
f 418 915 2338
f 508 1095 2428
f 553 1185 2473
f 569 1216 2490
f 538 1155 2458
f 471 1018 2394
f 443 970 2366
f 501 1090 2425
f 523 1143 2444
f 467 1012 2389
f 433 945 2353
f 493 1071 2414
f 527 1131 2449
f 543 1162 2466
f 485 1047 2407
f 572 1221 2494
f 557 1197 2480
f 515 1114 2438
f 428 940 2351
f 591 1284 2510
f 587 1260 2504
f 588 1296 2508
f 594 1314 2514
f 597 1332 2517
f 600 1380 2520
f 634 1542 2554
f 619 1451 2539
f 639 1577 2560
f 602 1367 2523
f 624 1488 2543
f 608 1392 2527
f 610 1439 2532
f 627 1512 2547
f 630 1530 2550
f 635 1548 2552
f 615 1470 2535
f 617 1457 2538
f 637 1583 2558
f 604 1361 2524
f 167 1616 1607
f 164 1608 1603
f 163 1606 1604
f 165 1612 1610
f 166 1615 1613
f 169 1624 1622
f 192 1692 1686
f 222 1782 1773
f 216 1765 1761
f 199 1714 1712
f 182 1661 1652
f 179 1653 1648
f 178 1651 1649
f 180 1657 1655
f 181 1660 1658
f 186 1675 1670
f 174 1639 1637
f 193 1696 1694
f 205 1733 1731
f 212 1751 1739
f 221 1779 1768
f 189 1683 1678
f 170 1626 1619
f 202 1721 1709
f 217 1766 1754
f 191 1689 1682
f 220 1778 1776
f 214 1760 1758
f 200 1718 1716
f 171 1629 1625
f 210 1747 1742
f 183 1665 1663
f 175 1641 1634
f 196 1704 1697
f 207 1737 1728
f 211 1750 1746
f 187 1676 1664
f 176 1644 1640
f 195 1702 1700
f 203 1726 1724
f 188 1681 1679
f 168 1620 1618
f 198 1710 1708
f 213 1755 1753
f 218 1771 1769
f 208 1740 1738
f 185 1673 1671
f 177 1647 1643
f 197 1707 1701
f 206 1734 1723
f 184 1669 1667
f 173 1635 1633
f 194 1698 1693
f 204 1729 1727
f 209 1745 1743
f 190 1687 1685
f 219 1774 1772
f 215 1762 1757
f 201 1720 1715
f 172 1632 1628
f 357 2189 2187
f 255 1883 1881
f 262 1903 1899
f 388 2281 2277
f 400 2317 2313
f 352 2173 2169
f 347 2158 2156
f 298 2012 2010
f 364 2210 2208
f 269 1924 1917
f 339 2135 2133
f 285 1973 1971
f 293 1996 1989
f 370 2227 2223
f 396 2304 2300
f 353 2176 2174
f 346 2155 2151
f 299 2014 2007
f 365 2212 2205
f 268 1922 1920
f 249 1864 1855
f 231 1810 1801
f 226 1795 1784
f 238 1831 1820
f 244 1849 1838
f 257 1887 1874
f 359 2193 2180
f 402 2321 2310
f 390 2285 2274
f 264 1907 1896
f 327 2098 2089
f 309 2044 2035
f 282 1961 1950
f 317 2067 2054
f 322 2083 2072
f 341 2139 2126
f 286 1975 1964
f 294 1997 1986
f 372 2231 2220
f 394 2298 2291
f 358 2190 2183
f 256 1884 1877
f 261 1900 1891
f 387 2278 2269
f 399 2314 2305
f 351 2170 2161
f 348 2159 2148
f 300 2015 2004
f 366 2213 2202
f 267 1918 1909
f 340 2136 2129
f 287 1977 1967
f 291 1990 1981
f 369 2224 2215
f 395 2301 2288
f 354 2177 2166
f 345 2152 2143
f 297 2008 1999
f 363 2206 2197
f 270 1925 1914
f 234 1817 1806
f 227 1797 1787
f 239 1833 1823
f 245 1851 1841
f 252 1871 1860
f 275 1941 1931
f 334 2119 2108
f 304 2029 2018
f 377 2247 2234
f 382 2262 2255
f 312 2051 2040
f 279 1954 1945
f 316 2064 2057
f 323 2085 2075
f 330 2105 2094
f 335 2121 2111
f 305 2031 2021
f 376 2244 2237
f 383 2265 2252
f 274 1939 1928
f 232 1814 1812
f 225 1793 1791
f 237 1829 1827
f 243 1847 1845
f 250 1868 1866
f 273 1937 1935
f 336 2124 2118
f 306 2034 2028
f 378 2250 2246
f 381 2261 2259
f 311 2050 2048
f 281 1960 1953
f 315 2063 2061
f 321 2081 2079
f 328 2102 2100
f 333 2117 2115
f 303 2027 2025
f 375 2243 2241
f 384 2268 2264
f 276 1944 1938
f 229 1804 1802
f 223 1785 1783
f 235 1821 1819
f 241 1839 1837
f 247 1858 1856
f 271 1929 1927
f 332 2114 2112
f 302 2024 2022
f 374 2240 2238
f 379 2253 2251
f 307 2038 2036
f 278 1951 1949
f 313 2055 2053
f 319 2073 2071
f 325 2092 2090
f 331 2109 2107
f 301 2019 2017
f 373 2235 2233
f 380 2258 2256
f 272 1934 1932
f 248 1861 1859
f 230 1807 1805
f 224 1790 1788
f 236 1826 1824
f 242 1844 1842
f 254 1880 1878
f 356 2186 2184
f 397 2308 2306
f 385 2272 2270
f 259 1894 1892
f 326 2095 2093
f 308 2041 2039
f 277 1948 1946
f 314 2060 2058
f 320 2078 2076
f 338 2132 2130
f 284 1970 1968
f 289 1984 1982
f 367 2218 2216
f 391 2289 2287
f 355 2181 2179
f 253 1875 1873
f 260 1897 1895
f 386 2275 2273
f 398 2311 2309
f 350 2167 2165
f 343 2146 2144
f 295 2002 2000
f 361 2200 2198
f 266 1915 1913
f 337 2127 2125
f 283 1965 1963
f 290 1987 1985
f 368 2221 2219
f 392 2294 2292
f 349 2164 2162
f 344 2149 2147
f 296 2005 2003
f 362 2203 2201
f 265 1912 1910
f 251 1870 1863
f 233 1816 1809
f 228 1800 1794
f 240 1836 1830
f 246 1854 1848
f 258 1890 1886
f 360 2196 2192
f 401 2320 2318
f 389 2284 2282
f 263 1906 1904
f 329 2104 2097
f 310 2047 2043
f 280 1958 1956
f 318 2070 2066
f 324 2088 2082
f 342 2142 2138
f 288 1980 1974
f 292 1994 1992
f 371 2230 2228
f 393 2297 2295
f 409 2329 2331
f 405 2323 2327
f 411 2326 2328
f 414 2333 2334
f 417 2336 2337
f 431 2345 2346
f 488 2409 2412
f 575 2496 2499
f 563 2485 2487
f 519 2435 2436
f 454 2374 2376
f 450 2368 2372
f 456 2371 2373
f 459 2378 2379
f 462 2381 2382
f 472 2392 2396
f 446 2360 2361
f 506 2416 2418
f 535 2456 2457
f 541 2460 2463
f 570 2488 2492
f 480 2398 2402
f 421 2340 2343
f 511 2430 2433
f 556 2475 2478
f 484 2404 2406
f 580 2501 2502
f 567 2482 2484
f 522 2440 2442
f 427 2347 2349
f 544 2464 2468
f 468 2384 2387
f 436 2355 2358
f 499 2419 2421
f 530 2451 2454
f 548 2470 2472
f 466 2385 2388
f 442 2362 2364
f 505 2423 2426
f 536 2446 2448
f 491 2401 2403
f 423 2339 2342
f 513 2429 2432
f 564 2474 2477
f 581 2491 2493
f 549 2459 2462
f 477 2395 2397
f 445 2365 2367
f 503 2424 2427
f 525 2443 2447
f 474 2390 2391
f 438 2354 2357
f 495 2413 2417
f 532 2450 2453
f 552 2467 2469
f 490 2408 2411
f 577 2495 2498
f 559 2479 2483
f 517 2437 2441
f 430 2350 2352
f 590 2511 2509
f 584 2505 2503
f 585 2507 2506
f 592 2513 2512
f 595 2516 2515
f 598 2519 2518
f 636 2556 2555
f 621 2540 2541
f 642 2561 2562
f 601 2521 2522
f 623 2544 2542
f 611 2529 2528
f 609 2530 2531
f 625 2546 2545
f 628 2549 2548
f 632 2553 2551
f 613 2534 2533
f 616 2536 2537
f 638 2557 2559
f 606 2525 2526
f 1607 644 647
f 1603 643 644
f 1604 645 643
f 1610 646 645
f 1613 647 646
f 1622 652 649
f 1686 670 672
f 1773 699 702
f 1761 695 696
f 1712 681 679
f 1652 659 662
f 1648 658 659
f 1649 660 658
f 1655 661 660
f 1658 662 661
f 1670 665 666
f 1637 657 654
f 1694 677 673
f 1731 686 685
f 1739 688 692
f 1768 698 701
f 1678 668 669
f 1619 648 650
f 1709 678 682
f 1754 693 697
f 1682 669 671
f 1776 701 700
f 1758 697 694
f 1716 682 680
f 1625 650 651
f 1742 689 690
f 1663 664 663
f 1634 653 655
f 1697 674 676
f 1728 684 687
f 1746 690 691
f 1664 663 667
f 1640 655 656
f 1700 676 675
f 1724 687 683
f 1679 672 668
f 1618 649 648
f 1708 679 678
f 1753 696 693
f 1769 702 698
f 1738 691 688
f 1671 667 665
f 1643 656 657
f 1701 675 677
f 1723 683 686
f 1667 666 664
f 1633 654 653
f 1693 673 674
f 1727 685 684
f 1743 692 689
f 1685 671 670
f 1772 700 699
f 1757 694 695
f 1715 680 681
f 1628 651 652
f 2187 838 837
f 1881 736 735
f 1899 741 742
f 2277 867 868
f 2313 879 880
f 2169 831 832
f 2156 828 827
f 2010 780 778
f 2208 846 844
f 1917 747 749
f 2133 820 819
f 1971 767 765
f 1989 771 773
f 2223 849 850
f 2300 875 876
f 2174 834 833
f 2151 825 826
f 2007 777 779
f 2205 843 845
f 1920 750 748
f 1855 727 729
f 1801 709 711
f 1784 703 706
f 1820 715 718
f 1838 721 724
f 1874 733 737
f 2180 835 839
f 2310 878 882
f 2274 866 870
f 1896 740 744
f 2089 805 807
f 2035 787 789
f 1950 758 762
f 2054 793 797
f 2072 799 802
f 2126 817 821
f 1964 763 766
f 1986 770 774
f 2220 848 852
f 2291 872 874
f 2183 836 838
f 1877 734 736
f 1891 739 741
f 2269 865 867
f 2305 877 879
f 2161 829 831
f 2148 824 828
f 2004 776 780
f 2202 842 846
f 1909 745 747
f 2129 818 820
f 1967 764 767
f 1981 769 771
f 2215 847 849
f 2288 871 875
f 2166 830 834
f 2143 823 825
f 1999 775 777
f 2197 841 843
f 1914 746 750
f 1806 710 714
f 1787 704 707
f 1823 716 719
f 1841 722 725
f 1860 728 732
f 1931 752 755
f 2108 811 814
f 2018 781 784
f 2234 853 857
f 2255 860 862
f 2040 788 792
f 1945 757 759
f 2057 794 796
f 2075 800 803
f 2094 806 810
f 2111 812 815
f 2021 782 785
f 2237 854 856
f 2252 859 863
f 1928 751 754
f 1812 714 712
f 1791 707 705
f 1827 719 717
f 1845 725 723
f 1866 732 730
f 1935 755 753
f 2118 814 816
f 2028 784 786
f 2246 857 858
f 2259 862 861
f 2048 792 791
f 1953 759 761
f 2061 796 795
f 2079 803 801
f 2100 810 808
f 2115 815 813
f 2025 785 783
f 2241 856 855
f 2264 863 864
f 1938 754 756
f 1802 712 709
f 1783 705 703
f 1819 717 715
f 1837 723 721
f 1856 730 727
f 1927 753 751
f 2112 816 812
f 2022 786 782
f 2238 858 854
f 2251 861 859
f 2036 791 787
f 1949 761 758
f 2053 795 793
f 2071 801 799
f 2090 808 805
f 2107 813 811
f 2017 783 781
f 2233 855 853
f 2256 864 860
f 1932 756 752
f 1859 731 728
f 1805 713 710
f 1788 708 704
f 1824 720 716
f 1842 726 722
f 1878 738 734
f 2184 840 836
f 2306 881 877
f 2270 869 865
f 1892 743 739
f 2093 809 806
f 2039 790 788
f 1946 760 757
f 2058 798 794
f 2076 804 800
f 2130 822 818
f 1968 768 764
f 1982 772 769
f 2216 851 847
f 2287 873 871
f 2179 837 835
f 1873 735 733
f 1895 742 740
f 2273 868 866
f 2309 880 878
f 2165 832 830
f 2144 827 823
f 2000 778 775
f 2198 844 841
f 1913 749 746
f 2125 819 817
f 1963 765 763
f 1985 773 770
f 2219 850 848
f 2292 876 872
f 2162 833 829
f 2147 826 824
f 2003 779 776
f 2201 845 842
f 1910 748 745
f 1863 729 731
f 1809 711 713
f 1794 706 708
f 1830 718 720
f 1848 724 726
f 1886 737 738
f 2192 839 840
f 2318 882 881
f 2282 870 869
f 1904 744 743
f 2097 807 809
f 2043 789 790
f 1956 762 760
f 2066 797 798
f 2082 802 804
f 2138 821 822
f 1974 766 768
f 1992 774 772
f 2228 852 851
f 2295 874 873
f 2331 1270 1269
f 2327 1246 1245
f 2328 1251 1252
f 2334 1287 1288
f 2337 1305 1306
f 2346 1335 1336
f 2412 1552 1551
f 2499 1474 1473
f 2487 1600 1599
f 2436 1353 1354
f 2376 1480 1479
f 2372 1402 1401
f 2373 1407 1408
f 2379 1491 1492
f 2382 1503 1504
f 2396 1534 1533
f 2361 1413 1414
f 2418 1443 1444
f 2457 1593 1594
f 2463 1384 1383
f 2492 1324 1323
f 2402 1276 1275
f 2343 1264 1263
f 2433 1300 1299
f 2478 1318 1317
f 2406 1342 1341
f 2502 1563 1564
f 2484 1461 1462
f 2442 1587 1588
f 2349 1348 1347
f 2468 1522 1521
f 2387 1419 1420
f 2358 1396 1395
f 2421 1498 1497
f 2454 1516 1515
f 2472 1558 1557
f 2388 1426 1425
f 2364 1432 1431
f 2426 1569 1570
f 2448 1371 1372
f 2403 1281 1282
f 2342 1257 1258
f 2432 1293 1294
f 2477 1311 1312
f 2493 1329 1330
f 2462 1377 1378
f 2397 1539 1540
f 2367 1450 1449
f 2427 1576 1575
f 2447 1366 1365
f 2391 1485 1486
f 2357 1389 1390
f 2417 1438 1437
f 2453 1509 1510
f 2469 1527 1528
f 2411 1545 1546
f 2498 1467 1468
f 2483 1456 1455
f 2441 1582 1581
f 2352 1360 1359
f 2509 1271 1272
f 2503 1247 1248
f 2506 1254 1253
f 2512 1290 1289
f 2515 1308 1307
f 2518 1338 1337
f 2555 1553 1554
f 2541 1475 1476
f 2562 1601 1602
f 2522 1356 1355
f 2542 1481 1482
f 2528 1403 1404
f 2531 1410 1409
f 2545 1494 1493
f 2548 1506 1505
f 2551 1535 1536
f 2533 1416 1415
f 2537 1446 1445
f 2559 1596 1595
f 2526 1385 1386
f 1616 907 909
f 1608 889 891
f 1606 883 886
f 1612 895 898
f 1615 901 904
f 1624 919 922
f 1692 1057 1060
f 1782 1237 1240
f 1765 1201 1204
f 1714 1099 1102
f 1661 997 999
f 1653 979 981
f 1651 973 976
f 1657 985 988
f 1660 991 994
f 1675 1021 1024
f 1639 949 952
f 1696 1063 1066
f 1733 1135 1138
f 1751 1177 1179
f 1779 1231 1233
f 1683 1039 1041
f 1626 925 927
f 1721 1117 1119
f 1766 1207 1209
f 1689 1051 1053
f 1778 1225 1228
f 1760 1189 1192
f 1718 1105 1108
f 1629 931 933
f 1747 1165 1167
f 1665 1003 1005
f 1641 955 957
f 1704 1081 1083
f 1737 1147 1150
f 1750 1171 1174
f 1676 1027 1029
f 1644 961 963
f 1702 1075 1077
f 1726 1123 1126
f 1681 1033 1036
f 1620 913 915
f 1710 1093 1095
f 1755 1183 1185
f 1771 1213 1216
f 1740 1153 1155
f 1673 1015 1018
f 1647 967 970
f 1707 1087 1090
f 1734 1141 1143
f 1669 1009 1012
f 1635 943 945
f 1698 1069 1071
f 1729 1129 1131
f 1745 1159 1162
f 1687 1045 1047
f 1774 1219 1221
f 1762 1195 1197
f 1720 1111 1114
f 1632 937 940
f 2189 1280 1284
f 1883 1256 1260
f 1903 1292 1296
f 2281 1310 1314
f 2317 1328 1332
f 2173 1376 1380
f 2158 1538 1542
f 2012 1447 1451
f 2210 1573 1577
f 1924 1363 1367
f 2135 1484 1488
f 1973 1388 1392
f 1996 1435 1439
f 2227 1508 1512
f 2304 1526 1530
f 2176 1544 1548
f 2155 1466 1470
f 2014 1453 1457
f 2212 1579 1583
f 1922 1357 1361
f 1864 1268 1270
f 1810 1244 1246
f 1795 1249 1251
f 1831 1285 1287
f 1849 1303 1305
f 1887 1333 1335
f 2193 1550 1552
f 2321 1472 1474
f 2285 1598 1600
f 1907 1351 1353
f 2098 1478 1480
f 2044 1400 1402
f 1961 1405 1407
f 2067 1489 1491
f 2083 1501 1503
f 2139 1532 1534
f 1975 1411 1413
f 1997 1441 1443
f 2231 1591 1593
f 2298 1382 1384
f 2190 1322 1324
f 1884 1274 1276
f 1900 1262 1264
f 2278 1298 1300
f 2314 1316 1318
f 2170 1340 1342
f 2159 1561 1563
f 2015 1459 1461
f 2213 1585 1587
f 1918 1346 1348
f 2136 1520 1522
f 1977 1417 1419
f 1990 1394 1396
f 2224 1496 1498
f 2301 1514 1516
f 2177 1556 1558
f 2152 1424 1426
f 2008 1430 1432
f 2206 1567 1569
f 1925 1369 1371
f 1817 1279 1281
f 1797 1255 1257
f 1833 1291 1293
f 1851 1309 1311
f 1871 1327 1329
f 1941 1375 1377
f 2119 1537 1539
f 2029 1448 1450
f 2247 1574 1576
f 2262 1364 1366
f 2051 1483 1485
f 1954 1387 1389
f 2064 1436 1438
f 2085 1507 1509
f 2105 1525 1527
f 2121 1543 1545
f 2031 1465 1467
f 2244 1454 1456
f 2265 1580 1582
f 1939 1358 1360
f 1814 1267 1271
f 1793 1243 1247
f 1829 1250 1254
f 1847 1286 1290
f 1868 1304 1308
f 1937 1334 1338
f 2124 1549 1553
f 2034 1471 1475
f 2250 1597 1601
f 2261 1352 1356
f 2050 1477 1481
f 1960 1399 1403
f 2063 1406 1410
f 2081 1490 1494
f 2102 1502 1506
f 2117 1531 1535
f 2027 1412 1416
f 2243 1442 1446
f 2268 1592 1596
f 1944 1381 1385
f 1804 890 894
f 1785 884 887
f 1821 896 899
f 1839 902 905
f 1858 908 912
f 1929 938 941
f 2114 1046 1050
f 2024 1220 1224
f 2240 1196 1200
f 2253 1112 1115
f 2038 980 984
f 1951 974 977
f 2055 986 989
f 2073 992 995
f 2092 998 1002
f 2109 1016 1019
f 2019 968 971
f 2235 1088 1091
f 2258 1142 1146
f 1934 1154 1158
f 1861 1214 1217
f 1807 1034 1037
f 1790 914 918
f 1826 1094 1098
f 1844 1184 1188
f 1880 1040 1044
f 2186 1232 1236
f 2308 1208 1212
f 2272 1118 1122
f 1894 926 930
f 2095 1160 1163
f 2041 1010 1013
f 1948 944 948
f 2060 1070 1074
f 2078 1130 1134
f 2132 1166 1170
f 1970 1004 1008
f 1984 956 960
f 2218 1082 1086
f 2289 1148 1151
f 2181 1058 1061
f 1875 920 923
f 1897 1100 1103
f 2275 1202 1205
f 2311 1238 1241
f 2167 1172 1175
f 2146 1028 1032
f 2002 962 966
f 2200 1076 1080
f 1915 1124 1127
f 2127 1022 1025
f 1965 950 953
f 1987 1064 1067
f 2221 1136 1139
f 2294 1178 1182
f 2164 1052 1056
f 2149 1226 1229
f 2005 1190 1193
f 2203 1106 1109
f 1912 932 936
f 1870 1321 1325
f 1816 1273 1277
f 1800 1261 1265
f 1836 1297 1301
f 1854 1315 1319
f 1890 1339 1343
f 2196 1562 1566
f 2320 1460 1464
f 2284 1586 1590
f 1906 1345 1349
f 2104 1519 1523
f 2047 1418 1422
f 1958 1393 1397
f 2070 1495 1499
f 2088 1513 1517
f 2142 1555 1559
f 1980 1423 1427
f 1994 1429 1433
f 2230 1568 1572
f 2297 1370 1374
f 2329 894 892
f 2323 887 885
f 2326 899 897
f 2333 905 903
f 2336 912 910
f 2345 941 939
f 2409 1050 1048
f 2496 1224 1222
f 2485 1200 1198
f 2435 1115 1113
f 2374 984 982
f 2368 977 975
f 2371 989 987
f 2378 995 993
f 2381 1002 1000
f 2392 1019 1017
f 2360 971 969
f 2416 1091 1089
f 2456 1146 1144
f 2460 1158 1156
f 2488 1217 1215
f 2398 1037 1035
f 2340 918 916
f 2430 1098 1096
f 2475 1188 1186
f 2404 1044 1042
f 2501 1236 1234
f 2482 1212 1210
f 2440 1122 1120
f 2347 930 928
f 2464 1163 1161
f 2384 1013 1011
f 2355 948 946
f 2419 1074 1072
f 2451 1134 1132
f 2470 1170 1168
f 2385 1008 1006
f 2362 960 958
f 2423 1086 1084
f 2446 1151 1149
f 2401 1061 1059
f 2339 923 921
f 2429 1103 1101
f 2474 1205 1203
f 2491 1241 1239
f 2459 1175 1173
f 2395 1032 1030
f 2365 966 964
f 2424 1080 1078
f 2443 1127 1125
f 2390 1025 1023
f 2354 953 951
f 2413 1067 1065
f 2450 1139 1137
f 2467 1182 1180
f 2408 1056 1054
f 2495 1229 1227
f 2479 1193 1191
f 2437 1109 1107
f 2350 936 934
f 2511 1325 1326
f 2505 1277 1278
f 2507 1265 1266
f 2513 1301 1302
f 2516 1319 1320
f 2519 1343 1344
f 2556 1566 1565
f 2540 1464 1463
f 2561 1590 1589
f 2521 1349 1350
f 2544 1523 1524
f 2529 1422 1421
f 2530 1397 1398
f 2546 1499 1500
f 2549 1517 1518
f 2553 1559 1560
f 2534 1427 1428
f 2536 1433 1434
f 2557 1572 1571
f 2525 1374 1373
f 1609 892 889
f 1605 885 883
f 1611 897 895
f 1614 903 901
f 1617 910 907
f 1631 939 937
f 1688 1048 1045
f 1775 1222 1219
f 1763 1198 1195
f 1719 1113 1111
f 1654 982 979
f 1650 975 973
f 1656 987 985
f 1659 993 991
f 1662 1000 997
f 1672 1017 1015
f 1646 969 967
f 1706 1089 1087
f 1735 1144 1141
f 1741 1156 1153
f 1770 1215 1213
f 1680 1035 1033
f 1621 916 913
f 1711 1096 1093
f 1756 1186 1183
f 1684 1042 1039
f 1780 1234 1231
f 1767 1210 1207
f 1722 1120 1117
f 1627 928 925
f 1744 1161 1159
f 1668 1011 1009
f 1636 946 943
f 1699 1072 1069
f 1730 1132 1129
f 1748 1168 1165
f 1666 1006 1003
f 1642 958 955
f 1705 1084 1081
f 1736 1149 1147
f 1691 1059 1057
f 1623 921 919
f 1713 1101 1099
f 1764 1203 1201
f 1781 1239 1237
f 1749 1173 1171
f 1677 1030 1027
f 1645 964 961
f 1703 1078 1075
f 1725 1125 1123
f 1674 1023 1021
f 1638 951 949
f 1695 1065 1063
f 1732 1137 1135
f 1752 1180 1177
f 1690 1054 1051
f 1777 1227 1225
f 1759 1191 1189
f 1717 1107 1105
f 1630 934 931
f 2191 1326 1322
f 1885 1278 1274
f 1901 1266 1262
f 2279 1302 1298
f 2315 1320 1316
f 2171 1344 1340
f 2160 1565 1561
f 2016 1463 1459
f 2214 1589 1585
f 1919 1350 1346
f 2137 1524 1520
f 1978 1421 1417
f 1991 1398 1394
f 2225 1500 1496
f 2302 1518 1514
f 2178 1560 1556
f 2153 1428 1424
f 2009 1434 1430
f 2207 1571 1567
f 1926 1373 1369
f 1857 911 908
f 1803 893 890
f 1786 888 884
f 1822 900 896
f 1840 906 902
f 1876 924 920
f 2182 1062 1058
f 2312 1242 1238
f 2276 1206 1202
f 1898 1104 1100
f 2091 1001 998
f 2037 983 980
f 1952 978 974
f 2056 990 986
f 2074 996 992
f 2128 1026 1022
f 1966 954 950
f 1988 1068 1064
f 2222 1140 1136
f 2293 1181 1178
f 2185 1235 1232
f 1879 1043 1040
f 1893 929 926
f 2271 1121 1118
f 2307 1211 1208
f 2163 1055 1052
f 2150 1230 1226
f 2006 1194 1190
f 2204 1110 1106
f 1911 935 932
f 2131 1169 1166
f 1969 1007 1004
f 1983 959 956
f 2217 1085 1082
f 2290 1152 1148
f 2168 1176 1172
f 2145 1031 1028
f 2001 965 962
f 2199 1079 1076
f 1916 1128 1124
f 1808 1038 1034
f 1789 917 914
f 1825 1097 1094
f 1843 1187 1184
f 1862 1218 1214
f 1933 1157 1154
f 2110 1020 1016
f 2020 972 968
f 2236 1092 1088
f 2257 1145 1142
f 2042 1014 1010
f 1947 947 944
f 2059 1073 1070
f 2077 1133 1130
f 2096 1164 1160
f 2113 1049 1046
f 2023 1223 1220
f 2239 1199 1196
f 2254 1116 1112
f 1930 942 938
f 1818 1283 1279
f 1798 1259 1255
f 1834 1295 1291
f 1852 1313 1309
f 1872 1331 1327
f 1942 1379 1375
f 2120 1541 1537
f 2030 1452 1448
f 2248 1578 1574
f 2263 1368 1364
f 2052 1487 1483
f 1955 1391 1387
f 2065 1440 1436
f 2086 1511 1507
f 2106 1529 1525
f 2122 1547 1543
f 2032 1469 1465
f 2245 1458 1454
f 2266 1584 1580
f 1940 1362 1358
f 1813 1269 1267
f 1792 1245 1243
f 1828 1252 1250
f 1846 1288 1286
f 1867 1306 1304
f 1936 1336 1334
f 2123 1551 1549
f 2033 1473 1471
f 2249 1599 1597
f 2260 1354 1352
f 2049 1479 1477
f 1959 1401 1399
f 2062 1408 1406
f 2080 1492 1490
f 2101 1504 1502
f 2116 1533 1531
f 2026 1414 1412
f 2242 1444 1442
f 2267 1594 1592
f 1943 1383 1381
f 1869 1323 1321
f 1815 1275 1273
f 1799 1263 1261
f 1835 1299 1297
f 1853 1317 1315
f 1889 1341 1339
f 2195 1564 1562
f 2319 1462 1460
f 2283 1588 1586
f 1905 1347 1345
f 2103 1521 1519
f 2046 1420 1418
f 1957 1395 1393
f 2069 1497 1495
f 2087 1515 1513
f 2141 1557 1555
f 1979 1425 1423
f 1993 1431 1429
f 2229 1570 1568
f 2296 1372 1370
f 2188 1282 1280
f 1882 1258 1256
f 1902 1294 1292
f 2280 1312 1310
f 2316 1330 1328
f 2172 1378 1376
f 2157 1540 1538
f 2011 1449 1447
f 2209 1575 1573
f 1923 1365 1363
f 2134 1486 1484
f 1972 1390 1388
f 1995 1437 1435
f 2226 1510 1508
f 2303 1528 1526
f 2175 1546 1544
f 2154 1468 1466
f 2013 1455 1453
f 2211 1581 1579
f 1921 1359 1357
f 1865 1272 1268
f 1811 1248 1244
f 1796 1253 1249
f 1832 1289 1285
f 1850 1307 1303
f 1888 1337 1333
f 2194 1554 1550
f 2322 1476 1472
f 2286 1602 1598
f 1908 1355 1351
f 2099 1482 1478
f 2045 1404 1400
f 1962 1409 1405
f 2068 1493 1489
f 2084 1505 1501
f 2140 1536 1532
f 1976 1415 1411
f 1998 1445 1441
f 2232 1595 1591
f 2299 1386 1382
f 2330 909 911
f 2324 891 893
f 2325 886 888
f 2332 898 900
f 2335 904 906
f 2344 922 924
f 2410 1060 1062
f 2497 1240 1242
f 2486 1204 1206
f 2434 1102 1104
f 2375 999 1001
f 2369 981 983
f 2370 976 978
f 2377 988 990
f 2380 994 996
f 2393 1024 1026
f 2359 952 954
f 2415 1066 1068
f 2455 1138 1140
f 2461 1179 1181
f 2489 1233 1235
f 2399 1041 1043
f 2341 927 929
f 2431 1119 1121
f 2476 1209 1211
f 2405 1053 1055
f 2500 1228 1230
f 2481 1192 1194
f 2439 1108 1110
f 2348 933 935
f 2465 1167 1169
f 2383 1005 1007
f 2356 957 959
f 2420 1083 1085
f 2452 1150 1152
f 2471 1174 1176
f 2386 1029 1031
f 2363 963 965
f 2422 1077 1079
f 2445 1126 1128
f 2400 1036 1038
f 2338 915 917
f 2428 1095 1097
f 2473 1185 1187
f 2490 1216 1218
f 2458 1155 1157
f 2394 1018 1020
f 2366 970 972
f 2425 1090 1092
f 2444 1143 1145
f 2389 1012 1014
f 2353 945 947
f 2414 1071 1073
f 2449 1131 1133
f 2466 1162 1164
f 2407 1047 1049
f 2494 1221 1223
f 2480 1197 1199
f 2438 1114 1116
f 2351 940 942
f 2510 1284 1283
f 2504 1260 1259
f 2508 1296 1295
f 2514 1314 1313
f 2517 1332 1331
f 2520 1380 1379
f 2554 1542 1541
f 2539 1451 1452
f 2560 1577 1578
f 2523 1367 1368
f 2543 1488 1487
f 2527 1392 1391
f 2532 1439 1440
f 2547 1512 1511
f 2550 1530 1529
f 2552 1548 1547
f 2535 1470 1469
f 2538 1457 1458
f 2558 1583 1584
f 2524 1361 1362
f 1607 1616 1609
f 1603 1608 1605
f 1604 1606 1611
f 1610 1612 1614
f 1613 1615 1617
f 1622 1624 1631
f 1686 1692 1688
f 1773 1782 1775
f 1761 1765 1763
f 1712 1714 1719
f 1652 1661 1654
f 1648 1653 1650
f 1649 1651 1656
f 1655 1657 1659
f 1658 1660 1662
f 1670 1675 1672
f 1637 1639 1646
f 1694 1696 1706
f 1731 1733 1735
f 1739 1751 1741
f 1768 1779 1770
f 1678 1683 1680
f 1619 1626 1621
f 1709 1721 1711
f 1754 1766 1756
f 1682 1689 1684
f 1776 1778 1780
f 1758 1760 1767
f 1716 1718 1722
f 1625 1629 1627
f 1742 1747 1744
f 1663 1665 1668
f 1634 1641 1636
f 1697 1704 1699
f 1728 1737 1730
f 1746 1750 1748
f 1664 1676 1666
f 1640 1644 1642
f 1700 1702 1705
f 1724 1726 1736
f 1679 1681 1691
f 1618 1620 1623
f 1708 1710 1713
f 1753 1755 1764
f 1769 1771 1781
f 1738 1740 1749
f 1671 1673 1677
f 1643 1647 1645
f 1701 1707 1703
f 1723 1734 1725
f 1667 1669 1674
f 1633 1635 1638
f 1693 1698 1695
f 1727 1729 1732
f 1743 1745 1752
f 1685 1687 1690
f 1772 1774 1777
f 1757 1762 1759
f 1715 1720 1717
f 1628 1632 1630
f 2187 2189 2191
f 1881 1883 1885
f 1899 1903 1901
f 2277 2281 2279
f 2313 2317 2315
f 2169 2173 2171
f 2156 2158 2160
f 2010 2012 2016
f 2208 2210 2214
f 1917 1924 1919
f 2133 2135 2137
f 1971 1973 1978
f 1989 1996 1991
f 2223 2227 2225
f 2300 2304 2302
f 2174 2176 2178
f 2151 2155 2153
f 2007 2014 2009
f 2205 2212 2207
f 1920 1922 1926
f 1855 1864 1857
f 1801 1810 1803
f 1784 1795 1786
f 1820 1831 1822
f 1838 1849 1840
f 1874 1887 1876
f 2180 2193 2182
f 2310 2321 2312
f 2274 2285 2276
f 1896 1907 1898
f 2089 2098 2091
f 2035 2044 2037
f 1950 1961 1952
f 2054 2067 2056
f 2072 2083 2074
f 2126 2139 2128
f 1964 1975 1966
f 1986 1997 1988
f 2220 2231 2222
f 2291 2298 2293
f 2183 2190 2185
f 1877 1884 1879
f 1891 1900 1893
f 2269 2278 2271
f 2305 2314 2307
f 2161 2170 2163
f 2148 2159 2150
f 2004 2015 2006
f 2202 2213 2204
f 1909 1918 1911
f 2129 2136 2131
f 1967 1977 1969
f 1981 1990 1983
f 2215 2224 2217
f 2288 2301 2290
f 2166 2177 2168
f 2143 2152 2145
f 1999 2008 2001
f 2197 2206 2199
f 1914 1925 1916
f 1806 1817 1808
f 1787 1797 1789
f 1823 1833 1825
f 1841 1851 1843
f 1860 1871 1862
f 1931 1941 1933
f 2108 2119 2110
f 2018 2029 2020
f 2234 2247 2236
f 2255 2262 2257
f 2040 2051 2042
f 1945 1954 1947
f 2057 2064 2059
f 2075 2085 2077
f 2094 2105 2096
f 2111 2121 2113
f 2021 2031 2023
f 2237 2244 2239
f 2252 2265 2254
f 1928 1939 1930
f 1812 1814 1818
f 1791 1793 1798
f 1827 1829 1834
f 1845 1847 1852
f 1866 1868 1872
f 1935 1937 1942
f 2118 2124 2120
f 2028 2034 2030
f 2246 2250 2248
f 2259 2261 2263
f 2048 2050 2052
f 1953 1960 1955
f 2061 2063 2065
f 2079 2081 2086
f 2100 2102 2106
f 2115 2117 2122
f 2025 2027 2032
f 2241 2243 2245
f 2264 2268 2266
f 1938 1944 1940
f 1802 1804 1813
f 1783 1785 1792
f 1819 1821 1828
f 1837 1839 1846
f 1856 1858 1867
f 1927 1929 1936
f 2112 2114 2123
f 2022 2024 2033
f 2238 2240 2249
f 2251 2253 2260
f 2036 2038 2049
f 1949 1951 1959
f 2053 2055 2062
f 2071 2073 2080
f 2090 2092 2101
f 2107 2109 2116
f 2017 2019 2026
f 2233 2235 2242
f 2256 2258 2267
f 1932 1934 1943
f 1859 1861 1869
f 1805 1807 1815
f 1788 1790 1799
f 1824 1826 1835
f 1842 1844 1853
f 1878 1880 1889
f 2184 2186 2195
f 2306 2308 2319
f 2270 2272 2283
f 1892 1894 1905
f 2093 2095 2103
f 2039 2041 2046
f 1946 1948 1957
f 2058 2060 2069
f 2076 2078 2087
f 2130 2132 2141
f 1968 1970 1979
f 1982 1984 1993
f 2216 2218 2229
f 2287 2289 2296
f 2179 2181 2188
f 1873 1875 1882
f 1895 1897 1902
f 2273 2275 2280
f 2309 2311 2316
f 2165 2167 2172
f 2144 2146 2157
f 2000 2002 2011
f 2198 2200 2209
f 1913 1915 1923
f 2125 2127 2134
f 1963 1965 1972
f 1985 1987 1995
f 2219 2221 2226
f 2292 2294 2303
f 2162 2164 2175
f 2147 2149 2154
f 2003 2005 2013
f 2201 2203 2211
f 1910 1912 1921
f 1863 1870 1865
f 1809 1816 1811
f 1794 1800 1796
f 1830 1836 1832
f 1848 1854 1850
f 1886 1890 1888
f 2192 2196 2194
f 2318 2320 2322
f 2282 2284 2286
f 1904 1906 1908
f 2097 2104 2099
f 2043 2047 2045
f 1956 1958 1962
f 2066 2070 2068
f 2082 2088 2084
f 2138 2142 2140
f 1974 1980 1976
f 1992 1994 1998
f 2228 2230 2232
f 2295 2297 2299
f 2331 2329 2330
f 2327 2323 2324
f 2328 2326 2325
f 2334 2333 2332
f 2337 2336 2335
f 2346 2345 2344
f 2412 2409 2410
f 2499 2496 2497
f 2487 2485 2486
f 2436 2435 2434
f 2376 2374 2375
f 2372 2368 2369
f 2373 2371 2370
f 2379 2378 2377
f 2382 2381 2380
f 2396 2392 2393
f 2361 2360 2359
f 2418 2416 2415
f 2457 2456 2455
f 2463 2460 2461
f 2492 2488 2489
f 2402 2398 2399
f 2343 2340 2341
f 2433 2430 2431
f 2478 2475 2476
f 2406 2404 2405
f 2502 2501 2500
f 2484 2482 2481
f 2442 2440 2439
f 2349 2347 2348
f 2468 2464 2465
f 2387 2384 2383
f 2358 2355 2356
f 2421 2419 2420
f 2454 2451 2452
f 2472 2470 2471
f 2388 2385 2386
f 2364 2362 2363
f 2426 2423 2422
f 2448 2446 2445
f 2403 2401 2400
f 2342 2339 2338
f 2432 2429 2428
f 2477 2474 2473
f 2493 2491 2490
f 2462 2459 2458
f 2397 2395 2394
f 2367 2365 2366
f 2427 2424 2425
f 2447 2443 2444
f 2391 2390 2389
f 2357 2354 2353
f 2417 2413 2414
f 2453 2450 2449
f 2469 2467 2466
f 2411 2408 2407
f 2498 2495 2494
f 2483 2479 2480
f 2441 2437 2438
f 2352 2350 2351
f 2509 2511 2510
f 2503 2505 2504
f 2506 2507 2508
f 2512 2513 2514
f 2515 2516 2517
f 2518 2519 2520
f 2555 2556 2554
f 2541 2540 2539
f 2562 2561 2560
f 2522 2521 2523
f 2542 2544 2543
f 2528 2529 2527
f 2531 2530 2532
f 2545 2546 2547
f 2548 2549 2550
f 2551 2553 2552
f 2533 2534 2535
f 2537 2536 2538
f 2559 2557 2558
f 2526 2525 2524