v -0.195834 0.586007 0.227300
v 0.179376 0.594952 0.239278
v -0.313581 -0.491349 0.191197
v 0.309072 -0.489657 0.189418
v 0.020666 -0.390073 0.912252
v -0.003304 0.388883 0.695300
v -0.002697 -0.203514 -0.276917
v -0.000868 0.565740 -0.547734
v 0.349454 0.125197 -0.060303
v 0.322135 0.103629 0.495059
v -0.334206 0.130007 -0.057744
v -0.330726 0.104773 0.492821
v -0.000245 0.726124 0.156196
v -0.162972 0.550958 0.453779
v -0.214663 0.775207 -0.276005
v -0.287966 0.374278 0.025282
v -0.307716 0.383346 0.387442
v 0.154660 0.555966 0.455408
v 0.204966 0.822095 -0.278685
v 0.265330 0.353170 0.026199
v 0.275942 0.369578 0.388202
v -0.002956 -0.572919 0.194266
v -0.227912 -0.603582 0.641267
v -0.184081 -0.454625 -0.110603
v -0.370340 -0.163977 0.053333
v -0.373633 -0.194663 0.410417
v 0.279453 -0.584180 0.686698
v 0.185597 -0.467149 -0.118268
v 0.376563 -0.171341 0.049025
v 0.373989 -0.194721 0.406545
v 0.002949 0.062731 0.948708
v 0.322806 -0.130558 0.797359
v -0.324284 -0.130669 0.793571
v 0.223098 0.263270 0.668487
v -0.235284 0.271157 0.670704
v -0.002504 0.128329 -0.550102
v 0.171914 -0.018686 -0.204608
v -0.167386 -0.018652 -0.211829
v 0.328464 0.347810 -0.401549
v -0.324675 0.335561 -0.408267
v 0.357981 0.106249 0.221333
v -0.374401 0.110306 0.231766
v -0.132250 0.680528 0.170844
v -0.226456 0.614079 0.345976
v -0.163811 0.628439 -0.044688
v -0.229672 0.496799 0.126682
v -0.275088 0.514034 0.327589
v 0.120182 0.669832 0.191523
v 0.185759 0.591799 0.327746
v 0.143977 0.615678 0.017369
v 0.206917 0.489031 0.134674
v 0.225518 0.496462 0.316711
v -0.199461 -0.607034 0.182997
v -0.235133 -0.470776 0.372034
v -0.369610 -0.609770 -0.027111
v -0.376024 -0.359677 0.114785
v -0.352512 -0.353766 0.311147
v 0.188650 -0.602951 0.186214
v 0.228710 -0.461451 0.386279
v 0.367896 -0.612730 -0.012123
v 0.375730 -0.367382 0.111975
v 0.350332 -0.352598 0.306994
v -0.139780 -0.579011 0.886315
v 0.160539 -0.632939 0.849942
v 0.001619 -0.157937 0.998235
v 0.220079 -0.319415 0.927401
v -0.200682 -0.278522 0.925331
v -0.078542 0.477141 0.594049
v 0.074409 0.475324 0.591543
v 0.002389 0.251407 0.808668
v 0.123354 0.335640 0.707467
v -0.126661 0.348501 0.714175
v -0.053140 -0.304610 -0.173776
v 0.051919 -0.304634 -0.171282
v -0.003607 -0.044664 -0.367131
v 0.065416 -0.130923 -0.260862
v -0.069869 -0.133584 -0.266001
v -0.132981 0.703902 -0.445523
v 0.115203 0.693979 -0.437979
v -0.002745 0.368787 -0.661752
v 0.200310 0.492605 -0.552457
v -0.202312 0.478741 -0.552068
v 0.328087 0.214499 -0.040601
v 0.347920 0.005905 -0.001104
v 0.281227 0.076988 -0.119926
v 0.310695 0.222056 -0.181038
v 0.360569 0.107204 0.058577
v 0.307041 0.233717 0.446494
v 0.351780 -0.030245 0.466188
v 0.324391 0.007171 0.618202
v 0.283008 0.177899 0.583911
v 0.343895 0.108931 0.374183
v -0.327077 0.229856 -0.032514
v -0.338314 0.011560 0.001423
v -0.263205 0.076213 -0.134236
v -0.293452 0.225222 -0.188327
v -0.359081 0.113168 0.070028
v -0.322697 0.238107 0.445491
v -0.360658 -0.031021 0.466009
v -0.329381 0.007245 0.612641
v -0.297029 0.183163 0.583129
v -0.360072 0.110063 0.377983
v -0.086809 0.654868 0.327731
v -0.112386 0.803058 -0.159896
v 0.076766 0.644006 0.322316
v 0.049791 0.742295 -0.064453
v -0.264312 0.498578 0.438619
v 0.000324 0.577935 0.465877
v -0.208314 0.425371 0.565146
v -0.311032 0.571286 -0.149280
v 0.001407 0.847298 -0.383795
v -0.294164 0.586658 -0.363863
v -0.312749 0.378332 0.245680
v -0.299187 0.388092 -0.191040
v -0.342429 0.238079 0.147637
v -0.286128 0.354844 0.521692
v -0.344265 0.247720 0.311410
v 0.227969 0.476878 0.434020
v 0.202327 0.422009 0.568977
v 0.300348 0.569902 -0.135243
v 0.276145 0.596028 -0.374702
v 0.273270 0.357327 0.242023
v 0.283791 0.377643 -0.194510
v 0.320255 0.221016 0.138981
v 0.263242 0.341501 0.520223
v 0.319858 0.236884 0.307051
v -0.080742 -0.560935 0.419463
v -0.105509 -0.605595 -0.006576
v 0.091587 -0.570813 0.449165
v 0.111243 -0.611406 -0.009732
v -0.340486 -0.371379 0.528807
v 0.019822 -0.641231 0.699308
v -0.341743 -0.392865 0.781511
v -0.356201 -0.329157 -0.081423
v 0.001351 -0.440079 -0.072431
v -0.176579 -0.230580 -0.143545
v -0.387829 -0.187637 0.233635
v -0.289611 -0.107330 -0.092225
v -0.378244 -0.020048 0.153527
v -0.355802 -0.184420 0.597721
v -0.389027 -0.033116 0.315764
v 0.334187 -0.363830 0.528484
v 0.344160 -0.403868 0.734444
v 0.357424 -0.347954 -0.083545
v 0.183126 -0.236205 -0.141365
v 0.382490 -0.190734 0.223643
v 0.297899 -0.115081 -0.087143
v 0.375584 -0.025310 0.142472
v 0.357734 -0.182826 0.596374
v 0.369811 -0.035676 0.307075
v 0.185234 -0.034064 0.939115
v -0.186026 -0.036978 0.938160
v 0.148040 0.166009 0.828078
v -0.148151 0.169116 0.829813
v 0.262192 0.082478 0.755061
v -0.265118 0.081467 0.752095
v 0.109499 0.048922 -0.400634
v -0.110625 0.050798 -0.399941
v 0.235480 0.231826 -0.623597
v -0.211033 0.212282 -0.618033
v 0.228882 0.164574 -0.322093
v -0.220834 0.163370 -0.333226
v -0.169157 0.627472 0.201851
v -0.217643 0.609229 0.292642
v -0.168408 0.594592 0.120003
v -0.206035 0.546308 0.188618
v -0.235980 0.558203 0.283455
v 0.156879 0.630756 0.221526
v 0.182915 0.600369 0.282167
v 0.157491 0.600583 0.155156
v 0.192806 0.553557 0.200568
v 0.201466 0.555514 0.278380
v -0.278808 -0.560700 0.186212
v -0.274483 -0.476425 0.262593
v -0.351684 -0.560433 0.115089
v -0.351283 -0.443716 0.154983
v -0.324280 -0.422445 0.244943
v 0.267087 -0.557313 0.184916
v 0.265930 -0.467855 0.263186
v 0.348334 -0.559370 0.114915
v 0.353102 -0.447883 0.154398
v 0.322440 -0.421745 0.244352
v -0.044607 -0.454204 0.875552
v 0.094332 -0.505907 0.894291
v 0.010301 -0.284389 0.954578
v 0.116347 -0.377833 0.928182
v -0.082956 -0.342330 0.928242
v -0.039162 0.437389 0.658156
v 0.031547 0.428680 0.651029
v -0.001600 0.330304 0.743807
v 0.053162 0.364636 0.702685
v -0.061273 0.377083 0.712928
v -0.019802 -0.250694 -0.234976
v 0.013624 -0.248487 -0.230870
v -0.003061 -0.135541 -0.314782
v 0.022202 -0.177277 -0.278565
v -0.027420 -0.179641 -0.281151
v -0.058626 0.618398 -0.499477
v 0.052395 0.620097 -0.499910
v -0.001853 0.479095 -0.593109
v 0.090779 0.535048 -0.553815
v -0.092951 0.531135 -0.554422
v 0.345869 0.162506 -0.056243
v 0.355232 0.076169 -0.032347
v 0.325742 0.107006 -0.086473
v 0.334902 0.164403 -0.107947
v 0.359610 0.114198 -0.012804
v 0.315227 0.162625 0.472554
v 0.335528 0.044602 0.484315
v 0.320376 0.061829 0.546097
v 0.304602 0.136456 0.534943
v 0.332633 0.107288 0.440787
v -0.330367 0.172859 -0.048035
v -0.335428 0.082453 -0.030150
v -0.309217 0.108948 -0.094096
v -0.310614 0.171264 -0.109050
v -0.344775 0.119456 -0.001811
v -0.327787 0.164710 0.471809
v -0.343774 0.044787 0.482472
v -0.326303 0.063418 0.542079
v -0.316080 0.139470 0.532909
v -0.344482 0.108271 0.440606
v -0.071790 0.731960 0.168564
v 0.064048 0.701062 0.165909
v -0.044675 0.697971 0.250551
v -0.035100 0.747743 0.024081
v 0.033553 0.683447 0.245888
v 0.029213 0.738931 0.047597
v -0.202417 0.587713 0.393917
v -0.119579 0.512877 0.522359
v -0.125334 0.603381 0.394041
v -0.227433 0.530759 0.446026
v -0.083935 0.566133 0.460093
v -0.190125 0.492241 0.510467
v -0.228652 0.733871 -0.194852
v -0.194148 0.774167 -0.369118
v -0.205306 0.895475 -0.331458
v -0.401269 0.775954 -0.225687
v -0.151677 0.841283 -0.325178
v -0.282225 0.707792 -0.320942
v -0.258269 0.440104 0.068999
v -0.312159 0.302948 -0.007506
v -0.253237 0.452597 -0.067586
v -0.298839 0.372803 0.141662
v -0.287316 0.381859 -0.087585
v -0.322337 0.303089 0.096281
v -0.295481 0.451238 0.357296
v -0.316255 0.311713 0.417287
v -0.287421 0.445432 0.418870
v -0.316717 0.386062 0.322056
v -0.297207 0.375019 0.453607
v -0.327813 0.317022 0.350762
v 0.180928 0.580897 0.386536
v 0.119198 0.522584 0.526328
v 0.123688 0.608673 0.392890
v 0.086286 0.579123 0.465938
v 0.206322 0.522048 0.445677
v 0.182687 0.493788 0.515211
v 0.174928 0.684471 -0.141696
v 0.170343 0.791378 -0.365294
v 0.137890 0.778065 -0.174094
v 0.171643 0.959622 -0.295558
v 0.350512 0.721687 -0.248420
v 0.233415 0.721532 -0.347699
v 0.232483 0.420722 0.075221
v 0.299899 0.280426 -0.012110
v 0.236691 0.445268 -0.064032
v 0.267083 0.348876 0.142285
v 0.268757 0.366702 -0.089054
v 0.296831 0.280134 0.090724
v 0.254264 0.434138 0.354110
v 0.293242 0.304135 0.419034
v 0.252060 0.427034 0.416233
v 0.275688 0.367073 0.320401
v 0.269067 0.362216 0.453259
v 0.297838 0.304402 0.350042
v -0.103185 -0.571546 0.175294
v 0.091334 -0.581061 0.180222
v -0.043974 -0.566334 0.303624
v -0.065233 -0.570711 0.099072
v 0.043409 -0.565605 0.308700
v 0.057993 -0.573574 0.096968
v -0.202489 -0.490265 0.505195
v -0.214039 -0.743044 0.815777
v -0.134162 -0.567963 0.532969
v -0.273297 -0.459132 0.596698
v -0.117380 -0.650646 0.669236
v -0.347697 -0.561379 0.736374
v -0.280042 -0.554765 -0.114417
v -0.107795 -0.368342 -0.114335
v -0.159992 -0.551993 -0.084953
v -0.283908 -0.414196 -0.113492
v -0.092963 -0.446940 -0.079850
v -0.185122 -0.340929 -0.114500
v -0.379703 -0.262212 0.081277
v -0.350491 -0.072289 0.028115
v -0.367084 -0.243729 -0.011504
v -0.383928 -0.178765 0.142598
v -0.343629 -0.140092 -0.028791
v -0.369768 -0.090624 0.108753
v -0.371224 -0.278353 0.368018
v -0.371989 -0.111651 0.442990
v -0.360352 -0.280558 0.465971
v -0.382065 -0.192937 0.321394
v -0.365480 -0.193160 0.502084
v -0.383543 -0.112367 0.360839
v 0.211454 -0.485484 0.542030
v 0.236947 -0.612612 0.766312
v 0.186187 -0.621686 0.608429
v 0.156331 -0.747814 0.815106
v 0.284530 -0.445743 0.597538
v 0.302809 -0.500097 0.700649
v 0.281288 -0.569574 -0.108768
v 0.107078 -0.381512 -0.126303
v 0.166960 -0.566858 -0.087370
v 0.094549 -0.454346 -0.084835
v 0.283207 -0.426480 -0.110373
v 0.186406 -0.349622 -0.116026
v 0.379851 -0.271218 0.077226
v 0.359151 -0.077636 0.025488
v 0.369589 -0.257651 -0.011909
v 0.381981 -0.184239 0.133990
v 0.349873 -0.149545 -0.026756
v 0.380476 -0.093642 0.100088
v 0.373429 -0.278524 0.362589
v 0.365768 -0.110765 0.440360
v 0.362420 -0.280464 0.463091
v 0.381953 -0.194084 0.315021
v 0.364723 -0.191384 0.500138
v 0.374014 -0.113474 0.354642
v 0.000855 -0.039855 1.038874
v 0.003846 0.160698 0.874392
v 0.093739 0.013702 0.965401
v -0.089327 0.012401 0.965226
v 0.084292 0.113648 0.896735
v -0.078975 0.114914 0.893998
v 0.285925 -0.223318 0.873338
v 0.339564 -0.052317 0.707938
v 0.333231 -0.265322 0.773207
v 0.346840 -0.164957 0.695123
v 0.265142 -0.085093 0.880001
v 0.300665 -0.014906 0.791866
v -0.279692 -0.206975 0.875197
v -0.348228 -0.055006 0.701275
v -0.329464 -0.252635 0.788581
v -0.347660 -0.164439 0.696200
v -0.267508 -0.085644 0.876910
v -0.300036 -0.019558 0.784500
v 0.182162 0.302345 0.696925
v 0.257419 0.221705 0.630617
v 0.213347 0.345798 0.620410
v 0.247354 0.307260 0.591609
v 0.194498 0.216440 0.751236
v 0.238084 0.174252 0.713442
v -0.184503 0.308509 0.696261
v -0.272977 0.230056 0.632455
v -0.223745 0.352620 0.619556
v -0.269496 0.321808 0.595315
v -0.198364 0.221738 0.752252
v -0.245440 0.178762 0.713655
v -0.003609 0.044564 -0.447297
v -0.002689 0.228502 -0.654752
v 0.067749 0.085196 -0.487137
v -0.071339 0.087780 -0.483665
v 0.098887 0.174080 -0.598670
v -0.098010 0.172568 -0.595822
v 0.115250 -0.077331 -0.237101
v 0.232460 0.031641 -0.169004
v 0.175790 -0.126321 -0.174515
v 0.236649 -0.070490 -0.144308
v 0.133671 0.019059 -0.299137
v 0.187160 0.079015 -0.258997
v -0.117744 -0.076393 -0.240916
v -0.216130 0.032508 -0.175178
v -0.168098 -0.122045 -0.172187
v -0.222913 -0.065306 -0.145185
v -0.130420 0.023182 -0.301132
v -0.180448 0.079504 -0.268303
v 0.288816 0.424950 -0.504159
v 0.300201 0.283409 -0.281163
v 0.296663 0.466293 -0.392378
v 0.302931 0.375643 -0.291955
v 0.329066 0.290927 -0.529222
v 0.306743 0.240155 -0.378445
v -0.283022 0.408654 -0.513185
v -0.298647 0.281281 -0.290868
v -0.305535 0.458229 -0.390668
v -0.307619 0.374895 -0.293881
v -0.333067 0.260257 -0.546540
v -0.301840 0.228449 -0.392396
v 0.360391 0.105180 0.138883
v 0.351027 0.107575 0.300635
v 0.340501 0.164647 0.180952
v 0.338445 0.169827 0.263120
v 0.369696 0.040952 0.181298
v 0.365397 0.039106 0.262891
v -0.368922 0.111074 0.150702
v -0.372371 0.110964 0.308850
v -0.357567 0.174882 0.190918
v -0.358852 0.177779 0.271158
v -0.387184 0.045588 0.192573
v -0.390924 0.041832 0.273430
v -0.185963 0.661153 0.282736
v -0.134840 0.645850 0.058806
v -0.122359 0.692460 0.263853
v -0.101818 0.710578 0.018553
v -0.255239 0.569706 0.348032
v -0.162858 0.639697 0.335845
v -0.245507 0.555456 0.392943
v -0.188793 0.560172 0.041959
v -0.161298 0.724760 -0.126523
v -0.241445 0.615700 -0.111606
v -0.254678 0.501745 0.245222
v -0.223407 0.516550 -0.025280
v -0.276806 0.439275 0.194949
v -0.274769 0.512811 0.384136
v -0.297244 0.450833 0.292646
v 0.161228 0.635013 0.267364
v 0.120739 0.650110 0.118145
v 0.107716 0.664288 0.253137
v 0.076171 0.698173 0.079680
v 0.203703 0.548630 0.329121
v 0.151355 0.627477 0.323974
v 0.207774 0.538084 0.383426
v 0.174631 0.553933 0.066575
v 0.091769 0.676065 -0.020439
v 0.207547 0.594657 -0.104378
v 0.222780 0.495737 0.247243
v 0.203784 0.506472 -0.019781
v 0.242549 0.422001 0.196721
v 0.230276 0.489882 0.374517
v 0.250235 0.430490 0.285032
v -0.206952 -0.514934 0.266379
v -0.296150 -0.689491 0.097509
v -0.127197 -0.536127 0.279551
v -0.150496 -0.681155 0.077689
v -0.301865 -0.417559 0.343134
v -0.155988 -0.512309 0.396315
v -0.279205 -0.424992 0.460170
v -0.382077 -0.473258 0.050247
v -0.238337 -0.680094 -0.069362
v -0.372910 -0.468155 -0.063251
v -0.360808 -0.353696 0.213235
v -0.380069 -0.356825 0.014543
v -0.379589 -0.268893 0.177413
v -0.351898 -0.362064 0.415174
v -0.375356 -0.273223 0.272344
v 0.188290 -0.499864 0.266377
v 0.289345 -0.688877 0.100034
v 0.121382 -0.538072 0.290418
v 0.148043 -0.675019 0.069159
v 0.301253 -0.414507 0.347294
v 0.150379 -0.508549 0.426756
v 0.285506 -0.420240 0.470508
v 0.382741 -0.479812 0.050693
v 0.233207 -0.695967 -0.068590
v 0.375154 -0.483893 -0.066720
v 0.358892 -0.356741 0.208738
v 0.383043 -0.371865 0.010831
v 0.376820 -0.274491 0.170604
v 0.351051 -0.363674 0.415751
v 0.375145 -0.275147 0.265856
v 0.019065 -0.550641 0.825816
v -0.182498 -0.424723 0.904534
v -0.073602 -0.637279 0.788007
v -0.301695 -0.545911 0.899420
v 0.235777 -0.542752 0.900981
v 0.092475 -0.622348 0.783621
v 0.345959 -0.591449 0.797820
v 0.109785 -0.230052 0.966230
v -0.099103 -0.216233 0.965728
v 0.101695 -0.098341 0.991214
v -0.100549 -0.096256 0.995311
v 0.324878 -0.399259 0.856420
v 0.200337 -0.159212 0.946341
v -0.307006 -0.346706 0.882722
v -0.200398 -0.151291 0.945447
v -0.001980 0.488209 0.598326
v -0.108894 0.420344 0.656337
v -0.040806 0.529416 0.531103
v -0.149915 0.454226 0.582425
v 0.102220 0.408178 0.648182
v 0.042772 0.538867 0.536003
v 0.147891 0.453516 0.584021
v 0.067072 0.291217 0.763455
v -0.068568 0.300738 0.769495
v 0.077772 0.207255 0.831618
v -0.072507 0.211525 0.828511
v 0.171818 0.382282 0.641571
v 0.136931 0.255126 0.768623
v -0.168060 0.385045 0.639573
v -0.138220 0.263495 0.771581
v -0.002259 -0.315600 -0.182221
v -0.058516 -0.224642 -0.220555
v -0.037088 -0.376662 -0.124448
v -0.110543 -0.276421 -0.156986
v 0.053246 -0.220931 -0.211575
v 0.035553 -0.378963 -0.125548
v 0.109856 -0.278473 -0.154332
v 0.034435 -0.087666 -0.324583
v -0.040152 -0.094882 -0.332371
v 0.046642 0.003491 -0.392275
v -0.054014 -0.001318 -0.394927
v 0.099288 -0.175475 -0.182053
v 0.082589 -0.036733 -0.320445
v -0.106194 -0.180646 -0.195329
v -0.086898 -0.039736 -0.323722
v -0.005994 0.693095 -0.445442
v -0.174210 0.591798 -0.495040
v -0.082593 0.765889 -0.391519
v -0.243959 0.668425 -0.423344
v 0.163047 0.603688 -0.501469
v 0.066128 0.765775 -0.385029
v 0.220209 0.684980 -0.448992
v 0.115087 0.430002 -0.615322
v -0.109510 0.421629 -0.617227
v 0.126440 0.308083 -0.666420
v -0.120648 0.299160 -0.667032
v 0.259193 0.560003 -0.476506
v 0.240366 0.375601 -0.612586
v -0.263610 0.536716 -0.467152
v -0.226819 0.358974 -0.624489
v 0.333871 0.218746 -0.116415
v 0.346641 0.159688 0.013081
v 0.300360 0.288236 -0.108585
v 0.324164 0.215415 0.047178
v 0.323047 0.035076 -0.061863
v 0.366393 0.059348 0.027695
v 0.329303 -0.051624 -0.041133
v 0.368184 -0.012214 0.066290
v 0.292058 0.154661 -0.152034
v 0.285723 -0.015030 -0.102467
v 0.241407 0.126887 -0.204647
v 0.303571 0.291911 -0.195798
v 0.266844 0.211679 -0.245939
v 0.343187 0.161314 0.096069
v 0.369158 0.047432 0.101117
v 0.294399 0.213164 0.512715
v 0.328717 0.175528 0.408340
v 0.284996 0.291068 0.485170
v 0.316345 0.240443 0.379743
v 0.339922 -0.017156 0.542527
v 0.346754 0.039106 0.415309
v 0.359747 -0.101826 0.527156
v 0.360966 -0.035178 0.387375
v 0.298655 0.093788 0.606152
v 0.350215 -0.084374 0.615569
v 0.299821 0.041810 0.691114
v 0.272684 0.262040 0.554674
v 0.272069 0.133079 0.664134
v 0.335348 0.174595 0.339516
v 0.356163 0.038198 0.341218
v -0.315688 0.231868 -0.111977
v -0.344421 0.169461 0.023146
v -0.309460 0.303769 -0.104567
v -0.335865 0.233547 0.055886
v -0.305062 0.036853 -0.067257
v -0.357374 0.065010 0.038182
v -0.316621 -0.046329 -0.043835
v -0.364585 -0.007247 0.074721
v -0.276794 0.154623 -0.166194
v -0.266224 -0.011282 -0.105927
v -0.230832 0.124720 -0.219332
v -0.305036 0.299923 -0.196239
v -0.260977 0.205707 -0.262764
v -0.351971 0.172304 0.106703
v -0.376983 0.053331 0.112824
v -0.310146 0.218339 0.512101
v -0.340970 0.175812 0.409394
v -0.305208 0.299851 0.485559
v -0.335381 0.246651 0.379926
v -0.343086 -0.018512 0.537869
v -0.362970 0.040139 0.417791
v -0.358526 -0.104212 0.525940
v -0.380889 -0.033939 0.392640
v -0.307466 0.096795 0.602970
v -0.351380 -0.086019 0.611511
v -0.305108 0.041806 0.686178
v -0.292142 0.271694 0.556220
v -0.282178 0.136622 0.662544
v -0.352855 0.179322 0.343646
v -0.380002 0.040238 0.348051
v -0.004029 0.654634 0.322923
v -0.044192 0.615000 0.394743
v -0.012154 0.779684 -0.105229
v -0.090142 0.850640 -0.259077
v 0.040958 0.616924 0.395543
v 0.042865 0.824587 -0.216985
v -0.241647 0.465188 0.496773
v -0.275692 0.429318 0.481351
v -0.256006 0.396168 0.547514
v -0.347431 0.636822 -0.271295
v -0.288194 0.485906 -0.181927
v -0.305608 0.489604 -0.284123
v -0.327944 0.307504 0.194903
v -0.332216 0.314621 0.280257
v -0.345747 0.243111 0.235226
v 0.224769 0.456057 0.499481
v 0.247707 0.411208 0.479624
v 0.237212 0.384157 0.547931
v 0.322440 0.622879 -0.263310
v 0.275323 0.481481 -0.183839
v 0.290636 0.485034 -0.286589
v 0.296397 0.286412 0.188022
v 0.298474 0.296528 0.274753
v 0.319409 0.227758 0.226268
v 0.007026 -0.583835 0.440653
v -0.038180 -0.607356 0.561202
v 0.002139 -0.536188 0.031669
v -0.053404 -0.506387 -0.032356
v 0.075285 -0.642016 0.601203
v 0.057761 -0.510828 -0.034075
v -0.327485 -0.386189 0.651866
v -0.351070 -0.281800 0.571126
v -0.343937 -0.276775 0.681800
v -0.263912 -0.283130 -0.114776
v -0.322171 -0.212099 -0.085103
v -0.242442 -0.170347 -0.127509
v -0.383747 -0.102275 0.192986
v -0.388822 -0.109215 0.277655
v -0.387983 -0.029183 0.234795
v 0.328383 -0.377393 0.633840
v 0.353783 -0.279428 0.566416
v 0.345889 -0.278268 0.667943
v 0.269432 -0.296035 -0.108707
v 0.324853 -0.226259 -0.079871
v 0.251793 -0.179691 -0.127704
v 0.380759 -0.106105 0.182090
v 0.380003 -0.111740 0.268825
v 0.374763 -0.032855 0.224420
v 0.164210 0.070276 0.887557
v 0.241776 0.028493 0.856137
v -0.162536 0.068958 0.887235
v -0.239839 0.023605 0.850429
v 0.212332 0.125135 0.803831
v -0.212272 0.124864 0.802776
v 0.159728 0.123611 -0.505852
v 0.177100 0.098153 -0.381384
v -0.156301 0.125917 -0.500996
v -0.170750 0.106616 -0.382626
v 0.267705 0.163041 -0.478964
v -0.257815 0.147546 -0.475254
v -0.183992 0.604118 0.216985
v -0.205271 0.596301 0.258251
v -0.180613 0.587775 0.186190
v -0.198235 0.567996 0.213545
v -0.213700 0.574044 0.255576
v 0.169633 0.611148 0.232447
v 0.181231 0.598867 0.261888
v 0.169657 0.598040 0.206715
v 0.185693 0.580051 0.227212
v 0.189433 0.579922 0.259318
v -0.300433 -0.522482 0.187921
v -0.295328 -0.484275 0.221063
v -0.328024 -0.519687 0.158676
v -0.332600 -0.473509 0.174961
v -0.315121 -0.458188 0.213152
v 0.293074 -0.520750 0.185502
v 0.289249 -0.481337 0.220383
v 0.325393 -0.519736 0.158432
v 0.331838 -0.474588 0.174622
v 0.313401 -0.457327 0.213045
v -0.005872 -0.419235 0.895993
v 0.055149 -0.432505 0.893763
v 0.016079 -0.344306 0.932029
v 0.063604 -0.386577 0.919521
v -0.026268 -0.367820 0.920461
v -0.019339 0.411170 0.679694
v 0.011498 0.406588 0.675630
v -0.002727 0.363319 0.716091
v 0.021709 0.377842 0.698487
v -0.028685 0.384109 0.703706
v -0.009129 -0.224659 -0.258813
v 0.003091 -0.223961 -0.258424
v -0.004054 -0.175891 -0.295057
v 0.007272 -0.194535 -0.280972
v -0.010184 -0.196250 -0.283371
v -0.027651 0.591270 -0.528175
v 0.024635 0.592451 -0.529406
v -0.001265 0.529418 -0.567950
v 0.043687 0.560481 -0.554732
v -0.044156 0.553866 -0.553098
v 0.347996 0.141509 -0.058581
v 0.352823 0.104575 -0.048242
v 0.342402 0.117960 -0.072577
v 0.341811 0.141722 -0.080570
v 0.355220 0.119440 -0.040076
v 0.318975 0.129664 0.484801
v 0.327593 0.077163 0.490403
v 0.320894 0.085296 0.517014
v 0.314949 0.117915 0.512922
v 0.326457 0.104810 0.471087
v -0.331673 0.148922 -0.053458
v -0.340064 0.109644 -0.047020
v -0.327492 0.121434 -0.074807
v -0.323211 0.147650 -0.079663
v -0.339825 0.124848 -0.032973
v -0.329329 0.131268 0.483713
v -0.336065 0.078344 0.488316
v -0.328505 0.086563 0.513927
v -0.324134 0.120116 0.510085
v -0.336288 0.106415 0.469371
v -0.034829 0.735153 0.161358
v 0.032549 0.714715 0.158510
v -0.022380 0.715253 0.206290
v -0.012784 0.742472 0.098736
v 0.014340 0.705696 0.203949
v 0.021038 0.739570 0.106707
v -0.184316 0.569714 0.422481
v -0.141092 0.532008 0.487359
v -0.145632 0.577713 0.424280
v -0.198488 0.541915 0.450206
v -0.124068 0.558865 0.457044
v -0.176877 0.522155 0.482873
v -0.236846 0.771686 -0.249156
v -0.203887 0.773494 -0.318780
v -0.190143 0.823518 -0.284225
v -0.289432 0.762230 -0.262512
v -0.184829 0.818716 -0.308103
v -0.251703 0.739338 -0.290656
v -0.273167 0.407952 0.045534
v -0.301377 0.339088 0.008106
v -0.268462 0.411129 -0.017253
v -0.292760 0.372733 0.084050
v -0.285274 0.377191 -0.032387
v -0.305501 0.338394 0.062785
v -0.302545 0.417994 0.372327
v -0.312404 0.348177 0.402523
v -0.297780 0.415639 0.404308
v -0.313000 0.385873 0.355106
v -0.302063 0.380614 0.420494
v -0.318087 0.350862 0.369467
v 0.169940 0.569469 0.417810
v 0.138281 0.540436 0.489801
v 0.140215 0.583607 0.423839
v 0.123887 0.570349 0.459551
v 0.182520 0.539970 0.450097
v 0.169091 0.525931 0.484965
v 0.200087 0.749556 -0.212187
v 0.213797 0.872205 -0.336063
v 0.197398 0.822931 -0.221728
v 0.221355 0.954791 -0.262228
v 0.240536 0.744468 -0.276596
v 0.201316 0.769469 -0.328483
v 0.249108 0.387968 0.049153
v 0.282807 0.317995 0.005589
v 0.248771 0.395942 -0.014756
v 0.265617 0.349141 0.085164
v 0.266392 0.360108 -0.032824
v 0.281630 0.315086 0.060579
v 0.264915 0.400840 0.370728
v 0.284967 0.337237 0.404352
v 0.264336 0.399145 0.403191
v 0.275925 0.369122 0.354075
v 0.273929 0.367244 0.421017
v 0.286666 0.337891 0.369926
v -0.052870 -0.573433 0.189127
v 0.045461 -0.575708 0.191193
v -0.025141 -0.569529 0.247172
v -0.030676 -0.574500 0.144463
v 0.021100 -0.569744 0.248525
v 0.023367 -0.575514 0.144254
v -0.211441 -0.536756 0.571870
v -0.247923 -0.702035 0.715426
v -0.175211 -0.582353 0.587887
v -0.254376 -0.530107 0.620788
v -0.178052 -0.641822 0.657651
v -0.296723 -0.606821 0.687315
v -0.230339 -0.511813 -0.122886
v -0.143686 -0.407068 -0.099327
v -0.176331 -0.506878 -0.101833
v -0.235829 -0.442657 -0.116725
v -0.138153 -0.451773 -0.091763
v -0.186143 -0.398528 -0.103948
v -0.378231 -0.212436 0.066511
v -0.359302 -0.117263 0.040792
v -0.370857 -0.203075 0.021066
v -0.380982 -0.172327 0.098344
v -0.358613 -0.153666 0.010874
v -0.370124 -0.127080 0.082297
v -0.372592 -0.236450 0.390459
v -0.373911 -0.153067 0.427897
v -0.367601 -0.237447 0.437338
v -0.378228 -0.194442 0.365968
v -0.368892 -0.194515 0.455762
v -0.378765 -0.153376 0.384846
v 0.248068 -0.539363 0.614843
v 0.275093 -0.607352 0.734762
v 0.254979 -0.644679 0.669633
v 0.312712 -0.679522 0.773167
v 0.275075 -0.506721 0.635806
v 0.285392 -0.538705 0.691316
v 0.235409 -0.532908 -0.131466
v 0.144384 -0.419015 -0.119964
v 0.178641 -0.519532 -0.106206
v 0.138967 -0.463661 -0.104222
v 0.235227 -0.455357 -0.118292
v 0.186514 -0.408834 -0.118823
v 0.379774 -0.221541 0.062267
v 0.367187 -0.123592 0.037450
v 0.371731 -0.214227 0.020115
v 0.381663 -0.178514 0.090826
v 0.365211 -0.162153 0.009907
v 0.379126 -0.131481 0.076064
v 0.375234 -0.236683 0.385886
v 0.371437 -0.152285 0.424594
v 0.369436 -0.236797 0.434273
v 0.378609 -0.194738 0.360948
v 0.369055 -0.193594 0.452974
v 0.375106 -0.153443 0.380114
v 0.002977 0.012099 0.994874
v 0.003296 0.112309 0.909817
v 0.048206 0.038181 0.965814
v -0.041847 0.037362 0.962489
v 0.045510 0.087678 0.925861
v -0.039225 0.088271 0.922078
v 0.304471 -0.176265 0.834535
v 0.337197 -0.088724 0.755216
v 0.325651 -0.197044 0.785356
v 0.336694 -0.150017 0.745551
v 0.297623 -0.109323 0.841477
v 0.316853 -0.069497 0.800758
v -0.302424 -0.168833 0.835013
v -0.337899 -0.092475 0.747079
v -0.324242 -0.190068 0.789745
v -0.339308 -0.148868 0.745128
v -0.298720 -0.109228 0.837303
v -0.319095 -0.073108 0.794490
v 0.203457 0.282670 0.683754
v 0.241795 0.242778 0.650936
v 0.217921 0.305126 0.644815
v 0.236044 0.285559 0.629357
v 0.209902 0.240308 0.709777
v 0.230116 0.219211 0.691412
v -0.210958 0.289672 0.685042
v -0.257107 0.253372 0.654199
v -0.230036 0.313311 0.645747
v -0.253781 0.297414 0.632970
v -0.216806 0.246271 0.710851
v -0.239741 0.225984 0.692907
v -0.003120 0.087080 -0.496373
v -0.002678 0.171918 -0.605928
v 0.035825 0.106539 -0.522149
v -0.040684 0.108563 -0.518828
v 0.043856 0.147660 -0.581312
v -0.048447 0.150469 -0.574178
v 0.140800 -0.046914 -0.220286
v 0.204186 0.006865 -0.189794
v 0.172425 -0.072524 -0.187791
v 0.203997 -0.045368 -0.172938
v 0.148212 0.003433 -0.247765
v 0.176199 0.033281 -0.227939
v -0.141317 -0.045628 -0.225020
v -0.191724 0.008151 -0.194700
v -0.166336 -0.069284 -0.190011
v -0.191488 -0.041783 -0.174174
v -0.146779 0.004381 -0.253539
v -0.170829 0.031330 -0.237789
v 0.318457 0.386668 -0.459481
v 0.311805 0.313944 -0.340033
v 0.312826 0.406379 -0.398619
v 0.317368 0.366180 -0.344104
v 0.331469 0.324213 -0.462274
v 0.319805 0.291207 -0.394949
v -0.324265 0.373142 -0.465706
v -0.319074 0.306130 -0.348765
v -0.314090 0.396017 -0.401248
v -0.314879 0.358984 -0.348830
v -0.336252 0.302200 -0.478256
v -0.326110 0.279520 -0.407892
v 0.360216 0.104963 0.180422
v 0.354675 0.106764 0.262065
v 0.350019 0.135692 0.201371
v 0.348331 0.137227 0.242315
v 0.365378 0.074294 0.201080
v 0.362181 0.073580 0.241516
v -0.372602 0.110179 0.191354
v -0.375533 0.110658 0.271641
v -0.364684 0.142196 0.211621
v -0.366701 0.143396 0.251394
v -0.380692 0.077522 0.212079
v -0.382032 0.076248 0.252184
v -0.152660 0.653353 0.183954
v -0.105681 0.705744 0.163430
v -0.158009 0.671106 0.230723
v -0.131396 0.661605 0.116975
v -0.133873 0.697422 0.225868
v -0.112761 0.692252 0.099401
v -0.225074 0.616281 0.322920
v -0.215225 0.602133 0.368205
v -0.208196 0.638253 0.316885
v -0.242042 0.592660 0.348865
v -0.198287 0.628814 0.340710
v -0.235913 0.584715 0.370555
v -0.159295 0.605545 0.042425
v -0.197231 0.678697 -0.122698
v -0.145022 0.635607 0.003310
v -0.176286 0.593624 0.000184
v -0.160679 0.674338 -0.086122
v -0.195160 0.623821 -0.083767
v -0.217351 0.522792 0.157062
v -0.243332 0.469853 0.095991
v -0.207939 0.528273 0.084369
v -0.241564 0.496540 0.191543
v -0.222510 0.504047 0.052487
v -0.253416 0.468059 0.161799
v -0.257862 0.538615 0.308153
v -0.286885 0.483963 0.342835
v -0.263898 0.541866 0.338627
v -0.267614 0.509298 0.292553
v -0.276150 0.513814 0.356154
v -0.286636 0.484440 0.313426
v 0.140083 0.650728 0.204922
v 0.094207 0.687244 0.177482
v 0.142641 0.654275 0.233031
v 0.118995 0.663191 0.159728
v 0.117782 0.670372 0.221160
v 0.096438 0.683502 0.141514
v 0.183787 0.594723 0.303686
v 0.185250 0.586959 0.354875
v 0.174716 0.614652 0.298824
v 0.194825 0.570195 0.329767
v 0.174156 0.611021 0.323548
v 0.196992 0.566918 0.356244
v 0.147465 0.605178 0.092690
v 0.145393 0.627993 -0.058918
v 0.127930 0.633291 0.072982
v 0.162325 0.585765 0.039803
v 0.119992 0.644880 -0.000650
v 0.169031 0.599809 -0.040242
v 0.198609 0.521902 0.167718
v 0.218519 0.455458 0.103071
v 0.190569 0.522747 0.098464
v 0.216111 0.491397 0.197246
v 0.202007 0.493602 0.060836
v 0.225503 0.455619 0.168099
v 0.212769 0.527432 0.298193
v 0.240665 0.465373 0.335507
v 0.214007 0.523658 0.324827
v 0.224361 0.496538 0.284738
v 0.227937 0.493503 0.345449
v 0.238471 0.465407 0.304119
v -0.243367 -0.595310 0.188208
v -0.159076 -0.584947 0.164870
v -0.203088 -0.551688 0.220642
v -0.243613 -0.685610 0.166808
v -0.163299 -0.551179 0.216392
v -0.186305 -0.673929 0.142492
v -0.253957 -0.471045 0.312819
v -0.217221 -0.475905 0.436142
v -0.219004 -0.492089 0.321057
v -0.270713 -0.445162 0.358447
v -0.196144 -0.492197 0.384323
v -0.255138 -0.448777 0.418660
v -0.372541 -0.599090 0.052000
v -0.338983 -0.605826 -0.080835
v -0.340345 -0.676557 0.023318
v -0.383369 -0.540555 0.016324
v -0.312492 -0.666032 -0.055930
v -0.368244 -0.540168 -0.044944
v -0.366786 -0.404773 0.134867
v -0.379953 -0.311572 0.097005
v -0.377107 -0.412599 0.082835
v -0.367445 -0.356708 0.164376
v -0.380909 -0.360925 0.063921
v -0.376447 -0.312490 0.146307
v -0.336337 -0.387520 0.278030
v -0.367261 -0.318002 0.342480
v -0.328995 -0.387011 0.327657
v -0.355215 -0.352452 0.261725
v -0.348720 -0.355523 0.361773
v -0.366733 -0.314796 0.292694
v 0.233044 -0.593358 0.191189
v 0.136119 -0.592574 0.173859
v 0.185791 -0.545478 0.221694
v 0.247329 -0.690964 0.177225
v 0.144783 -0.551583 0.219071
v 0.174595 -0.648667 0.134129
v 0.245900 -0.462330 0.320031
v 0.212179 -0.464873 0.461454
v 0.206726 -0.480344 0.330226
v 0.267372 -0.439174 0.366608
v 0.186200 -0.482253 0.405947
v 0.255219 -0.441033 0.433006
v 0.364226 -0.595468 0.056528
v 0.340177 -0.605337 -0.080258
v 0.346550 -0.674883 0.036443
v 0.378063 -0.541726 0.019491
v 0.320821 -0.671824 -0.025932
v 0.367246 -0.544765 -0.043194
v 0.366197 -0.410252 0.132433
v 0.378802 -0.320310 0.093521
v 0.377884 -0.420504 0.081392
v 0.366635 -0.361951 0.160978
v 0.382178 -0.370825 0.061623
v 0.374657 -0.319099 0.142084
v 0.335000 -0.387152 0.276378
v 0.366361 -0.317681 0.336256
v 0.329271 -0.385635 0.327714
v 0.353401 -0.353098 0.257395
v 0.350783 -0.355812 0.359421
v 0.366103 -0.315484 0.286461
v -0.090207 -0.506445 0.875478
v -0.167125 -0.703966 0.909493
v -0.062045 -0.557403 0.845540
v -0.166542 -0.502869 0.897570
v -0.086963 -0.656339 0.901269
v -0.229391 -0.580700 0.912854
v 0.111891 -0.586222 0.886398
v 0.203525 -0.621087 0.800889
v 0.083046 -0.592029 0.848517
v 0.220221 -0.719487 0.910050
v 0.131597 -0.614951 0.807756
v 0.248360 -0.636285 0.828716
v 0.004764 -0.220094 0.979093
v 0.000547 -0.097923 1.018840
v 0.055564 -0.192102 0.983675
v -0.048889 -0.186937 0.984154
v 0.052612 -0.129021 1.000863
v -0.050603 -0.126439 1.003921
v 0.172844 -0.355845 0.933722
v 0.259052 -0.272295 0.906329
v 0.233938 -0.419255 0.916133
v 0.164750 -0.272540 0.949389
v 0.276709 -0.366441 0.898610
v 0.209187 -0.234218 0.938698
v -0.142133 -0.312660 0.929922
v -0.248245 -0.243701 0.908021
v -0.193122 -0.349440 0.913241
v -0.149847 -0.246384 0.946650
v -0.251583 -0.313191 0.902909
v -0.203174 -0.212722 0.937835
v -0.059519 0.459986 0.629285
v -0.098412 0.494478 0.558149
v -0.040721 0.485540 0.597913
v -0.095491 0.450101 0.625710
v -0.060487 0.504169 0.562901
v -0.114713 0.466284 0.588762
v 0.052276 0.451559 0.622344
v 0.096934 0.499077 0.559654
v 0.036983 0.483672 0.595455
v 0.088833 0.442198 0.619981
v 0.060137 0.509566 0.564679
v 0.111635 0.465435 0.588231
v 0.000154 0.292181 0.774366
v 0.003580 0.207230 0.840450
v 0.035904 0.270600 0.787283
v -0.034064 0.275501 0.790138
v 0.039867 0.228220 0.822442
v -0.034380 0.231674 0.820441
v 0.087517 0.350069 0.705304
v 0.156887 0.320491 0.705581
v 0.112782 0.372305 0.676323
v 0.095998 0.312732 0.736405
v 0.148385 0.358869 0.675266
v 0.130623 0.296479 0.737614
v -0.095157 0.365731 0.717312
v -0.156001 0.327725 0.705793
v -0.118337 0.385393 0.685008
v -0.098974 0.324655 0.743234
v -0.147982 0.366681 0.677308
v -0.131752 0.306397 0.741202
v -0.033845 -0.277421 -0.205754
v -0.078631 -0.333954 -0.143629
v -0.027613 -0.312968 -0.180545
v -0.055500 -0.265764 -0.197639
v -0.047244 -0.341660 -0.149701
v -0.081109 -0.291961 -0.165773
v 0.030009 -0.274920 -0.200624
v 0.076943 -0.340261 -0.146244
v 0.024319 -0.311672 -0.177313
v 0.053179 -0.263538 -0.190658
v 0.045245 -0.343713 -0.148966
v 0.079189 -0.294068 -0.162662
v -0.003550 -0.090229 -0.337433
v -0.003291 0.000209 -0.404053
v 0.016983 -0.065569 -0.347678
v -0.023913 -0.069667 -0.351078
v 0.020210 -0.020950 -0.381321
v -0.027590 -0.023273 -0.383482
v 0.042303 -0.155352 -0.270978
v 0.089274 -0.105038 -0.249854
v 0.057663 -0.177174 -0.235228
v 0.049929 -0.109554 -0.296490
v 0.081578 -0.152589 -0.221640
v 0.073678 -0.083777 -0.289394
v -0.048477 -0.157989 -0.275007
v -0.092879 -0.105739 -0.253572
v -0.063057 -0.180170 -0.242641
v -0.055620 -0.113551 -0.300169
v -0.086568 -0.155606 -0.229903
v -0.078079 -0.086572 -0.292474
v -0.093224 0.654386 -0.471269
v -0.174704 0.763666 -0.413475
v -0.068883 0.697006 -0.446330
v -0.155347 0.646874 -0.467923
v -0.107956 0.741018 -0.418297
v -0.195449 0.713120 -0.447945
v 0.082724 0.654936 -0.470564
v 0.143373 0.739156 -0.405809
v 0.055975 0.693491 -0.442789
v 0.140049 0.651018 -0.470391
v 0.090221 0.734371 -0.411114
v 0.167868 0.691874 -0.439218
v -0.001534 0.424396 -0.624416
v -0.001933 0.298096 -0.664788
v 0.059596 0.398156 -0.638043
v -0.059176 0.394572 -0.640638
v 0.065951 0.338509 -0.665243
v -0.066229 0.337150 -0.670656
v 0.144711 0.515666 -0.557120
v 0.253730 0.462987 -0.537858
v 0.184174 0.554087 -0.535007
v 0.162002 0.460888 -0.586046
v 0.233150 0.526791 -0.516070
v 0.220982 0.434538 -0.579269
v -0.146107 0.505332 -0.554521
v -0.262115 0.456097 -0.552091
v -0.188832 0.534847 -0.523623
v -0.156259 0.449044 -0.585652
v -0.253534 0.515214 -0.527115
v -0.214339 0.419704 -0.584009
v 0.338983 0.185708 -0.050316
v 0.316252 0.243758 -0.027873
v 0.329139 0.217205 -0.079935
v 0.337799 0.185692 -0.012359
v 0.315216 0.248695 -0.072571
v 0.326731 0.213136 0.002039
v 0.347545 0.043259 -0.015738
v 0.352572 -0.034536 0.012783
v 0.337086 0.018804 -0.032431
v 0.354634 0.032777 0.016228
v 0.340240 -0.021796 -0.020091
v 0.358916 -0.004184 0.031901
v 0.304878 0.093836 -0.100746
v 0.258123 0.055216 -0.146321
v 0.304223 0.054773 -0.089962
v 0.283289 0.118571 -0.132540
v 0.282526 0.031954 -0.111966
v 0.259159 0.101560 -0.157962
v 0.323787 0.191623 -0.140733
v 0.300775 0.252910 -0.227797
v 0.333275 0.219395 -0.148413
v 0.302049 0.188544 -0.168136
v 0.311380 0.255070 -0.190727
v 0.290249 0.218272 -0.212734
v 0.362618 0.109792 0.020354
v 0.361562 0.105370 0.097632
v 0.354795 0.134152 0.035913
v 0.366161 0.082826 0.041910
v 0.352844 0.133380 0.076465
v 0.364790 0.078718 0.080135
v 0.311586 0.198278 0.459428
v 0.300629 0.268999 0.432951
v 0.300813 0.225685 0.479289
v 0.318174 0.205039 0.427115
v 0.296378 0.262986 0.466083
v 0.312180 0.238832 0.413609
v 0.343550 0.008444 0.476273
v 0.359784 -0.070053 0.454289
v 0.346921 -0.025163 0.504451
v 0.348675 0.004713 0.439780
v 0.356091 -0.065424 0.495083
v 0.356986 -0.033660 0.427112
v 0.321099 0.035602 0.580033
v 0.330303 -0.022122 0.660355
v 0.332750 -0.006398 0.580673
v 0.310145 0.051079 0.613695
v 0.338435 -0.037554 0.618997
v 0.313570 0.023693 0.655249
v 0.293574 0.156396 0.559053
v 0.270872 0.200451 0.608348
v 0.288221 0.197023 0.547499
v 0.289625 0.135775 0.596038
v 0.277133 0.221057 0.570249
v 0.277413 0.156297 0.622594
v 0.338352 0.108056 0.408798
v 0.348435 0.108803 0.338366
v 0.337395 0.143062 0.391126
v 0.344841 0.073943 0.393925
v 0.340334 0.142330 0.356353
v 0.350465 0.074217 0.357832
v -0.330030 0.199967 -0.040563
v -0.320585 0.265296 -0.020666
v -0.323200 0.230221 -0.073203
v -0.337064 0.198706 -0.002707
v -0.317980 0.265642 -0.066403
v -0.331781 0.230094 0.010892
v -0.334514 0.049853 -0.013250
v -0.343606 -0.029375 0.015179
v -0.323200 0.022906 -0.033729
v -0.348773 0.039582 0.021413
v -0.328184 -0.017611 -0.020894
v -0.352842 0.001223 0.037277
v -0.285979 0.093810 -0.114109
v -0.240011 0.055617 -0.154614
v -0.284697 0.054619 -0.100596
v -0.268959 0.116378 -0.151529
v -0.261658 0.033415 -0.118094
v -0.246620 0.099217 -0.174568
v -0.300204 0.197637 -0.145269
v -0.292851 0.253492 -0.236666
v -0.306564 0.230318 -0.150764
v -0.283696 0.190800 -0.178179
v -0.301561 0.261151 -0.194809
v -0.279448 0.217156 -0.225849
v -0.352474 0.116895 0.033045
v -0.364563 0.111701 0.109918
v -0.353387 0.141632 0.046417
v -0.360527 0.088984 0.053995
v -0.356802 0.141697 0.087633
v -0.367796 0.084497 0.091775
v -0.325496 0.201149 0.459183
v -0.319779 0.275447 0.431667
v -0.316243 0.229928 0.478738
v -0.332142 0.207577 0.427139
v -0.313732 0.268899 0.465241
v -0.329102 0.243446 0.412779
v -0.352586 0.007609 0.475027
v -0.367486 -0.070818 0.455589
v -0.351566 -0.026232 0.502234
v -0.362600 0.004627 0.440560
v -0.359120 -0.067194 0.494690
v -0.370102 -0.033100 0.429595
v -0.326105 0.036539 0.574816
v -0.336388 -0.023556 0.654626
v -0.336643 -0.006989 0.575466
v -0.317331 0.052231 0.609033
v -0.342077 -0.038739 0.613524
v -0.319338 0.023788 0.649925
v -0.306712 0.161413 0.557578
v -0.285488 0.206262 0.608159
v -0.303761 0.202522 0.546706
v -0.301387 0.140070 0.594306
v -0.294154 0.227994 0.570489
v -0.289853 0.161019 0.621730
v -0.352479 0.108889 0.410359
v -0.366859 0.110589 0.343816
v -0.350202 0.144011 0.392749
v -0.362761 0.075347 0.396928
v -0.357010 0.145113 0.360607
v -0.370643 0.075443 0.362668
v -0.068303 0.679048 0.290740
v -0.105536 0.628870 0.362124
v -0.105773 0.675135 0.295841
v -0.125055 0.648423 0.331721
v -0.045808 0.656444 0.324758
v -0.066086 0.634491 0.360470
v -0.060801 0.757377 -0.062811
v -0.221405 0.949762 -0.306459
v -0.098439 0.735264 -0.071283
v -0.151424 0.783308 -0.160061
v -0.052509 0.788307 -0.130335
v -0.112070 0.860275 -0.221678
v 0.054728 0.662813 0.284985
v 0.099903 0.626134 0.358449
v 0.093091 0.654871 0.287074
v 0.115342 0.636561 0.323443
v 0.036736 0.650088 0.321913
v 0.059565 0.631709 0.358738
v 0.036985 0.739489 -0.009294
v 0.082158 0.749988 -0.124558
v 0.057794 0.715639 0.010781
v 0.068783 0.711596 -0.042057
v 0.024300 0.764779 -0.085045
v 0.051857 0.778319 -0.142203
v -0.248027 0.517101 0.442026
v -0.276381 0.474610 0.431065
v -0.256435 0.528312 0.416024
v -0.270348 0.508070 0.411989
v -0.254891 0.483802 0.466351
v -0.269629 0.464678 0.459738
v -0.042396 0.572913 0.463219
v 0.043597 0.580636 0.467458
v -0.020365 0.553762 0.498602
v 0.022112 0.559109 0.501698
v -0.021964 0.595802 0.429855
v 0.020782 0.598268 0.430858
v -0.200245 0.459619 0.538080
v -0.215868 0.389688 0.592592
v -0.179566 0.439276 0.573640
v -0.188273 0.405001 0.601932
v -0.226475 0.445690 0.530270
v -0.234028 0.411174 0.557124
v -0.453870 0.658419 -0.160713
v -0.256787 0.507645 -0.118343
v -0.290745 0.600325 -0.143010
v -0.249561 0.538219 -0.096883
v -0.379210 0.600349 -0.203684
v -0.288339 0.535300 -0.175399
v -0.087819 0.838999 -0.341888
v 0.109132 0.830531 -0.326399
v -0.053342 0.782117 -0.368838
v 0.040790 0.757857 -0.345853
v -0.052532 0.853088 -0.308523
v 0.024888 0.863424 -0.299524
v -0.291158 0.653770 -0.344882
v -0.297321 0.520529 -0.376983
v -0.275195 0.627731 -0.397986
v -0.282888 0.562874 -0.415115
v -0.311742 0.612869 -0.316630
v -0.305543 0.541191 -0.326543
v -0.305120 0.374355 0.197112
v -0.317896 0.383900 0.287117
v -0.296734 0.409519 0.223338
v -0.305734 0.415448 0.272728
v -0.320699 0.342598 0.222839
v -0.323347 0.346824 0.265189
v -0.293020 0.386578 -0.139906
v -0.304172 0.384678 -0.241988
v -0.302199 0.344025 -0.145711
v -0.303416 0.342076 -0.194537
v -0.293734 0.436870 -0.186277
v -0.301963 0.436946 -0.237596
v -0.334062 0.269989 0.123211
v -0.350534 0.206211 0.169996
v -0.340018 0.235119 0.102136
v -0.347385 0.204498 0.126393
v -0.336459 0.272680 0.170608
v -0.344233 0.240304 0.192636
v -0.291696 0.366032 0.486992
v -0.280559 0.341515 0.558518
v -0.296031 0.328242 0.504358
v -0.290105 0.314865 0.540058
v -0.280849 0.392767 0.501974
v -0.274441 0.379551 0.536834
v -0.336816 0.282721 0.331606
v -0.351591 0.212653 0.291670
v -0.341279 0.249012 0.346494
v -0.349507 0.214196 0.327725
v -0.338412 0.281084 0.295798
v -0.345390 0.245331 0.274941
v 0.219624 0.500931 0.440275
v 0.239424 0.452846 0.426324
v 0.218784 0.508301 0.409758
v 0.229426 0.484140 0.403781
v 0.226949 0.467100 0.465877
v 0.237697 0.444994 0.457425
v 0.195477 0.459252 0.542458
v 0.209213 0.384647 0.595230
v 0.182056 0.440192 0.578116
v 0.190290 0.402816 0.604818
v 0.215914 0.440761 0.533653
v 0.221427 0.403838 0.559048
v 0.492770 0.668751 -0.134441
v 0.243602 0.506474 -0.117933
v 0.281748 0.600432 -0.146988
v 0.231840 0.534353 -0.098504
v 0.380328 0.609785 -0.212435
v 0.282954 0.534779 -0.177810
v 0.261046 0.660230 -0.357884
v 0.284172 0.529675 -0.384177
v 0.255752 0.656233 -0.411719
v 0.268965 0.582840 -0.427279
v 0.288551 0.604027 -0.320607
v 0.287915 0.539850 -0.331247
v 0.269347 0.350949 0.197063
v 0.275214 0.362942 0.282324
v 0.258229 0.389070 0.221408
v 0.261635 0.394224 0.266191
v 0.284816 0.321321 0.214823
v 0.287297 0.327138 0.258275
v 0.274079 0.373057 -0.142840
v 0.293131 0.379378 -0.242795
v 0.286772 0.329193 -0.149599
v 0.290167 0.331053 -0.196777
v 0.278168 0.427558 -0.190149
v 0.287568 0.430278 -0.240173
v 0.309775 0.248947 0.116382
v 0.330885 0.192449 0.160788
v 0.322242 0.218309 0.093315
v 0.332191 0.190096 0.116848
v 0.308665 0.252318 0.162942
v 0.320215 0.224152 0.183144
v 0.266502 0.352797 0.485683
v 0.257242 0.327561 0.555284
v 0.273992 0.317756 0.503153
v 0.269104 0.303741 0.538232
v 0.257287 0.378101 0.500714
v 0.251760 0.364618 0.535227
v 0.308457 0.270547 0.328683
v 0.330024 0.202871 0.285046
v 0.318165 0.239455 0.343938
v 0.327658 0.206064 0.322947
v 0.309000 0.266646 0.290503
v 0.319891 0.232794 0.267237
v -0.062028 -0.563005 0.361360
v -0.103053 -0.560785 0.477411
v -0.103127 -0.546986 0.350072
v -0.119248 -0.537713 0.408185
v -0.038109 -0.576386 0.430364
v -0.060307 -0.581608 0.489085
v -0.097965 -0.583274 0.050933
v -0.130301 -0.589765 -0.057289
v -0.119710 -0.685431 0.023960
v -0.142681 -0.677053 -0.056782
v -0.062474 -0.548020 0.023184
v -0.081118 -0.548139 -0.021452
v 0.065912 -0.565369 0.375378
v 0.129532 -0.590008 0.527500
v 0.103167 -0.548489 0.369715
v 0.121747 -0.541682 0.443371
v 0.051208 -0.583252 0.447332
v 0.087021 -0.606440 0.527265
v 0.086187 -0.594614 0.044291
v 0.144578 -0.599876 -0.057286
v 0.121807 -0.682871 0.016571
v 0.156655 -0.686416 -0.056585
v 0.064908 -0.552259 0.020403
v 0.087844 -0.555869 -0.024198
v -0.303789 -0.411693 0.561046
v -0.351904 -0.324986 0.496235
v -0.308907 -0.399757 0.496838
v -0.342785 -0.364231 0.469510
v -0.328377 -0.375757 0.588890
v -0.347383 -0.327889 0.552169
v -0.051140 -0.641008 0.680271
v 0.092584 -0.659909 0.734879
v -0.021385 -0.637465 0.738567
v 0.055822 -0.630020 0.750047
v -0.011337 -0.630233 0.633098
v 0.053355 -0.649589 0.658698
v -0.343858 -0.473455 0.768733
v -0.334778 -0.320032 0.786416
v -0.337957 -0.466551 0.834375
v -0.335029 -0.376229 0.842314
v -0.338196 -0.395129 0.716949
v -0.339891 -0.330798 0.729197
v -0.317468 -0.372413 -0.094911
v -0.365111 -0.286189 -0.047962
v -0.365188 -0.395823 -0.073584
v -0.372732 -0.345694 -0.036490
v -0.312739 -0.308588 -0.103594
v -0.338322 -0.269057 -0.083028
v -0.046896 -0.441063 -0.074680
v 0.049332 -0.444916 -0.075098
v -0.021281 -0.409358 -0.098646
v 0.021145 -0.410792 -0.099424
v -0.024016 -0.469919 -0.049804
v 0.030058 -0.467576 -0.043664
v -0.181588 -0.284670 -0.128627
v -0.171581 -0.176439 -0.157261
v -0.143011 -0.255464 -0.149698
v -0.139395 -0.204691 -0.166868
v -0.218610 -0.256878 -0.126551
v -0.211146 -0.201173 -0.137286
v -0.385884 -0.183668 0.187814
v -0.384862 -0.190393 0.277112
v -0.383376 -0.227536 0.206071
v -0.382032 -0.230520 0.252523
v -0.386227 -0.144753 0.212725
v -0.387841 -0.148006 0.256244
v -0.319979 -0.124296 -0.062924
v -0.255839 -0.087308 -0.118748
v -0.304486 -0.076791 -0.068549
v -0.276069 -0.058621 -0.098177
v -0.307965 -0.157945 -0.090127
v -0.269033 -0.138612 -0.113240
v -0.368919 -0.054860 0.133475
v -0.385059 0.013675 0.173265
v -0.371443 -0.014265 0.113518
v -0.381783 0.018829 0.132912
v -0.379562 -0.060835 0.173513
v -0.384330 -0.025356 0.194024
v -0.360418 -0.189928 0.549466
v -0.352037 -0.176207 0.646727
v -0.358855 -0.143121 0.560281
v -0.354159 -0.135167 0.606296
v -0.355628 -0.233326 0.586585
v -0.351493 -0.228225 0.638299
v -0.386693 -0.072459 0.337838
v -0.391244 0.005118 0.294589
v -0.385848 -0.033903 0.354582
v -0.388434 0.004448 0.333028
v -0.389169 -0.070766 0.297483
v -0.390626 -0.031538 0.275882
v 0.308527 -0.403002 0.560766
v 0.352344 -0.323997 0.494783
v 0.313892 -0.396684 0.501597
v 0.347923 -0.367623 0.472031
v 0.328503 -0.368039 0.581983
v 0.346587 -0.324130 0.548360
v 0.328731 -0.458334 0.714106
v 0.341586 -0.335478 0.757293
v 0.347479 -0.493119 0.760612
v 0.345311 -0.411367 0.793161
v 0.333155 -0.389974 0.683978
v 0.341439 -0.335567 0.702342
v 0.330422 -0.393235 -0.107549
v 0.367428 -0.304635 -0.046995
v 0.371954 -0.416756 -0.077726
v 0.373726 -0.365773 -0.038275
v 0.317171 -0.325418 -0.102568
v 0.345486 -0.286471 -0.083834
v 0.185650 -0.294114 -0.120637
v 0.179601 -0.180661 -0.159587
v 0.144689 -0.259431 -0.146403
v 0.141645 -0.205126 -0.162638
v 0.225810 -0.266838 -0.119779
v 0.223427 -0.209412 -0.141543
v 0.382524 -0.188000 0.178321
v 0.382985 -0.192552 0.269641
v 0.380115 -0.231832 0.198039
v 0.380941 -0.233253 0.244840
v 0.381566 -0.148350 0.202586
v 0.381414 -0.150919 0.246914
v 0.326711 -0.134062 -0.057976
v 0.268154 -0.093938 -0.115378
v 0.316061 -0.083352 -0.063877
v 0.291337 -0.064397 -0.093388
v 0.309976 -0.169079 -0.082145
v 0.276652 -0.147883 -0.108627
v 0.378875 -0.058751 0.122388
v 0.373353 0.007952 0.161906
v 0.374485 -0.019311 0.103661
v 0.374354 0.012683 0.121806
v 0.378093 -0.065074 0.162321
v 0.375311 -0.030235 0.182984
v 0.361154 -0.187929 0.547862
v 0.352987 -0.175452 0.645266
v 0.360710 -0.140822 0.561083
v 0.358982 -0.132968 0.608280
v 0.356608 -0.231984 0.582575
v 0.352241 -0.228260 0.632334
v 0.372800 -0.073772 0.330444
v 0.366539 0.001877 0.284265
v 0.365153 -0.036152 0.347614
v 0.362323 0.001506 0.324111
v 0.374864 -0.073643 0.288194
v 0.372842 -0.034923 0.265886
v 0.140234 -0.009997 0.957130
v 0.227250 -0.059600 0.912191
v 0.146532 -0.066124 0.970213
v 0.192873 -0.093553 0.945740
v 0.176069 0.020206 0.919023
v 0.217925 -0.002129 0.901179
v -0.139242 -0.011449 0.958067
v -0.229068 -0.061740 0.910020
v -0.146622 -0.066471 0.971960
v -0.193691 -0.093103 0.945273
v -0.175299 0.017279 0.918711
v -0.218271 -0.006881 0.898321
v 0.118465 0.139953 0.863822
v 0.173952 0.191916 0.791363
v 0.114105 0.186804 0.833278
v 0.142411 0.211615 0.798790
v 0.154835 0.118687 0.857029
v 0.181331 0.145642 0.818785
v -0.115488 0.142158 0.863354
v -0.174035 0.195238 0.790970
v -0.111063 0.190663 0.832198
v -0.143492 0.217220 0.801118
v -0.153640 0.119607 0.857647
v -0.182250 0.147095 0.820163
v 0.278919 0.034395 0.773875
v 0.248351 0.128679 0.734327
v 0.282373 0.061486 0.724407
v 0.267575 0.108472 0.708043
v 0.253509 0.055541 0.804091
v 0.238462 0.103409 0.781331
v -0.281285 0.031764 0.769653
v -0.253558 0.130943 0.733543
v -0.286902 0.061182 0.720363
v -0.274294 0.109677 0.705872
v -0.255235 0.053033 0.801807
v -0.240173 0.102831 0.779334
v 0.092068 0.065859 -0.445065
v 0.123211 0.033407 -0.350580
v 0.077346 0.025822 -0.398248
v 0.094202 0.007843 -0.357024
v 0.131293 0.086305 -0.449140
v 0.144183 0.072156 -0.394724
v -0.094619 0.068630 -0.444838
v -0.120125 0.037756 -0.351511
v -0.083137 0.022501 -0.402901
v -0.096831 0.006370 -0.359483
v -0.130047 0.091476 -0.446759
v -0.140547 0.078913 -0.394144
v 0.160592 0.205057 -0.606736
v 0.305909 0.261144 -0.581064
v 0.184321 0.271519 -0.659479
v 0.250567 0.313752 -0.638776
v 0.199862 0.167107 -0.565008
v 0.285126 0.179687 -0.558166
v -0.150866 0.197571 -0.606610
v -0.286003 0.214090 -0.593791
v -0.166791 0.258742 -0.654812
v -0.231867 0.299803 -0.654348
v -0.185426 0.161294 -0.559069
v -0.254499 0.149750 -0.557753
v 0.199895 0.126558 -0.289351
v 0.265503 0.201632 -0.352879
v 0.224324 0.154405 -0.256815
v 0.245205 0.195988 -0.281838
v 0.206102 0.129812 -0.356826
v 0.245578 0.166056 -0.395655
v -0.195021 0.125329 -0.299875
v -0.263715 0.189891 -0.366252
v -0.221922 0.147535 -0.272466
v -0.242935 0.186811 -0.299985
v -0.197419 0.134028 -0.362751
v -0.244735 0.157066 -0.405435
v -0.192967 0.620033 0.250886
v -0.164713 0.609717 0.162907
v -0.177197 0.644950 0.240229
v -0.148420 0.634455 0.139353
v -0.226828 0.582856 0.289532
v -0.203165 0.633776 0.287206
v -0.237917 0.591613 0.322102
v -0.184511 0.569836 0.154437
v -0.151666 0.619515 0.088998
v -0.177447 0.578447 0.080188
v -0.221158 0.549891 0.241632
v -0.194772 0.550151 0.119267
v -0.230483 0.524234 0.217959
v -0.247834 0.566100 0.317224
v -0.244842 0.530543 0.265660
v 0.170480 0.616520 0.255361
v 0.155589 0.618533 0.190366
v 0.158297 0.634591 0.243359
v 0.138221 0.641864 0.176577
v 0.193161 0.580111 0.284172
v 0.171586 0.615909 0.275096
v 0.193165 0.576454 0.305854
v 0.173907 0.576539 0.175735
v 0.140917 0.625403 0.135895
v 0.163477 0.577440 0.113558
v 0.199287 0.556119 0.246305
v 0.180916 0.550385 0.139020
v 0.207238 0.525001 0.222610
v 0.203093 0.553223 0.304296
v 0.211841 0.527382 0.265326
v -0.271396 -0.511340 0.222004
v -0.319234 -0.572751 0.151353
v -0.239780 -0.533387 0.219003
v -0.298722 -0.629036 0.150701
v -0.300847 -0.450620 0.255880
v -0.242385 -0.496607 0.263354
v -0.285424 -0.446551 0.304154
v -0.350373 -0.496482 0.131641
v -0.343451 -0.631819 0.098408
v -0.370206 -0.522540 0.079776
v -0.336912 -0.430465 0.200090
v -0.366684 -0.458862 0.105710
v -0.354502 -0.396675 0.182919
v -0.312640 -0.418528 0.292488
v -0.345314 -0.390461 0.230435
v 0.261521 -0.507073 0.221367
v 0.310898 -0.569719 0.151597
v 0.227832 -0.532607 0.224670
v 0.284902 -0.629226 0.157001
v 0.296975 -0.447205 0.256935
v 0.230153 -0.488671 0.268698
v 0.281205 -0.440650 0.307479
v 0.358929 -0.503496 0.135261
v 0.344510 -0.633512 0.107850
v 0.379644 -0.530878 0.083148
v 0.335740 -0.432164 0.198448
v 0.370359 -0.465760 0.106119
v 0.353460 -0.400080 0.180234
v 0.310897 -0.415996 0.293443
v 0.343022 -0.391947 0.227510
v 0.027194 -0.473007 0.874718
v -0.067345 -0.400842 0.904524
v -0.010899 -0.503605 0.852267
v -0.113496 -0.444656 0.896187
v 0.110186 -0.448991 0.908883
v 0.067961 -0.538348 0.858013
v 0.152150 -0.544577 0.913171
v 0.063753 -0.325549 0.941249
v -0.037050 -0.310927 0.942174
v 0.060073 -0.258444 0.963484
v -0.044409 -0.248803 0.964592
v 0.171873 -0.448695 0.916812
v 0.115685 -0.302405 0.949197
v -0.130406 -0.379175 0.912933
v -0.093239 -0.279225 0.947529
v -0.003772 0.435339 0.653924
v -0.052346 0.409041 0.685893
v -0.021900 0.462871 0.628477
v -0.074765 0.430945 0.658645
v 0.043593 0.396800 0.675492
v 0.015796 0.458606 0.625108
v 0.066266 0.418713 0.648763
v 0.027449 0.346430 0.725568
v -0.032254 0.352153 0.729904
v 0.031831 0.309970 0.754720
v -0.033846 0.315776 0.759317
v 0.077911 0.385449 0.676424
v 0.060913 0.328871 0.731347
v -0.087382 0.401505 0.689674
v -0.065822 0.340657 0.740468
v -0.002869 -0.252391 -0.233392
v -0.021373 -0.218988 -0.260400
v -0.014400 -0.283363 -0.209499
v -0.034954 -0.242147 -0.231345
v 0.018637 -0.214094 -0.254122
v 0.007959 -0.281825 -0.206605
v 0.030639 -0.238710 -0.224501
v 0.009569 -0.159737 -0.303909
v -0.014708 -0.159501 -0.303968
v 0.013798 -0.111831 -0.321367
v -0.019700 -0.115195 -0.324503
v 0.035551 -0.198453 -0.247530
v 0.028884 -0.134713 -0.300570
v -0.041694 -0.201079 -0.252459
v -0.033669 -0.137752 -0.304146
v -0.002989 0.623672 -0.500881
v -0.077965 0.576444 -0.526692
v -0.033932 0.657093 -0.472321
v -0.115040 0.606936 -0.496536
v 0.076550 0.580559 -0.527625
v 0.024741 0.657728 -0.472466
v 0.108257 0.613711 -0.499622
v 0.047966 0.507230 -0.576961
v -0.053069 0.507586 -0.579200
v 0.053648 0.453538 -0.605025
v -0.055510 0.451574 -0.607201
v 0.128245 0.566814 -0.529290
v 0.102412 0.483851 -0.582445
v -0.132470 0.557424 -0.524964
v -0.103324 0.478869 -0.584817
v 0.342620 0.164727 -0.083447
v 0.353963 0.137405 -0.033933
v 0.338649 0.188736 -0.083840
v 0.347774 0.159226 -0.024798
v 0.340299 0.089153 -0.059959
v 0.359222 0.095265 -0.023132
v 0.337960 0.056093 -0.045926
v 0.362507 0.067420 -0.003581
v 0.329379 0.136816 -0.098828
v 0.323075 0.072899 -0.073864
v 0.309076 0.129052 -0.116063
v 0.340453 0.191054 -0.112569
v 0.315755 0.161234 -0.129770
v 0.355546 0.135342 -0.000994
v 0.363943 0.087871 0.007561
v 0.309676 0.151931 0.503413
v 0.324571 0.135765 0.455576
v 0.305159 0.188014 0.491738
v 0.321605 0.169645 0.441064
v 0.328314 0.051182 0.515491
v 0.334166 0.075291 0.461227
v 0.337003 0.014461 0.511549
v 0.341496 0.041432 0.450690
v 0.311851 0.098963 0.542587
v 0.329595 0.023480 0.545522
v 0.310309 0.076124 0.576322
v 0.299051 0.174054 0.524839
v 0.301240 0.116430 0.569094
v 0.330965 0.140045 0.424305
v 0.339947 0.074289 0.428328
v -0.322184 0.174398 -0.079880
v -0.338776 0.145920 -0.023361
v -0.322754 0.201729 -0.077891
v -0.337335 0.169640 -0.013376
v -0.324951 0.093140 -0.062746
v -0.346432 0.103003 -0.015132
v -0.321408 0.059947 -0.047686
v -0.345860 0.074805 0.004370
v -0.309875 0.140683 -0.104050
v -0.305228 0.074517 -0.080926
v -0.290912 0.130225 -0.127427
v -0.313524 0.201326 -0.112229
v -0.295131 0.164888 -0.137929
v -0.345240 0.142125 0.010427
v -0.351101 0.094681 0.018862
v -0.321636 0.154336 0.502207
v -0.335855 0.137851 0.454863
v -0.319465 0.191239 0.491167
v -0.334057 0.171406 0.441311
v -0.334949 0.051636 0.512258
v -0.344428 0.075916 0.460142
v -0.343433 0.013464 0.508193
v -0.352935 0.041216 0.450948
v -0.319457 0.101748 0.539018
v -0.333367 0.022850 0.540672
v -0.316286 0.079521 0.571577
v -0.313121 0.178391 0.523740
v -0.310459 0.120682 0.565879
v -0.343071 0.141203 0.424974
v -0.353159 0.075089 0.429450
v -0.061751 0.722946 0.214732
v -0.048820 0.737891 0.098138
v -0.097883 0.714399 0.219690
v -0.085317 0.719032 0.094148
v 0.050409 0.694297 0.206191
v 0.045552 0.720653 0.111377
v 0.084837 0.682857 0.212981
v 0.072005 0.702361 0.123871
v -0.004964 0.692006 0.246651
v -0.085882 0.701591 0.257851
v -0.025105 0.676434 0.286670
v 0.003263 0.750353 0.037147
v -0.070876 0.733827 0.016829
v -0.022975 0.762720 -0.043687
v 0.070889 0.674332 0.248379
v 0.015031 0.670754 0.284891
v 0.053226 0.719351 0.060771
v 0.009984 0.756242 -0.026777
v -0.164466 0.595852 0.394063
v -0.218727 0.560413 0.420344
v -0.182016 0.613280 0.366152
v -0.226897 0.573513 0.394454
v -0.102071 0.540102 0.491709
v -0.156715 0.503144 0.517202
v -0.080691 0.521486 0.526923
v -0.135627 0.484551 0.552770
v -0.105444 0.585263 0.425883
v -0.144634 0.622019 0.364158
v -0.085450 0.610183 0.394293
v -0.208445 0.511306 0.477209
v -0.238297 0.544824 0.418402
v -0.233576 0.498028 0.471685
v -0.061869 0.547455 0.495384
v -0.064167 0.591554 0.428006
v -0.169270 0.472183 0.545666
v -0.219121 0.479699 0.502908
v -0.216582 0.803716 -0.249517
v -0.287383 0.737710 -0.218929
v -0.196653 0.736415 -0.171602
v -0.242199 0.675511 -0.151131
v -0.173294 0.807349 -0.346680
v -0.233045 0.734607 -0.342698
v -0.147675 0.786100 -0.388517
v -0.219469 0.730605 -0.398974
v -0.171510 0.867655 -0.304244
v -0.219866 0.807384 -0.238639
v -0.155398 0.945078 -0.286967
v -0.349823 0.742443 -0.294860
v -0.318846 0.673264 -0.165045
v -0.500724 0.750856 -0.250708
v -0.133421 0.812992 -0.363683
v -0.126671 0.866529 -0.300329
v -0.257546 0.687117 -0.372553
v -0.326676 0.690956 -0.292488
v -0.253031 0.444899 0.001435
v -0.279497 0.406032 0.108426
v -0.236972 0.476080 0.025087
v -0.266708 0.438192 0.133558
v -0.299577 0.340963 -0.045376
v -0.316287 0.302834 0.043722
v -0.310087 0.303296 -0.056888
v -0.324588 0.266865 0.026250
v -0.268398 0.417197 -0.078888
v -0.240393 0.487323 -0.049784
v -0.264553 0.468957 -0.127648
v -0.310724 0.338409 0.117739
v -0.287819 0.406704 0.167078
v -0.315835 0.339755 0.171284
v -0.300283 0.342957 -0.096547
v -0.281064 0.429410 -0.133589
v -0.330105 0.267724 0.075285
v -0.324940 0.305158 0.146014
v -0.292521 0.450361 0.388676
v -0.306840 0.419903 0.340722
v -0.285046 0.482502 0.372007
v -0.297757 0.452233 0.326191
v -0.306595 0.344132 0.436089
v -0.322234 0.315000 0.384103
v -0.310577 0.306779 0.451025
v -0.325987 0.279326 0.398252
v -0.292317 0.410450 0.436203
v -0.281995 0.480607 0.402007
v -0.281842 0.438445 0.449546
v -0.323327 0.352054 0.336346
v -0.310359 0.420404 0.308973
v -0.324815 0.350506 0.301908
v -0.301391 0.338190 0.469915
v -0.287040 0.402952 0.468751
v -0.331772 0.281872 0.365269
v -0.331752 0.317035 0.316505
v 0.154283 0.595592 0.389603
v 0.194216 0.552999 0.416425
v 0.167468 0.605547 0.355856
v 0.196634 0.560764 0.385568
v 0.103068 0.552669 0.496366
v 0.152421 0.507705 0.519808
v 0.082086 0.532580 0.531680
v 0.133238 0.487997 0.555165
v 0.106499 0.595476 0.429089
v 0.136296 0.617472 0.357706
v 0.084214 0.614647 0.394953
v 0.064873 0.560681 0.501996
v 0.064186 0.599254 0.431764
v 0.195305 0.508890 0.479940
v 0.208340 0.532032 0.413966
v 0.216286 0.489781 0.473409
v 0.166829 0.474236 0.549463
v 0.207468 0.476418 0.508327
v 0.155987 0.730448 -0.159927
v 0.245096 0.710435 -0.191597
v 0.123530 0.668858 -0.079319
v 0.199731 0.640586 -0.114837
v 0.168454 0.870150 -0.331892
v 0.205650 0.765325 -0.361490
v 0.128538 0.789895 -0.377375
v 0.189174 0.731907 -0.404862
v 0.187316 0.883250 -0.220728
v 0.101461 0.708764 -0.104296
v 0.098561 0.814078 -0.189004
v 0.113716 0.835111 -0.351053
v 0.095536 0.883005 -0.262767
v 0.261516 0.753509 -0.355410
v 0.298111 0.664441 -0.140632
v 0.440424 0.725470 -0.271858
v 0.233481 0.713615 -0.391530
v 0.271497 0.665518 -0.296672
v 0.232548 0.430720 0.005454
v 0.251250 0.384283 0.111742
v 0.215299 0.462607 0.029846
v 0.237291 0.418911 0.140840
v 0.283380 0.322119 -0.048236
v 0.298195 0.279444 0.038996
v 0.300221 0.284506 -0.061658
v 0.313202 0.244210 0.019461
v 0.252359 0.406647 -0.077203
v 0.220493 0.478970 -0.046585
v 0.260102 0.466216 -0.126918
v 0.281704 0.313692 0.115726
v 0.254273 0.384620 0.171033
v 0.282562 0.316150 0.167488
v 0.284435 0.326283 -0.100178
v 0.265274 0.419388 -0.136233
v 0.311230 0.246646 0.068128
v 0.296493 0.281525 0.141203
v 0.253821 0.430792 0.385002
v 0.264614 0.400676 0.337627
v 0.242413 0.462847 0.365932
v 0.252780 0.433799 0.321782
v 0.280786 0.333644 0.436709
v 0.296083 0.305195 0.385153
v 0.288696 0.299826 0.452071
v 0.305338 0.273076 0.399964
v 0.261543 0.395369 0.435685
v 0.241967 0.459006 0.396296
v 0.249479 0.420532 0.447604
v 0.287374 0.336179 0.335001
v 0.263689 0.398257 0.303012
v 0.287389 0.332391 0.298241
v 0.277181 0.327602 0.469538
v 0.258567 0.387914 0.467486
v 0.307552 0.272357 0.364780
v 0.298328 0.301677 0.313610
v -0.071664 -0.564890 0.238659
v -0.083696 -0.586927 0.136144
v -0.116460 -0.552422 0.222723
v -0.135805 -0.614686 0.126660
v 0.066020 -0.565116 0.241533
v 0.073371 -0.590586 0.136337
v 0.107425 -0.555329 0.226681
v 0.119337 -0.619473 0.127158
v 0.000288 -0.569409 0.308886
v -0.087058 -0.554568 0.292688
v -0.018607 -0.572315 0.370117
v -0.002685 -0.565153 0.102724
v -0.111735 -0.618456 0.083998
v -0.034771 -0.544701 0.066718
v 0.084529 -0.554857 0.301747
v 0.024424 -0.572907 0.375140
v 0.101904 -0.621571 0.081555
v 0.035016 -0.548555 0.063680
v -0.171768 -0.533878 0.519647
v -0.233615 -0.477024 0.555482
v -0.175812 -0.500237 0.452349
v -0.240944 -0.456108 0.484590
v -0.171604 -0.695973 0.731788
v -0.305361 -0.686411 0.786032
v -0.167663 -0.697991 0.814791
v -0.244391 -0.641339 0.870367
v -0.127911 -0.609006 0.601216
v -0.140311 -0.532689 0.465279
v -0.089338 -0.591184 0.545927
v -0.298999 -0.506972 0.661533
v -0.271386 -0.435378 0.526339
v -0.301319 -0.428377 0.629078
v -0.103063 -0.658176 0.735754
v -0.072696 -0.621629 0.615038
v -0.305849 -0.566979 0.824963
v -0.326530 -0.458267 0.694895
v -0.216935 -0.571770 -0.112973
v -0.299787 -0.499211 -0.130938
v -0.259529 -0.623550 -0.098357
v -0.342064 -0.525818 -0.108442
v -0.103745 -0.408791 -0.098279
v -0.144674 -0.360371 -0.110301
v -0.073120 -0.373295 -0.121009
v -0.110731 -0.323019 -0.136422
v -0.124643 -0.494369 -0.079276
v -0.198971 -0.621050 -0.096049
v -0.104462 -0.527913 -0.055394
v -0.231963 -0.375962 -0.109784
v -0.324861 -0.445247 -0.092214
v -0.272358 -0.344973 -0.108401
v -0.063275 -0.409191 -0.098047
v -0.074962 -0.480133 -0.060797
v -0.145424 -0.307163 -0.131731
v -0.224879 -0.314825 -0.114502
v -0.374316 -0.254570 0.034790
v -0.383492 -0.218692 0.113279
v -0.377732 -0.308048 0.048577
v -0.380459 -0.266315 0.129126
v -0.346120 -0.106075 0.001093
v -0.361269 -0.082089 0.068142
v -0.335376 -0.060237 -0.009081
v -0.355965 -0.039630 0.052539
v -0.360079 -0.190501 -0.021421
v -0.373229 -0.298682 0.001043
v -0.352424 -0.228820 -0.052740
v -0.377866 -0.134219 0.125723
v -0.383532 -0.223798 0.159777
v -0.383368 -0.140153 0.169274
v -0.327786 -0.092140 -0.035454
v -0.339551 -0.175542 -0.059378
v -0.364369 -0.047860 0.092652
v -0.377041 -0.097348 0.150714
v -0.366894 -0.279971 0.416377
v -0.377141 -0.235532 0.344583
v -0.361894 -0.319983 0.391052
v -0.376480 -0.276335 0.320901
v -0.368321 -0.151664 0.471326
v -0.378470 -0.112469 0.401886
v -0.364848 -0.108704 0.484280
v -0.376673 -0.072605 0.416562
v -0.363603 -0.237185 0.485725
v -0.360168 -0.323757 0.442822
v -0.355884 -0.281437 0.517656
v -0.383529 -0.152476 0.342268
v -0.380317 -0.233190 0.298353
v -0.385962 -0.150917 0.299175
v -0.362999 -0.148579 0.515502
v -0.360147 -0.236409 0.535260
v -0.383119 -0.072743 0.377598
v -0.386571 -0.111375 0.319350
v 0.205999 -0.557487 0.573286
v 0.251579 -0.467659 0.574749
v 0.173630 -0.498184 0.492316
v 0.245292 -0.445597 0.504802
v 0.219523 -0.652547 0.776104
v 0.279226 -0.564785 0.735237
v 0.170091 -0.628866 0.784710
v 0.271151 -0.592703 0.778650
v 0.226794 -0.737909 0.743467
v 0.159974 -0.551887 0.512728
v 0.137478 -0.650194 0.620560
v 0.132321 -0.655326 0.774468
v 0.124047 -0.685030 0.698486
v 0.294890 -0.471785 0.652195
v 0.281259 -0.429565 0.535274
v 0.309165 -0.413912 0.617693
v 0.313619 -0.533288 0.745873
v 0.315387 -0.434370 0.667473
v 0.222332 -0.581289 -0.103535
v 0.287487 -0.501744 -0.118747
v 0.255053 -0.625092 -0.062693
v 0.346279 -0.538575 -0.106250
v 0.103105 -0.419727 -0.110888
v 0.146268 -0.367114 -0.125094
v 0.071635 -0.380451 -0.126237
v 0.110893 -0.329157 -0.140961
v 0.128584 -0.503905 -0.083754
v 0.208776 -0.645812 -0.101615
v 0.111295 -0.536611 -0.057151
v 0.062991 -0.414484 -0.102638
v 0.082013 -0.483726 -0.055885
v 0.232724 -0.387352 -0.111913
v 0.334037 -0.460326 -0.100263
v 0.277555 -0.358696 -0.106036
v 0.146877 -0.313097 -0.133070
v 0.227563 -0.324935 -0.103903
v 0.376667 -0.266433 0.031864
v 0.381168 -0.226269 0.106813
v 0.380731 -0.319229 0.045131
v 0.379160 -0.273608 0.123904
v 0.353557 -0.112589 0.001780
v 0.369911 -0.086949 0.061751
v 0.345454 -0.065878 -0.008827
v 0.364288 -0.043700 0.047718
v 0.361272 -0.203544 -0.020722
v 0.377720 -0.315205 -0.001809
v 0.358042 -0.246545 -0.053197
v 0.382420 -0.138654 0.116665
v 0.380675 -0.229574 0.151849
v 0.382264 -0.144546 0.158996
v 0.336888 -0.099389 -0.032859
v 0.342806 -0.187762 -0.054988
v 0.372850 -0.051927 0.084071
v 0.380548 -0.101054 0.140326
v 0.367776 -0.279740 0.412403
v 0.378991 -0.235792 0.338785
v 0.363945 -0.320531 0.387847
v 0.375612 -0.276510 0.313956
v 0.367188 -0.150105 0.469347
v 0.369899 -0.112768 0.397708
v 0.362630 -0.107341 0.483552
v 0.363700 -0.072737 0.413072
v 0.364245 -0.236072 0.482970
v 0.360110 -0.324399 0.440838
v 0.356873 -0.280032 0.514640
v 0.378321 -0.153715 0.335706
v 0.381859 -0.234768 0.291949
v 0.381019 -0.152757 0.291710
v 0.363217 -0.146542 0.514850
v 0.359836 -0.234507 0.532398
v 0.368049 -0.073930 0.371746
v 0.377262 -0.113019 0.311489
v 0.053174 -0.014013 1.016653
v -0.044236 -0.016098 1.010136
v 0.052206 -0.068967 1.015167
v -0.051004 -0.068392 1.027582
v 0.044128 0.136608 0.890476
v -0.036992 0.137826 0.886192
v 0.042548 0.183969 0.856656
v -0.035233 0.185675 0.852021
v 0.088444 0.064499 0.931101
v 0.098845 -0.040098 0.988856
v 0.131546 0.041844 0.926999
v -0.083815 0.064488 0.930189
v -0.095881 -0.040611 0.992701
v -0.129272 0.040879 0.927703
v 0.081143 0.161645 0.864063
v 0.123993 0.091519 0.894708
v -0.075160 0.163871 0.859821
v -0.121756 0.092493 0.896517
v 0.317160 -0.247766 0.826908
v 0.273547 -0.150972 0.878314
v 0.306665 -0.303572 0.869533
v 0.245259 -0.192952 0.913010
v 0.346019 -0.107462 0.704491
v 0.323870 -0.034043 0.752291
v 0.346079 -0.069955 0.661094
v 0.318086 -0.004810 0.701332
v 0.338639 -0.212345 0.733820
v 0.332688 -0.325226 0.815434
v 0.341250 -0.274762 0.719682
v 0.354315 -0.121894 0.656238
v 0.346772 -0.222285 0.682576
v 0.288782 -0.048335 0.840738
v 0.235722 -0.122305 0.915686
v 0.255602 -0.025519 0.874155
v 0.300776 0.014170 0.739409
v 0.273461 0.006191 0.827220
v -0.308573 -0.231954 0.833892
v -0.273916 -0.144599 0.877191
v -0.291267 -0.273528 0.876619
v -0.243388 -0.179367 0.912278
v -0.353460 -0.109368 0.700265
v -0.324573 -0.038230 0.743942
v -0.353971 -0.072053 0.655535
v -0.323343 -0.006395 0.695026
v -0.339652 -0.207317 0.741843
v -0.319503 -0.300005 0.836219
v -0.339427 -0.267964 0.736021
v -0.352681 -0.124050 0.652441
v -0.346126 -0.220153 0.690425
v -0.294765 -0.051572 0.838934
v -0.236716 -0.119000 0.913614
v -0.258680 -0.029393 0.871591
v -0.303487 0.011767 0.733512
v -0.274445 0.002034 0.823970
v 0.199085 0.325177 0.659068
v 0.188008 0.260189 0.724407
v 0.177423 0.343179 0.669565
v 0.162624 0.279325 0.734707
v 0.253033 0.265584 0.612143
v 0.248253 0.198820 0.671072
v 0.265975 0.243798 0.592314
v 0.263901 0.178097 0.648328
v 0.231517 0.328671 0.607368
v 0.194309 0.364442 0.631951
v 0.225970 0.365996 0.583463
v 0.261860 0.286497 0.574792
v 0.243447 0.348583 0.570383
v 0.217263 0.195686 0.734142
v 0.168143 0.236558 0.763468
v 0.202140 0.171531 0.778101
v 0.256182 0.153929 0.690148
v 0.226323 0.149744 0.757661
v -0.203964 0.330064 0.657398
v -0.190587 0.266011 0.724077
v -0.176354 0.347814 0.667760
v -0.162596 0.286103 0.734617
v -0.272223 0.277934 0.615416
v -0.259475 0.205179 0.672016
v -0.283517 0.252521 0.593635
v -0.275693 0.182743 0.647736
v -0.247621 0.337435 0.608277
v -0.196256 0.368537 0.629846
v -0.241274 0.375452 0.582769
v -0.283309 0.299409 0.577528
v -0.263822 0.361099 0.572561
v -0.223473 0.200674 0.735642
v -0.169506 0.242605 0.764126
v -0.203554 0.173919 0.777229
v -0.265220 0.157535 0.689357
v -0.229772 0.151966 0.757283
v 0.028898 0.065540 -0.468904
v -0.035180 0.066286 -0.467670
v 0.024207 0.023250 -0.421606
v -0.030870 0.022106 -0.422229
v 0.051312 0.200419 -0.629986
v -0.054370 0.199350 -0.625343
v 0.059197 0.268323 -0.656511
v -0.062074 0.261852 -0.661861
v 0.081561 0.128196 -0.541012
v 0.055992 0.044947 -0.435688
v 0.110444 0.104684 -0.499881
v -0.083706 0.129655 -0.537360
v -0.061603 0.044385 -0.436543
v -0.111237 0.109047 -0.495502
v 0.114618 0.232849 -0.651879
v 0.135049 0.150299 -0.552845
v -0.109799 0.228291 -0.645162
v -0.131650 0.149717 -0.552415
v 0.139622 -0.100186 -0.200535
v 0.124054 -0.028194 -0.266249
v 0.105539 -0.126292 -0.208106
v 0.098065 -0.056920 -0.279588
v 0.233493 -0.018470 -0.155673
v 0.207514 0.056650 -0.210080
v 0.259308 0.007690 -0.134118
v 0.234918 0.080138 -0.185871
v 0.207872 -0.099275 -0.161679
v 0.140506 -0.152447 -0.181734
v 0.214770 -0.153944 -0.153861
v 0.263334 -0.042536 -0.123868
v 0.242862 -0.124341 -0.135486
v 0.158735 0.050091 -0.280446
v 0.109102 -0.009916 -0.312593
v 0.150378 0.061661 -0.337724
v 0.215132 0.104933 -0.233511
v 0.173705 0.094035 -0.317322
v -0.139029 -0.097848 -0.202260
v -0.124074 -0.026174 -0.268618
v -0.110956 -0.127382 -0.215000
v -0.100831 -0.057113 -0.282152
v -0.215164 -0.015099 -0.155373
v -0.196574 0.056454 -0.218957
v -0.239373 0.009922 -0.137272
v -0.221544 0.080159 -0.196165
v -0.196864 -0.093198 -0.159750
v -0.138124 -0.151638 -0.184126
v -0.203483 -0.146565 -0.148179
v -0.245830 -0.037781 -0.126698
v -0.231568 -0.117121 -0.135467
v -0.155509 0.052498 -0.286444
v -0.109083 -0.008999 -0.314111
v -0.144723 0.069368 -0.339976
v -0.206802 0.103366 -0.245214
v -0.170343 0.097932 -0.323187
v 0.295575 0.447752 -0.447380
v 0.317403 0.362277 -0.523079
v 0.273355 0.490406 -0.490346
v 0.279455 0.403298 -0.561962
v 0.305296 0.327133 -0.289843
v 0.300202 0.267442 -0.327831
v 0.303490 0.290465 -0.238127
v 0.285267 0.247530 -0.263997
v 0.304990 0.420640 -0.342640
v 0.280692 0.512909 -0.436871
v 0.294317 0.478245 -0.338540
v 0.299359 0.332328 -0.242801
v 0.295569 0.428100 -0.290567
v 0.327535 0.258249 -0.458737
v 0.297828 0.337099 -0.583694
v 0.325012 0.224449 -0.513383
v 0.278089 0.227481 -0.308585
v 0.290556 0.208597 -0.429804
v -0.297552 0.433000 -0.447570
v -0.324593 0.343692 -0.538455
v -0.268521 0.471239 -0.485135
v -0.289320 0.394403 -0.584118
v -0.307951 0.325293 -0.294759
v -0.303313 0.259506 -0.340153
v -0.301630 0.293044 -0.243111
v -0.281786 0.242999 -0.279074
v -0.310866 0.415839 -0.344099
v -0.285583 0.496682 -0.430010
v -0.305563 0.476215 -0.335543
v -0.304294 0.336628 -0.244019
v -0.306324 0.429561 -0.289629
v -0.321523 0.237100 -0.471027
v -0.298670 0.305518 -0.607912
v -0.282048 0.197081 -0.513385
v -0.275811 0.219053 -0.323924
v -0.290415 0.188417 -0.442726
v 0.351459 0.134804 0.159581
v 0.366182 0.074326 0.160203
v 0.351998 0.134107 0.117836
v 0.368620 0.076933 0.118855
v 0.345767 0.139105 0.281627
v 0.359113 0.074280 0.281480
v 0.343150 0.140864 0.319867
v 0.354483 0.073830 0.320340
v 0.339632 0.166959 0.222497
v 0.341973 0.162597 0.138558
v 0.329495 0.195405 0.203264
v 0.336625 0.172036 0.302143
v 0.329675 0.199295 0.244534
v 0.367912 0.039583 0.222177
v 0.371023 0.043725 0.140255
v 0.372302 0.005215 0.202706
v 0.360869 0.038633 0.302514
v 0.369926 0.003000 0.243706
v -0.363271 0.142336 0.170384
v -0.378243 0.079043 0.171553
v -0.360271 0.141618 0.129150
v -0.374251 0.081000 0.131257
v -0.365198 0.144532 0.289298
v -0.381048 0.076289 0.291267
v -0.361472 0.144698 0.325891
v -0.377097 0.076225 0.327794
v -0.358584 0.176284 0.231876
v -0.355278 0.173490 0.149084
v -0.352589 0.208365 0.212931
v -0.356715 0.179546 0.308375
v -0.352505 0.210184 0.254687
v -0.390327 0.043279 0.233582
v -0.382919 0.048254 0.151931
v -0.388552 0.009388 0.213774
v -0.387802 0.041391 0.311637
v -0.391622 0.006883 0.254497
v -0.162384 0.682093 0.272727
v -0.180992 0.656423 0.309860
v -0.121128 0.676706 0.033438
v -0.135467 0.670558 -0.032619
v -0.143423 0.666202 0.301790
v -0.123604 0.706018 -0.060171
v -0.252455 0.564518 0.369908
v -0.266081 0.542435 0.366182
v -0.261170 0.535099 0.390205
v -0.195791 0.577932 -0.039421
v -0.205731 0.540237 0.005880
v -0.220585 0.559997 -0.074071
v -0.265291 0.471098 0.220885
v -0.278173 0.478390 0.273815
v -0.287614 0.443918 0.250382
v 0.146250 0.655421 0.258736
v 0.163792 0.633588 0.291695
v 0.098505 0.675070 0.100704
v 0.103182 0.661003 0.053250
v 0.130921 0.645859 0.289740
v 0.079178 0.688169 0.032569
v 0.206126 0.543557 0.355197
v 0.216148 0.519451 0.351767
v 0.218514 0.514401 0.380162
v 0.179815 0.566252 -0.016730
v 0.187049 0.530021 0.018860
v 0.209472 0.554721 -0.067635
v 0.232069 0.459225 0.222999
v 0.237289 0.463204 0.266917
v 0.247429 0.426585 0.246719
v -0.168552 -0.526488 0.271973
v -0.180070 -0.508422 0.328788
v -0.220411 -0.738562 0.091266
v -0.276584 -0.723771 0.007266
v -0.140808 -0.525585 0.338718
v -0.183781 -0.716095 0.001874
v -0.290746 -0.419882 0.399543
v -0.322759 -0.388716 0.380779
v -0.316436 -0.393052 0.436902
v -0.384157 -0.475449 -0.008516
v -0.384237 -0.416112 0.028794
v -0.381695 -0.409822 -0.025204
v -0.371908 -0.312698 0.195027
v -0.368160 -0.313018 0.243312
v -0.376948 -0.271097 0.224458
v 0.154478 -0.519439 0.277914
v 0.167434 -0.498361 0.342086
v 0.217992 -0.708409 0.083339
v 0.281834 -0.730830 0.015211
v 0.136256 -0.525217 0.358471
v 0.187586 -0.728528 0.010080
v 0.292627 -0.416070 0.407163
v 0.324813 -0.388469 0.382994
v 0.321158 -0.393472 0.441842
v 0.384920 -0.486623 -0.009254
v 0.387497 -0.427039 0.026644
v 0.383445 -0.427776 -0.028608
v 0.369997 -0.317000 0.189611
v 0.366603 -0.315405 0.237762
v 0.375524 -0.274842 0.218177
v -0.028790 -0.586225 0.812210
v 0.052490 -0.595424 0.808606
v -0.239479 -0.480012 0.901265
v -0.248493 -0.390615 0.898938
v 0.011599 -0.611018 0.776423
v -0.301064 -0.434767 0.882192
v 0.308803 -0.661751 0.882384
v 0.299962 -0.486895 0.893201
v 0.345175 -0.510947 0.833547
v 0.104935 -0.161143 0.983155
v 0.157491 -0.195624 0.964260
v -0.101422 -0.154888 0.982937
v -0.153554 -0.183003 0.963030
v 0.151968 -0.127493 0.971553
v -0.151421 -0.123726 0.971927
v -0.020693 0.512051 0.567124
v 0.020199 0.514745 0.568229
v -0.128330 0.435928 0.618956
v -0.139518 0.402933 0.648158
v 0.000502 0.535161 0.533986
v -0.159455 0.420671 0.610880
v 0.125312 0.431087 0.616943
v 0.137491 0.395454 0.645320
v 0.161127 0.418604 0.612593
v 0.072758 0.250435 0.797545
v 0.102610 0.272935 0.768087
v -0.070387 0.257321 0.798239
v -0.103785 0.282857 0.772738
v 0.108798 0.231110 0.801301
v -0.107367 0.237701 0.801973
v -0.017360 -0.346579 -0.154399
v 0.013838 -0.345853 -0.152109
v -0.080493 -0.249289 -0.187697
v -0.080927 -0.204313 -0.209070
v -0.001061 -0.377875 -0.125583
v -0.108380 -0.229543 -0.177742
v 0.075710 -0.246644 -0.175201
v 0.074835 -0.200436 -0.196600
v 0.102478 -0.227835 -0.166869
v 0.040447 -0.041294 -0.354883
v 0.057880 -0.062563 -0.324226
v -0.047949 -0.048172 -0.360497
v -0.063809 -0.068187 -0.329422
v 0.066085 -0.017000 -0.358110
v -0.072763 -0.023879 -0.364174
v -0.041172 0.728079 -0.419357
v 0.027534 0.725392 -0.416649
v -0.223064 0.636277 -0.469421
v -0.232001 0.571970 -0.493553
v -0.006427 0.747609 -0.387398
v -0.274928 0.607159 -0.456428
v 0.196313 0.643022 -0.473565
v 0.221299 0.593817 -0.502473
v 0.251328 0.626865 -0.466662
v 0.128825 0.371127 -0.645437
v 0.186898 0.409190 -0.627194
v -0.117107 0.364254 -0.658055
v -0.165594 0.390566 -0.622659
v 0.189634 0.345216 -0.655270
v -0.169461 0.329834 -0.659213
v 0.316624 0.252474 -0.114106
v 0.317540 0.254025 -0.153229
v 0.336430 0.186390 0.029027
v 0.344739 0.160435 0.053714
v 0.301661 0.289912 -0.153103
v 0.333692 0.188417 0.072464
v 0.324900 -0.006500 -0.051245
v 0.307094 0.012355 -0.079488
v 0.364592 0.025498 0.048303
v 0.366260 0.052209 0.063762
v 0.308952 -0.034865 -0.072192
v 0.369439 0.018137 0.084120
v 0.266227 0.143498 -0.176437
v 0.277933 0.181781 -0.196436
v 0.253173 0.169572 -0.226720
v 0.289761 0.252281 0.499337
v 0.283671 0.237820 0.533966
v 0.324164 0.208904 0.394444
v 0.333568 0.176593 0.375233
v 0.279054 0.277665 0.519066
v 0.326323 0.208163 0.359699
v 0.351123 -0.059066 0.536250
v 0.345081 -0.050156 0.577437
v 0.353143 0.002765 0.401974
v 0.350960 0.038231 0.379058
v 0.355722 -0.094416 0.570920
v 0.357836 0.001628 0.363509
v 0.298777 0.068383 0.646638
v 0.285804 0.112720 0.635236
v 0.284272 0.087580 0.678403
v -0.314700 0.266084 -0.109769
v -0.309746 0.264709 -0.152506
v -0.340751 0.200446 0.038465
v -0.348888 0.171358 0.063998
v -0.308672 0.301957 -0.150499
v -0.344044 0.202735 0.082144
v -0.308734 -0.003494 -0.054620
v -0.286803 0.013333 -0.086867
v -0.363629 0.031617 0.056699
v -0.368624 0.058183 0.074422
v -0.292920 -0.030555 -0.076315
v -0.373506 0.024149 0.093819
v -0.254590 0.141173 -0.193583
v -0.264822 0.180825 -0.210597
v -0.243317 0.167350 -0.242090
v -0.306879 0.259608 0.499532
v -0.300913 0.244832 0.534071
v -0.338370 0.211331 0.394807
v -0.347243 0.178682 0.376928
v -0.299087 0.287450 0.520287
v -0.344499 0.213737 0.361798
v -0.351897 -0.060949 0.533367
v -0.346462 -0.051393 0.573334
v -0.372180 0.003324 0.405722
v -0.373115 0.040093 0.383481
v -0.353204 -0.097081 0.568064
v -0.381457 0.003591 0.369571
v -0.305555 0.070542 0.642954
v -0.296138 0.116534 0.633415
v -0.291583 0.089378 0.675218
v -0.024089 0.636444 0.359760
v 0.018786 0.635162 0.359103
v -0.001542 0.617677 0.395310
v -0.042617 0.812423 -0.184429
v 0.007833 0.795215 -0.162632
v -0.020633 0.828160 -0.239328
v -0.260775 0.449954 0.489894
v -0.249590 0.431831 0.522273
v -0.267651 0.415606 0.514091
v -0.316646 0.552957 -0.228505
v -0.314692 0.556106 -0.278246
v -0.302589 0.493234 -0.233189
v -0.330907 0.310758 0.240013
v -0.338785 0.274979 0.217236
v -0.338865 0.278583 0.257661
v 0.237228 0.434663 0.490261
v 0.232040 0.420817 0.524479
v 0.244875 0.399466 0.513710
v 0.293764 0.554559 -0.231161
v 0.292715 0.547246 -0.279966
v 0.285253 0.486314 -0.236444
v 0.297899 0.291559 0.232586
v 0.308816 0.257227 0.207581
v 0.309199 0.261716 0.250788
v -0.012584 -0.596240 0.502919
v 0.037481 -0.605345 0.516319
v 0.017312 -0.621935 0.578967
v -0.025982 -0.523120 -0.000740
v 0.033345 -0.525388 -0.002197
v 0.003041 -0.496600 -0.022977
v -0.340136 -0.331030 0.610047
v -0.339800 -0.333444 0.669463
v -0.346864 -0.280695 0.626242
v -0.299414 -0.249676 -0.106077
v -0.253035 -0.225851 -0.120424
v -0.284350 -0.192963 -0.109026
v -0.387817 -0.106224 0.235685
v -0.385689 -0.065209 0.214482
v -0.388548 -0.068628 0.255918
v 0.343185 -0.326399 0.601005
v 0.341241 -0.331024 0.651717
v 0.351093 -0.278908 0.618017
v 0.302324 -0.263048 -0.100895
v 0.260613 -0.236471 -0.116825
v 0.287515 -0.203657 -0.103054
v 0.380049 -0.109583 0.225113
v 0.377956 -0.069290 0.203941
v 0.376904 -0.072063 0.246026
v 0.205516 0.050241 0.877370
v 0.191340 0.098276 0.846857
v 0.224508 0.077076 0.828973
v -0.202186 0.045802 0.872443
v -0.191235 0.097504 0.847042
v -0.224651 0.074934 0.828137
v 0.173826 0.104922 -0.447360
v 0.217612 0.133721 -0.509913
v 0.216508 0.127165 -0.433338
v -0.169196 0.111302 -0.442074
v -0.208442 0.135192 -0.500575
v -0.208519 0.131313 -0.428297
f 1 647 644
f 1 644 643
f 1 643 645
f 1 645 646
f 1 646 647
f 2 649 652
f 6 672 670
f 12 702 699
f 11 696 695
f 8 679 681
f 4 662 659
f 4 659 658
f 4 658 660
f 4 660 661
f 4 661 662
f 5 666 665
f 3 654 657
f 7 673 677
f 9 685 686
f 10 692 688
f 12 701 698
f 6 669 668
f 2 650 648
f 8 682 678
f 11 697 693
f 6 671 669
f 12 700 701
f 11 694 697
f 8 680 682
f 2 651 650
f 10 690 689
f 5 663 664
f 3 655 653
f 7 676 674
f 9 687 684
f 10 691 690
f 5 667 663
f 3 656 655
f 7 675 676
f 9 683 687
f 6 668 672
f 2 648 649
f 8 678 679
f 11 693 696
f 12 698 702
f 10 688 691
f 5 665 667
f 3 657 656
f 7 677 675
f 9 686 683
f 5 664 666
f 3 653 654
f 7 674 673
f 9 684 685
f 10 689 692
f 6 670 671
f 12 699 700
f 11 695 694
f 8 681 680
f 2 652 651
f 35 837 838
f 18 735 736
f 19 742 741
f 40 868 867
f 42 880 879
f 34 832 831
f 33 827 828
f 25 778 780
f 36 844 846
f 20 749 747
f 32 819 820
f 23 765 767
f 24 773 771
f 37 850 849
f 41 876 875
f 34 833 834
f 33 826 825
f 25 779 777
f 36 845 843
f 20 748 750
f 17 729 727
f 14 711 709
f 13 706 703
f 15 718 715
f 16 724 721
f 18 737 733
f 35 839 835
f 42 882 878
f 40 870 866
f 19 744 740
f 30 807 805
f 27 789 787
f 22 762 758
f 28 797 793
f 29 802 799
f 32 821 817
f 23 766 763
f 24 774 770
f 37 852 848
f 41 874 872
f 35 838 836
f 18 736 734
f 19 741 739
f 40 867 865
f 42 879 877
f 34 831 829
f 33 828 824
f 25 780 776
f 36 846 842
f 20 747 745
f 32 820 818
f 23 767 764
f 24 771 769
f 37 849 847
f 41 875 871
f 34 834 830
f 33 825 823
f 25 777 775
f 36 843 841
f 20 750 746
f 14 714 710
f 13 707 704
f 15 719 716
f 16 725 722
f 17 732 728
f 21 755 752
f 31 814 811
f 26 784 781
f 38 857 853
f 39 862 860
f 27 792 788
f 22 759 757
f 28 796 794
f 29 803 800
f 30 810 806
f 31 815 812
f 26 785 782
f 38 856 854
f 39 863 859
f 21 754 751
f 14 712 714
f 13 705 707
f 15 717 719
f 16 723 725
f 17 730 732
f 21 753 755
f 31 816 814
f 26 786 784
f 38 858 857
f 39 861 862
f 27 791 792
f 22 761 759
f 28 795 796
f 29 801 803
f 30 808 810
f 31 813 815
f 26 783 785
f 38 855 856
f 39 864 863
f 21 756 754
f 14 709 712
f 13 703 705
f 15 715 717
f 16 721 723
f 17 727 730
f 21 751 753
f 31 812 816
f 26 782 786
f 38 854 858
f 39 859 861
f 27 787 791
f 22 758 761
f 28 793 795
f 29 799 801
f 30 805 808
f 31 811 813
f 26 781 783
f 38 853 855
f 39 860 864
f 21 752 756
f 17 728 731
f 14 710 713
f 13 704 708
f 15 716 720
f 16 722 726
f 18 734 738
f 35 836 840
f 42 877 881
f 40 865 869
f 19 739 743
f 30 806 809
f 27 788 790
f 22 757 760
f 28 794 798
f 29 800 804
f 32 818 822
f 23 764 768
f 24 769 772
f 37 847 851
f 41 871 873
f 35 835 837
f 18 733 735
f 19 740 742
f 40 866 868
f 42 878 880
f 34 830 832
f 33 823 827
f 25 775 778
f 36 841 844
f 20 746 749
f 32 817 819
f 23 763 765
f 24 770 773
f 37 848 850
f 41 872 876
f 34 829 833
f 33 824 826
f 25 776 779
f 36 842 845
f 20 745 748
f 17 731 729
f 14 713 711
f 13 708 706
f 15 720 718
f 16 726 724
f 18 738 737
f 35 840 839
f 42 881 882
f 40 869 870
f 19 743 744
f 30 809 807
f 27 790 789
f 22 760 762
f 28 798 797
f 29 804 802
f 32 822 821
f 23 768 766
f 24 772 774
f 37 851 852
f 41 873 874
f 107 1269 1270
f 103 1245 1246
f 104 1252 1251
f 110 1288 1287
f 113 1306 1305
f 118 1336 1335
f 154 1551 1552
f 141 1473 1474
f 162 1599 1600
f 121 1354 1353
f 142 1479 1480
f 129 1401 1402
f 130 1408 1407
f 144 1492 1491
f 146 1504 1503
f 151 1533 1534
f 131 1414 1413
f 136 1444 1443
f 161 1594 1593
f 126 1383 1384
f 116 1323 1324
f 108 1275 1276
f 106 1263 1264
f 112 1299 1300
f 115 1317 1318
f 119 1341 1342
f 156 1564 1563
f 139 1462 1461
f 160 1588 1587
f 120 1347 1348
f 149 1521 1522
f 132 1420 1419
f 128 1395 1396
f 145 1497 1498
f 148 1515 1516
f 155 1557 1558
f 133 1425 1426
f 134 1431 1432
f 157 1570 1569
f 124 1372 1371
f 109 1282 1281
f 105 1258 1257
f 111 1294 1293
f 114 1312 1311
f 117 1330 1329
f 125 1378 1377
f 152 1540 1539
f 137 1449 1450
f 158 1575 1576
f 123 1365 1366
f 143 1486 1485
f 127 1390 1389
f 135 1437 1438
f 147 1510 1509
f 150 1528 1527
f 153 1546 1545
f 140 1468 1467
f 138 1455 1456
f 159 1581 1582
f 122 1359 1360
f 107 1272 1271
f 103 1248 1247
f 104 1253 1254
f 110 1289 1290
f 113 1307 1308
f 118 1337 1338
f 154 1554 1553
f 141 1476 1475
f 162 1602 1601
f 121 1355 1356
f 142 1482 1481
f 129 1404 1403
f 130 1409 1410
f 144 1493 1494
f 146 1505 1506
f 151 1536 1535
f 131 1415 1416
f 136 1445 1446
f 161 1595 1596
f 126 1386 1385
f 47 909 907
f 44 891 889
f 43 886 883
f 45 898 895
f 46 904 901
f 49 922 919
f 72 1060 1057
f 102 1240 1237
f 96 1204 1201
f 79 1102 1099
f 62 999 997
f 59 981 979
f 58 976 973
f 60 988 985
f 61 994 991
f 66 1024 1021
f 54 952 949
f 73 1066 1063
f 85 1138 1135
f 92 1179 1177
f 101 1233 1231
f 69 1041 1039
f 50 927 925
f 82 1119 1117
f 97 1209 1207
f 71 1053 1051
f 100 1228 1225
f 94 1192 1189
f 80 1108 1105
f 51 933 931
f 90 1167 1165
f 63 1005 1003
f 55 957 955
f 76 1083 1081
f 87 1150 1147
f 91 1174 1171
f 67 1029 1027
f 56 963 961
f 75 1077 1075
f 83 1126 1123
f 68 1036 1033
f 48 915 913
f 78 1095 1093
f 93 1185 1183
f 98 1216 1213
f 88 1155 1153
f 65 1018 1015
f 57 970 967
f 77 1090 1087
f 86 1143 1141
f 64 1012 1009
f 53 945 943
f 74 1071 1069
f 84 1131 1129
f 89 1162 1159
f 70 1047 1045
f 99 1221 1219
f 95 1197 1195
f 81 1114 1111
f 52 940 937
f 109 1284 1280
f 105 1260 1256
f 111 1296 1292
f 114 1314 1310
f 117 1332 1328
f 125 1380 1376
f 152 1542 1538
f 137 1451 1447
f 158 1577 1573
f 123 1367 1363
f 143 1488 1484
f 127 1392 1388
f 135 1439 1435
f 147 1512 1508
f 150 1530 1526
f 153 1548 1544
f 140 1470 1466
f 138 1457 1453
f 159 1583 1579
f 122 1361 1357
f 107 1270 1268
f 103 1246 1244
f 104 1251 1249
f 110 1287 1285
f 113 1305 1303
f 118 1335 1333
f 154 1552 1550
f 141 1474 1472
f 162 1600 1598
f 121 1353 1351
f 142 1480 1478
f 129 1402 1400
f 130 1407 1405
f 144 1491 1489
f 146 1503 1501
f 151 1534 1532
f 131 1413 1411
f 136 1443 1441
f 161 1593 1591
f 126 1384 1382
f 116 1324 1322
f 108 1276 1274
f 106 1264 1262
f 112 1300 1298
f 115 1318 1316
f 119 1342 1340
f 156 1563 1561
f 139 1461 1459
f 160 1587 1585
f 120 1348 1346
f 149 1522 1520
f 132 1419 1417
f 128 1396 1394
f 145 1498 1496
f 148 1516 1514
f 155 1558 1556
f 133 1426 1424
f 134 1432 1430
f 157 1569 1567
f 124 1371 1369
f 109 1281 1279
f 105 1257 1255
f 111 1293 1291
f 114 1311 1309
f 117 1329 1327
f 125 1377 1375
f 152 1539 1537
f 137 1450 1448
f 158 1576 1574
f 123 1366 1364
f 143 1485 1483
f 127 1389 1387
f 135 1438 1436
f 147 1509 1507
f 150 1527 1525
f 153 1545 1543
f 140 1467 1465
f 138 1456 1454
f 159 1582 1580
f 122 1360 1358
f 107 1271 1267
f 103 1247 1243
f 104 1254 1250
f 110 1290 1286
f 113 1308 1304
f 118 1338 1334
f 154 1553 1549
f 141 1475 1471
f 162 1601 1597
f 121 1356 1352
f 142 1481 1477
f 129 1403 1399
f 130 1410 1406
f 144 1494 1490
f 146 1506 1502
f 151 1535 1531
f 131 1416 1412
f 136 1446 1442
f 161 1596 1592
f 126 1385 1381
f 44 894 890
f 43 887 884
f 45 899 896
f 46 905 902
f 47 912 908
f 52 941 938
f 70 1050 1046
f 99 1224 1220
f 95 1200 1196
f 81 1115 1112
f 59 984 980
f 58 977 974
f 60 989 986
f 61 995 992
f 62 1002 998
f 65 1019 1016
f 57 971 968
f 77 1091 1088
f 86 1146 1142
f 88 1158 1154
f 98 1217 1214
f 68 1037 1034
f 48 918 914
f 78 1098 1094
f 93 1188 1184
f 69 1044 1040
f 101 1236 1232
f 97 1212 1208
f 82 1122 1118
f 50 930 926
f 89 1163 1160
f 64 1013 1010
f 53 948 944
f 74 1074 1070
f 84 1134 1130
f 90 1170 1166
f 63 1008 1004
f 55 960 956
f 76 1086 1082
f 87 1151 1148
f 72 1061 1058
f 49 923 920
f 79 1103 1100
f 96 1205 1202
f 102 1241 1238
f 91 1175 1172
f 67 1032 1028
f 56 966 962
f 75 1080 1076
f 83 1127 1124
f 66 1025 1022
f 54 953 950
f 73 1067 1064
f 85 1139 1136
f 92 1182 1178
f 71 1056 1052
f 100 1229 1226
f 94 1193 1190
f 80 1109 1106
f 51 936 932
f 116 1325 1321
f 108 1277 1273
f 106 1265 1261
f 112 1301 1297
f 115 1319 1315
f 119 1343 1339
f 156 1566 1562
f 139 1464 1460
f 160 1590 1586
f 120 1349 1345
f 149 1523 1519
f 132 1422 1418
f 128 1397 1393
f 145 1499 1495
f 148 1517 1513
f 155 1559 1555
f 133 1427 1423
f 134 1433 1429
f 157 1572 1568
f 124 1374 1370
f 44 892 894
f 43 885 887
f 45 897 899
f 46 903 905
f 47 910 912
f 52 939 941
f 70 1048 1050
f 99 1222 1224
f 95 1198 1200
f 81 1113 1115
f 59 982 984
f 58 975 977
f 60 987 989
f 61 993 995
f 62 1000 1002
f 65 1017 1019
f 57 969 971
f 77 1089 1091
f 86 1144 1146
f 88 1156 1158
f 98 1215 1217
f 68 1035 1037
f 48 916 918
f 78 1096 1098
f 93 1186 1188
f 69 1042 1044
f 101 1234 1236
f 97 1210 1212
f 82 1120 1122
f 50 928 930
f 89 1161 1163
f 64 1011 1013
f 53 946 948
f 74 1072 1074
f 84 1132 1134
f 90 1168 1170
f 63 1006 1008
f 55 958 960
f 76 1084 1086
f 87 1149 1151
f 72 1059 1061
f 49 921 923
f 79 1101 1103
f 96 1203 1205
f 102 1239 1241
f 91 1173 1175
f 67 1030 1032
f 56 964 966
f 75 1078 1080
f 83 1125 1127
f 66 1023 1025
f 54 951 953
f 73 1065 1067
f 85 1137 1139
f 92 1180 1182
f 71 1054 1056
f 100 1227 1229
f 94 1191 1193
f 80 1107 1109
f 51 934 936
f 116 1326 1325
f 108 1278 1277
f 106 1266 1265
f 112 1302 1301
f 115 1320 1319
f 119 1344 1343
f 156 1565 1566
f 139 1463 1464
f 160 1589 1590
f 120 1350 1349
f 149 1524 1523
f 132 1421 1422
f 128 1398 1397
f 145 1500 1499
f 148 1518 1517
f 155 1560 1559
f 133 1428 1427
f 134 1434 1433
f 157 1571 1572
f 124 1373 1374
f 44 889 892
f 43 883 885
f 45 895 897
f 46 901 903
f 47 907 910
f 52 937 939
f 70 1045 1048
f 99 1219 1222
f 95 1195 1198
f 81 1111 1113
f 59 979 982
f 58 973 975
f 60 985 987
f 61 991 993
f 62 997 1000
f 65 1015 1017
f 57 967 969
f 77 1087 1089
f 86 1141 1144
f 88 1153 1156
f 98 1213 1215
f 68 1033 1035
f 48 913 916
f 78 1093 1096
f 93 1183 1186
f 69 1039 1042
f 101 1231 1234
f 97 1207 1210
f 82 1117 1120
f 50 925 928
f 89 1159 1161
f 64 1009 1011
f 53 943 946
f 74 1069 1072
f 84 1129 1132
f 90 1165 1168
f 63 1003 1006
f 55 955 958
f 76 1081 1084
f 87 1147 1149
f 72 1057 1059
f 49 919 921
f 79 1099 1101
f 96 1201 1203
f 102 1237 1239
f 91 1171 1173
f 67 1027 1030
f 56 961 964
f 75 1075 1078
f 83 1123 1125
f 66 1021 1023
f 54 949 951
f 73 1063 1065
f 85 1135 1137
f 92 1177 1180
f 71 1051 1054
f 100 1225 1227
f 94 1189 1191
f 80 1105 1107
f 51 931 934
f 116 1322 1326
f 108 1274 1278
f 106 1262 1266
f 112 1298 1302
f 115 1316 1320
f 119 1340 1344
f 156 1561 1565
f 139 1459 1463
f 160 1585 1589
f 120 1346 1350
f 149 1520 1524
f 132 1417 1421
f 128 1394 1398
f 145 1496 1500
f 148 1514 1518
f 155 1556 1560
f 133 1424 1428
f 134 1430 1434
f 157 1567 1571
f 124 1369 1373
f 47 908 911
f 44 890 893
f 43 884 888
f 45 896 900
f 46 902 906
f 49 920 924
f 72 1058 1062
f 102 1238 1242
f 96 1202 1206
f 79 1100 1104
f 62 998 1001
f 59 980 983
f 58 974 978
f 60 986 990
f 61 992 996
f 66 1022 1026
f 54 950 954
f 73 1064 1068
f 85 1136 1140
f 92 1178 1181
f 101 1232 1235
f 69 1040 1043
f 50 926 929
f 82 1118 1121
f 97 1208 1211
f 71 1052 1055
f 100 1226 1230
f 94 1190 1194
f 80 1106 1110
f 51 932 935
f 90 1166 1169
f 63 1004 1007
f 55 956 959
f 76 1082 1085
f 87 1148 1152
f 91 1172 1176
f 67 1028 1031
f 56 962 965
f 75 1076 1079
f 83 1124 1128
f 68 1034 1038
f 48 914 917
f 78 1094 1097
f 93 1184 1187
f 98 1214 1218
f 88 1154 1157
f 65 1016 1020
f 57 968 972
f 77 1088 1092
f 86 1142 1145
f 64 1010 1014
f 53 944 947
f 74 1070 1073
f 84 1130 1133
f 89 1160 1164
f 70 1046 1049
f 99 1220 1223
f 95 1196 1199
f 81 1112 1116
f 52 938 942
f 109 1279 1283
f 105 1255 1259
f 111 1291 1295
f 114 1309 1313
f 117 1327 1331
f 125 1375 1379
f 152 1537 1541
f 137 1448 1452
f 158 1574 1578
f 123 1364 1368
f 143 1483 1487
f 127 1387 1391
f 135 1436 1440
f 147 1507 1511
f 150 1525 1529
f 153 1543 1547
f 140 1465 1469
f 138 1454 1458
f 159 1580 1584
f 122 1358 1362
f 107 1267 1269
f 103 1243 1245
f 104 1250 1252
f 110 1286 1288
f 113 1304 1306
f 118 1334 1336
f 154 1549 1551
f 141 1471 1473
f 162 1597 1599
f 121 1352 1354
f 142 1477 1479
f 129 1399 1401
f 130 1406 1408
f 144 1490 1492
f 146 1502 1504
f 151 1531 1533
f 131 1412 1414
f 136 1442 1444
f 161 1592 1594
f 126 1381 1383
f 116 1321 1323
f 108 1273 1275
f 106 1261 1263
f 112 1297 1299
f 115 1315 1317
f 119 1339 1341
f 156 1562 1564
f 139 1460 1462
f 160 1586 1588
f 120 1345 1347
f 149 1519 1521
f 132 1418 1420
f 128 1393 1395
f 145 1495 1497
f 148 1513 1515
f 155 1555 1557
f 133 1423 1425
f 134 1429 1431
f 157 1568 1570
f 124 1370 1372
f 109 1280 1282
f 105 1256 1258
f 111 1292 1294
f 114 1310 1312
f 117 1328 1330
f 125 1376 1378
f 152 1538 1540
f 137 1447 1449
f 158 1573 1575
f 123 1363 1365
f 143 1484 1486
f 127 1388 1390
f 135 1435 1437
f 147 1508 1510
f 150 1526 1528
f 153 1544 1546
f 140 1466 1468
f 138 1453 1455
f 159 1579 1581
f 122 1357 1359
f 107 1268 1272
f 103 1244 1248
f 104 1249 1253
f 110 1285 1289
f 113 1303 1307
f 118 1333 1337
f 154 1550 1554
f 141 1472 1476
f 162 1598 1602
f 121 1351 1355
f 142 1478 1482
f 129 1400 1404
f 130 1405 1409
f 144 1489 1493
f 146 1501 1505
f 151 1532 1536
f 131 1411 1415
f 136 1441 1445
f 161 1591 1595
f 126 1382 1386
f 47 911 909
f 44 893 891
f 43 888 886
f 45 900 898
f 46 906 904
f 49 924 922
f 72 1062 1060
f 102 1242 1240
f 96 1206 1204
f 79 1104 1102
f 62 1001 999
f 59 983 981
f 58 978 976
f 60 990 988
f 61 996 994
f 66 1026 1024
f 54 954 952
f 73 1068 1066
f 85 1140 1138
f 92 1181 1179
f 101 1235 1233
f 69 1043 1041
f 50 929 927
f 82 1121 1119
f 97 1211 1209
f 71 1055 1053
f 100 1230 1228
f 94 1194 1192
f 80 1110 1108
f 51 935 933
f 90 1169 1167
f 63 1007 1005
f 55 959 957
f 76 1085 1083
f 87 1152 1150
f 91 1176 1174
f 67 1031 1029
f 56 965 963
f 75 1079 1077
f 83 1128 1126
f 68 1038 1036
f 48 917 915
f 78 1097 1095
f 93 1187 1185
f 98 1218 1216
f 88 1157 1155
f 65 1020 1018
f 57 972 970
f 77 1092 1090
f 86 1145 1143
f 64 1014 1012
f 53 947 945
f 74 1073 1071
f 84 1133 1131
f 89 1164 1162
f 70 1049 1047
f 99 1223 1221
f 95 1199 1197
f 81 1116 1114
f 52 942 940
f 109 1283 1284
f 105 1259 1260
f 111 1295 1296
f 114 1313 1314
f 117 1331 1332
f 125 1379 1380
f 152 1541 1542
f 137 1452 1451
f 158 1578 1577
f 123 1368 1367
f 143 1487 1488
f 127 1391 1392
f 135 1440 1439
f 147 1511 1512
f 150 1529 1530
f 153 1547 1548
f 140 1469 1470
f 138 1458 1457
f 159 1584 1583
f 122 1362 1361
f 407 1609 1616
f 403 1605 1608
f 404 1611 1606
f 410 1614 1612
f 413 1617 1615
f 422 1631 1624
f 486 1688 1692
f 573 1775 1782
f 561 1763 1765
f 512 1719 1714
f 452 1654 1661
f 448 1650 1653
f 449 1656 1651
f 455 1659 1657
f 458 1662 1660
f 470 1672 1675
f 437 1646 1639
f 494 1706 1696
f 531 1735 1733
f 539 1741 1751
f 568 1770 1779
f 478 1680 1683
f 419 1621 1626
f 509 1711 1721
f 554 1756 1766
f 482 1684 1689
f 576 1780 1778
f 558 1767 1760
f 516 1722 1718
f 425 1627 1629
f 542 1744 1747
f 463 1668 1665
f 434 1636 1641
f 497 1699 1704
f 528 1730 1737
f 546 1748 1750
f 464 1666 1676
f 440 1642 1644
f 500 1705 1702
f 524 1736 1726
f 479 1691 1681
f 418 1623 1620
f 508 1713 1710
f 553 1764 1755
f 569 1781 1771
f 538 1749 1740
f 471 1677 1673
f 443 1645 1647
f 501 1703 1707
f 523 1725 1734
f 467 1674 1669
f 433 1638 1635
f 493 1695 1698
f 527 1732 1729
f 543 1752 1745
f 485 1690 1687
f 572 1777 1774
f 557 1759 1762
f 515 1717 1720
f 428 1630 1632
f 591 2191 2189
f 587 1885 1883
f 588 1901 1903
f 594 2279 2281
f 597 2315 2317
f 600 2171 2173
f 634 2160 2158
f 619 2016 2012
f 639 2214 2210
f 602 1919 1924
f 624 2137 2135
f 608 1978 1973
f 610 1991 1996
f 627 2225 2227
f 630 2302 2304
f 635 2178 2176
f 615 2153 2155
f 617 2009 2014
f 637 2207 2212
f 604 1926 1922
f 416 1857 1864
f 408 1803 1810
f 406 1786 1795
f 412 1822 1831
f 415 1840 1849
f 424 1876 1887
f 492 2182 2193
f 582 2312 2321
f 565 2276 2285
f 514 1898 1907
f 461 2091 2098
f 453 2037 2044
f 451 1952 1961
f 457 2056 2067
f 460 2074 2083
f 475 2128 2139
f 439 1966 1975
f 496 1988 1997
f 533 2222 2231
f 551 2293 2298
f 579 2185 2190
f 483 1879 1884
f 426 1893 1900
f 521 2271 2278
f 566 2307 2314
f 489 2163 2170
f 578 2150 2159
f 560 2006 2015
f 518 2204 2213
f 429 1911 1918
f 547 2131 2136
f 465 1969 1977
f 441 1983 1990
f 504 2217 2224
f 537 2290 2301
f 550 2168 2177
f 476 2145 2152
f 444 2001 2008
f 502 2199 2206
f 526 1916 1925
f 481 1808 1817
f 420 1789 1797
f 510 1825 1833
f 555 1843 1851
f 571 1862 1871
f 540 1933 1941
f 473 2110 2119
f 447 2020 2029
f 507 2236 2247
f 534 2257 2262
f 469 2042 2051
f 435 1947 1954
f 498 2059 2064
f 529 2077 2085
f 545 2096 2105
f 487 2113 2121
f 574 2023 2031
f 562 2239 2244
f 520 2254 2265
f 432 1930 1939
f 589 1818 1814
f 583 1798 1793
f 586 1834 1829
f 593 1852 1847
f 596 1872 1868
f 599 1942 1937
f 633 2120 2124
f 620 2030 2034
f 640 2248 2250
f 603 2263 2261
f 622 2052 2050
f 607 1955 1960
f 612 2065 2063
f 626 2086 2081
f 629 2106 2102
f 631 2122 2117
f 614 2032 2027
f 618 2245 2243
f 641 2266 2268
f 605 1940 1944
f 409 1813 1804
f 405 1792 1785
f 411 1828 1821
f 414 1846 1839
f 417 1867 1858
f 431 1936 1929
f 488 2123 2114
f 575 2033 2024
f 563 2249 2240
f 519 2260 2253
f 454 2049 2038
f 450 1959 1951
f 456 2062 2055
f 459 2080 2073
f 462 2101 2092
f 472 2116 2109
f 446 2026 2019
f 506 2242 2235
f 535 2267 2258
f 541 1943 1934
f 570 1869 1861
f 480 1815 1807
f 421 1799 1790
f 511 1835 1826
f 556 1853 1844
f 484 1889 1880
f 580 2195 2186
f 567 2319 2308
f 522 2283 2272
f 427 1905 1894
f 544 2103 2095
f 468 2046 2041
f 436 1957 1948
f 499 2069 2060
f 530 2087 2078
f 548 2141 2132
f 466 1979 1970
f 442 1993 1984
f 505 2229 2218
f 536 2296 2289
f 491 2188 2181
f 423 1882 1875
f 513 1902 1897
f 564 2280 2275
f 581 2316 2311
f 549 2172 2167
f 477 2157 2146
f 445 2011 2002
f 503 2209 2200
f 525 1923 1915
f 474 2134 2127
f 438 1972 1965
f 495 1995 1987
f 532 2226 2221
f 552 2303 2294
f 490 2175 2164
f 577 2154 2149
f 559 2013 2005
f 517 2211 2203
f 430 1921 1912
f 590 1865 1870
f 584 1811 1816
f 585 1796 1800
f 592 1832 1836
f 595 1850 1854
f 598 1888 1890
f 636 2194 2196
f 621 2322 2320
f 642 2286 2284
f 601 1908 1906
f 623 2099 2104
f 611 2045 2047
f 609 1962 1958
f 625 2068 2070
f 628 2084 2088
f 632 2140 2142
f 613 1976 1980
f 616 1998 1994
f 638 2232 2230
f 606 2299 2297
f 407 2330 2329
f 403 2324 2323
f 404 2325 2326
f 410 2332 2333
f 413 2335 2336
f 422 2344 2345
f 486 2410 2409
f 573 2497 2496
f 561 2486 2485
f 512 2434 2435
f 452 2375 2374
f 448 2369 2368
f 449 2370 2371
f 455 2377 2378
f 458 2380 2381
f 470 2393 2392
f 437 2359 2360
f 494 2415 2416
f 531 2455 2456
f 539 2461 2460
f 568 2489 2488
f 478 2399 2398
f 419 2341 2340
f 509 2431 2430
f 554 2476 2475
f 482 2405 2404
f 576 2500 2501
f 558 2481 2482
f 516 2439 2440
f 425 2348 2347
f 542 2465 2464
f 463 2383 2384
f 434 2356 2355
f 497 2420 2419
f 528 2452 2451
f 546 2471 2470
f 464 2386 2385
f 440 2363 2362
f 500 2422 2423
f 524 2445 2446
f 479 2400 2401
f 418 2338 2339
f 508 2428 2429
f 553 2473 2474
f 569 2490 2491
f 538 2458 2459
f 471 2394 2395
f 443 2366 2365
f 501 2425 2424
f 523 2444 2443
f 467 2389 2390
f 433 2353 2354
f 493 2414 2413
f 527 2449 2450
f 543 2466 2467
f 485 2407 2408
f 572 2494 2495
f 557 2480 2479
f 515 2438 2437
f 428 2351 2350
f 591 2510 2511
f 587 2504 2505
f 588 2508 2507
f 594 2514 2513
f 597 2517 2516
f 600 2520 2519
f 634 2554 2556
f 619 2539 2540
f 639 2560 2561
f 602 2523 2521
f 624 2543 2544
f 608 2527 2529
f 610 2532 2530
f 627 2547 2546
f 630 2550 2549
f 635 2552 2553
f 615 2535 2534
f 617 2538 2536
f 637 2558 2557
f 604 2524 2525
f 167 1607 647
f 164 1603 644
f 163 1604 643
f 165 1610 645
f 166 1613 646
f 169 1622 649
f 192 1686 672
f 222 1773 702
f 216 1761 696
f 199 1712 679
f 182 1652 662
f 179 1648 659
f 178 1649 658
f 180 1655 660
f 181 1658 661
f 186 1670 666
f 174 1637 654
f 193 1694 673
f 205 1731 685
f 212 1739 692
f 221 1768 701
f 189 1678 669
f 170 1619 650
f 202 1709 682
f 217 1754 697
f 191 1682 671
f 220 1776 700
f 214 1758 694
f 200 1716 680
f 171 1625 651
f 210 1742 690
f 183 1663 663
f 175 1634 655
f 196 1697 676
f 207 1728 687
f 211 1746 691
f 187 1664 667
f 176 1640 656
f 195 1700 675
f 203 1724 683
f 188 1679 668
f 168 1618 648
f 198 1708 678
f 213 1753 693
f 218 1769 698
f 208 1738 688
f 185 1671 665
f 177 1643 657
f 197 1701 677
f 206 1723 686
f 184 1667 664
f 173 1633 653
f 194 1693 674
f 204 1727 684
f 209 1743 689
f 190 1685 670
f 219 1772 699
f 215 1757 695
f 201 1715 681
f 172 1628 652
f 357 2187 837
f 255 1881 735
f 262 1899 742
f 388 2277 868
f 400 2313 880
f 352 2169 832
f 347 2156 827
f 298 2010 778
f 364 2208 844
f 269 1917 749
f 339 2133 819
f 285 1971 765
f 293 1989 773
f 370 2223 850
f 396 2300 876
f 353 2174 833
f 346 2151 826
f 299 2007 779
f 365 2205 845
f 268 1920 748
f 249 1855 729
f 231 1801 711
f 226 1784 706
f 238 1820 718
f 244 1838 724
f 257 1874 737
f 359 2180 839
f 402 2310 882
f 390 2274 870
f 264 1896 744
f 327 2089 807
f 309 2035 789
f 282 1950 762
f 317 2054 797
f 322 2072 802
f 341 2126 821
f 286 1964 766
f 294 1986 774
f 372 2220 852
f 394 2291 874
f 358 2183 838
f 256 1877 736
f 261 1891 741
f 387 2269 867
f 399 2305 879
f 351 2161 831
f 348 2148 828
f 300 2004 780
f 366 2202 846
f 267 1909 747
f 340 2129 820
f 287 1967 767
f 291 1981 771
f 369 2215 849
f 395 2288 875
f 354 2166 834
f 345 2143 825
f 297 1999 777
f 363 2197 843
f 270 1914 750
f 234 1806 714
f 227 1787 707
f 239 1823 719
f 245 1841 725
f 252 1860 732
f 275 1931 755
f 334 2108 814
f 304 2018 784
f 377 2234 857
f 382 2255 862
f 312 2040 792
f 279 1945 759
f 316 2057 796
f 323 2075 803
f 330 2094 810
f 335 2111 815
f 305 2021 785
f 376 2237 856
f 383 2252 863
f 274 1928 754
f 232 1812 712
f 225 1791 705
f 237 1827 717
f 243 1845 723
f 250 1866 730
f 273 1935 753
f 336 2118 816
f 306 2028 786
f 378 2246 858
f 381 2259 861
f 311 2048 791
f 281 1953 761
f 315 2061 795
f 321 2079 801
f 328 2100 808
f 333 2115 813
f 303 2025 783
f 375 2241 855
f 384 2264 864
f 276 1938 756
f 229 1802 709
f 223 1783 703
f 235 1819 715
f 241 1837 721
f 247 1856 727
f 271 1927 751
f 332 2112 812
f 302 2022 782
f 374 2238 854
f 379 2251 859
f 307 2036 787
f 278 1949 758
f 313 2053 793
f 319 2071 799
f 325 2090 805
f 331 2107 811
f 301 2017 781
f 373 2233 853
f 380 2256 860
f 272 1932 752
f 248 1859 728
f 230 1805 710
f 224 1788 704
f 236 1824 716
f 242 1842 722
f 254 1878 734
f 356 2184 836
f 397 2306 877
f 385 2270 865
f 259 1892 739
f 326 2093 806
f 308 2039 788
f 277 1946 757
f 314 2058 794
f 320 2076 800
f 338 2130 818
f 284 1968 764
f 289 1982 769
f 367 2216 847
f 391 2287 871
f 355 2179 835
f 253 1873 733
f 260 1895 740
f 386 2273 866
f 398 2309 878
f 350 2165 830
f 343 2144 823
f 295 2000 775
f 361 2198 841
f 266 1913 746
f 337 2125 817
f 283 1963 763
f 290 1985 770
f 368 2219 848
f 392 2292 872
f 349 2162 829
f 344 2147 824
f 296 2003 776
f 362 2201 842
f 265 1910 745
f 251 1863 731
f 233 1809 713
f 228 1794 708
f 240 1830 720
f 246 1848 726
f 258 1886 738
f 360 2192 840
f 401 2318 881
f 389 2282 869
f 263 1904 743
f 329 2097 809
f 310 2043 790
f 280 1956 760
f 318 2066 798
f 324 2082 804
f 342 2138 822
f 288 1974 768
f 292 1992 772
f 371 2228 851
f 393 2295 873
f 409 2331 1269
f 405 2327 1245
f 411 2328 1252
f 414 2334 1288
f 417 2337 1306
f 431 2346 1336
f 488 2412 1551
f 575 2499 1473
f 563 2487 1599
f 519 2436 1354
f 454 2376 1479
f 450 2372 1401
f 456 2373 1408
f 459 2379 1492
f 462 2382 1504
f 472 2396 1533
f 446 2361 1414
f 506 2418 1444
f 535 2457 1594
f 541 2463 1383
f 570 2492 1323
f 480 2402 1275
f 421 2343 1263
f 511 2433 1299
f 556 2478 1317
f 484 2406 1341
f 580 2502 1564
f 567 2484 1462
f 522 2442 1588
f 427 2349 1347
f 544 2468 1521
f 468 2387 1420
f 436 2358 1395
f 499 2421 1497
f 530 2454 1515
f 548 2472 1557
f 466 2388 1425
f 442 2364 1431
f 505 2426 1570
f 536 2448 1372
f 491 2403 1282
f 423 2342 1258
f 513 2432 1294
f 564 2477 1312
f 581 2493 1330
f 549 2462 1378
f 477 2397 1540
f 445 2367 1449
f 503 2427 1575
f 525 2447 1365
f 474 2391 1486
f 438 2357 1390
f 495 2417 1437
f 532 2453 1510
f 552 2469 1528
f 490 2411 1546
f 577 2498 1468
f 559 2483 1455
f 517 2441 1581
f 430 2352 1359
f 590 2509 1272
f 584 2503 1248
f 585 2506 1253
f 592 2512 1289
f 595 2515 1307
f 598 2518 1337
f 636 2555 1554
f 621 2541 1476
f 642 2562 1602
f 601 2522 1355
f 623 2542 1482
f 611 2528 1404
f 609 2531 1409
f 625 2545 1493
f 628 2548 1505
f 632 2551 1536
f 613 2533 1415
f 616 2537 1445
f 638 2559 1595
f 606 2526 1386
f 407 1616 909
f 403 1608 891
f 404 1606 886
f 410 1612 898
f 413 1615 904
f 422 1624 922
f 486 1692 1060
f 573 1782 1240
f 561 1765 1204
f 512 1714 1102
f 452 1661 999
f 448 1653 981
f 449 1651 976
f 455 1657 988
f 458 1660 994
f 470 1675 1024
f 437 1639 952
f 494 1696 1066
f 531 1733 1138
f 539 1751 1179
f 568 1779 1233
f 478 1683 1041
f 419 1626 927
f 509 1721 1119
f 554 1766 1209
f 482 1689 1053
f 576 1778 1228
f 558 1760 1192
f 516 1718 1108
f 425 1629 933
f 542 1747 1167
f 463 1665 1005
f 434 1641 957
f 497 1704 1083
f 528 1737 1150
f 546 1750 1174
f 464 1676 1029
f 440 1644 963
f 500 1702 1077
f 524 1726 1126
f 479 1681 1036
f 418 1620 915
f 508 1710 1095
f 553 1755 1185
f 569 1771 1216
f 538 1740 1155
f 471 1673 1018
f 443 1647 970
f 501 1707 1090
f 523 1734 1143
f 467 1669 1012
f 433 1635 945
f 493 1698 1071
f 527 1729 1131
f 543 1745 1162
f 485 1687 1047
f 572 1774 1221
f 557 1762 1197
f 515 1720 1114
f 428 1632 940
f 591 2189 1284
f 587 1883 1260
f 588 1903 1296
f 594 2281 1314
f 597 2317 1332
f 600 2173 1380
f 634 2158 1542
f 619 2012 1451
f 639 2210 1577
f 602 1924 1367
f 624 2135 1488
f 608 1973 1392
f 610 1996 1439
f 627 2227 1512
f 630 2304 1530
f 635 2176 1548
f 615 2155 1470
f 617 2014 1457
f 637 2212 1583
f 604 1922 1361
f 416 1864 1270
f 408 1810 1246
f 406 1795 1251
f 412 1831 1287
f 415 1849 1305
f 424 1887 1335
f 492 2193 1552
f 582 2321 1474
f 565 2285 1600
f 514 1907 1353
f 461 2098 1480
f 453 2044 1402
f 451 1961 1407
f 457 2067 1491
f 460 2083 1503
f 475 2139 1534
f 439 1975 1413
f 496 1997 1443
f 533 2231 1593
f 551 2298 1384
f 579 2190 1324
f 483 1884 1276
f 426 1900 1264
f 521 2278 1300
f 566 2314 1318
f 489 2170 1342
f 578 2159 1563
f 560 2015 1461
f 518 2213 1587
f 429 1918 1348
f 547 2136 1522
f 465 1977 1419
f 441 1990 1396
f 504 2224 1498
f 537 2301 1516
f 550 2177 1558
f 476 2152 1426
f 444 2008 1432
f 502 2206 1569
f 526 1925 1371
f 481 1817 1281
f 420 1797 1257
f 510 1833 1293
f 555 1851 1311
f 571 1871 1329
f 540 1941 1377
f 473 2119 1539
f 447 2029 1450
f 507 2247 1576
f 534 2262 1366
f 469 2051 1485
f 435 1954 1389
f 498 2064 1438
f 529 2085 1509
f 545 2105 1527
f 487 2121 1545
f 574 2031 1467
f 562 2244 1456
f 520 2265 1582
f 432 1939 1360
f 589 1814 1271
f 583 1793 1247
f 586 1829 1254
f 593 1847 1290
f 596 1868 1308
f 599 1937 1338
f 633 2124 1553
f 620 2034 1475
f 640 2250 1601
f 603 2261 1356
f 622 2050 1481
f 607 1960 1403
f 612 2063 1410
f 626 2081 1494
f 629 2102 1506
f 631 2117 1535
f 614 2027 1416
f 618 2243 1446
f 641 2268 1596
f 605 1944 1385
f 409 1804 894
f 405 1785 887
f 411 1821 899
f 414 1839 905
f 417 1858 912
f 431 1929 941
f 488 2114 1050
f 575 2024 1224
f 563 2240 1200
f 519 2253 1115
f 454 2038 984
f 450 1951 977
f 456 2055 989
f 459 2073 995
f 462 2092 1002
f 472 2109 1019
f 446 2019 971
f 506 2235 1091
f 535 2258 1146
f 541 1934 1158
f 570 1861 1217
f 480 1807 1037
f 421 1790 918
f 511 1826 1098
f 556 1844 1188
f 484 1880 1044
f 580 2186 1236
f 567 2308 1212
f 522 2272 1122
f 427 1894 930
f 544 2095 1163
f 468 2041 1013
f 436 1948 948
f 499 2060 1074
f 530 2078 1134
f 548 2132 1170
f 466 1970 1008
f 442 1984 960
f 505 2218 1086
f 536 2289 1151
f 491 2181 1061
f 423 1875 923
f 513 1897 1103
f 564 2275 1205
f 581 2311 1241
f 549 2167 1175
f 477 2146 1032
f 445 2002 966
f 503 2200 1080
f 525 1915 1127
f 474 2127 1025
f 438 1965 953
f 495 1987 1067
f 532 2221 1139
f 552 2294 1182
f 490 2164 1056
f 577 2149 1229
f 559 2005 1193
f 517 2203 1109
f 430 1912 936
f 590 1870 1325
f 584 1816 1277
f 585 1800 1265
f 592 1836 1301
f 595 1854 1319
f 598 1890 1343
f 636 2196 1566
f 621 2320 1464
f 642 2284 1590
f 601 1906 1349
f 623 2104 1523
f 611 2047 1422
f 609 1958 1397
f 625 2070 1499
f 628 2088 1517
f 632 2142 1559
f 613 1980 1427
f 616 1994 1433
f 638 2230 1572
f 606 2297 1374
f 407 2329 892
f 403 2323 885
f 404 2326 897
f 410 2333 903
f 413 2336 910
f 422 2345 939
f 486 2409 1048
f 573 2496 1222
f 561 2485 1198
f 512 2435 1113
f 452 2374 982
f 448 2368 975
f 449 2371 987
f 455 2378 993
f 458 2381 1000
f 470 2392 1017
f 437 2360 969
f 494 2416 1089
f 531 2456 1144
f 539 2460 1156
f 568 2488 1215
f 478 2398 1035
f 419 2340 916
f 509 2430 1096
f 554 2475 1186
f 482 2404 1042
f 576 2501 1234
f 558 2482 1210
f 516 2440 1120
f 425 2347 928
f 542 2464 1161
f 463 2384 1011
f 434 2355 946
f 497 2419 1072
f 528 2451 1132
f 546 2470 1168
f 464 2385 1006
f 440 2362 958
f 500 2423 1084
f 524 2446 1149
f 479 2401 1059
f 418 2339 921
f 508 2429 1101
f 553 2474 1203
f 569 2491 1239
f 538 2459 1173
f 471 2395 1030
f 443 2365 964
f 501 2424 1078
f 523 2443 1125
f 467 2390 1023
f 433 2354 951
f 493 2413 1065
f 527 2450 1137
f 543 2467 1180
f 485 2408 1054
f 572 2495 1227
f 557 2479 1191
f 515 2437 1107
f 428 2350 934
f 591 2511 1326
f 587 2505 1278
f 588 2507 1266
f 594 2513 1302
f 597 2516 1320
f 600 2519 1344
f 634 2556 1565
f 619 2540 1463
f 639 2561 1589
f 602 2521 1350
f 624 2544 1524
f 608 2529 1421
f 610 2530 1398
f 627 2546 1500
f 630 2549 1518
f 635 2553 1560
f 615 2534 1428
f 617 2536 1434
f 637 2557 1571
f 604 2525 1373
f 164 1609 889
f 163 1605 883
f 165 1611 895
f 166 1614 901
f 167 1617 907
f 172 1631 937
f 190 1688 1045
f 219 1775 1219
f 215 1763 1195
f 201 1719 1111
f 179 1654 979
f 178 1650 973
f 180 1656 985
f 181 1659 991
f 182 1662 997
f 185 1672 1015
f 177 1646 967
f 197 1706 1087
f 206 1735 1141
f 208 1741 1153
f 218 1770 1213
f 188 1680 1033
f 168 1621 913
f 198 1711 1093
f 213 1756 1183
f 189 1684 1039
f 221 1780 1231
f 217 1767 1207
f 202 1722 1117
f 170 1627 925
f 209 1744 1159
f 184 1668 1009
f 173 1636 943
f 194 1699 1069
f 204 1730 1129
f 210 1748 1165
f 183 1666 1003
f 175 1642 955
f 196 1705 1081
f 207 1736 1147
f 192 1691 1057
f 169 1623 919
f 199 1713 1099
f 216 1764 1201
f 222 1781 1237
f 211 1749 1171
f 187 1677 1027
f 176 1645 961
f 195 1703 1075
f 203 1725 1123
f 186 1674 1021
f 174 1638 949
f 193 1695 1063
f 205 1732 1135
f 212 1752 1177
f 191 1690 1051
f 220 1777 1225
f 214 1759 1189
f 200 1717 1105
f 171 1630 931
f 358 2191 1322
f 256 1885 1274
f 261 1901 1262
f 387 2279 1298
f 399 2315 1316
f 351 2171 1340
f 348 2160 1561
f 300 2016 1459
f 366 2214 1585
f 267 1919 1346
f 340 2137 1520
f 287 1978 1417
f 291 1991 1394
f 369 2225 1496
f 395 2302 1514
f 354 2178 1556
f 345 2153 1424
f 297 2009 1430
f 363 2207 1567
f 270 1926 1369
f 247 1857 908
f 229 1803 890
f 223 1786 884
f 235 1822 896
f 241 1840 902
f 253 1876 920
f 355 2182 1058
f 398 2312 1238
f 386 2276 1202
f 260 1898 1100
f 325 2091 998
f 307 2037 980
f 278 1952 974
f 313 2056 986
f 319 2074 992
f 337 2128 1022
f 283 1966 950
f 290 1988 1064
f 368 2222 1136
f 392 2293 1178
f 356 2185 1232
f 254 1879 1040
f 259 1893 926
f 385 2271 1118
f 397 2307 1208
f 349 2163 1052
f 344 2150 1226
f 296 2006 1190
f 362 2204 1106
f 265 1911 932
f 338 2131 1166
f 284 1969 1004
f 289 1983 956
f 367 2217 1082
f 391 2290 1148
f 350 2168 1172
f 343 2145 1028
f 295 2001 962
f 361 2199 1076
f 266 1916 1124
f 230 1808 1034
f 224 1789 914
f 236 1825 1094
f 242 1843 1184
f 248 1862 1214
f 272 1933 1154
f 331 2110 1016
f 301 2020 968
f 373 2236 1088
f 380 2257 1142
f 308 2042 1010
f 277 1947 944
f 314 2059 1070
f 320 2077 1130
f 326 2096 1160
f 332 2113 1046
f 302 2023 1220
f 374 2239 1196
f 379 2254 1112
f 271 1930 938
f 234 1818 1279
f 227 1798 1255
f 239 1834 1291
f 245 1852 1309
f 252 1872 1327
f 275 1942 1375
f 334 2120 1537
f 304 2030 1448
f 377 2248 1574
f 382 2263 1364
f 312 2052 1483
f 279 1955 1387
f 316 2065 1436
f 323 2086 1507
f 330 2106 1525
f 335 2122 1543
f 305 2032 1465
f 376 2245 1454
f 383 2266 1580
f 274 1940 1358
f 232 1813 1267
f 225 1792 1243
f 237 1828 1250
f 243 1846 1286
f 250 1867 1304
f 273 1936 1334
f 336 2123 1549
f 306 2033 1471
f 378 2249 1597
f 381 2260 1352
f 311 2049 1477
f 281 1959 1399
f 315 2062 1406
f 321 2080 1490
f 328 2101 1502
f 333 2116 1531
f 303 2026 1412
f 375 2242 1442
f 384 2267 1592
f 276 1943 1381
f 251 1869 1321
f 233 1815 1273
f 228 1799 1261
f 240 1835 1297
f 246 1853 1315
f 258 1889 1339
f 360 2195 1562
f 401 2319 1460
f 389 2283 1586
f 263 1905 1345
f 329 2103 1519
f 310 2046 1418
f 280 1957 1393
f 318 2069 1495
f 324 2087 1513
f 342 2141 1555
f 288 1979 1423
f 292 1993 1429
f 371 2229 1568
f 393 2296 1370
f 357 2188 1280
f 255 1882 1256
f 262 1902 1292
f 388 2280 1310
f 400 2316 1328
f 352 2172 1376
f 347 2157 1538
f 298 2011 1447
f 364 2209 1573
f 269 1923 1363
f 339 2134 1484
f 285 1972 1388
f 293 1995 1435
f 370 2226 1508
f 396 2303 1526
f 353 2175 1544
f 346 2154 1466
f 299 2013 1453
f 365 2211 1579
f 268 1921 1357
f 249 1865 1268
f 231 1811 1244
f 226 1796 1249
f 238 1832 1285
f 244 1850 1303
f 257 1888 1333
f 359 2194 1550
f 402 2322 1472
f 390 2286 1598
f 264 1908 1351
f 327 2099 1478
f 309 2045 1400
f 282 1962 1405
f 317 2068 1489
f 322 2084 1501
f 341 2140 1532
f 286 1976 1411
f 294 1998 1441
f 372 2232 1591
f 394 2299 1382
f 416 2330 911
f 408 2324 893
f 406 2325 888
f 412 2332 900
f 415 2335 906
f 424 2344 924
f 492 2410 1062
f 582 2497 1242
f 565 2486 1206
f 514 2434 1104
f 461 2375 1001
f 453 2369 983
f 451 2370 978
f 457 2377 990
f 460 2380 996
f 475 2393 1026
f 439 2359 954
f 496 2415 1068
f 533 2455 1140
f 551 2461 1181
f 579 2489 1235
f 483 2399 1043
f 426 2341 929
f 521 2431 1121
f 566 2476 1211
f 489 2405 1055
f 578 2500 1230
f 560 2481 1194
f 518 2439 1110
f 429 2348 935
f 547 2465 1169
f 465 2383 1007
f 441 2356 959
f 504 2420 1085
f 537 2452 1152
f 550 2471 1176
f 476 2386 1031
f 444 2363 965
f 502 2422 1079
f 526 2445 1128
f 481 2400 1038
f 420 2338 917
f 510 2428 1097
f 555 2473 1187
f 571 2490 1218
f 540 2458 1157
f 473 2394 1020
f 447 2366 972
f 507 2425 1092
f 534 2444 1145
f 469 2389 1014
f 435 2353 947
f 498 2414 1073
f 529 2449 1133
f 545 2466 1164
f 487 2407 1049
f 574 2494 1223
f 562 2480 1199
f 520 2438 1116
f 432 2351 942
f 589 2510 1283
f 583 2504 1259
f 586 2508 1295
f 593 2514 1313
f 596 2517 1331
f 599 2520 1379
f 633 2554 1541
f 620 2539 1452
f 640 2560 1578
f 603 2523 1368
f 622 2543 1487
f 607 2527 1391
f 612 2532 1440
f 626 2547 1511
f 629 2550 1529
f 631 2552 1547
f 614 2535 1469
f 618 2538 1458
f 641 2558 1584
f 605 2524 1362
f 164 1607 1609
f 163 1603 1605
f 165 1604 1611
f 166 1610 1614
f 167 1613 1617
f 172 1622 1631
f 190 1686 1688
f 219 1773 1775
f 215 1761 1763
f 201 1712 1719
f 179 1652 1654
f 178 1648 1650
f 180 1649 1656
f 181 1655 1659
f 182 1658 1662
f 185 1670 1672
f 177 1637 1646
f 197 1694 1706
f 206 1731 1735
f 208 1739 1741
f 218 1768 1770
f 188 1678 1680
f 168 1619 1621
f 198 1709 1711
f 213 1754 1756
f 189 1682 1684
f 221 1776 1780
f 217 1758 1767
f 202 1716 1722
f 170 1625 1627
f 209 1742 1744
f 184 1663 1668
f 173 1634 1636
f 194 1697 1699
f 204 1728 1730
f 210 1746 1748
f 183 1664 1666
f 175 1640 1642
f 196 1700 1705
f 207 1724 1736
f 192 1679 1691
f 169 1618 1623
f 199 1708 1713
f 216 1753 1764
f 222 1769 1781
f 211 1738 1749
f 187 1671 1677
f 176 1643 1645
f 195 1701 1703
f 203 1723 1725
f 186 1667 1674
f 174 1633 1638
f 193 1693 1695
f 205 1727 1732
f 212 1743 1752
f 191 1685 1690
f 220 1772 1777
f 214 1757 1759
f 200 1715 1717
f 171 1628 1630
f 358 2187 2191
f 256 1881 1885
f 261 1899 1901
f 387 2277 2279
f 399 2313 2315
f 351 2169 2171
f 348 2156 2160
f 300 2010 2016
f 366 2208 2214
f 267 1917 1919
f 340 2133 2137
f 287 1971 1978
f 291 1989 1991
f 369 2223 2225
f 395 2300 2302
f 354 2174 2178
f 345 2151 2153
f 297 2007 2009
f 363 2205 2207
f 270 1920 1926
f 247 1855 1857
f 229 1801 1803
f 223 1784 1786
f 235 1820 1822
f 241 1838 1840
f 253 1874 1876
f 355 2180 2182
f 398 2310 2312
f 386 2274 2276
f 260 1896 1898
f 325 2089 2091
f 307 2035 2037
f 278 1950 1952
f 313 2054 2056
f 319 2072 2074
f 337 2126 2128
f 283 1964 1966
f 290 1986 1988
f 368 2220 2222
f 392 2291 2293
f 356 2183 2185
f 254 1877 1879
f 259 1891 1893
f 385 2269 2271
f 397 2305 2307
f 349 2161 2163
f 344 2148 2150
f 296 2004 2006
f 362 2202 2204
f 265 1909 1911
f 338 2129 2131
f 284 1967 1969
f 289 1981 1983
f 367 2215 2217
f 391 2288 2290
f 350 2166 2168
f 343 2143 2145
f 295 1999 2001
f 361 2197 2199
f 266 1914 1916
f 230 1806 1808
f 224 1787 1789
f 236 1823 1825
f 242 1841 1843
f 248 1860 1862
f 272 1931 1933
f 331 2108 2110
f 301 2018 2020
f 373 2234 2236
f 380 2255 2257
f 308 2040 2042
f 277 1945 1947
f 314 2057 2059
f 320 2075 2077
f 326 2094 2096
f 332 2111 2113
f 302 2021 2023
f 374 2237 2239
f 379 2252 2254
f 271 1928 1930
f 234 1812 1818
f 227 1791 1798
f 239 1827 1834
f 245 1845 1852
f 252 1866 1872
f 275 1935 1942
f 334 2118 2120
f 304 2028 2030
f 377 2246 2248
f 382 2259 2263
f 312 2048 2052
f 279 1953 1955
f 316 2061 2065
f 323 2079 2086
f 330 2100 2106
f 335 2115 2122
f 305 2025 2032
f 376 2241 2245
f 383 2264 2266
f 274 1938 1940
f 232 1802 1813
f 225 1783 1792
f 237 1819 1828
f 243 1837 1846
f 250 1856 1867
f 273 1927 1936
f 336 2112 2123
f 306 2022 2033
f 378 2238 2249
f 381 2251 2260
f 311 2036 2049
f 281 1949 1959
f 315 2053 2062
f 321 2071 2080
f 328 2090 2101
f 333 2107 2116
f 303 2017 2026
f 375 2233 2242
f 384 2256 2267
f 276 1932 1943
f 251 1859 1869
f 233 1805 1815
f 228 1788 1799
f 240 1824 1835
f 246 1842 1853
f 258 1878 1889
f 360 2184 2195
f 401 2306 2319
f 389 2270 2283
f 263 1892 1905
f 329 2093 2103
f 310 2039 2046
f 280 1946 1957
f 318 2058 2069
f 324 2076 2087
f 342 2130 2141
f 288 1968 1979
f 292 1982 1993
f 371 2216 2229
f 393 2287 2296
f 357 2179 2188
f 255 1873 1882
f 262 1895 1902
f 388 2273 2280
f 400 2309 2316
f 352 2165 2172
f 347 2144 2157
f 298 2000 2011
f 364 2198 2209
f 269 1913 1923
f 339 2125 2134
f 285 1963 1972
f 293 1985 1995
f 370 2219 2226
f 396 2292 2303
f 353 2162 2175
f 346 2147 2154
f 299 2003 2013
f 365 2201 2211
f 268 1910 1921
f 249 1863 1865
f 231 1809 1811
f 226 1794 1796
f 238 1830 1832
f 244 1848 1850
f 257 1886 1888
f 359 2192 2194
f 402 2318 2322
f 390 2282 2286
f 264 1904 1908
f 327 2097 2099
f 309 2043 2045
f 282 1956 1962
f 317 2066 2068
f 322 2082 2084
f 341 2138 2140
f 286 1974 1976
f 294 1992 1998
f 372 2228 2232
f 394 2295 2299
f 416 2331 2330
f 408 2327 2324
f 406 2328 2325
f 412 2334 2332
f 415 2337 2335
f 424 2346 2344
f 492 2412 2410
f 582 2499 2497
f 565 2487 2486
f 514 2436 2434
f 461 2376 2375
f 453 2372 2369
f 451 2373 2370
f 457 2379 2377
f 460 2382 2380
f 475 2396 2393
f 439 2361 2359
f 496 2418 2415
f 533 2457 2455
f 551 2463 2461
f 579 2492 2489
f 483 2402 2399
f 426 2343 2341
f 521 2433 2431
f 566 2478 2476
f 489 2406 2405
f 578 2502 2500
f 560 2484 2481
f 518 2442 2439
f 429 2349 2348
f 547 2468 2465
f 465 2387 2383
f 441 2358 2356
f 504 2421 2420
f 537 2454 2452
f 550 2472 2471
f 476 2388 2386
f 444 2364 2363
f 502 2426 2422
f 526 2448 2445
f 481 2403 2400
f 420 2342 2338
f 510 2432 2428
f 555 2477 2473
f 571 2493 2490
f 540 2462 2458
f 473 2397 2394
f 447 2367 2366
f 507 2427 2425
f 534 2447 2444
f 469 2391 2389
f 435 2357 2353
f 498 2417 2414
f 529 2453 2449
f 545 2469 2466
f 487 2411 2407
f 574 2498 2494
f 562 2483 2480
f 520 2441 2438
f 432 2352 2351
f 589 2509 2510
f 583 2503 2504
f 586 2506 2508
f 593 2512 2514
f 596 2515 2517
f 599 2518 2520
f 633 2555 2554
f 620 2541 2539
f 640 2562 2560
f 603 2522 2523
f 622 2542 2543
f 607 2528 2527
f 612 2531 2532
f 626 2545 2547
f 629 2548 2550
f 631 2551 2552
f 614 2533 2535
f 618 2537 2538
f 641 2559 2558
f 605 2526 2524
f 164 644 1607
f 163 643 1603
f 165 645 1604
f 166 646 1610
f 167 647 1613
f 172 652 1622
f 190 670 1686
f 219 699 1773
f 215 695 1761
f 201 681 1712
f 179 659 1652
f 178 658 1648
f 180 660 1649
f 181 661 1655
f 182 662 1658
f 185 665 1670
f 177 657 1637
f 197 677 1694
f 206 686 1731
f 208 688 1739
f 218 698 1768
f 188 668 1678
f 168 648 1619
f 198 678 1709
f 213 693 1754
f 189 669 1682
f 221 701 1776
f 217 697 1758
f 202 682 1716
f 170 650 1625
f 209 689 1742
f 184 664 1663
f 173 653 1634
f 194 674 1697
f 204 684 1728
f 210 690 1746
f 183 663 1664
f 175 655 1640
f 196 676 1700
f 207 687 1724
f 192 672 1679
f 169 649 1618
f 199 679 1708
f 216 696 1753
f 222 702 1769
f 211 691 1738
f 187 667 1671
f 176 656 1643
f 195 675 1701
f 203 683 1723
f 186 666 1667
f 174 654 1633
f 193 673 1693
f 205 685 1727
f 212 692 1743
f 191 671 1685
f 220 700 1772
f 214 694 1757
f 200 680 1715
f 171 651 1628
f 358 838 2187
f 256 736 1881
f 261 741 1899
f 387 867 2277
f 399 879 2313
f 351 831 2169
f 348 828 2156
f 300 780 2010
f 366 846 2208
f 267 747 1917
f 340 820 2133
f 287 767 1971
f 291 771 1989
f 369 849 2223
f 395 875 2300
f 354 834 2174
f 345 825 2151
f 297 777 2007
f 363 843 2205
f 270 750 1920
f 247 727 1855
f 229 709 1801
f 223 703 1784
f 235 715 1820
f 241 721 1838
f 253 733 1874
f 355 835 2180
f 398 878 2310
f 386 866 2274
f 260 740 1896
f 325 805 2089
f 307 787 2035
f 278 758 1950
f 313 793 2054
f 319 799 2072
f 337 817 2126
f 283 763 1964
f 290 770 1986
f 368 848 2220
f 392 872 2291
f 356 836 2183
f 254 734 1877
f 259 739 1891
f 385 865 2269
f 397 877 2305
f 349 829 2161
f 344 824 2148
f 296 776 2004
f 362 842 2202
f 265 745 1909
f 338 818 2129
f 284 764 1967
f 289 769 1981
f 367 847 2215
f 391 871 2288
f 350 830 2166
f 343 823 2143
f 295 775 1999
f 361 841 2197
f 266 746 1914
f 230 710 1806
f 224 704 1787
f 236 716 1823
f 242 722 1841
f 248 728 1860
f 272 752 1931
f 331 811 2108
f 301 781 2018
f 373 853 2234
f 380 860 2255
f 308 788 2040
f 277 757 1945
f 314 794 2057
f 320 800 2075
f 326 806 2094
f 332 812 2111
f 302 782 2021
f 374 854 2237
f 379 859 2252
f 271 751 1928
f 234 714 1812
f 227 707 1791
f 239 719 1827
f 245 725 1845
f 252 732 1866
f 275 755 1935
f 334 814 2118
f 304 784 2028
f 377 857 2246
f 382 862 2259
f 312 792 2048
f 279 759 1953
f 316 796 2061
f 323 803 2079
f 330 810 2100
f 335 815 2115
f 305 785 2025
f 376 856 2241
f 383 863 2264
f 274 754 1938
f 232 712 1802
f 225 705 1783
f 237 717 1819
f 243 723 1837
f 250 730 1856
f 273 753 1927
f 336 816 2112
f 306 786 2022
f 378 858 2238
f 381 861 2251
f 311 791 2036
f 281 761 1949
f 315 795 2053
f 321 801 2071
f 328 808 2090
f 333 813 2107
f 303 783 2017
f 375 855 2233
f 384 864 2256
f 276 756 1932
f 251 731 1859
f 233 713 1805
f 228 708 1788
f 240 720 1824
f 246 726 1842
f 258 738 1878
f 360 840 2184
f 401 881 2306
f 389 869 2270
f 263 743 1892
f 329 809 2093
f 310 790 2039
f 280 760 1946
f 318 798 2058
f 324 804 2076
f 342 822 2130
f 288 768 1968
f 292 772 1982
f 371 851 2216
f 393 873 2287
f 357 837 2179
f 255 735 1873
f 262 742 1895
f 388 868 2273
f 400 880 2309
f 352 832 2165
f 347 827 2144
f 298 778 2000
f 364 844 2198
f 269 749 1913
f 339 819 2125
f 285 765 1963
f 293 773 1985
f 370 850 2219
f 396 876 2292
f 353 833 2162
f 346 826 2147
f 299 779 2003
f 365 845 2201
f 268 748 1910
f 249 729 1863
f 231 711 1809
f 226 706 1794
f 238 718 1830
f 244 724 1848
f 257 737 1886
f 359 839 2192
f 402 882 2318
f 390 870 2282
f 264 744 1904
f 327 807 2097
f 309 789 2043
f 282 762 1956
f 317 797 2066
f 322 802 2082
f 341 821 2138
f 286 766 1974
f 294 774 1992
f 372 852 2228
f 394 874 2295
f 416 1270 2331
f 408 1246 2327
f 406 1251 2328
f 412 1287 2334
f 415 1305 2337
f 424 1335 2346
f 492 1552 2412
f 582 1474 2499
f 565 1600 2487
f 514 1353 2436
f 461 1480 2376
f 453 1402 2372
f 451 1407 2373
f 457 1491 2379
f 460 1503 2382
f 475 1534 2396
f 439 1413 2361
f 496 1443 2418
f 533 1593 2457
f 551 1384 2463
f 579 1324 2492
f 483 1276 2402
f 426 1264 2343
f 521 1300 2433
f 566 1318 2478
f 489 1342 2406
f 578 1563 2502
f 560 1461 2484
f 518 1587 2442
f 429 1348 2349
f 547 1522 2468
f 465 1419 2387
f 441 1396 2358
f 504 1498 2421
f 537 1516 2454
f 550 1558 2472
f 476 1426 2388
f 444 1432 2364
f 502 1569 2426
f 526 1371 2448
f 481 1281 2403
f 420 1257 2342
f 510 1293 2432
f 555 1311 2477
f 571 1329 2493
f 540 1377 2462
f 473 1539 2397
f 447 1450 2367
f 507 1576 2427
f 534 1366 2447
f 469 1485 2391
f 435 1389 2357
f 498 1438 2417
f 529 1509 2453
f 545 1527 2469
f 487 1545 2411
f 574 1467 2498
f 562 1456 2483
f 520 1582 2441
f 432 1360 2352
f 589 1271 2509
f 583 1247 2503
f 586 1254 2506
f 593 1290 2512
f 596 1308 2515
f 599 1338 2518
f 633 1553 2555
f 620 1475 2541
f 640 1601 2562
f 603 1356 2522
f 622 1481 2542
f 607 1403 2528
f 612 1410 2531
f 626 1494 2545
f 629 1506 2548
f 631 1535 2551
f 614 1416 2533
f 618 1446 2537
f 641 1596 2559
f 605 1385 2526
f 167 907 1616
f 164 889 1608
f 163 883 1606
f 165 895 1612
f 166 901 1615
f 169 919 1624
f 192 1057 1692
f 222 1237 1782
f 216 1201 1765
f 199 1099 1714
f 182 997 1661
f 179 979 1653
f 178 973 1651
f 180 985 1657
f 181 991 1660
f 186 1021 1675
f 174 949 1639
f 193 1063 1696
f 205 1135 1733
f 212 1177 1751
f 221 1231 1779
f 189 1039 1683
f 170 925 1626
f 202 1117 1721
f 217 1207 1766
f 191 1051 1689
f 220 1225 1778
f 214 1189 1760
f 200 1105 1718
f 171 931 1629
f 210 1165 1747
f 183 1003 1665
f 175 955 1641
f 196 1081 1704
f 207 1147 1737
f 211 1171 1750
f 187 1027 1676
f 176 961 1644
f 195 1075 1702
f 203 1123 1726
f 188 1033 1681
f 168 913 1620
f 198 1093 1710
f 213 1183 1755
f 218 1213 1771
f 208 1153 1740
f 185 1015 1673
f 177 967 1647
f 197 1087 1707
f 206 1141 1734
f 184 1009 1669
f 173 943 1635
f 194 1069 1698
f 204 1129 1729
f 209 1159 1745
f 190 1045 1687
f 219 1219 1774
f 215 1195 1762
f 201 1111 1720
f 172 937 1632
f 357 1280 2189
f 255 1256 1883
f 262 1292 1903
f 388 1310 2281
f 400 1328 2317
f 352 1376 2173
f 347 1538 2158
f 298 1447 2012
f 364 1573 2210
f 269 1363 1924
f 339 1484 2135
f 285 1388 1973
f 293 1435 1996
f 370 1508 2227
f 396 1526 2304
f 353 1544 2176
f 346 1466 2155
f 299 1453 2014
f 365 1579 2212
f 268 1357 1922
f 249 1268 1864
f 231 1244 1810
f 226 1249 1795
f 238 1285 1831
f 244 1303 1849
f 257 1333 1887
f 359 1550 2193
f 402 1472 2321
f 390 1598 2285
f 264 1351 1907
f 327 1478 2098
f 309 1400 2044
f 282 1405 1961
f 317 1489 2067
f 322 1501 2083
f 341 1532 2139
f 286 1411 1975
f 294 1441 1997
f 372 1591 2231
f 394 1382 2298
f 358 1322 2190
f 256 1274 1884
f 261 1262 1900
f 387 1298 2278
f 399 1316 2314
f 351 1340 2170
f 348 1561 2159
f 300 1459 2015
f 366 1585 2213
f 267 1346 1918
f 340 1520 2136
f 287 1417 1977
f 291 1394 1990
f 369 1496 2224
f 395 1514 2301
f 354 1556 2177
f 345 1424 2152
f 297 1430 2008
f 363 1567 2206
f 270 1369 1925
f 234 1279 1817
f 227 1255 1797
f 239 1291 1833
f 245 1309 1851
f 252 1327 1871
f 275 1375 1941
f 334 1537 2119
f 304 1448 2029
f 377 1574 2247
f 382 1364 2262
f 312 1483 2051
f 279 1387 1954
f 316 1436 2064
f 323 1507 2085
f 330 1525 2105
f 335 1543 2121
f 305 1465 2031
f 376 1454 2244
f 383 1580 2265
f 274 1358 1939
f 232 1267 1814
f 225 1243 1793
f 237 1250 1829
f 243 1286 1847
f 250 1304 1868
f 273 1334 1937
f 336 1549 2124
f 306 1471 2034
f 378 1597 2250
f 381 1352 2261
f 311 1477 2050
f 281 1399 1960
f 315 1406 2063
f 321 1490 2081
f 328 1502 2102
f 333 1531 2117
f 303 1412 2027
f 375 1442 2243
f 384 1592 2268
f 276 1381 1944
f 229 890 1804
f 223 884 1785
f 235 896 1821
f 241 902 1839
f 247 908 1858
f 271 938 1929
f 332 1046 2114
f 302 1220 2024
f 374 1196 2240
f 379 1112 2253
f 307 980 2038
f 278 974 1951
f 313 986 2055
f 319 992 2073
f 325 998 2092
f 331 1016 2109
f 301 968 2019
f 373 1088 2235
f 380 1142 2258
f 272 1154 1934
f 248 1214 1861
f 230 1034 1807
f 224 914 1790
f 236 1094 1826
f 242 1184 1844
f 254 1040 1880
f 356 1232 2186
f 397 1208 2308
f 385 1118 2272
f 259 926 1894
f 326 1160 2095
f 308 1010 2041
f 277 944 1948
f 314 1070 2060
f 320 1130 2078
f 338 1166 2132
f 284 1004 1970
f 289 956 1984
f 367 1082 2218
f 391 1148 2289
f 355 1058 2181
f 253 920 1875
f 260 1100 1897
f 386 1202 2275
f 398 1238 2311
f 350 1172 2167
f 343 1028 2146
f 295 962 2002
f 361 1076 2200
f 266 1124 1915
f 337 1022 2127
f 283 950 1965
f 290 1064 1987
f 368 1136 2221
f 392 1178 2294
f 349 1052 2164
f 344 1226 2149
f 296 1190 2005
f 362 1106 2203
f 265 932 1912
f 251 1321 1870
f 233 1273 1816
f 228 1261 1800
f 240 1297 1836
f 246 1315 1854
f 258 1339 1890
f 360 1562 2196
f 401 1460 2320
f 389 1586 2284
f 263 1345 1906
f 329 1519 2104
f 310 1418 2047
f 280 1393 1958
f 318 1495 2070
f 324 1513 2088
f 342 1555 2142
f 288 1423 1980
f 292 1429 1994
f 371 1568 2230
f 393 1370 2297
f 409 894 2329
f 405 887 2323
f 411 899 2326
f 414 905 2333
f 417 912 2336
f 431 941 2345
f 488 1050 2409
f 575 1224 2496
f 563 1200 2485
f 519 1115 2435
f 454 984 2374
f 450 977 2368
f 456 989 2371
f 459 995 2378
f 462 1002 2381
f 472 1019 2392
f 446 971 2360
f 506 1091 2416
f 535 1146 2456
f 541 1158 2460
f 570 1217 2488
f 480 1037 2398
f 421 918 2340
f 511 1098 2430
f 556 1188 2475
f 484 1044 2404
f 580 1236 2501
f 567 1212 2482
f 522 1122 2440
f 427 930 2347
f 544 1163 2464
f 468 1013 2384
f 436 948 2355
f 499 1074 2419
f 530 1134 2451
f 548 1170 2470
f 466 1008 2385
f 442 960 2362
f 505 1086 2423
f 536 1151 2446
f 491 1061 2401
f 423 923 2339
f 513 1103 2429
f 564 1205 2474
f 581 1241 2491
f 549 1175 2459
f 477 1032 2395
f 445 966 2365
f 503 1080 2424
f 525 1127 2443
f 474 1025 2390
f 438 953 2354
f 495 1067 2413
f 532 1139 2450
f 552 1182 2467
f 490 1056 2408
f 577 1229 2495
f 559 1193 2479
f 517 1109 2437
f 430 936 2350
f 590 1325 2511
f 584 1277 2505
f 585 1265 2507
f 592 1301 2513
f 595 1319 2516
f 598 1343 2519
f 636 1566 2556
f 621 1464 2540
f 642 1590 2561
f 601 1349 2521
f 623 1523 2544
f 611 1422 2529
f 609 1397 2530
f 625 1499 2546
f 628 1517 2549
f 632 1559 2553
f 613 1427 2534
f 616 1433 2536
f 638 1572 2557
f 606 1374 2525
f 407 892 1609
f 403 885 1605
f 404 897 1611
f 410 903 1614
f 413 910 1617
f 422 939 1631
f 486 1048 1688
f 573 1222 1775
f 561 1198 1763
f 512 1113 1719
f 452 982 1654
f 448 975 1650
f 449 987 1656
f 455 993 1659
f 458 1000 1662
f 470 1017 1672
f 437 969 1646
f 494 1089 1706
f 531 1144 1735
f 539 1156 1741
f 568 1215 1770
f 478 1035 1680
f 419 916 1621
f 509 1096 1711
f 554 1186 1756
f 482 1042 1684
f 576 1234 1780
f 558 1210 1767
f 516 1120 1722
f 425 928 1627
f 542 1161 1744
f 463 1011 1668
f 434 946 1636
f 497 1072 1699
f 528 1132 1730
f 546 1168 1748
f 464 1006 1666
f 440 958 1642
f 500 1084 1705
f 524 1149 1736
f 479 1059 1691
f 418 921 1623
f 508 1101 1713
f 553 1203 1764
f 569 1239 1781
f 538 1173 1749
f 471 1030 1677
f 443 964 1645
f 501 1078 1703
f 523 1125 1725
f 467 1023 1674
f 433 951 1638
f 493 1065 1695
f 527 1137 1732
f 543 1180 1752
f 485 1054 1690
f 572 1227 1777
f 557 1191 1759
f 515 1107 1717
f 428 934 1630
f 591 1326 2191
f 587 1278 1885
f 588 1266 1901
f 594 1302 2279
f 597 1320 2315
f 600 1344 2171
f 634 1565 2160
f 619 1463 2016
f 639 1589 2214
f 602 1350 1919
f 624 1524 2137
f 608 1421 1978
f 610 1398 1991
f 627 1500 2225
f 630 1518 2302
f 635 1560 2178
f 615 1428 2153
f 617 1434 2009
f 637 1571 2207
f 604 1373 1926
f 416 911 1857
f 408 893 1803
f 406 888 1786
f 412 900 1822
f 415 906 1840
f 424 924 1876
f 492 1062 2182
f 582 1242 2312
f 565 1206 2276
f 514 1104 1898
f 461 1001 2091
f 453 983 2037
f 451 978 1952
f 457 990 2056
f 460 996 2074
f 475 1026 2128
f 439 954 1966
f 496 1068 1988
f 533 1140 2222
f 551 1181 2293
f 579 1235 2185
f 483 1043 1879
f 426 929 1893
f 521 1121 2271
f 566 1211 2307
f 489 1055 2163
f 578 1230 2150
f 560 1194 2006
f 518 1110 2204
f 429 935 1911
f 547 1169 2131
f 465 1007 1969
f 441 959 1983
f 504 1085 2217
f 537 1152 2290
f 550 1176 2168
f 476 1031 2145
f 444 965 2001
f 502 1079 2199
f 526 1128 1916
f 481 1038 1808
f 420 917 1789
f 510 1097 1825
f 555 1187 1843
f 571 1218 1862
f 540 1157 1933
f 473 1020 2110
f 447 972 2020
f 507 1092 2236
f 534 1145 2257
f 469 1014 2042
f 435 947 1947
f 498 1073 2059
f 529 1133 2077
f 545 1164 2096
f 487 1049 2113
f 574 1223 2023
f 562 1199 2239
f 520 1116 2254
f 432 942 1930
f 589 1283 1818
f 583 1259 1798
f 586 1295 1834
f 593 1313 1852
f 596 1331 1872
f 599 1379 1942
f 633 1541 2120
f 620 1452 2030
f 640 1578 2248
f 603 1368 2263
f 622 1487 2052
f 607 1391 1955
f 612 1440 2065
f 626 1511 2086
f 629 1529 2106
f 631 1547 2122
f 614 1469 2032
f 618 1458 2245
f 641 1584 2266
f 605 1362 1940
f 409 1269 1813
f 405 1245 1792
f 411 1252 1828
f 414 1288 1846
f 417 1306 1867
f 431 1336 1936
f 488 1551 2123
f 575 1473 2033
f 563 1599 2249
f 519 1354 2260
f 454 1479 2049
f 450 1401 1959
f 456 1408 2062
f 459 1492 2080
f 462 1504 2101
f 472 1533 2116
f 446 1414 2026
f 506 1444 2242
f 535 1594 2267
f 541 1383 1943
f 570 1323 1869
f 480 1275 1815
f 421 1263 1799
f 511 1299 1835
f 556 1317 1853
f 484 1341 1889
f 580 1564 2195
f 567 1462 2319
f 522 1588 2283
f 427 1347 1905
f 544 1521 2103
f 468 1420 2046
f 436 1395 1957
f 499 1497 2069
f 530 1515 2087
f 548 1557 2141
f 466 1425 1979
f 442 1431 1993
f 505 1570 2229
f 536 1372 2296
f 491 1282 2188
f 423 1258 1882
f 513 1294 1902
f 564 1312 2280
f 581 1330 2316
f 549 1378 2172
f 477 1540 2157
f 445 1449 2011
f 503 1575 2209
f 525 1365 1923
f 474 1486 2134
f 438 1390 1972
f 495 1437 1995
f 532 1510 2226
f 552 1528 2303
f 490 1546 2175
f 577 1468 2154
f 559 1455 2013
f 517 1581 2211
f 430 1359 1921
f 590 1272 1865
f 584 1248 1811
f 585 1253 1796
f 592 1289 1832
f 595 1307 1850
f 598 1337 1888
f 636 1554 2194
f 621 1476 2322
f 642 1602 2286
f 601 1355 1908
f 623 1482 2099
f 611 1404 2045
f 609 1409 1962
f 625 1493 2068
f 628 1505 2084
f 632 1536 2140
f 613 1415 1976
f 616 1445 1998
f 638 1595 2232
f 606 1386 2299
f 407 909 2330
f 403 891 2324
f 404 886 2325
f 410 898 2332
f 413 904 2335
f 422 922 2344
f 486 1060 2410
f 573 1240 2497
f 561 1204 2486
f 512 1102 2434
f 452 999 2375
f 448 981 2369
f 449 976 2370
f 455 988 2377
f 458 994 2380
f 470 1024 2393
f 437 952 2359
f 494 1066 2415
f 531 1138 2455
f 539 1179 2461
f 568 1233 2489
f 478 1041 2399
f 419 927 2341
f 509 1119 2431
f 554 1209 2476
f 482 1053 2405
f 576 1228 2500
f 558 1192 2481
f 516 1108 2439
f 425 933 2348
f 542 1167 2465
f 463 1005 2383
f 434 957 2356
f 497 1083 2420
f 528 1150 2452
f 546 1174 2471
f 464 1029 2386
f 440 963 2363
f 500 1077 2422
f 524 1126 2445
f 479 1036 2400
f 418 915 2338
f 508 1095 2428
f 553 1185 2473
f 569 1216 2490
f 538 1155 2458
f 471 1018 2394
f 443 970 2366
f 501 1090 2425
f 523 1143 2444
f 467 1012 2389
f 433 945 2353
f 493 1071 2414
f 527 1131 2449
f 543 1162 2466
f 485 1047 2407
f 572 1221 2494
f 557 1197 2480
f 515 1114 2438
f 428 940 2351
f 591 1284 2510
f 587 1260 2504
f 588 1296 2508
f 594 1314 2514
f 597 1332 2517
f 600 1380 2520
f 634 1542 2554
f 619 1451 2539
f 639 1577 2560
f 602 1367 2523
f 624 1488 2543
f 608 1392 2527
f 610 1439 2532
f 627 1512 2547
f 630 1530 2550
f 635 1548 2552
f 615 1470 2535
f 617 1457 2538
f 637 1583 2558
f 604 1361 2524
f 167 1616 1607
f 164 1608 1603
f 163 1606 1604
f 165 1612 1610
f 166 1615 1613
f 169 1624 1622
f 192 1692 1686
f 222 1782 1773
f 216 1765 1761
f 199 1714 1712
f 182 1661 1652
f 179 1653 1648
f 178 1651 1649
f 180 1657 1655
f 181 1660 1658
f 186 1675 1670
f 174 1639 1637
f 193 1696 1694
f 205 1733 1731
f 212 1751 1739
f 221 1779 1768
f 189 1683 1678
f 170 1626 1619
f 202 1721 1709
f 217 1766 1754
f 191 1689 1682
f 220 1778 1776
f 214 1760 1758
f 200 1718 1716
f 171 1629 1625
f 210 1747 1742
f 183 1665 1663
f 175 1641 1634
f 196 1704 1697
f 207 1737 1728
f 211 1750 1746
f 187 1676 1664
f 176 1644 1640
f 195 1702 1700
f 203 1726 1724
f 188 1681 1679
f 168 1620 1618
f 198 1710 1708
f 213 1755 1753
f 218 1771 1769
f 208 1740 1738
f 185 1673 1671
f 177 1647 1643
f 197 1707 1701
f 206 1734 1723
f 184 1669 1667
f 173 1635 1633
f 194 1698 1693
f 204 1729 1727
f 209 1745 1743
f 190 1687 1685
f 219 1774 1772
f 215 1762 1757
f 201 1720 1715
f 172 1632 1628
f 357 2189 2187
f 255 1883 1881
f 262 1903 1899
f 388 2281 2277
f 400 2317 2313
f 352 2173 2169
f 347 2158 2156
f 298 2012 2010
f 364 2210 2208
f 269 1924 1917
f 339 2135 2133
f 285 1973 1971
f 293 1996 1989
f 370 2227 2223
f 396 2304 2300
f 353 2176 2174
f 346 2155 2151
f 299 2014 2007
f 365 2212 2205
f 268 1922 1920
f 249 1864 1855
f 231 1810 1801
f 226 1795 1784
f 238 1831 1820
f 244 1849 1838
f 257 1887 1874
f 359 2193 2180
f 402 2321 2310
f 390 2285 2274
f 264 1907 1896
f 327 2098 2089
f 309 2044 2035
f 282 1961 1950
f 317 2067 2054
f 322 2083 2072
f 341 2139 2126
f 286 1975 1964
f 294 1997 1986
f 372 2231 2220
f 394 2298 2291
f 358 2190 2183
f 256 1884 1877
f 261 1900 1891
f 387 2278 2269
f 399 2314 2305
f 351 2170 2161
f 348 2159 2148
f 300 2015 2004
f 366 2213 2202
f 267 1918 1909
f 340 2136 2129
f 287 1977 1967
f 291 1990 1981
f 369 2224 2215
f 395 2301 2288
f 354 2177 2166
f 345 2152 2143
f 297 2008 1999
f 363 2206 2197
f 270 1925 1914
f 234 1817 1806
f 227 1797 1787
f 239 1833 1823
f 245 1851 1841
f 252 1871 1860
f 275 1941 1931
f 334 2119 2108
f 304 2029 2018
f 377 2247 2234
f 382 2262 2255
f 312 2051 2040
f 279 1954 1945
f 316 2064 2057
f 323 2085 2075
f 330 2105 2094
f 335 2121 2111
f 305 2031 2021
f 376 2244 2237
f 383 2265 2252
f 274 1939 1928
f 232 1814 1812
f 225 1793 1791
f 237 1829 1827
f 243 1847 1845
f 250 1868 1866
f 273 1937 1935
f 336 2124 2118
f 306 2034 2028
f 378 2250 2246
f 381 2261 2259
f 311 2050 2048
f 281 1960 1953
f 315 2063 2061
f 321 2081 2079
f 328 2102 2100
f 333 2117 2115
f 303 2027 2025
f 375 2243 2241
f 384 2268 2264
f 276 1944 1938
f 229 1804 1802
f 223 1785 1783
f 235 1821 1819
f 241 1839 1837
f 247 1858 1856
f 271 1929 1927
f 332 2114 2112
f 302 2024 2022
f 374 2240 2238
f 379 2253 2251
f 307 2038 2036
f 278 1951 1949
f 313 2055 2053
f 319 2073 2071
f 325 2092 2090
f 331 2109 2107
f 301 2019 2017
f 373 2235 2233
f 380 2258 2256
f 272 1934 1932
f 248 1861 1859
f 230 1807 1805
f 224 1790 1788
f 236 1826 1824
f 242 1844 1842
f 254 1880 1878
f 356 2186 2184
f 397 2308 2306
f 385 2272 2270
f 259 1894 1892
f 326 2095 2093
f 308 2041 2039
f 277 1948 1946
f 314 2060 2058
f 320 2078 2076
f 338 2132 2130
f 284 1970 1968
f 289 1984 1982
f 367 2218 2216
f 391 2289 2287
f 355 2181 2179
f 253 1875 1873
f 260 1897 1895
f 386 2275 2273
f 398 2311 2309
f 350 2167 2165
f 343 2146 2144
f 295 2002 2000
f 361 2200 2198
f 266 1915 1913
f 337 2127 2125
f 283 1965 1963
f 290 1987 1985
f 368 2221 2219
f 392 2294 2292
f 349 2164 2162
f 344 2149 2147
f 296 2005 2003
f 362 2203 2201
f 265 1912 1910
f 251 1870 1863
f 233 1816 1809
f 228 1800 1794
f 240 1836 1830
f 246 1854 1848
f 258 1890 1886
f 360 2196 2192
f 401 2320 2318
f 389 2284 2282
f 263 1906 1904
f 329 2104 2097
f 310 2047 2043
f 280 1958 1956
f 318 2070 2066
f 324 2088 2082
f 342 2142 2138
f 288 1980 1974
f 292 1994 1992
f 371 2230 2228
f 393 2297 2295
f 409 2329 2331
f 405 2323 2327
f 411 2326 2328
f 414 2333 2334
f 417 2336 2337
f 431 2345 2346
f 488 2409 2412
f 575 2496 2499
f 563 2485 2487
f 519 2435 2436
f 454 2374 2376
f 450 2368 2372
f 456 2371 2373
f 459 2378 2379
f 462 2381 2382
f 472 2392 2396
f 446 2360 2361
f 506 2416 2418
f 535 2456 2457
f 541 2460 2463
f 570 2488 2492
f 480 2398 2402
f 421 2340 2343
f 511 2430 2433
f 556 2475 2478
f 484 2404 2406
f 580 2501 2502
f 567 2482 2484
f 522 2440 2442
f 427 2347 2349
f 544 2464 2468
f 468 2384 2387
f 436 2355 2358
f 499 2419 2421
f 530 2451 2454
f 548 2470 2472
f 466 2385 2388
f 442 2362 2364
f 505 2423 2426
f 536 2446 2448
f 491 2401 2403
f 423 2339 2342
f 513 2429 2432
f 564 2474 2477
f 581 2491 2493
f 549 2459 2462
f 477 2395 2397
f 445 2365 2367
f 503 2424 2427
f 525 2443 2447
f 474 2390 2391
f 438 2354 2357
f 495 2413 2417
f 532 2450 2453
f 552 2467 2469
f 490 2408 2411
f 577 2495 2498
f 559 2479 2483
f 517 2437 2441
f 430 2350 2352
f 590 2511 2509
f 584 2505 2503
f 585 2507 2506
f 592 2513 2512
f 595 2516 2515
f 598 2519 2518
f 636 2556 2555
f 621 2540 2541
f 642 2561 2562
f 601 2521 2522
f 623 2544 2542
f 611 2529 2528
f 609 2530 2531
f 625 2546 2545
f 628 2549 2548
f 632 2553 2551
f 613 2534 2533
f 616 2536 2537
f 638 2557 2559
f 606 2525 2526
f 1607 644 647
f 1603 643 644
f 1604 645 643
f 1610 646 645
f 1613 647 646
f 1622 652 649
f 1686 670 672
f 1773 699 702
f 1761 695 696
f 1712 681 679
f 1652 659 662
f 1648 658 659
f 1649 660 658
f 1655 661 660
f 1658 662 661
f 1670 665 666
f 1637 657 654
f 1694 677 673
f 1731 686 685
f 1739 688 692
f 1768 698 701
f 1678 668 669
f 1619 648 650
f 1709 678 682
f 1754 693 697
f 1682 669 671
f 1776 701 700
f 1758 697 694
f 1716 682 680
f 1625 650 651
f 1742 689 690
f 1663 664 663
f 1634 653 655
f 1697 674 676
f 1728 684 687
f 1746 690 691
f 1664 663 667
f 1640 655 656
f 1700 676 675
f 1724 687 683
f 1679 672 668
f 1618 649 648
f 1708 679 678
f 1753 696 693
f 1769 702 698
f 1738 691 688
f 1671 667 665
f 1643 656 657
f 1701 675 677
f 1723 683 686
f 1667 666 664
f 1633 654 653
f 1693 673 674
f 1727 685 684
f 1743 692 689
f 1685 671 670
f 1772 700 699
f 1757 694 695
f 1715 680 681
f 1628 651 652
f 2187 838 837
f 1881 736 735
f 1899 741 742
f 2277 867 868
f 2313 879 880
f 2169 831 832
f 2156 828 827
f 2010 780 778
f 2208 846 844
f 1917 747 749
f 2133 820 819
f 1971 767 765
f 1989 771 773
f 2223 849 850
f 2300 875 876
f 2174 834 833
f 2151 825 826
f 2007 777 779
f 2205 843 845
f 1920 750 748
f 1855 727 729
f 1801 709 711
f 1784 703 706
f 1820 715 718
f 1838 721 724
f 1874 733 737
f 2180 835 839
f 2310 878 882
f 2274 866 870
f 1896 740 744
f 2089 805 807
f 2035 787 789
f 1950 758 762
f 2054 793 797
f 2072 799 802
f 2126 817 821
f 1964 763 766
f 1986 770 774
f 2220 848 852
f 2291 872 874
f 2183 836 838
f 1877 734 736
f 1891 739 741
f 2269 865 867
f 2305 877 879
f 2161 829 831
f 2148 824 828
f 2004 776 780
f 2202 842 846
f 1909 745 747
f 2129 818 820
f 1967 764 767
f 1981 769 771
f 2215 847 849
f 2288 871 875
f 2166 830 834
f 2143 823 825
f 1999 775 777
f 2197 841 843
f 1914 746 750
f 1806 710 714
f 1787 704 707
f 1823 716 719
f 1841 722 725
f 1860 728 732
f 1931 752 755
f 2108 811 814
f 2018 781 784
f 2234 853 857
f 2255 860 862
f 2040 788 792
f 1945 757 759
f 2057 794 796
f 2075 800 803
f 2094 806 810
f 2111 812 815
f 2021 782 785
f 2237 854 856
f 2252 859 863
f 1928 751 754
f 1812 714 712
f 1791 707 705
f 1827 719 717
f 1845 725 723
f 1866 732 730
f 1935 755 753
f 2118 814 816
f 2028 784 786
f 2246 857 858
f 2259 862 861
f 2048 792 791
f 1953 759 761
f 2061 796 795
f 2079 803 801
f 2100 810 808
f 2115 815 813
f 2025 785 783
f 2241 856 855
f 2264 863 864
f 1938 754 756
f 1802 712 709
f 1783 705 703
f 1819 717 715
f 1837 723 721
f 1856 730 727
f 1927 753 751
f 2112 816 812
f 2022 786 782
f 2238 858 854
f 2251 861 859
f 2036 791 787
f 1949 761 758
f 2053 795 793
f 2071 801 799
f 2090 808 805
f 2107 813 811
f 2017 783 781
f 2233 855 853
f 2256 864 860
f 1932 756 752
f 1859 731 728
f 1805 713 710
f 1788 708 704
f 1824 720 716
f 1842 726 722
f 1878 738 734
f 2184 840 836
f 2306 881 877
f 2270 869 865
f 1892 743 739
f 2093 809 806
f 2039 790 788
f 1946 760 757
f 2058 798 794
f 2076 804 800
f 2130 822 818
f 1968 768 764
f 1982 772 769
f 2216 851 847
f 2287 873 871
f 2179 837 835
f 1873 735 733
f 1895 742 740
f 2273 868 866
f 2309 880 878
f 2165 832 830
f 2144 827 823
f 2000 778 775
f 2198 844 841
f 1913 749 746
f 2125 819 817
f 1963 765 763
f 1985 773 770
f 2219 850 848
f 2292 876 872
f 2162 833 829
f 2147 826 824
f 2003 779 776
f 2201 845 842
f 1910 748 745
f 1863 729 731
f 1809 711 713
f 1794 706 708
f 1830 718 720
f 1848 724 726
f 1886 737 738
f 2192 839 840
f 2318 882 881
f 2282 870 869
f 1904 744 743
f 2097 807 809
f 2043 789 790
f 1956 762 760
f 2066 797 798
f 2082 802 804
f 2138 821 822
f 1974 766 768
f 1992 774 772
f 2228 852 851
f 2295 874 873
f 2331 1270 1269
f 2327 1246 1245
f 2328 1251 1252
f 2334 1287 1288
f 2337 1305 1306
f 2346 1335 1336
f 2412 1552 1551
f 2499 1474 1473
f 2487 1600 1599
f 2436 1353 1354
f 2376 1480 1479
f 2372 1402 1401
f 2373 1407 1408
f 2379 1491 1492
f 2382 1503 1504
f 2396 1534 1533
f 2361 1413 1414
f 2418 1443 1444
f 2457 1593 1594
f 2463 1384 1383
f 2492 1324 1323
f 2402 1276 1275
f 2343 1264 1263
f 2433 1300 1299
f 2478 1318 1317
f 2406 1342 1341
f 2502 1563 1564
f 2484 1461 1462
f 2442 1587 1588
f 2349 1348 1347
f 2468 1522 1521
f 2387 1419 1420
f 2358 1396 1395
f 2421 1498 1497
f 2454 1516 1515
f 2472 1558 1557
f 2388 1426 1425
f 2364 1432 1431
f 2426 1569 1570
f 2448 1371 1372
f 2403 1281 1282
f 2342 1257 1258
f 2432 1293 1294
f 2477 1311 1312
f 2493 1329 1330
f 2462 1377 1378
f 2397 1539 1540
f 2367 1450 1449
f 2427 1576 1575
f 2447 1366 1365
f 2391 1485 1486
f 2357 1389 1390
f 2417 1438 1437
f 2453 1509 1510
f 2469 1527 1528
f 2411 1545 1546
f 2498 1467 1468
f 2483 1456 1455
f 2441 1582 1581
f 2352 1360 1359
f 2509 1271 1272
f 2503 1247 1248
f 2506 1254 1253
f 2512 1290 1289
f 2515 1308 1307
f 2518 1338 1337
f 2555 1553 1554
f 2541 1475 1476
f 2562 1601 1602
f 2522 1356 1355
f 2542 1481 1482
f 2528 1403 1404
f 2531 1410 1409
f 2545 1494 1493
f 2548 1506 1505
f 2551 1535 1536
f 2533 1416 1415
f 2537 1446 1445
f 2559 1596 1595
f 2526 1385 1386
f 1616 907 909
f 1608 889 891
f 1606 883 886
f 1612 895 898
f 1615 901 904
f 1624 919 922
f 1692 1057 1060
f 1782 1237 1240
f 1765 1201 1204
f 1714 1099 1102
f 1661 997 999
f 1653 979 981
f 1651 973 976
f 1657 985 988
f 1660 991 994
f 1675 1021 1024
f 1639 949 952
f 1696 1063 1066
f 1733 1135 1138
f 1751 1177 1179
f 1779 1231 1233
f 1683 1039 1041
f 1626 925 927
f 1721 1117 1119
f 1766 1207 1209
f 1689 1051 1053
f 1778 1225 1228
f 1760 1189 1192
f 1718 1105 1108
f 1629 931 933
f 1747 1165 1167
f 1665 1003 1005
f 1641 955 957
f 1704 1081 1083
f 1737 1147 1150
f 1750 1171 1174
f 1676 1027 1029
f 1644 961 963
f 1702 1075 1077
f 1726 1123 1126
f 1681 1033 1036
f 1620 913 915
f 1710 1093 1095
f 1755 1183 1185
f 1771 1213 1216
f 1740 1153 1155
f 1673 1015 1018
f 1647 967 970
f 1707 1087 1090
f 1734 1141 1143
f 1669 1009 1012
f 1635 943 945
f 1698 1069 1071
f 1729 1129 1131
f 1745 1159 1162
f 1687 1045 1047
f 1774 1219 1221
f 1762 1195 1197
f 1720 1111 1114
f 1632 937 940
f 2189 1280 1284
f 1883 1256 1260
f 1903 1292 1296
f 2281 1310 1314
f 2317 1328 1332
f 2173 1376 1380
f 2158 1538 1542
f 2012 1447 1451
f 2210 1573 1577
f 1924 1363 1367
f 2135 1484 1488
f 1973 1388 1392
f 1996 1435 1439
f 2227 1508 1512
f 2304 1526 1530
f 2176 1544 1548
f 2155 1466 1470
f 2014 1453 1457
f 2212 1579 1583
f 1922 1357 1361
f 1864 1268 1270
f 1810 1244 1246
f 1795 1249 1251
f 1831 1285 1287
f 1849 1303 1305
f 1887 1333 1335
f 2193 1550 1552
f 2321 1472 1474
f 2285 1598 1600
f 1907 1351 1353
f 2098 1478 1480
f 2044 1400 1402
f 1961 1405 1407
f 2067 1489 1491
f 2083 1501 1503
f 2139 1532 1534
f 1975 1411 1413
f 1997 1441 1443
f 2231 1591 1593
f 2298 1382 1384
f 2190 1322 1324
f 1884 1274 1276
f 1900 1262 1264
f 2278 1298 1300
f 2314 1316 1318
f 2170 1340 1342
f 2159 1561 1563
f 2015 1459 1461
f 2213 1585 1587
f 1918 1346 1348
f 2136 1520 1522
f 1977 1417 1419
f 1990 1394 1396
f 2224 1496 1498
f 2301 1514 1516
f 2177 1556 1558
f 2152 1424 1426
f 2008 1430 1432
f 2206 1567 1569
f 1925 1369 1371
f 1817 1279 1281
f 1797 1255 1257
f 1833 1291 1293
f 1851 1309 1311
f 1871 1327 1329
f 1941 1375 1377
f 2119 1537 1539
f 2029 1448 1450
f 2247 1574 1576
f 2262 1364 1366
f 2051 1483 1485
f 1954 1387 1389
f 2064 1436 1438
f 2085 1507 1509
f 2105 1525 1527
f 2121 1543 1545
f 2031 1465 1467
f 2244 1454 1456
f 2265 1580 1582
f 1939 1358 1360
f 1814 1267 1271
f 1793 1243 1247
f 1829 1250 1254
f 1847 1286 1290
f 1868 1304 1308
f 1937 1334 1338
f 2124 1549 1553
f 2034 1471 1475
f 2250 1597 1601
f 2261 1352 1356
f 2050 1477 1481
f 1960 1399 1403
f 2063 1406 1410
f 2081 1490 1494
f 2102 1502 1506
f 2117 1531 1535
f 2027 1412 1416
f 2243 1442 1446
f 2268 1592 1596
f 1944 1381 1385
f 1804 890 894
f 1785 884 887
f 1821 896 899
f 1839 902 905
f 1858 908 912
f 1929 938 941
f 2114 1046 1050
f 2024 1220 1224
f 2240 1196 1200
f 2253 1112 1115
f 2038 980 984
f 1951 974 977
f 2055 986 989
f 2073 992 995
f 2092 998 1002
f 2109 1016 1019
f 2019 968 971
f 2235 1088 1091
f 2258 1142 1146
f 1934 1154 1158
f 1861 1214 1217
f 1807 1034 1037
f 1790 914 918
f 1826 1094 1098
f 1844 1184 1188
f 1880 1040 1044
f 2186 1232 1236
f 2308 1208 1212
f 2272 1118 1122
f 1894 926 930
f 2095 1160 1163
f 2041 1010 1013
f 1948 944 948
f 2060 1070 1074
f 2078 1130 1134
f 2132 1166 1170
f 1970 1004 1008
f 1984 956 960
f 2218 1082 1086
f 2289 1148 1151
f 2181 1058 1061
f 1875 920 923
f 1897 1100 1103
f 2275 1202 1205
f 2311 1238 1241
f 2167 1172 1175
f 2146 1028 1032
f 2002 962 966
f 2200 1076 1080
f 1915 1124 1127
f 2127 1022 1025
f 1965 950 953
f 1987 1064 1067
f 2221 1136 1139
f 2294 1178 1182
f 2164 1052 1056
f 2149 1226 1229
f 2005 1190 1193
f 2203 1106 1109
f 1912 932 936
f 1870 1321 1325
f 1816 1273 1277
f 1800 1261 1265
f 1836 1297 1301
f 1854 1315 1319
f 1890 1339 1343
f 2196 1562 1566
f 2320 1460 1464
f 2284 1586 1590
f 1906 1345 1349
f 2104 1519 1523
f 2047 1418 1422
f 1958 1393 1397
f 2070 1495 1499
f 2088 1513 1517
f 2142 1555 1559
f 1980 1423 1427
f 1994 1429 1433
f 2230 1568 1572
f 2297 1370 1374
f 2329 894 892
f 2323 887 885
f 2326 899 897
f 2333 905 903
f 2336 912 910
f 2345 941 939
f 2409 1050 1048
f 2496 1224 1222
f 2485 1200 1198
f 2435 1115 1113
f 2374 984 982
f 2368 977 975
f 2371 989 987
f 2378 995 993
f 2381 1002 1000
f 2392 1019 1017
f 2360 971 969
f 2416 1091 1089
f 2456 1146 1144
f 2460 1158 1156
f 2488 1217 1215
f 2398 1037 1035
f 2340 918 916
f 2430 1098 1096
f 2475 1188 1186
f 2404 1044 1042
f 2501 1236 1234
f 2482 1212 1210
f 2440 1122 1120
f 2347 930 928
f 2464 1163 1161
f 2384 1013 1011
f 2355 948 946
f 2419 1074 1072
f 2451 1134 1132
f 2470 1170 1168
f 2385 1008 1006
f 2362 960 958
f 2423 1086 1084
f 2446 1151 1149
f 2401 1061 1059
f 2339 923 921
f 2429 1103 1101
f 2474 1205 1203
f 2491 1241 1239
f 2459 1175 1173
f 2395 1032 1030
f 2365 966 964
f 2424 1080 1078
f 2443 1127 1125
f 2390 1025 1023
f 2354 953 951
f 2413 1067 1065
f 2450 1139 1137
f 2467 1182 1180
f 2408 1056 1054
f 2495 1229 1227
f 2479 1193 1191
f 2437 1109 1107
f 2350 936 934
f 2511 1325 1326
f 2505 1277 1278
f 2507 1265 1266
f 2513 1301 1302
f 2516 1319 1320
f 2519 1343 1344
f 2556 1566 1565
f 2540 1464 1463
f 2561 1590 1589
f 2521 1349 1350
f 2544 1523 1524
f 2529 1422 1421
f 2530 1397 1398
f 2546 1499 1500
f 2549 1517 1518
f 2553 1559 1560
f 2534 1427 1428
f 2536 1433 1434
f 2557 1572 1571
f 2525 1374 1373
f 1609 892 889
f 1605 885 883
f 1611 897 895
f 1614 903 901
f 1617 910 907
f 1631 939 937
f 1688 1048 1045
f 1775 1222 1219
f 1763 1198 1195
f 1719 1113 1111
f 1654 982 979
f 1650 975 973
f 1656 987 985
f 1659 993 991
f 1662 1000 997
f 1672 1017 1015
f 1646 969 967
f 1706 1089 1087
f 1735 1144 1141
f 1741 1156 1153
f 1770 1215 1213
f 1680 1035 1033
f 1621 916 913
f 1711 1096 1093
f 1756 1186 1183
f 1684 1042 1039
f 1780 1234 1231
f 1767 1210 1207
f 1722 1120 1117
f 1627 928 925
f 1744 1161 1159
f 1668 1011 1009
f 1636 946 943
f 1699 1072 1069
f 1730 1132 1129
f 1748 1168 1165
f 1666 1006 1003
f 1642 958 955
f 1705 1084 1081
f 1736 1149 1147
f 1691 1059 1057
f 1623 921 919
f 1713 1101 1099
f 1764 1203 1201
f 1781 1239 1237
f 1749 1173 1171
f 1677 1030 1027
f 1645 964 961
f 1703 1078 1075
f 1725 1125 1123
f 1674 1023 1021
f 1638 951 949
f 1695 1065 1063
f 1732 1137 1135
f 1752 1180 1177
f 1690 1054 1051
f 1777 1227 1225
f 1759 1191 1189
f 1717 1107 1105
f 1630 934 931
f 2191 1326 1322
f 1885 1278 1274
f 1901 1266 1262
f 2279 1302 1298
f 2315 1320 1316
f 2171 1344 1340
f 2160 1565 1561
f 2016 1463 1459
f 2214 1589 1585
f 1919 1350 1346
f 2137 1524 1520
f 1978 1421 1417
f 1991 1398 1394
f 2225 1500 1496
f 2302 1518 1514
f 2178 1560 1556
f 2153 1428 1424
f 2009 1434 1430
f 2207 1571 1567
f 1926 1373 1369
f 1857 911 908
f 1803 893 890
f 1786 888 884
f 1822 900 896
f 1840 906 902
f 1876 924 920
f 2182 1062 1058
f 2312 1242 1238
f 2276 1206 1202
f 1898 1104 1100
f 2091 1001 998
f 2037 983 980
f 1952 978 974
f 2056 990 986
f 2074 996 992
f 2128 1026 1022
f 1966 954 950
f 1988 1068 1064
f 2222 1140 1136
f 2293 1181 1178
f 2185 1235 1232
f 1879 1043 1040
f 1893 929 926
f 2271 1121 1118
f 2307 1211 1208
f 2163 1055 1052
f 2150 1230 1226
f 2006 1194 1190
f 2204 1110 1106
f 1911 935 932
f 2131 1169 1166
f 1969 1007 1004
f 1983 959 956
f 2217 1085 1082
f 2290 1152 1148
f 2168 1176 1172
f 2145 1031 1028
f 2001 965 962
f 2199 1079 1076
f 1916 1128 1124
f 1808 1038 1034
f 1789 917 914
f 1825 1097 1094
f 1843 1187 1184
f 1862 1218 1214
f 1933 1157 1154
f 2110 1020 1016
f 2020 972 968
f 2236 1092 1088
f 2257 1145 1142
f 2042 1014 1010
f 1947 947 944
f 2059 1073 1070
f 2077 1133 1130
f 2096 1164 1160
f 2113 1049 1046
f 2023 1223 1220
f 2239 1199 1196
f 2254 1116 1112
f 1930 942 938
f 1818 1283 1279
f 1798 1259 1255
f 1834 1295 1291
f 1852 1313 1309
f 1872 1331 1327
f 1942 1379 1375
f 2120 1541 1537
f 2030 1452 1448
f 2248 1578 1574
f 2263 1368 1364
f 2052 1487 1483
f 1955 1391 1387
f 2065 1440 1436
f 2086 1511 1507
f 2106 1529 1525
f 2122 1547 1543
f 2032 1469 1465
f 2245 1458 1454
f 2266 1584 1580
f 1940 1362 1358
f 1813 1269 1267
f 1792 1245 1243
f 1828 1252 1250
f 1846 1288 1286
f 1867 1306 1304
f 1936 1336 1334
f 2123 1551 1549
f 2033 1473 1471
f 2249 1599 1597
f 2260 1354 1352
f 2049 1479 1477
f 1959 1401 1399
f 2062 1408 1406
f 2080 1492 1490
f 2101 1504 1502
f 2116 1533 1531
f 2026 1414 1412
f 2242 1444 1442
f 2267 1594 1592
f 1943 1383 1381
f 1869 1323 1321
f 1815 1275 1273
f 1799 1263 1261
f 1835 1299 1297
f 1853 1317 1315
f 1889 1341 1339
f 2195 1564 1562
f 2319 1462 1460
f 2283 1588 1586
f 1905 1347 1345
f 2103 1521 1519
f 2046 1420 1418
f 1957 1395 1393
f 2069 1497 1495
f 2087 1515 1513
f 2141 1557 1555
f 1979 1425 1423
f 1993 1431 1429
f 2229 1570 1568
f 2296 1372 1370
f 2188 1282 1280
f 1882 1258 1256
f 1902 1294 1292
f 2280 1312 1310
f 2316 1330 1328
f 2172 1378 1376
f 2157 1540 1538
f 2011 1449 1447
f 2209 1575 1573
f 1923 1365 1363
f 2134 1486 1484
f 1972 1390 1388
f 1995 1437 1435
f 2226 1510 1508
f 2303 1528 1526
f 2175 1546 1544
f 2154 1468 1466
f 2013 1455 1453
f 2211 1581 1579
f 1921 1359 1357
f 1865 1272 1268
f 1811 1248 1244
f 1796 1253 1249
f 1832 1289 1285
f 1850 1307 1303
f 1888 1337 1333
f 2194 1554 1550
f 2322 1476 1472
f 2286 1602 1598
f 1908 1355 1351
f 2099 1482 1478
f 2045 1404 1400
f 1962 1409 1405
f 2068 1493 1489
f 2084 1505 1501
f 2140 1536 1532
f 1976 1415 1411
f 1998 1445 1441
f 2232 1595 1591
f 2299 1386 1382
f 2330 909 911
f 2324 891 893
f 2325 886 888
f 2332 898 900
f 2335 904 906
f 2344 922 924
f 2410 1060 1062
f 2497 1240 1242
f 2486 1204 1206
f 2434 1102 1104
f 2375 999 1001
f 2369 981 983
f 2370 976 978
f 2377 988 990
f 2380 994 996
f 2393 1024 1026
f 2359 952 954
f 2415 1066 1068
f 2455 1138 1140
f 2461 1179 1181
f 2489 1233 1235
f 2399 1041 1043
f 2341 927 929
f 2431 1119 1121
f 2476 1209 1211
f 2405 1053 1055
f 2500 1228 1230
f 2481 1192 1194
f 2439 1108 1110
f 2348 933 935
f 2465 1167 1169
f 2383 1005 1007
f 2356 957 959
f 2420 1083 1085
f 2452 1150 1152
f 2471 1174 1176
f 2386 1029 1031
f 2363 963 965
f 2422 1077 1079
f 2445 1126 1128
f 2400 1036 1038
f 2338 915 917
f 2428 1095 1097
f 2473 1185 1187
f 2490 1216 1218
f 2458 1155 1157
f 2394 1018 1020
f 2366 970 972
f 2425 1090 1092
f 2444 1143 1145
f 2389 1012 1014
f 2353 945 947
f 2414 1071 1073
f 2449 1131 1133
f 2466 1162 1164
f 2407 1047 1049
f 2494 1221 1223
f 2480 1197 1199
f 2438 1114 1116
f 2351 940 942
f 2510 1284 1283
f 2504 1260 1259
f 2508 1296 1295
f 2514 1314 1313
f 2517 1332 1331
f 2520 1380 1379
f 2554 1542 1541
f 2539 1451 1452
f 2560 1577 1578
f 2523 1367 1368
f 2543 1488 1487
f 2527 1392 1391
f 2532 1439 1440
f 2547 1512 1511
f 2550 1530 1529
f 2552 1548 1547
f 2535 1470 1469
f 2538 1457 1458
f 2558 1583 1584
f 2524 1361 1362
f 1607 1616 1609
f 1603 1608 1605
f 1604 1606 1611
f 1610 1612 1614
f 1613 1615 1617
f 1622 1624 1631
f 1686 1692 1688
f 1773 1782 1775
f 1761 1765 1763
f 1712 1714 1719
f 1652 1661 1654
f 1648 1653 1650
f 1649 1651 1656
f 1655 1657 1659
f 1658 1660 1662
f 1670 1675 1672
f 1637 1639 1646
f 1694 1696 1706
f 1731 1733 1735
f 1739 1751 1741
f 1768 1779 1770
f 1678 1683 1680
f 1619 1626 1621
f 1709 1721 1711
f 1754 1766 1756
f 1682 1689 1684
f 1776 1778 1780
f 1758 1760 1767
f 1716 1718 1722
f 1625 1629 1627
f 1742 1747 1744
f 1663 1665 1668
f 1634 1641 1636
f 1697 1704 1699
f 1728 1737 1730
f 1746 1750 1748
f 1664 1676 1666
f 1640 1644 1642
f 1700 1702 1705
f 1724 1726 1736
f 1679 1681 1691
f 1618 1620 1623
f 1708 1710 1713
f 1753 1755 1764
f 1769 1771 1781
f 1738 1740 1749
f 1671 1673 1677
f 1643 1647 1645
f 1701 1707 1703
f 1723 1734 1725
f 1667 1669 1674
f 1633 1635 1638
f 1693 1698 1695
f 1727 1729 1732
f 1743 1745 1752
f 1685 1687 1690
f 1772 1774 1777
f 1757 1762 1759
f 1715 1720 1717
f 1628 1632 1630
f 2187 2189 2191
f 1881 1883 1885
f 1899 1903 1901
f 2277 2281 2279
f 2313 2317 2315
f 2169 2173 2171
f 2156 2158 2160
f 2010 2012 2016
f 2208 2210 2214
f 1917 1924 1919
f 2133 2135 2137
f 1971 1973 1978
f 1989 1996 1991
f 2223 2227 2225
f 2300 2304 2302
f 2174 2176 2178
f 2151 2155 2153
f 2007 2014 2009
f 2205 2212 2207
f 1920 1922 1926
f 1855 1864 1857
f 1801 1810 1803
f 1784 1795 1786
f 1820 1831 1822
f 1838 1849 1840
f 1874 1887 1876
f 2180 2193 2182
f 2310 2321 2312
f 2274 2285 2276
f 1896 1907 1898
f 2089 2098 2091
f 2035 2044 2037
f 1950 1961 1952
f 2054 2067 2056
f 2072 2083 2074
f 2126 2139 2128
f 1964 1975 1966
f 1986 1997 1988
f 2220 2231 2222
f 2291 2298 2293
f 2183 2190 2185
f 1877 1884 1879
f 1891 1900 1893
f 2269 2278 2271
f 2305 2314 2307
f 2161 2170 2163
f 2148 2159 2150
f 2004 2015 2006
f 2202 2213 2204
f 1909 1918 1911
f 2129 2136 2131
f 1967 1977 1969
f 1981 1990 1983
f 2215 2224 2217
f 2288 2301 2290
f 2166 2177 2168
f 2143 2152 2145
f 1999 2008 2001
f 2197 2206 2199
f 1914 1925 1916
f 1806 1817 1808
f 1787 1797 1789
f 1823 1833 1825
f 1841 1851 1843
f 1860 1871 1862
f 1931 1941 1933
f 2108 2119 2110
f 2018 2029 2020
f 2234 2247 2236
f 2255 2262 2257
f 2040 2051 2042
f 1945 1954 1947
f 2057 2064 2059
f 2075 2085 2077
f 2094 2105 2096
f 2111 2121 2113
f 2021 2031 2023
f 2237 2244 2239
f 2252 2265 2254
f 1928 1939 1930
f 1812 1814 1818
f 1791 1793 1798
f 1827 1829 1834
f 1845 1847 1852
f 1866 1868 1872
f 1935 1937 1942
f 2118 2124 2120
f 2028 2034 2030
f 2246 2250 2248
f 2259 2261 2263
f 2048 2050 2052
f 1953 1960 1955
f 2061 2063 2065
f 2079 2081 2086
f 2100 2102 2106
f 2115 2117 2122
f 2025 2027 2032
f 2241 2243 2245
f 2264 2268 2266
f 1938 1944 1940
f 1802 1804 1813
f 1783 1785 1792
f 1819 1821 1828
f 1837 1839 1846
f 1856 1858 1867
f 1927 1929 1936
f 2112 2114 2123
f 2022 2024 2033
f 2238 2240 2249
f 2251 2253 2260
f 2036 2038 2049
f 1949 1951 1959
f 2053 2055 2062
f 2071 2073 2080
f 2090 2092 2101
f 2107 2109 2116
f 2017 2019 2026
f 2233 2235 2242
f 2256 2258 2267
f 1932 1934 1943
f 1859 1861 1869
f 1805 1807 1815
f 1788 1790 1799
f 1824 1826 1835
f 1842 1844 1853
f 1878 1880 1889
f 2184 2186 2195
f 2306 2308 2319
f 2270 2272 2283
f 1892 1894 1905
f 2093 2095 2103
f 2039 2041 2046
f 1946 1948 1957
f 2058 2060 2069
f 2076 2078 2087
f 2130 2132 2141
f 1968 1970 1979
f 1982 1984 1993
f 2216 2218 2229
f 2287 2289 2296
f 2179 2181 2188
f 1873 1875 1882
f 1895 1897 1902
f 2273 2275 2280
f 2309 2311 2316
f 2165 2167 2172
f 2144 2146 2157
f 2000 2002 2011
f 2198 2200 2209
f 1913 1915 1923
f 2125 2127 2134
f 1963 1965 1972
f 1985 1987 1995
f 2219 2221 2226
f 2292 2294 2303
f 2162 2164 2175
f 2147 2149 2154
f 2003 2005 2013
f 2201 2203 2211
f 1910 1912 1921
f 1863 1870 1865
f 1809 1816 1811
f 1794 1800 1796
f 1830 1836 1832
f 1848 1854 1850
f 1886 1890 1888
f 2192 2196 2194
f 2318 2320 2322
f 2282 2284 2286
f 1904 1906 1908
f 2097 2104 2099
f 2043 2047 2045
f 1956 1958 1962
f 2066 2070 2068
f 2082 2088 2084
f 2138 2142 2140
f 1974 1980 1976
f 1992 1994 1998
f 2228 2230 2232
f 2295 2297 2299
f 2331 2329 2330
f 2327 2323 2324
f 2328 2326 2325
f 2334 2333 2332
f 2337 2336 2335
f 2346 2345 2344
f 2412 2409 2410
f 2499 2496 2497
f 2487 2485 2486
f 2436 2435 2434
f 2376 2374 2375
f 2372 2368 2369
f 2373 2371 2370
f 2379 2378 2377
f 2382 2381 2380
f 2396 2392 2393
f 2361 2360 2359
f 2418 2416 2415
f 2457 2456 2455
f 2463 2460 2461
f 2492 2488 2489
f 2402 2398 2399
f 2343 2340 2341
f 2433 2430 2431
f 2478 2475 2476
f 2406 2404 2405
f 2502 2501 2500
f 2484 2482 2481
f 2442 2440 2439
f 2349 2347 2348
f 2468 2464 2465
f 2387 2384 2383
f 2358 2355 2356
f 2421 2419 2420
f 2454 2451 2452
f 2472 2470 2471
f 2388 2385 2386
f 2364 2362 2363
f 2426 2423 2422
f 2448 2446 2445
f 2403 2401 2400
f 2342 2339 2338
f 2432 2429 2428
f 2477 2474 2473
f 2493 2491 2490
f 2462 2459 2458
f 2397 2395 2394
f 2367 2365 2366
f 2427 2424 2425
f 2447 2443 2444
f 2391 2390 2389
f 2357 2354 2353
f 2417 2413 2414
f 2453 2450 2449
f 2469 2467 2466
f 2411 2408 2407
f 2498 2495 2494
f 2483 2479 2480
f 2441 2437 2438
f 2352 2350 2351
f 2509 2511 2510
f 2503 2505 2504
f 2506 2507 2508
f 2512 2513 2514
f 2515 2516 2517
f 2518 2519 2520
f 2555 2556 2554
f 2541 2540 2539
f 2562 2561 2560
f 2522 2521 2523
f 2542 2544 2543
f 2528 2529 2527
f 2531 2530 2532
f 2545 2546 2547
f 2548 2549 2550
f 2551 2553 2552
f 2533 2534 2535
f 2537 2536 2538
f 2559 2557 2558
f 2526 2525 2524