v -0.319413 0.680340 0.210540
v 0.324158 0.706378 0.223650
v -0.335425 -0.515112 0.202577
v 0.334166 -0.517787 0.196278
v 0.011407 -0.365083 0.925703
v 0.002673 0.456999 0.780966
v -0.007929 -0.250814 -0.351440
v -0.000155 0.567000 -0.559566
v 0.450592 0.109694 -0.112285
v 0.467850 0.110563 0.537440
v -0.451545 0.114252 -0.109196
v -0.469615 0.107334 0.538290
v 0.002661 0.846222 0.184292
v -0.211536 0.667563 0.531953
v -0.242594 0.761369 -0.245971
v -0.415370 0.413606 0.018766
v -0.463193 0.443933 0.422150
v 0.207327 0.662368 0.522015
v 0.215439 0.767540 -0.248982
v 0.417283 0.399630 0.018886
v 0.470960 0.432967 0.419195
v 0.001548 -0.630890 0.200666
v -0.244216 -0.599106 0.646808
v -0.195295 -0.484719 -0.122563
v -0.401637 -0.169225 0.043973
v -0.452059 -0.222408 0.419648
v 0.246915 -0.579015 0.684798
v 0.198469 -0.487768 -0.128517
v 0.403005 -0.178582 0.044286
v 0.447555 -0.214074 0.411165
v -0.000480 0.080711 0.984519
v 0.317895 -0.132312 0.799137
v -0.319511 -0.132696 0.791516
v 0.338245 0.301066 0.757022
v -0.339421 0.309383 0.752550
v 0.000987 0.132883 -0.565138
v 0.242792 -0.056752 -0.262323
v -0.248698 -0.065556 -0.271230
v 0.316424 0.344579 -0.399978
v -0.332908 0.333460 -0.407322
v 0.508704 0.106779 0.216831
v -0.521753 0.108852 0.219842
v -0.196536 0.782638 0.191822
v -0.297983 0.699916 0.366591
v -0.254317 0.705122 -0.014072
v -0.365020 0.571489 0.118143
v -0.406733 0.579416 0.323844
v 0.204452 0.807284 0.188438
v 0.299821 0.710333 0.350719
v 0.231995 0.694390 0.025351
v 0.368820 0.567237 0.129973
v 0.404433 0.589907 0.321102
v -0.223690 -0.646764 0.187451
v -0.284975 -0.514914 0.375022
v -0.367107 -0.609101 -0.010670
v -0.386320 -0.370018 0.126598
v -0.381862 -0.370269 0.325744
v 0.223555 -0.635497 0.179053
v 0.264607 -0.507533 0.375769
v 0.367670 -0.611600 -0.009651
v 0.379454 -0.375433 0.125997
v 0.381135 -0.371569 0.316288
v -0.137057 -0.554295 0.888882
v 0.176141 -0.630600 0.833796
v 0.000748 -0.154028 1.001549
v 0.221896 -0.300819 0.970981
v -0.247764 -0.333933 1.015181
v -0.101301 0.574588 0.674919
v 0.090709 0.559172 0.672730
v 0.002591 0.293402 0.878799
v 0.157859 0.395534 0.795549
v -0.153619 0.397432 0.783240
v -0.073205 -0.355082 -0.257502
v 0.066986 -0.356791 -0.251507
v 0.001148 -0.078759 -0.428820
v 0.108412 -0.174644 -0.336124
v -0.117847 -0.183754 -0.341788
v -0.128197 0.708929 -0.441081
v 0.120092 0.706041 -0.426410
v -0.000310 0.353054 -0.668411
v 0.203442 0.476717 -0.550992
v -0.211705 0.476048 -0.557275
v 0.450945 0.228865 -0.068631
v 0.442814 -0.008489 -0.050510
v 0.387290 0.044153 -0.178742
v 0.390487 0.208413 -0.206573
v 0.474801 0.105360 0.034991
v 0.484082 0.266480 0.492051
v 0.474257 -0.041279 0.486051
v 0.415357 0.015651 0.646423
v 0.426296 0.201253 0.647265
v 0.500303 0.109631 0.395772
v -0.445268 0.234390 -0.066246
v -0.439820 -0.004006 -0.049381
v -0.382741 0.039758 -0.188334
v -0.406925 0.201566 -0.220539
v -0.484913 0.109797 0.032738
v -0.477015 0.267341 0.489588
v -0.475259 -0.046769 0.488883
v -0.414575 0.012164 0.638882
v -0.422114 0.205251 0.641534
v -0.506877 0.106572 0.402215
v -0.107212 0.780562 0.386325
v -0.116285 0.832428 -0.139707
v 0.107418 0.774697 0.372740
v 0.097993 0.821551 -0.033678
v -0.383782 0.565582 0.487081
v -0.007282 0.695790 0.539261
v -0.290765 0.506287 0.642860
v -0.372654 0.606896 -0.155621
v 0.006300 0.832793 -0.274365
v -0.297841 0.593223 -0.357731
v -0.465175 0.432692 0.234738
v -0.375950 0.393571 -0.194002
v -0.484382 0.257919 0.130935
v -0.435238 0.409235 0.584355
v -0.506385 0.277466 0.319783
v 0.387681 0.571608 0.483291
v 0.294883 0.499135 0.651285
v 0.374669 0.599873 -0.152802
v 0.296284 0.585161 -0.362561
v 0.465628 0.423324 0.237879
v 0.372389 0.388837 -0.198962
v 0.495833 0.246331 0.132249
v 0.447562 0.399396 0.589473
v 0.502649 0.268523 0.319235
v -0.109711 -0.639035 0.413315
v -0.116583 -0.637776 -0.019911
v 0.105287 -0.635531 0.444974
v 0.130021 -0.658015 -0.027295
v -0.345473 -0.367311 0.511902
v 0.000976 -0.654241 0.685607
v -0.353503 -0.383239 0.768272
v -0.349978 -0.342120 -0.082747
v 0.000967 -0.492675 -0.142423
v -0.210628 -0.265191 -0.197189
v -0.441049 -0.202582 0.245766
v -0.336494 -0.128705 -0.127622
v -0.484412 -0.036511 0.132790
v -0.410205 -0.194962 0.586770
v -0.494899 -0.055489 0.323494
v 0.356705 -0.373264 0.511549
v 0.343119 -0.402637 0.758104
v 0.355520 -0.356718 -0.077733
v 0.213608 -0.266964 -0.190046
v 0.436131 -0.202213 0.234829
v 0.348519 -0.134931 -0.122502
v 0.478671 -0.035169 0.130110
v 0.415684 -0.194990 0.596121
v 0.496241 -0.053460 0.315131
v 0.200920 -0.033878 0.969106
v -0.202192 -0.032902 0.974810
v 0.188145 0.190067 0.891566
v -0.184107 0.193483 0.899748
v 0.328073 0.098355 0.802370
v -0.323607 0.096425 0.798352
v 0.148849 0.032131 -0.447271
v -0.147833 0.026834 -0.434944
v 0.235054 0.240321 -0.626754
v -0.226598 0.223735 -0.620890
v 0.266076 0.143782 -0.342058
v -0.278003 0.134158 -0.345601
v -0.271468 0.728242 0.200295
v -0.317955 0.693904 0.280257
v -0.287428 0.690396 0.124324
v -0.340812 0.634449 0.169167
v -0.360164 0.636935 0.261988
v 0.277841 0.763673 0.209249
v 0.323101 0.720982 0.280819
v 0.284493 0.704001 0.144263
v 0.343549 0.645960 0.186897
v 0.366183 0.658164 0.268206
v -0.298839 -0.587975 0.192434
v -0.310640 -0.513478 0.276775
v -0.350871 -0.564888 0.117010
v -0.364868 -0.458481 0.166393
v -0.352033 -0.445736 0.260578
v 0.301120 -0.592382 0.182862
v 0.303564 -0.512274 0.268709
v 0.354955 -0.571546 0.113393
v 0.360577 -0.462829 0.164104
v 0.349040 -0.448052 0.253722
v -0.053268 -0.438685 0.883112
v 0.127686 -0.499432 0.837517
v 0.004659 -0.269854 0.966990
v 0.122951 -0.359782 0.958185
v -0.097241 -0.324626 0.939497
v -0.043604 0.510924 0.735642
v 0.040181 0.506486 0.740275
v 0.004268 0.387690 0.827033
v 0.071486 0.434609 0.797523
v -0.065389 0.433844 0.785093
v -0.037262 -0.306796 -0.319267
v 0.020024 -0.297090 -0.307483
v -0.003440 -0.183446 -0.392933
v 0.042551 -0.221621 -0.351095
v -0.037699 -0.216605 -0.331755
v -0.060086 0.623275 -0.499038
v 0.055149 0.622853 -0.499506
v 0.000056 0.470252 -0.601016
v 0.096368 0.528350 -0.564476
v -0.098176 0.532676 -0.566189
v 0.447489 0.159015 -0.098773
v 0.445914 0.058389 -0.087787
v 0.435604 0.083350 -0.143543
v 0.435689 0.149275 -0.154421
v 0.459094 0.105689 -0.051190
v 0.474722 0.179122 0.518182
v 0.472698 0.043529 0.516342
v 0.448570 0.069411 0.587784
v 0.450919 0.151902 0.587608
v 0.486946 0.110454 0.475541
v -0.451473 0.165701 -0.093768
v -0.448747 0.062021 -0.083101
v -0.432381 0.083333 -0.148555
v -0.440884 0.150525 -0.157491
v -0.462622 0.111770 -0.049054
v -0.473643 0.177112 0.518065
v -0.475290 0.038374 0.519091
v -0.450163 0.066105 0.583415
v -0.448095 0.151514 0.583649
v -0.490494 0.106464 0.480375
v -0.103021 0.832572 0.184910
v 0.107910 0.828795 0.183804
v -0.052521 0.819412 0.291229
v -0.049448 0.847517 0.057429
v 0.054428 0.810277 0.282439
v 0.056558 0.851327 0.078219
v -0.261047 0.695722 0.454489
v -0.159044 0.631375 0.607563
v -0.160758 0.724984 0.463013
v -0.303113 0.620301 0.510318
v -0.110997 0.688610 0.539222
v -0.252152 0.590455 0.588323
v -0.258466 0.753942 -0.162578
v -0.202625 0.764854 -0.355511
v -0.232504 0.917729 -0.325519
v -0.418487 0.749051 -0.249842
v -0.154457 0.844587 -0.280984
v -0.299691 0.709679 -0.333082
v -0.387341 0.497580 0.066736
v -0.433036 0.321176 -0.026241
v -0.356005 0.503402 -0.052667
v -0.441315 0.421811 0.130145
v -0.393027 0.407952 -0.091529
v -0.458398 0.334386 0.078240
v -0.445893 0.515788 0.377601
v -0.472817 0.361649 0.456910
v -0.440260 0.508610 0.459476
v -0.470173 0.440893 0.331538
v -0.448881 0.436577 0.502369
v -0.487678 0.363417 0.371518
v 0.259977 0.692141 0.435977
v 0.148484 0.613964 0.600101
v 0.159892 0.732192 0.452885
v 0.099822 0.688059 0.533767
v 0.310827 0.625536 0.506383
v 0.257127 0.587501 0.590265
v 0.236805 0.721955 -0.122499
v 0.184666 0.799363 -0.353177
v 0.160673 0.808171 -0.141653
v 0.168823 0.938323 -0.248664
v 0.396445 0.765379 -0.239076
v 0.280234 0.701095 -0.317593
v 0.392827 0.486237 0.070953
v 0.438211 0.309031 -0.028086
v 0.364665 0.489857 -0.056128
v 0.447883 0.409727 0.134370
v 0.394663 0.395706 -0.094871
v 0.463107 0.319737 0.080711
v 0.441808 0.515662 0.373562
v 0.488371 0.351339 0.460465
v 0.440939 0.509925 0.458371
v 0.469457 0.431440 0.330115
v 0.465335 0.425263 0.505015
v 0.491779 0.351502 0.372311
v -0.116082 -0.640646 0.192170
v 0.120315 -0.635202 0.191103
v -0.057100 -0.647394 0.305075
v -0.068815 -0.609855 0.101478
v 0.054711 -0.642128 0.309678
v 0.075578 -0.612386 0.099908
v -0.245043 -0.525532 0.497174
v -0.234280 -0.697186 0.834513
v -0.162237 -0.608304 0.529989
v -0.279681 -0.461077 0.582627
v -0.130653 -0.660278 0.683685
v -0.346566 -0.561271 0.762667
v -0.293564 -0.575545 -0.119596
v -0.122086 -0.407930 -0.184326
v -0.176303 -0.588699 -0.103506
v -0.284085 -0.428634 -0.116245
v -0.100612 -0.495912 -0.143549
v -0.199359 -0.369372 -0.161613
v -0.393293 -0.268003 0.087364
v -0.420015 -0.079148 -0.004434
v -0.368246 -0.251030 -0.013511
v -0.422509 -0.185709 0.145750
v -0.369711 -0.148020 -0.048247
v -0.442293 -0.100213 0.090694
v -0.418188 -0.296115 0.379324
v -0.468032 -0.135684 0.454546
v -0.402715 -0.292901 0.457986
v -0.450896 -0.216607 0.337082
v -0.436491 -0.215049 0.497213
v -0.477300 -0.140443 0.374213
v 0.232782 -0.525987 0.533938
v 0.213548 -0.594453 0.772931
v 0.244299 -0.673987 0.611291
v 0.154988 -0.733601 0.838657
v 0.291106 -0.461851 0.590393
v 0.294705 -0.495392 0.712061
v 0.292168 -0.579092 -0.102163
v 0.124708 -0.414596 -0.182721
v 0.184063 -0.595565 -0.103129
v 0.102730 -0.494485 -0.136891
v 0.285947 -0.437965 -0.110740
v 0.201372 -0.374489 -0.150656
v 0.384364 -0.275175 0.088586
v 0.426715 -0.088029 -0.004653
v 0.372713 -0.264069 -0.011078
v 0.419588 -0.190534 0.140114
v 0.383195 -0.161306 -0.046207
v 0.442419 -0.104456 0.088925
v 0.422521 -0.296366 0.369923
v 0.467143 -0.129852 0.450780
v 0.412135 -0.294945 0.456656
v 0.449045 -0.212458 0.325758
v 0.442035 -0.210197 0.500466
v 0.475841 -0.133424 0.365262
v -0.000075 -0.032970 1.017823
v -0.000352 0.188910 0.933331
v 0.105677 0.021823 0.990575
v -0.106451 0.025719 0.998059
v 0.097831 0.133867 0.942331
v -0.098221 0.137452 0.958418
v 0.277120 -0.221337 0.898245
v 0.366877 -0.049838 0.714215
v 0.329041 -0.266540 0.785711
v 0.360983 -0.168070 0.693879
v 0.265686 -0.086445 0.895094
v 0.320822 -0.011341 0.804866
v -0.286137 -0.220075 0.899414
v -0.366297 -0.054462 0.707117
v -0.329167 -0.256323 0.782109
v -0.367834 -0.168114 0.688058
v -0.266109 -0.087417 0.890184
v -0.315814 -0.013499 0.798727
v 0.252771 0.350949 0.785032
v 0.394541 0.252269 0.708116
v 0.319843 0.402068 0.706255
v 0.401615 0.353827 0.674896
v 0.269114 0.247289 0.831440
v 0.340667 0.198619 0.790728
v -0.251017 0.357607 0.776151
v -0.394361 0.258219 0.703657
v -0.327850 0.416671 0.703064
v -0.403869 0.365933 0.673007
v -0.263701 0.250703 0.827753
v -0.338566 0.201121 0.787523
v 0.002017 0.030779 -0.484309
v -0.002340 0.230742 -0.654881
v 0.086625 0.082085 -0.517114
v -0.084183 0.080225 -0.511986
v 0.106826 0.189869 -0.605472
v -0.104052 0.181026 -0.608260
v 0.175944 -0.116160 -0.304529
v 0.316196 -0.002745 -0.218394
v 0.231134 -0.161859 -0.229383
v 0.304044 -0.100786 -0.192160
v 0.184315 -0.009044 -0.344420
v 0.257166 0.042532 -0.303006
v -0.179578 -0.122367 -0.305802
v -0.319283 -0.011081 -0.232189
v -0.229374 -0.163939 -0.234117
v -0.299181 -0.102525 -0.200967
v -0.198286 -0.021201 -0.350820
v -0.263631 0.033563 -0.307587
v 0.297048 0.416844 -0.506665
v 0.334748 0.276840 -0.287714
v 0.301159 0.459691 -0.385439
v 0.337035 0.374359 -0.293512
v 0.329296 0.290559 -0.537295
v 0.304962 0.237706 -0.385699
v -0.298929 0.408784 -0.511978
v -0.357095 0.264109 -0.298672
v -0.309878 0.457211 -0.383075
v -0.348585 0.370400 -0.293470
v -0.325313 0.276720 -0.550415
v -0.320242 0.225718 -0.395445
v 0.503657 0.105485 0.123369
v 0.510592 0.108647 0.308036
v 0.505177 0.179195 0.173559
v 0.510318 0.185952 0.265726
v 0.495845 0.032762 0.172656
v 0.504228 0.029032 0.264713
v -0.506526 0.108776 0.125456
v -0.521093 0.107756 0.313776
v -0.510331 0.186121 0.174118
v -0.520265 0.191605 0.268296
v -0.504046 0.032949 0.176262
v -0.514695 0.026524 0.271141
v -0.245554 0.745600 0.286971
v -0.225109 0.746762 0.080409
v -0.153624 0.795224 0.292074
v -0.146527 0.804384 0.050627
v -0.362956 0.641434 0.349206
v -0.207872 0.749040 0.380233
v -0.343329 0.637740 0.431871
v -0.307344 0.637689 0.051366
v -0.193184 0.768517 -0.098521
v -0.307003 0.666221 -0.090560
v -0.390970 0.574433 0.228404
v -0.328700 0.574581 -0.009951
v -0.414705 0.501470 0.181992
v -0.406382 0.576778 0.408230
v -0.435895 0.510153 0.286234
v 0.252046 0.764842 0.276984
v 0.219934 0.769108 0.112350
v 0.158989 0.791389 0.276466
v 0.149352 0.827843 0.092002
v 0.369202 0.664549 0.343594
v 0.211377 0.749046 0.360910
v 0.346345 0.646210 0.420124
v 0.307632 0.633178 0.069955
v 0.161919 0.765976 -0.006778
v 0.301012 0.648125 -0.079800
v 0.397783 0.582697 0.236638
v 0.336422 0.562370 -0.005049
v 0.430493 0.499662 0.189596
v 0.406207 0.590396 0.402740
v 0.438167 0.510234 0.284187
v -0.251175 -0.581140 0.283698
v -0.308743 -0.685986 0.085645
v -0.158341 -0.616695 0.292728
v -0.185313 -0.702727 0.075882
v -0.341846 -0.443450 0.352242
v -0.202450 -0.579336 0.397982
v -0.319602 -0.441107 0.452313
v -0.380849 -0.476997 0.055080
v -0.252334 -0.692859 -0.051959
v -0.359236 -0.471964 -0.059332
v -0.384311 -0.369711 0.231942
v -0.381351 -0.363561 0.015227
v -0.407776 -0.280783 0.194161
v -0.375914 -0.370898 0.414924
v -0.418028 -0.290506 0.293751
v 0.232968 -0.562188 0.278417
v 0.315260 -0.692497 0.083964
v 0.147345 -0.599566 0.298637
v 0.202857 -0.729606 0.086444
v 0.331701 -0.442087 0.345049
v 0.175651 -0.561657 0.428094
v 0.306939 -0.441506 0.456552
v 0.377145 -0.484334 0.055522
v 0.275326 -0.707002 -0.048237
v 0.376455 -0.488018 -0.067744
v 0.377643 -0.372238 0.228031
v 0.387075 -0.374506 0.015019
v 0.397258 -0.283216 0.188167
v 0.375341 -0.371095 0.406662
v 0.411470 -0.290163 0.282151
v 0.005621 -0.548636 0.819939
v -0.181502 -0.414566 0.908485
v -0.067650 -0.636852 0.807551
v -0.287168 -0.511245 0.859372
v 0.284347 -0.510821 0.940198
v 0.072262 -0.611261 0.776465
v 0.308514 -0.531921 0.821830
v 0.111972 -0.221247 0.985328
v -0.109905 -0.219171 0.984327
v 0.109622 -0.094522 1.010239
v -0.111846 -0.094492 1.012757
v 0.313444 -0.380900 0.884554
v 0.204207 -0.158666 0.976378
v -0.280710 -0.352242 0.876323
v -0.207268 -0.163137 0.974859
v -0.007770 0.576199 0.677365
v -0.130323 0.489519 0.727805
v -0.060586 0.641661 0.612086
v -0.195045 0.546306 0.661524
v 0.129756 0.482378 0.738651
v 0.042136 0.632983 0.606803
v 0.193409 0.535195 0.667473
v 0.084201 0.344628 0.845344
v -0.078257 0.343258 0.839585
v 0.091446 0.242177 0.893064
v -0.089040 0.243311 0.901048
v 0.227321 0.446407 0.728188
v 0.176260 0.297056 0.845456
v -0.226003 0.454722 0.716651
v -0.171663 0.298847 0.844767
v -0.008971 -0.370525 -0.268132
v -0.099490 -0.280640 -0.306206
v -0.044000 -0.428946 -0.205724
v -0.139347 -0.319544 -0.228514
v 0.088777 -0.268325 -0.291074
v 0.040125 -0.432042 -0.204912
v 0.142534 -0.321451 -0.224853
v 0.063090 -0.137606 -0.405921
v -0.061958 -0.132015 -0.394225
v 0.073270 -0.024675 -0.449480
v -0.070016 -0.022912 -0.437279
v 0.160018 -0.220921 -0.264102
v 0.126121 -0.072501 -0.385278
v -0.159188 -0.223650 -0.266977
v -0.129828 -0.076529 -0.378679
v -0.006031 0.708091 -0.432199
v -0.173187 0.594296 -0.493871
v -0.087618 0.799833 -0.392905
v -0.239825 0.672794 -0.430947
v 0.168662 0.600268 -0.501291
v 0.073906 0.783128 -0.369947
v 0.239204 0.687098 -0.430351
v 0.115101 0.416380 -0.619610
v -0.115656 0.413054 -0.624646
v 0.129092 0.302828 -0.661434
v -0.122262 0.292563 -0.658896
v 0.267507 0.545291 -0.471885
v 0.241387 0.366795 -0.631755
v -0.265632 0.539845 -0.463242
v -0.241055 0.352500 -0.629680
v 0.444896 0.215854 -0.153385
v 0.464129 0.166330 -0.013527
v 0.420280 0.296425 -0.129947
v 0.470509 0.236587 0.030173
v 0.426121 0.012895 -0.120087
v 0.459087 0.045549 -0.007687
v 0.410299 -0.068052 -0.089185
v 0.458062 -0.025011 0.037430
v 0.392462 0.126238 -0.195265
v 0.375481 -0.041408 -0.157422
v 0.324797 0.089475 -0.248556
v 0.399292 0.289295 -0.217280
v 0.325381 0.184174 -0.268005
v 0.488089 0.173050 0.079405
v 0.478602 0.038352 0.080761
v 0.460345 0.239781 0.569502
v 0.495018 0.189111 0.442422
v 0.471137 0.335443 0.541414
v 0.500961 0.271815 0.408942
v 0.451187 -0.019999 0.566200
v 0.487045 0.031561 0.437864
v 0.450104 -0.115190 0.536508
v 0.485933 -0.050948 0.401494
v 0.417939 0.109702 0.655215
v 0.412647 -0.085915 0.622824
v 0.373559 0.055581 0.725438
v 0.439603 0.298329 0.623982
v 0.382049 0.153633 0.723583
v 0.508235 0.190765 0.356382
v 0.500518 0.027675 0.353778
v -0.434076 0.217454 -0.149485
v -0.470151 0.173770 -0.015009
v -0.417585 0.303715 -0.125832
v -0.464788 0.248072 0.030296
v -0.410837 0.014188 -0.120917
v -0.468579 0.049142 -0.008582
v -0.391277 -0.062575 -0.086856
v -0.460990 -0.021859 0.037824
v -0.396232 0.121668 -0.209213
v -0.359405 -0.040109 -0.160517
v -0.330022 0.081752 -0.260146
v -0.395927 0.286478 -0.213187
v -0.344782 0.173171 -0.283677
v -0.490859 0.180276 0.078402
v -0.488132 0.039944 0.081418
v -0.453548 0.242809 0.565870
v -0.494291 0.188647 0.443743
v -0.455626 0.342610 0.537583
v -0.492902 0.277173 0.407404
v -0.453475 -0.023579 0.564706
v -0.495749 0.026476 0.446539
v -0.449690 -0.119373 0.537047
v -0.490436 -0.057225 0.409453
v -0.417125 0.108099 0.648730
v -0.421501 -0.089700 0.619233
v -0.370431 0.054235 0.719563
v -0.427959 0.305671 0.617819
v -0.379406 0.155305 0.717723
v -0.512474 0.192890 0.359930
v -0.509368 0.024545 0.362469
v -0.000967 0.785615 0.381839
v -0.056780 0.743127 0.465391
v 0.002479 0.844063 -0.065086
v -0.063738 0.848955 -0.215796
v 0.051307 0.748852 0.463574
v 0.063704 0.840835 -0.162528
v -0.341511 0.540827 0.564328
v -0.423317 0.493797 0.538993
v -0.380936 0.458722 0.619738
v -0.354929 0.647922 -0.266169
v -0.335804 0.514765 -0.165778
v -0.317390 0.493888 -0.269856
v -0.482196 0.346518 0.182952
v -0.494106 0.358702 0.279754
v -0.504553 0.270984 0.226375
v 0.354863 0.545568 0.569481
v 0.420603 0.486877 0.538834
v 0.383657 0.452252 0.624299
v 0.353036 0.631910 -0.258764
v 0.348148 0.502673 -0.173752
v 0.323950 0.487686 -0.277188
v 0.483386 0.332332 0.186994
v 0.488997 0.345166 0.280166
v 0.502167 0.259581 0.226652
v -0.006315 -0.678054 0.423797
v -0.059577 -0.666961 0.546926
v 0.007179 -0.561557 0.012571
v -0.055777 -0.549796 -0.081195
v 0.078275 -0.686259 0.583929
v 0.065614 -0.546730 -0.073680
v -0.323995 -0.367538 0.634553
v -0.380134 -0.284855 0.549450
v -0.365452 -0.277147 0.666110
v -0.272909 -0.307912 -0.137158
v -0.323346 -0.226493 -0.093669
v -0.279786 -0.200679 -0.165827
v -0.461971 -0.117677 0.189533
v -0.472675 -0.131212 0.284663
v -0.492360 -0.048152 0.230580
v 0.345769 -0.387136 0.632560
v 0.398695 -0.294321 0.558029
v 0.367340 -0.287420 0.669813
v 0.266266 -0.310594 -0.112207
v 0.336273 -0.239076 -0.089111
v 0.283023 -0.202472 -0.156124
v 0.457799 -0.114113 0.184470
v 0.474127 -0.127581 0.276613
v 0.495398 -0.045791 0.223222
v 0.194173 0.079448 0.931648
v 0.267265 0.032393 0.883815
v -0.193043 0.084469 0.943208
v -0.262640 0.032936 0.884222
v 0.271282 0.140390 0.862828
v -0.268541 0.142874 0.868726
v 0.182779 0.129174 -0.525348
v 0.205677 0.092468 -0.408935
v -0.179159 0.122731 -0.518890
v -0.221633 0.077736 -0.407953
v 0.278289 0.170749 -0.495239
v -0.275237 0.167250 -0.494146
v -0.300096 0.702443 0.206235
v -0.320342 0.687571 0.241016
v -0.305210 0.684480 0.174436
v -0.329289 0.661071 0.193122
v -0.339003 0.662346 0.233898
v 0.306240 0.733896 0.217743
v 0.326677 0.717158 0.250211
v 0.308494 0.709047 0.192840
v 0.333980 0.682034 0.209780
v 0.345088 0.688349 0.246154
v -0.321335 -0.548415 0.197034
v -0.323888 -0.515044 0.235211
v -0.340252 -0.536289 0.165718
v -0.349502 -0.491524 0.186186
v -0.341872 -0.482457 0.228601
v 0.321233 -0.551646 0.189864
v 0.321344 -0.516331 0.227534
v 0.341090 -0.540404 0.160594
v 0.347502 -0.495810 0.181448
v 0.339720 -0.485412 0.222051
v -0.017503 -0.395017 0.903826
v 0.051123 -0.412548 0.900395
v 0.007039 -0.320176 0.948452
v 0.059214 -0.361514 0.941795
v -0.038845 -0.341053 0.932608
v -0.018496 0.480513 0.761316
v 0.019215 0.480069 0.765045
v 0.003870 0.427359 0.802073
v 0.033391 0.448563 0.790989
v -0.027329 0.447419 0.783716
v -0.021488 -0.275821 -0.338482
v 0.003174 -0.271416 -0.332383
v -0.008158 -0.222780 -0.371732
v 0.012141 -0.238272 -0.351533
v -0.021463 -0.243102 -0.352997
v -0.028739 0.594150 -0.535520
v 0.025806 0.593318 -0.535661
v 0.000168 0.525691 -0.578793
v 0.046880 0.556707 -0.568576
v -0.045266 0.557892 -0.569519
v 0.449335 0.130314 -0.108843
v 0.452796 0.086520 -0.104051
v 0.443950 0.098900 -0.126619
v 0.444052 0.126485 -0.130957
v 0.454438 0.107326 -0.087098
v 0.470909 0.141050 0.529482
v 0.470380 0.080766 0.528563
v 0.460287 0.092097 0.559650
v 0.460641 0.129038 0.559979
v 0.475798 0.110922 0.510226
v -0.450853 0.136734 -0.102108
v -0.453314 0.091729 -0.099301
v -0.447863 0.100580 -0.128078
v -0.447745 0.129410 -0.130910
v -0.455383 0.113188 -0.082729
v -0.471086 0.137843 0.530067
v -0.475122 0.076551 0.531394
v -0.461415 0.088854 0.558549
v -0.459812 0.126299 0.557770
v -0.481124 0.107147 0.513698
v -0.052430 0.850731 0.187151
v 0.056974 0.837798 0.182835
v -0.025290 0.833298 0.238176
v -0.024483 0.863741 0.129613
v 0.028805 0.827323 0.234684
v 0.030964 0.851468 0.130352
v -0.236974 0.684874 0.494990
v -0.185690 0.650450 0.569219
v -0.186429 0.696613 0.498285
v -0.257691 0.645747 0.522351
v -0.161702 0.680239 0.536700
v -0.232453 0.630393 0.561244
v -0.259535 0.771552 -0.217671
v -0.225269 0.763523 -0.289237
v -0.228268 0.808712 -0.242663
v -0.309073 0.738354 -0.249071
v -0.199691 0.805309 -0.258373
v -0.282067 0.751578 -0.298116
v -0.400497 0.457039 0.041466
v -0.427593 0.368032 -0.004295
v -0.387060 0.457025 -0.015620
v -0.427842 0.416995 0.074933
v -0.402686 0.411210 -0.036937
v -0.440254 0.373334 0.049798
v -0.457197 0.480245 0.400452
v -0.469495 0.404123 0.439913
v -0.454543 0.480171 0.444018
v -0.469528 0.443326 0.377735
v -0.458270 0.441138 0.462582
v -0.476595 0.404889 0.398055
v 0.235152 0.679585 0.479844
v 0.178249 0.639652 0.562167
v 0.184015 0.698798 0.488322
v 0.153987 0.677403 0.528658
v 0.259916 0.644828 0.514931
v 0.232685 0.626433 0.556713
v 0.245498 0.757951 -0.192099
v 0.220621 0.805909 -0.309325
v 0.200444 0.806278 -0.198053
v 0.238332 0.900058 -0.267566
v 0.318085 0.764420 -0.254393
v 0.256410 0.741965 -0.283746
v 0.405648 0.443926 0.043746
v 0.428728 0.353656 -0.005152
v 0.391022 0.442422 -0.016116
v 0.432584 0.403849 0.076683
v 0.404754 0.397453 -0.038610
v 0.441475 0.359145 0.050918
v 0.457578 0.475115 0.397759
v 0.481196 0.391702 0.441013
v 0.457414 0.473892 0.441598
v 0.470642 0.433215 0.374923
v 0.469319 0.430878 0.463285
v 0.480921 0.392008 0.395990
v -0.058309 -0.634986 0.197970
v 0.062140 -0.633054 0.197733
v -0.029065 -0.641362 0.252612
v -0.030114 -0.620884 0.151341
v 0.028923 -0.638105 0.253263
v 0.036128 -0.621670 0.149988
v -0.227309 -0.546463 0.569418
v -0.314473 -0.702647 0.733875
v -0.196356 -0.599617 0.589390
v -0.250538 -0.520059 0.619158
v -0.202477 -0.649327 0.669926
v -0.277857 -0.573793 0.702714
v -0.241782 -0.528993 -0.115499
v -0.154709 -0.441792 -0.151458
v -0.191575 -0.544029 -0.119096
v -0.237794 -0.461811 -0.110337
v -0.149584 -0.493761 -0.135652
v -0.196130 -0.424974 -0.140804
v -0.396626 -0.218117 0.066218
v -0.408849 -0.123240 0.020789
v -0.382656 -0.209087 0.017163
v -0.412903 -0.177305 0.094364
v -0.386178 -0.159447 -0.003316
v -0.420690 -0.133080 0.068590
v -0.438617 -0.260907 0.402200
v -0.460963 -0.179897 0.436937
v -0.432551 -0.259886 0.439550
v -0.452800 -0.220413 0.379358
v -0.446468 -0.221299 0.458461
v -0.464906 -0.180279 0.397299
v 0.240232 -0.551151 0.614299
v 0.235078 -0.592940 0.737038
v 0.249222 -0.627024 0.668814
v 0.227439 -0.654337 0.745151
v 0.264836 -0.516112 0.634240
v 0.266194 -0.535503 0.695017
v 0.243826 -0.533872 -0.114149
v 0.158599 -0.447049 -0.149883
v 0.195159 -0.546457 -0.117907
v 0.151881 -0.496093 -0.132999
v 0.240970 -0.468614 -0.113679
v 0.197969 -0.431233 -0.133714
v 0.392374 -0.225665 0.067120
v 0.414603 -0.132647 0.020298
v 0.384397 -0.219576 0.018457
v 0.410805 -0.184027 0.092608
v 0.394559 -0.171265 -0.002850
v 0.422486 -0.139813 0.066940
v 0.434705 -0.255519 0.390442
v 0.458905 -0.172691 0.432015
v 0.432219 -0.255258 0.433393
v 0.450239 -0.214389 0.368715
v 0.444937 -0.212603 0.454840
v 0.462196 -0.173782 0.388650
v -0.000034 0.024528 1.005110
v -0.000525 0.135501 0.959247
v 0.052628 0.050837 0.989708
v -0.052722 0.053686 0.994892
v 0.049776 0.106884 0.964227
v -0.050937 0.109793 0.976372
v 0.296949 -0.177060 0.846339
v 0.341159 -0.089708 0.754648
v 0.320458 -0.198419 0.793366
v 0.339753 -0.151792 0.746981
v 0.293243 -0.110471 0.848383
v 0.318378 -0.069814 0.802598
v -0.301873 -0.174985 0.842518
v -0.337531 -0.092210 0.744633
v -0.325978 -0.194291 0.787734
v -0.342900 -0.151256 0.738613
v -0.294688 -0.111168 0.842366
v -0.316395 -0.072312 0.795671
v 0.297179 0.326057 0.773722
v 0.372498 0.276456 0.736589
v 0.329778 0.351898 0.733001
v 0.370533 0.327439 0.716527
v 0.305502 0.275124 0.797189
v 0.344169 0.249612 0.778218
v -0.298699 0.335148 0.767941
v -0.375776 0.282697 0.733002
v -0.336291 0.364693 0.730443
v -0.375205 0.338031 0.713583
v -0.302673 0.280249 0.790729
v -0.343146 0.254207 0.774124
v 0.001565 0.081955 -0.522815
v 0.000302 0.181980 -0.610902
v 0.046803 0.108427 -0.542902
v -0.044284 0.105978 -0.541134
v 0.051663 0.160510 -0.586845
v -0.049806 0.156491 -0.586671
v 0.209198 -0.086265 -0.284294
v 0.279125 -0.029155 -0.240324
v 0.238090 -0.109278 -0.246371
v 0.273635 -0.079419 -0.225664
v 0.213058 -0.032744 -0.302009
v 0.249097 -0.005760 -0.280687
v -0.213771 -0.093875 -0.288707
v -0.283604 -0.037674 -0.252578
v -0.239592 -0.114643 -0.252756
v -0.274584 -0.085102 -0.235619
v -0.222949 -0.044083 -0.309378
v -0.256552 -0.015939 -0.288919
v 0.315269 0.380971 -0.459426
v 0.313172 0.312210 -0.337418
v 0.309088 0.401453 -0.394922
v 0.317404 0.362580 -0.341067
v 0.327296 0.319728 -0.468794
v 0.316656 0.289341 -0.398175
v -0.321779 0.371122 -0.462498
v -0.342327 0.298695 -0.350543
v -0.319946 0.392977 -0.396075
v -0.337781 0.354000 -0.347664
v -0.339207 0.307608 -0.478268
v -0.334269 0.277005 -0.409061
v 0.506443 0.105878 0.170504
v 0.511466 0.107647 0.262149
v 0.508538 0.143798 0.194231
v 0.509942 0.146039 0.240512
v 0.503257 0.068988 0.194027
v 0.508073 0.068568 0.240337
v -0.515547 0.109037 0.172034
v -0.525544 0.108051 0.266889
v -0.518278 0.148305 0.196197
v -0.523466 0.149453 0.242973
v -0.514983 0.069565 0.197124
v -0.522317 0.067331 0.244873
v -0.236389 0.754710 0.193959
v -0.150947 0.807487 0.186563
v -0.219700 0.764465 0.241075
v -0.212967 0.766698 0.136185
v -0.175271 0.789735 0.240629
v -0.171052 0.793324 0.129051
v -0.310906 0.697778 0.322818
v -0.282865 0.701548 0.412341
v -0.272341 0.724087 0.328003
v -0.333650 0.671252 0.358499
v -0.254350 0.724370 0.373200
v -0.323017 0.672389 0.401020
v -0.268460 0.696062 0.058484
v -0.255967 0.727961 -0.091524
v -0.240182 0.727070 0.029436
v -0.279782 0.671646 0.019927
v -0.228240 0.740917 -0.052723
v -0.278097 0.686819 -0.053900
v -0.352601 0.604269 0.143665
v -0.374575 0.535385 0.091485
v -0.335468 0.604067 0.085029
v -0.379481 0.573144 0.175043
v -0.346275 0.571442 0.056683
v -0.390508 0.536929 0.150436
v -0.383706 0.608876 0.293509
v -0.428712 0.548987 0.352000
v -0.386151 0.610273 0.336804
v -0.399561 0.576402 0.277177
v -0.409334 0.579390 0.366798
v -0.422065 0.545547 0.306778
v 0.247070 0.795402 0.199187
v 0.157676 0.817833 0.184636
v 0.229367 0.788679 0.234895
v 0.217977 0.806868 0.154233
v 0.182891 0.798836 0.230383
v 0.180550 0.827243 0.141726
v 0.314716 0.717819 0.313235
v 0.281394 0.701878 0.392482
v 0.275523 0.738075 0.314898
v 0.338231 0.689416 0.347703
v 0.256680 0.730223 0.355941
v 0.323387 0.679356 0.386135
v 0.257628 0.699256 0.091064
v 0.226454 0.703189 -0.050209
v 0.222973 0.731070 0.070826
v 0.270786 0.662980 0.047369
v 0.192495 0.726257 0.009134
v 0.265262 0.669806 -0.027244
v 0.355996 0.607655 0.158587
v 0.381020 0.527115 0.099580
v 0.338879 0.600977 0.097948
v 0.385678 0.575698 0.186686
v 0.352013 0.562389 0.066309
v 0.398715 0.534106 0.158696
v 0.385983 0.625303 0.294697
v 0.422763 0.552536 0.346606
v 0.387583 0.629125 0.335739
v 0.402410 0.587338 0.280174
v 0.406041 0.591121 0.361961
v 0.421274 0.550429 0.304314
v -0.267011 -0.625039 0.189062
v -0.171501 -0.643795 0.185232
v -0.235260 -0.609509 0.236611
v -0.268121 -0.684391 0.137768
v -0.189104 -0.623522 0.238759
v -0.210901 -0.692352 0.138927
v -0.297850 -0.513509 0.323098
v -0.265933 -0.517553 0.432359
v -0.267509 -0.547932 0.329500
v -0.315006 -0.477909 0.363243
v -0.246132 -0.548400 0.386936
v -0.303856 -0.478932 0.415637
v -0.360451 -0.591885 0.057668
v -0.344513 -0.603095 -0.075868
v -0.344674 -0.666592 0.034280
v -0.383097 -0.542392 0.019101
v -0.332591 -0.673013 -0.039200
v -0.369372 -0.536833 -0.042867
v -0.377979 -0.417037 0.145931
v -0.392020 -0.320315 0.106877
v -0.382337 -0.420901 0.090788
v -0.386030 -0.370297 0.180108
v -0.385734 -0.368603 0.071022
v -0.396335 -0.324646 0.161050
v -0.365878 -0.407794 0.293910
v -0.400778 -0.333679 0.354922
v -0.363205 -0.407681 0.339175
v -0.382458 -0.369562 0.281058
v -0.379836 -0.370350 0.370141
v -0.400757 -0.331390 0.310796
v 0.268526 -0.622429 0.179013
v 0.172306 -0.634443 0.180231
v 0.224269 -0.588657 0.222768
v 0.267849 -0.667566 0.133215
v 0.179255 -0.596052 0.225515
v 0.215714 -0.685069 0.138026
v 0.285458 -0.509217 0.314838
v 0.244901 -0.511037 0.452381
v 0.247069 -0.535257 0.330703
v 0.300865 -0.475406 0.359155
v 0.222278 -0.535917 0.403675
v 0.284993 -0.475771 0.420622
v 0.366591 -0.597715 0.055046
v 0.339482 -0.600672 -0.078154
v 0.347782 -0.668254 0.034473
v 0.375209 -0.547310 0.019251
v 0.332743 -0.671052 -0.027291
v 0.368535 -0.546906 -0.044988
v 0.371714 -0.421792 0.145147
v 0.383289 -0.326072 0.106658
v 0.377297 -0.427104 0.090821
v 0.377540 -0.373605 0.178709
v 0.381979 -0.376005 0.071216
v 0.385538 -0.327695 0.159230
v 0.362400 -0.409299 0.285934
v 0.402863 -0.334507 0.344992
v 0.360126 -0.408584 0.331202
v 0.378837 -0.371144 0.273862
v 0.383684 -0.372821 0.361065
v 0.397003 -0.331551 0.300388
v -0.095344 -0.486494 0.874308
v -0.193852 -0.665434 0.945387
v -0.059179 -0.541077 0.849774
v -0.163183 -0.479778 0.889849
v -0.079914 -0.629200 0.887255
v -0.221886 -0.542872 0.889790
v 0.119811 -0.700909 0.875481
v 0.194816 -0.601708 0.803892
v 0.075050 -0.604651 0.828522
v 0.296620 -0.680504 0.865827
v 0.115692 -0.609305 0.806130
v 0.259054 -0.591393 0.833567
v 0.001783 -0.212853 0.984965
v 0.000026 -0.093488 1.014411
v 0.056440 -0.185794 0.993205
v -0.054282 -0.184435 0.992517
v 0.055508 -0.124579 1.006909
v -0.055679 -0.124327 1.007870
v 0.178461 -0.338240 0.968561
v 0.255891 -0.263297 0.950509
v 0.245331 -0.395368 0.959754
v 0.167387 -0.259859 0.978151
v 0.276674 -0.346219 0.941283
v 0.211612 -0.225743 0.975571
v -0.161301 -0.321456 0.962889
v -0.266512 -0.276691 0.968600
v -0.203527 -0.361852 0.948090
v -0.168972 -0.263647 0.984107
v -0.255939 -0.335490 0.940571
v -0.222779 -0.239046 0.986206
v -0.071768 0.541996 0.705735
v -0.130721 0.604274 0.642013
v -0.055416 0.580304 0.678017
v -0.116832 0.532431 0.701300
v -0.083421 0.613104 0.645592
v -0.147849 0.563145 0.668719
v 0.063955 0.532077 0.707388
v 0.119096 0.586210 0.636727
v 0.040981 0.568423 0.674952
v 0.111621 0.521800 0.706173
v 0.067274 0.595940 0.639621
v 0.141196 0.548373 0.670928
v 0.004506 0.342726 0.854302
v 0.000987 0.241706 0.906922
v 0.044844 0.318947 0.864398
v -0.038971 0.317956 0.861899
v 0.045477 0.268102 0.888895
v -0.042380 0.267813 0.890626
v 0.112830 0.415802 0.797504
v 0.205774 0.374495 0.791855
v 0.145492 0.440239 0.768336
v 0.121815 0.370544 0.824098
v 0.192905 0.420876 0.763808
v 0.167937 0.348321 0.822605
v -0.108037 0.416310 0.784899
v -0.201739 0.377578 0.780066
v -0.142856 0.444610 0.755490
v -0.116248 0.369969 0.814004
v -0.190214 0.426095 0.751006
v -0.162786 0.348744 0.813140
v -0.053160 -0.331488 -0.292533
v -0.095297 -0.380248 -0.220778
v -0.040095 -0.365126 -0.265029
v -0.084893 -0.318830 -0.283887
v -0.060230 -0.391922 -0.231482
v -0.106691 -0.340362 -0.245261
v 0.042142 -0.326886 -0.281038
v 0.095374 -0.385980 -0.219131
v 0.028505 -0.365691 -0.260916
v 0.078022 -0.313211 -0.270541
v 0.054231 -0.395972 -0.229489
v 0.104084 -0.342111 -0.239198
v -0.000336 -0.134869 -0.411824
v 0.001949 -0.023210 -0.452626
v 0.032792 -0.107425 -0.418746
v -0.031589 -0.105007 -0.412849
v 0.036084 -0.051711 -0.440423
v -0.033017 -0.049345 -0.432586
v 0.075184 -0.201538 -0.347588
v 0.141868 -0.145663 -0.321589
v 0.099416 -0.222081 -0.312375
v 0.085292 -0.155586 -0.373772
v 0.133860 -0.196265 -0.299348
v 0.118057 -0.124715 -0.360533
v -0.081023 -0.202847 -0.342818
v -0.147442 -0.152280 -0.323232
v -0.112832 -0.235895 -0.327098
v -0.089571 -0.156565 -0.366216
v -0.139211 -0.203138 -0.305279
v -0.122727 -0.129255 -0.357074
v -0.093624 0.660675 -0.463579
v -0.170363 0.756921 -0.413300
v -0.071106 0.707072 -0.431806
v -0.149144 0.653893 -0.470264
v -0.111102 0.757206 -0.411745
v -0.180086 0.713630 -0.459084
v 0.087304 0.660837 -0.461906
v 0.153694 0.752575 -0.393321
v 0.057842 0.709326 -0.428802
v 0.146536 0.653435 -0.466375
v 0.093661 0.756870 -0.397971
v 0.180001 0.696404 -0.430105
v -0.001094 0.413204 -0.630878
v 0.000814 0.297631 -0.661196
v 0.061146 0.386961 -0.648381
v -0.062540 0.383799 -0.647578
v 0.063806 0.332613 -0.668134
v -0.066324 0.327059 -0.672406
v 0.147889 0.503165 -0.558320
v 0.259475 0.451475 -0.538523
v 0.187674 0.538782 -0.526660
v 0.161825 0.443576 -0.588023
v 0.240851 0.512304 -0.515261
v 0.220392 0.417865 -0.582260
v -0.152413 0.504002 -0.560782
v -0.260052 0.440886 -0.543693
v -0.194104 0.537556 -0.525783
v -0.164895 0.443385 -0.593506
v -0.239879 0.506822 -0.511006
v -0.224443 0.412936 -0.591467
v 0.451686 0.192018 -0.085649
v 0.446612 0.266940 -0.049892
v 0.450218 0.221901 -0.116747
v 0.457654 0.196633 -0.040662
v 0.439410 0.261398 -0.098573
v 0.458609 0.233192 -0.020252
v 0.444634 0.025907 -0.069494
v 0.437694 -0.047199 -0.028743
v 0.436510 0.000476 -0.090024
v 0.452008 0.017962 -0.028929
v 0.430269 -0.036448 -0.070350
v 0.453036 -0.015858 -0.009900
v 0.414708 0.065148 -0.160004
v 0.353360 0.021368 -0.199049
v 0.410732 0.028654 -0.149786
v 0.390637 0.085062 -0.188593
v 0.383438 0.003286 -0.169957
v 0.357835 0.065058 -0.210918
v 0.419447 0.177062 -0.178838
v 0.360842 0.242327 -0.243923
v 0.417086 0.213948 -0.180983
v 0.389503 0.167215 -0.203026
v 0.390843 0.248892 -0.213366
v 0.356532 0.198527 -0.236178
v 0.464972 0.105504 -0.009140
v 0.488370 0.105145 0.079110
v 0.468877 0.135645 0.011544
v 0.467314 0.074362 0.013325
v 0.481468 0.137798 0.056817
v 0.478653 0.073303 0.057229
v 0.480760 0.221276 0.505769
v 0.486336 0.308770 0.476038
v 0.474587 0.255169 0.531658
v 0.489255 0.227706 0.466764
v 0.476783 0.302631 0.516808
v 0.494894 0.270927 0.452027
v 0.473933 0.002052 0.501580
v 0.471707 -0.085497 0.468452
v 0.464364 -0.032758 0.525894
v 0.480728 -0.004979 0.461561
v 0.465177 -0.078940 0.510535
v 0.480588 -0.047683 0.444453
v 0.435039 0.044069 0.616763
v 0.391783 -0.015586 0.678519
v 0.435586 -0.002778 0.606128
v 0.416223 0.062718 0.653085
v 0.413251 -0.034386 0.635870
v 0.394634 0.034821 0.685879
v 0.439767 0.175852 0.616397
v 0.411438 0.227082 0.678302
v 0.444524 0.222047 0.607849
v 0.421048 0.154850 0.652584
v 0.432614 0.249507 0.636990
v 0.405552 0.178305 0.685920
v 0.493302 0.109886 0.436584
v 0.506391 0.109060 0.352130
v 0.498747 0.150611 0.418397
v 0.493931 0.069608 0.415930
v 0.505077 0.150491 0.376100
v 0.500331 0.068515 0.374145
v -0.449385 0.197935 -0.081901
v -0.439377 0.276209 -0.046990
v -0.443637 0.226895 -0.110077
v -0.458994 0.203000 -0.039860
v -0.433653 0.269241 -0.094475
v -0.452348 0.241492 -0.018491
v -0.445103 0.031118 -0.066251
v -0.430224 -0.041991 -0.027106
v -0.424826 0.004595 -0.085072
v -0.456460 0.021928 -0.028537
v -0.416444 -0.032606 -0.066996
v -0.451325 -0.014047 -0.007705
v -0.406964 0.062460 -0.167228
v -0.355582 0.013559 -0.211923
v -0.397200 0.025492 -0.154894
v -0.387429 0.080954 -0.200151
v -0.370982 0.000270 -0.176487
v -0.358539 0.058259 -0.224277
v -0.432319 0.174446 -0.189806
v -0.378897 0.230421 -0.253129
v -0.427678 0.209939 -0.188287
v -0.402241 0.162087 -0.214733
v -0.403189 0.241591 -0.218817
v -0.375900 0.188707 -0.251176
v -0.472977 0.110718 -0.009476
v -0.494734 0.108919 0.078627
v -0.476322 0.142765 0.010294
v -0.480842 0.077603 0.010539
v -0.487754 0.144049 0.055234
v -0.491412 0.075340 0.054978
v -0.475040 0.220517 0.504552
v -0.475711 0.314494 0.473300
v -0.467673 0.256549 0.528816
v -0.485514 0.227976 0.466205
v -0.466131 0.305872 0.513715
v -0.485260 0.273985 0.449289
v -0.474881 -0.003098 0.504459
v -0.472417 -0.091190 0.472259
v -0.463982 -0.036586 0.527200
v -0.486220 -0.010750 0.467507
v -0.463265 -0.082952 0.512349
v -0.483684 -0.053391 0.449754
v -0.436498 0.040305 0.610607
v -0.395147 -0.018805 0.672170
v -0.436394 -0.006818 0.601759
v -0.416602 0.061169 0.646120
v -0.415735 -0.037471 0.628948
v -0.392372 0.033242 0.678235
v -0.435471 0.177779 0.611332
v -0.408075 0.231685 0.671490
v -0.437443 0.224944 0.602984
v -0.419070 0.155855 0.647061
v -0.423947 0.253955 0.630883
v -0.402667 0.181401 0.678741
v -0.499770 0.105993 0.443428
v -0.514200 0.107638 0.359340
v -0.499693 0.148643 0.422003
v -0.503857 0.066010 0.424413
v -0.507573 0.148837 0.380429
v -0.510619 0.065617 0.381988
v -0.080402 0.805701 0.343439
v -0.133761 0.753802 0.426208
v -0.130815 0.796022 0.343535
v -0.157318 0.770281 0.387110
v -0.055164 0.786437 0.384349
v -0.082478 0.762488 0.425988
v -0.074351 0.833565 -0.025059
v -0.162691 0.955078 -0.279393
v -0.125743 0.817036 -0.035857
v -0.161074 0.824154 -0.135805
v -0.052379 0.843639 -0.097109
v -0.079650 0.856352 -0.202788
v 0.080670 0.792598 0.328254
v 0.133788 0.755017 0.414273
v 0.133273 0.782680 0.323913
v 0.160285 0.763231 0.366661
v 0.053401 0.783182 0.378033
v 0.079894 0.765019 0.420132
v 0.077392 0.838703 0.022507
v 0.125137 0.809069 -0.088500
v 0.119935 0.821079 0.032758
v 0.134653 0.797470 -0.021243
v 0.053705 0.837602 -0.046112
v 0.081016 0.827965 -0.100682
v -0.347262 0.594173 0.499272
v -0.415394 0.538107 0.474514
v -0.363595 0.602159 0.460135
v -0.395598 0.571948 0.447847
v -0.365174 0.555368 0.525043
v -0.407138 0.530121 0.513346
v -0.060094 0.694325 0.540154
v 0.045876 0.695058 0.537143
v -0.034887 0.668642 0.575756
v 0.017687 0.666388 0.573886
v -0.031850 0.720284 0.502468
v 0.021458 0.722587 0.501857
v -0.271588 0.549968 0.615364
v -0.308551 0.460837 0.671911
v -0.243237 0.530113 0.653364
v -0.259497 0.481668 0.680806
v -0.316567 0.524508 0.603735
v -0.336117 0.482017 0.632124
v -0.481254 0.688386 -0.181035
v -0.330001 0.560397 -0.100764
v -0.353905 0.647820 -0.125361
v -0.316775 0.587138 -0.084695
v -0.397959 0.651667 -0.217998
v -0.347538 0.579229 -0.160839
v -0.087165 0.846792 -0.289974
v 0.087374 0.860406 -0.268249
v -0.049043 0.831796 -0.351562
v 0.051527 0.841676 -0.346806
v -0.034778 0.842517 -0.237262
v 0.040387 0.843182 -0.219248
v -0.300487 0.656115 -0.350728
v -0.301229 0.525021 -0.369513
v -0.273839 0.632732 -0.392933
v -0.282879 0.568638 -0.409301
v -0.318194 0.621872 -0.312227
v -0.309811 0.546243 -0.315289
v -0.454155 0.426798 0.183077
v -0.470089 0.438697 0.285077
v -0.440535 0.467408 0.209749
v -0.449646 0.472567 0.260529
v -0.478703 0.390183 0.210972
v -0.484155 0.396717 0.259068
v -0.385237 0.401710 -0.143487
v -0.361936 0.383089 -0.242874
v -0.399162 0.345636 -0.158015
v -0.387050 0.334819 -0.204107
v -0.357448 0.453661 -0.179837
v -0.346290 0.444124 -0.231116
v -0.473768 0.295397 0.105231
v -0.498298 0.222501 0.152401
v -0.475384 0.253104 0.079916
v -0.490987 0.217210 0.103466
v -0.484392 0.302324 0.155887
v -0.494984 0.264128 0.179572
v -0.445152 0.425286 0.542253
v -0.422516 0.389418 0.628734
v -0.446027 0.376799 0.561551
v -0.432778 0.357074 0.603275
v -0.437404 0.455487 0.562577
v -0.419649 0.435819 0.605499
v -0.496796 0.320294 0.345525
v -0.514411 0.233910 0.294195
v -0.500833 0.278337 0.364276
v -0.509781 0.235230 0.339168
v -0.501227 0.318329 0.300168
v -0.508203 0.275572 0.273207
v 0.354626 0.601397 0.495937
v 0.418200 0.542540 0.471213
v 0.370025 0.611235 0.452809
v 0.400818 0.582964 0.442953
v 0.374710 0.560968 0.526152
v 0.404594 0.529738 0.511543
v 0.278843 0.546359 0.622555
v 0.308613 0.451374 0.679523
v 0.246385 0.520064 0.662443
v 0.261687 0.473108 0.691153
v 0.327525 0.524249 0.610911
v 0.342174 0.477061 0.638233
v 0.480650 0.693000 -0.188134
v 0.337921 0.542349 -0.102993
v 0.343032 0.627386 -0.120079
v 0.328507 0.571750 -0.083183
v 0.427483 0.633669 -0.229967
v 0.340088 0.570734 -0.167062
v 0.295903 0.647036 -0.348682
v 0.297227 0.521354 -0.374210
v 0.275044 0.634756 -0.402364
v 0.280241 0.568712 -0.417232
v 0.318177 0.603703 -0.310487
v 0.309328 0.536912 -0.319787
v 0.461269 0.416996 0.189638
v 0.467369 0.428117 0.283959
v 0.452724 0.463326 0.216028
v 0.454477 0.468855 0.262402
v 0.477393 0.378217 0.213739
v 0.478446 0.383882 0.259549
v 0.385539 0.391990 -0.148767
v 0.357000 0.382767 -0.246956
v 0.398566 0.339860 -0.163393
v 0.387398 0.336006 -0.210811
v 0.359724 0.444096 -0.185666
v 0.346576 0.438091 -0.236703
v 0.480381 0.282684 0.107766
v 0.501765 0.213503 0.152670
v 0.483601 0.241519 0.081086
v 0.492750 0.208926 0.104706
v 0.489926 0.288136 0.160006
v 0.500615 0.252911 0.179820
v 0.456041 0.413428 0.545669
v 0.428407 0.379023 0.632371
v 0.459079 0.366504 0.565317
v 0.445809 0.349352 0.608318
v 0.436459 0.443601 0.564744
v 0.420518 0.426412 0.607585
v 0.496969 0.310022 0.345788
v 0.508030 0.227190 0.292158
v 0.503611 0.271196 0.364661
v 0.508270 0.230190 0.338011
v 0.496253 0.306459 0.299778
v 0.502644 0.264890 0.272642
v -0.083424 -0.645661 0.357502
v -0.134905 -0.623605 0.471057
v -0.133029 -0.623628 0.352471
v -0.156856 -0.608813 0.406897
v -0.061046 -0.666384 0.417887
v -0.087403 -0.657014 0.476506
v -0.095327 -0.623601 0.043177
v -0.149231 -0.625871 -0.069561
v -0.132152 -0.701932 0.015085
v -0.175903 -0.706550 -0.057161
v -0.066861 -0.580383 0.004692
v -0.090507 -0.584813 -0.050630
v 0.078664 -0.640437 0.372127
v 0.148614 -0.641260 0.527417
v 0.121146 -0.611421 0.372064
v 0.133832 -0.592911 0.444182
v 0.055090 -0.660671 0.436222
v 0.095768 -0.666481 0.517361
v 0.103485 -0.635351 0.038164
v 0.160108 -0.633002 -0.071223
v 0.149055 -0.717546 0.010472
v 0.189550 -0.704690 -0.050473
v 0.080806 -0.586375 0.002170
v 0.105466 -0.587515 -0.046337
v -0.314666 -0.410220 0.544977
v -0.372149 -0.327236 0.481018
v -0.332457 -0.406502 0.485549
v -0.361055 -0.368257 0.459830
v -0.330308 -0.366962 0.570388
v -0.360346 -0.325508 0.531765
v -0.071096 -0.646928 0.682895
v 0.079921 -0.676138 0.726751
v -0.046569 -0.626575 0.733859
v 0.030933 -0.635108 0.737806
v -0.028708 -0.663920 0.619173
v 0.045243 -0.679254 0.643000
v -0.351664 -0.466108 0.754822
v -0.335729 -0.318522 0.773972
v -0.330758 -0.455111 0.815223
v -0.314514 -0.372401 0.821350
v -0.352288 -0.381504 0.705810
v -0.354679 -0.325941 0.714744
v -0.318796 -0.387225 -0.102636
v -0.356969 -0.295174 -0.045948
v -0.365217 -0.405111 -0.079901
v -0.371129 -0.354812 -0.038903
v -0.307150 -0.326212 -0.108216
v -0.330288 -0.282267 -0.084138
v -0.051308 -0.495493 -0.147038
v 0.052387 -0.492359 -0.139304
v -0.024302 -0.462960 -0.176159
v 0.022581 -0.463059 -0.174230
v -0.025999 -0.518688 -0.110689
v 0.030669 -0.517145 -0.106503
v -0.204547 -0.317344 -0.179837
v -0.219073 -0.214175 -0.215153
v -0.172670 -0.294514 -0.212296
v -0.183493 -0.244203 -0.231493
v -0.239916 -0.287047 -0.166128
v -0.246042 -0.233532 -0.182196
v -0.430259 -0.193450 0.197501
v -0.447060 -0.210507 0.291710
v -0.424282 -0.240276 0.222921
v -0.430026 -0.247175 0.269835
v -0.451850 -0.159406 0.218673
v -0.460000 -0.167424 0.265686
v -0.352949 -0.139011 -0.089467
v -0.318722 -0.116179 -0.164065
v -0.362514 -0.093352 -0.107180
v -0.347069 -0.082288 -0.143994
v -0.328103 -0.175926 -0.110478
v -0.309996 -0.164349 -0.148728
v -0.464583 -0.068211 0.112094
v -0.493666 -0.002655 0.154886
v -0.473715 -0.028074 0.084226
v -0.487277 0.002170 0.106714
v -0.473031 -0.076379 0.161374
v -0.490028 -0.043052 0.182507
v -0.424174 -0.206022 0.539971
v -0.391603 -0.182743 0.637411
v -0.432196 -0.156520 0.560476
v -0.417011 -0.143167 0.604474
v -0.404865 -0.244264 0.569377
v -0.390128 -0.235952 0.622713
v -0.484753 -0.097648 0.348889
v -0.504066 -0.014071 0.297786
v -0.494344 -0.057539 0.367716
v -0.503276 -0.016006 0.342671
v -0.484071 -0.094041 0.304327
v -0.494245 -0.052476 0.278141
v 0.325118 -0.415469 0.547756
v 0.386854 -0.334399 0.480516
v 0.332530 -0.408238 0.486759
v 0.366501 -0.370778 0.456816
v 0.350387 -0.379784 0.571419
v 0.380149 -0.336291 0.534406
v 0.326235 -0.454995 0.735608
v 0.339922 -0.335977 0.774245
v 0.348166 -0.473679 0.800168
v 0.337533 -0.400347 0.822169
v 0.342750 -0.395834 0.694768
v 0.352440 -0.341152 0.712761
v 0.329549 -0.402337 -0.102040
v 0.363878 -0.310064 -0.042363
v 0.364471 -0.419253 -0.074004
v 0.375734 -0.368836 -0.034142
v 0.312698 -0.336276 -0.097318
v 0.342219 -0.297278 -0.079905
v 0.207141 -0.320079 -0.170295
v 0.221749 -0.214497 -0.210513
v 0.178750 -0.296773 -0.208464
v 0.186818 -0.245418 -0.228944
v 0.240113 -0.288844 -0.151417
v 0.246773 -0.235645 -0.172376
v 0.428346 -0.196260 0.188017
v 0.443150 -0.207671 0.280697
v 0.416134 -0.241295 0.212948
v 0.423500 -0.246550 0.258605
v 0.447415 -0.157972 0.210052
v 0.455239 -0.164191 0.256283
v 0.366679 -0.148354 -0.085432
v 0.327624 -0.119033 -0.157816
v 0.380059 -0.100364 -0.105089
v 0.362346 -0.087530 -0.140898
v 0.338349 -0.185033 -0.103254
v 0.315418 -0.169213 -0.139105
v 0.462420 -0.069184 0.109502
v 0.488765 -0.001658 0.151035
v 0.467785 -0.030641 0.083747
v 0.479515 0.002648 0.104807
v 0.470343 -0.074412 0.157102
v 0.484853 -0.040859 0.177461
v 0.434030 -0.204781 0.548940
v 0.388177 -0.182351 0.644386
v 0.441310 -0.154740 0.565723
v 0.416294 -0.139148 0.609333
v 0.409442 -0.247138 0.579250
v 0.388170 -0.238854 0.630863
v 0.488907 -0.093919 0.340569
v 0.503098 -0.011960 0.289370
v 0.492166 -0.052936 0.358339
v 0.499345 -0.013018 0.334091
v 0.488970 -0.091554 0.296009
v 0.496709 -0.050395 0.269767
v 0.156169 -0.006306 0.983909
v 0.235459 -0.060244 0.936662
v 0.160231 -0.064925 1.000621
v 0.203175 -0.094912 0.979371
v 0.198258 0.023929 0.952714
v 0.235993 -0.000522 0.929550
v -0.157640 -0.003390 0.992188
v -0.235456 -0.060832 0.935918
v -0.162252 -0.064181 1.002801
v -0.204000 -0.095467 0.976747
v -0.197773 0.026906 0.961860
v -0.233459 0.000281 0.934363
v 0.144513 0.161112 0.918457
v 0.229583 0.218803 0.862340
v 0.139604 0.215767 0.894237
v 0.182762 0.243942 0.868433
v 0.190811 0.134896 0.911330
v 0.232442 0.164317 0.880870
v -0.143142 0.165776 0.934400
v -0.224087 0.221830 0.864116
v -0.137162 0.218613 0.905254
v -0.178569 0.246528 0.875669
v -0.189907 0.139809 0.924288
v -0.229791 0.167749 0.888517
v 0.323794 0.044991 0.804586
v 0.333617 0.148584 0.797034
v 0.350922 0.076188 0.763939
v 0.356133 0.126678 0.762675
v 0.299496 0.066095 0.843385
v 0.303453 0.118957 0.837743
v -0.318830 0.042653 0.799987
v -0.330624 0.149162 0.794077
v -0.347691 0.074735 0.759401
v -0.353360 0.126242 0.757467
v -0.292904 0.064911 0.839952
v -0.297179 0.119265 0.834409
v 0.121517 0.054500 -0.486477
v 0.165851 0.011645 -0.396618
v 0.112122 0.002263 -0.454218
v 0.135034 -0.019650 -0.412411
v 0.162118 0.079683 -0.483486
v 0.178919 0.061128 -0.431341
v -0.118242 0.052484 -0.475009
v -0.173945 0.002621 -0.393112
v -0.109070 0.002073 -0.439141
v -0.138380 -0.023925 -0.403790
v -0.160814 0.076215 -0.473167
v -0.185619 0.051775 -0.424992
v 0.168424 0.215246 -0.616521
v 0.299873 0.268448 -0.590472
v 0.185416 0.279098 -0.652585
v 0.251554 0.306256 -0.649730
v 0.208008 0.180635 -0.573208
v 0.267959 0.197719 -0.562780
v -0.162282 0.203390 -0.611608
v -0.291290 0.245630 -0.612890
v -0.180196 0.259238 -0.659280
v -0.242676 0.291151 -0.653265
v -0.201240 0.171623 -0.569462
v -0.263681 0.187493 -0.574249
v 0.261617 0.092546 -0.322958
v 0.286898 0.189419 -0.366221
v 0.293479 0.116219 -0.289544
v 0.294229 0.166419 -0.301435
v 0.237616 0.118923 -0.379751
v 0.262383 0.163934 -0.412505
v -0.269325 0.084106 -0.325093
v -0.297343 0.178904 -0.373233
v -0.302945 0.107738 -0.299436
v -0.311010 0.155770 -0.314775
v -0.250449 0.106353 -0.379727
v -0.272347 0.152179 -0.414089
v -0.294632 0.713324 0.243798
v -0.279491 0.711339 0.161031
v -0.260560 0.739078 0.241826
v -0.247867 0.738296 0.148347
v -0.341881 0.665717 0.273866
v -0.285417 0.719373 0.284663
v -0.339261 0.668872 0.315228
v -0.314113 0.661856 0.144651
v -0.258179 0.718547 0.101713
v -0.296374 0.665172 0.086250
v -0.352823 0.635410 0.217248
v -0.324252 0.634597 0.114319
v -0.365860 0.605030 0.197184
v -0.362971 0.639552 0.304978
v -0.376398 0.607148 0.247888
v 0.301829 0.746616 0.246886
v 0.280293 0.736892 0.177008
v 0.270110 0.773184 0.241420
v 0.251109 0.772310 0.165587
v 0.346604 0.691357 0.277702
v 0.291837 0.745215 0.278102
v 0.345614 0.693163 0.311989
v 0.315438 0.675293 0.163413
v 0.252722 0.735537 0.127108
v 0.293325 0.668457 0.109048
v 0.358571 0.653901 0.231697
v 0.325890 0.638915 0.132159
v 0.372238 0.615785 0.211714
v 0.368859 0.661647 0.305326
v 0.381888 0.621467 0.254082
v -0.301067 -0.549294 0.235357
v -0.328371 -0.586937 0.153100
v -0.272293 -0.583409 0.236126
v -0.303917 -0.636029 0.143874
v -0.333549 -0.480067 0.270536
v -0.283119 -0.547321 0.280286
v -0.324399 -0.478787 0.315204
v -0.357878 -0.507582 0.138890
v -0.348642 -0.640683 0.103029
v -0.368515 -0.525718 0.083391
v -0.358415 -0.451027 0.215351
v -0.372844 -0.468122 0.113465
v -0.373487 -0.412969 0.198287
v -0.347259 -0.444159 0.305456
v -0.368674 -0.409629 0.247313
v 0.298086 -0.549312 0.227613
v 0.330005 -0.590609 0.145983
v 0.266237 -0.577680 0.225143
v 0.311622 -0.644327 0.135742
v 0.329343 -0.481091 0.262805
v 0.272151 -0.541789 0.272888
v 0.315199 -0.476916 0.307608
v 0.357003 -0.513064 0.135782
v 0.343945 -0.636717 0.096941
v 0.369184 -0.533080 0.082519
v 0.354813 -0.454105 0.210353
v 0.369312 -0.473760 0.112931
v 0.368044 -0.416498 0.195503
v 0.341347 -0.444036 0.297511
v 0.365325 -0.412192 0.241878
v 0.021042 -0.459563 0.866119
v -0.077827 -0.381308 0.913623
v -0.021538 -0.499877 0.852562
v -0.118995 -0.427777 0.899434
v 0.127328 -0.438894 0.927043
v 0.044733 -0.544840 0.847876
v 0.211626 -0.564978 0.922061
v 0.061165 -0.306875 0.962098
v -0.047734 -0.292940 0.953296
v 0.058799 -0.247505 0.977637
v -0.052674 -0.241634 0.974126
v 0.196703 -0.432501 0.961914
v 0.116767 -0.288280 0.972370
v -0.139644 -0.371572 0.928201
v -0.109762 -0.273422 0.963719
v -0.002060 0.510513 0.736490
v -0.056587 0.473628 0.759846
v -0.027238 0.544197 0.707592
v -0.086301 0.502593 0.731887
v 0.058387 0.472021 0.770544
v 0.017659 0.540191 0.707835
v 0.083507 0.495946 0.739694
v 0.040197 0.410491 0.815138
v -0.031744 0.408857 0.807713
v 0.043086 0.366758 0.839334
v -0.035148 0.365750 0.835560
v 0.100344 0.458044 0.769938
v 0.079856 0.392518 0.823359
v -0.098098 0.460962 0.757892
v -0.072377 0.389702 0.811590
v -0.008687 -0.303789 -0.313582
v -0.039829 -0.264864 -0.329215
v -0.023991 -0.335753 -0.292429
v -0.064438 -0.295480 -0.310387
v 0.032115 -0.260668 -0.328128
v 0.008128 -0.334036 -0.287938
v 0.053264 -0.285811 -0.300286
v 0.020912 -0.201302 -0.374860
v -0.022537 -0.201204 -0.371360
v 0.027463 -0.158778 -0.398186
v -0.029019 -0.158890 -0.396966
v 0.064949 -0.244283 -0.322247
v 0.052616 -0.182917 -0.380279
v -0.071937 -0.249947 -0.324792
v -0.051729 -0.175144 -0.362262
v -0.002769 0.627087 -0.499267
v -0.083020 0.584948 -0.537712
v -0.035567 0.663884 -0.463377
v -0.115979 0.612979 -0.498642
v 0.081221 0.579794 -0.536232
v 0.025746 0.664701 -0.463580
v 0.112741 0.612931 -0.500614
v 0.050935 0.498888 -0.585725
v -0.050819 0.500196 -0.586635
v 0.055024 0.442897 -0.612614
v -0.056241 0.442223 -0.613475
v 0.133618 0.560800 -0.534503
v 0.104710 0.472059 -0.588282
v -0.136386 0.561373 -0.530989
v -0.106594 0.472588 -0.590704
v 0.446123 0.155749 -0.129636
v 0.454240 0.132572 -0.073558
v 0.448204 0.187455 -0.124596
v 0.454242 0.162042 -0.059381
v 0.440896 0.069185 -0.117331
v 0.456586 0.080169 -0.070380
v 0.436995 0.035911 -0.103200
v 0.452578 0.050586 -0.049739
v 0.435677 0.116322 -0.150400
v 0.429451 0.049182 -0.133785
v 0.425073 0.101876 -0.164691
v 0.442425 0.182468 -0.155218
v 0.420306 0.139146 -0.174623
v 0.459971 0.133563 -0.032658
v 0.460003 0.077223 -0.030171
v 0.464175 0.168268 0.553582
v 0.481003 0.145986 0.495533
v 0.468650 0.210378 0.543645
v 0.485322 0.185811 0.481303
v 0.463628 0.053694 0.552839
v 0.480366 0.075123 0.493871
v 0.464331 0.011997 0.540717
v 0.481013 0.036132 0.477994
v 0.449057 0.110684 0.589418
v 0.451455 0.026032 0.579313
v 0.434829 0.088950 0.621251
v 0.455401 0.194710 0.580629
v 0.435632 0.132010 0.621299
v 0.489319 0.148643 0.458531
v 0.488892 0.070932 0.456318
v -0.448296 0.159286 -0.127861
v -0.453866 0.139278 -0.069731
v -0.449180 0.190492 -0.122790
v -0.457004 0.170089 -0.055688
v -0.438709 0.070977 -0.115713
v -0.462121 0.086416 -0.068741
v -0.430484 0.039758 -0.100618
v -0.460427 0.055718 -0.049239
v -0.437567 0.116406 -0.155245
v -0.420258 0.049148 -0.135032
v -0.417340 0.099031 -0.177438
v -0.440988 0.183545 -0.157232
v -0.431025 0.136589 -0.184827
v -0.462868 0.140492 -0.031494
v -0.468699 0.081338 -0.029823
v -0.460651 0.166671 0.551873
v -0.483787 0.142929 0.498949
v -0.463819 0.210464 0.541438
v -0.484325 0.184065 0.482429
v -0.463723 0.050283 0.551783
v -0.484761 0.070936 0.499337
v -0.465163 0.007359 0.540427
v -0.485331 0.031050 0.483924
v -0.447953 0.108412 0.585785
v -0.452807 0.022505 0.576241
v -0.433799 0.085850 0.615180
v -0.451042 0.196269 0.577558
v -0.434234 0.131463 0.615892
v -0.492078 0.145921 0.462019
v -0.493834 0.067354 0.463363
v -0.078100 0.835174 0.242805
v -0.079697 0.850213 0.124024
v -0.127996 0.815259 0.241374
v -0.126694 0.821905 0.122283
v 0.082116 0.820479 0.231979
v 0.083770 0.844641 0.133815
v 0.133131 0.809896 0.230974
v 0.134535 0.837208 0.136932
v 0.000632 0.817657 0.287089
v -0.104349 0.817035 0.295087
v -0.027475 0.804097 0.338282
v 0.006063 0.858036 0.070848
v -0.099992 0.829444 0.049248
v -0.021555 0.846608 -0.005772
v 0.107464 0.801847 0.279069
v 0.026857 0.800082 0.332956
v 0.103782 0.838590 0.082668
v 0.030646 0.849064 0.011138
v -0.212581 0.713577 0.461568
v -0.283226 0.659456 0.483611
v -0.235843 0.723558 0.418843
v -0.306836 0.669968 0.444866
v -0.136118 0.661597 0.574489
v -0.205896 0.613564 0.598993
v -0.110203 0.640406 0.611516
v -0.178522 0.590897 0.634758
v -0.136244 0.708132 0.501897
v -0.185524 0.741509 0.424405
v -0.109740 0.736048 0.465249
v -0.278048 0.606613 0.549644
v -0.328672 0.632276 0.471527
v -0.322599 0.580787 0.537223
v -0.085723 0.666825 0.576201
v -0.084821 0.716201 0.502854
v -0.225203 0.571902 0.626244
v -0.297333 0.565792 0.576405
v -0.211583 0.808010 -0.219349
v -0.318849 0.747857 -0.192952
v -0.225598 0.770189 -0.141402
v -0.296397 0.714820 -0.125036
v -0.186136 0.807715 -0.317559
v -0.245450 0.731601 -0.336624
v -0.158778 0.795678 -0.373926
v -0.222068 0.729718 -0.399638
v -0.161462 0.862631 -0.231380
v -0.222405 0.837900 -0.222275
v -0.123607 0.893090 -0.255012
v -0.354025 0.746969 -0.302749
v -0.361324 0.707725 -0.158341
v -0.454453 0.712946 -0.268836
v -0.180197 0.875942 -0.340511
v -0.104299 0.858083 -0.251402
v -0.260256 0.689644 -0.371271
v -0.355562 0.686548 -0.337813
v -0.370595 0.498670 0.006168
v -0.414483 0.458791 0.099823
v -0.357373 0.536288 0.029853
v -0.400681 0.498146 0.126193
v -0.415549 0.362849 -0.057681
v -0.445296 0.328387 0.025360
v -0.424102 0.314726 -0.076762
v -0.447646 0.282575 0.003438
v -0.376191 0.458453 -0.072494
v -0.337442 0.540962 -0.032631
v -0.350153 0.512595 -0.112924
v -0.453038 0.377445 0.105676
v -0.429019 0.462736 0.157266
v -0.463609 0.383970 0.157257
v -0.406851 0.355534 -0.109409
v -0.366823 0.458360 -0.127350
v -0.461446 0.289743 0.053611
v -0.469404 0.339899 0.130733
v -0.445713 0.513628 0.420507
v -0.458016 0.479950 0.356255
v -0.430687 0.547959 0.395601
v -0.443874 0.513997 0.334401
v -0.462470 0.401708 0.480865
v -0.480479 0.362719 0.414863
v -0.466312 0.356730 0.497628
v -0.484101 0.320625 0.432408
v -0.448102 0.473809 0.482566
v -0.426529 0.543292 0.435960
v -0.434047 0.503082 0.500073
v -0.481184 0.402833 0.352181
v -0.456463 0.477830 0.310287
v -0.483937 0.400941 0.306193
v -0.454728 0.392546 0.520404
v -0.443471 0.467444 0.522615
v -0.490160 0.321098 0.389434
v -0.492108 0.362087 0.326972
v 0.211375 0.712874 0.444046
v 0.285180 0.660828 0.472058
v 0.236197 0.722553 0.399085
v 0.305309 0.670133 0.428319
v 0.124266 0.651188 0.566513
v 0.203065 0.602109 0.596353
v 0.095238 0.623372 0.603511
v 0.171955 0.575394 0.633877
v 0.129673 0.712699 0.494625
v 0.186439 0.740580 0.406317
v 0.105590 0.745599 0.460525
v 0.070558 0.660192 0.570530
v 0.075182 0.723892 0.500313
v 0.285700 0.608409 0.548891
v 0.330766 0.637147 0.462836
v 0.335516 0.588138 0.539728
v 0.226441 0.562733 0.630396
v 0.309965 0.569726 0.581316
v 0.197508 0.769188 -0.133690
v 0.301480 0.715964 -0.182686
v 0.192204 0.742830 -0.065358
v 0.276363 0.686937 -0.104249
v 0.189694 0.957411 -0.307974
v 0.235295 0.740484 -0.337488
v 0.134971 0.824087 -0.359907
v 0.212214 0.733235 -0.391272
v 0.166368 0.848881 -0.203020
v 0.158155 0.780274 -0.078132
v 0.118077 0.829872 -0.151703
v 0.127584 0.885785 -0.328586
v 0.107832 0.856349 -0.207825
v 0.327405 0.759439 -0.279074
v 0.345677 0.686608 -0.154390
v 0.456068 0.738116 -0.268307
v 0.258178 0.691263 -0.374683
v 0.347445 0.671199 -0.313882
v 0.376842 0.484369 0.008137
v 0.421618 0.447858 0.104069
v 0.363866 0.524383 0.034912
v 0.410643 0.491398 0.131434
v 0.417347 0.349823 -0.059755
v 0.449901 0.314671 0.025789
v 0.429269 0.303743 -0.080005
v 0.456758 0.271703 0.001849
v 0.380143 0.445094 -0.076014
v 0.346892 0.525857 -0.032844
v 0.356425 0.499501 -0.117894
v 0.456939 0.364117 0.107233
v 0.440721 0.454253 0.164613
v 0.468609 0.370364 0.163140
v 0.409078 0.343944 -0.112557
v 0.370586 0.446541 -0.132720
v 0.469215 0.276454 0.054823
v 0.474809 0.326047 0.134969
v 0.443322 0.515720 0.417286
v 0.456347 0.474142 0.352966
v 0.424188 0.552838 0.389178
v 0.440080 0.513068 0.328717
v 0.477383 0.388406 0.483092
v 0.492576 0.352910 0.417441
v 0.479169 0.345365 0.500787
v 0.496485 0.313323 0.436043
v 0.455065 0.468267 0.483270
v 0.425010 0.551326 0.431653
v 0.433128 0.499504 0.497506
v 0.480716 0.390785 0.351266
v 0.454716 0.471719 0.307925
v 0.480321 0.388388 0.306255
v 0.468366 0.379216 0.523653
v 0.447395 0.456672 0.522409
v 0.498363 0.311942 0.391253
v 0.491022 0.348635 0.327450
v -0.084817 -0.638327 0.248303
v -0.090582 -0.637531 0.144614
v -0.138025 -0.631160 0.241778
v -0.149815 -0.661811 0.137218
v 0.085510 -0.634328 0.249722
v 0.099221 -0.637119 0.142244
v 0.136822 -0.623776 0.241084
v 0.159921 -0.666751 0.138567
v -0.001963 -0.648071 0.308804
v -0.108691 -0.632816 0.299550
v -0.031988 -0.660440 0.363158
v 0.005584 -0.598389 0.106098
v -0.120062 -0.656435 0.086180
v -0.033888 -0.581805 0.058582
v 0.105932 -0.626152 0.307609
v 0.025319 -0.655340 0.368835
v 0.132084 -0.670735 0.086940
v 0.047812 -0.580322 0.059333
v -0.203990 -0.563924 0.515482
v -0.263121 -0.496569 0.542723
v -0.223725 -0.553935 0.448421
v -0.282829 -0.483907 0.475364
v -0.180753 -0.695185 0.763550
v -0.246329 -0.597947 0.804432
v -0.118659 -0.733440 0.876694
v -0.276447 -0.616765 0.871580
v -0.147607 -0.635702 0.604558
v -0.180943 -0.589413 0.461611
v -0.113357 -0.641259 0.540283
v -0.277596 -0.487479 0.661828
v -0.297977 -0.447160 0.513165
v -0.298918 -0.414102 0.611965
v -0.105808 -0.669303 0.762503
v -0.091500 -0.653106 0.612825
v -0.320709 -0.568595 0.797023
v -0.331077 -0.441527 0.686950
v -0.247413 -0.605757 -0.136312
v -0.288506 -0.497291 -0.108400
v -0.289131 -0.657712 -0.095900
v -0.333171 -0.525776 -0.088890
v -0.113783 -0.453736 -0.164402
v -0.157279 -0.390807 -0.167732
v -0.083879 -0.420623 -0.196922
v -0.130592 -0.363399 -0.205878
v -0.136671 -0.539223 -0.117669
v -0.214926 -0.646581 -0.086456
v -0.116476 -0.572769 -0.092615
v -0.240845 -0.401386 -0.139411
v -0.331790 -0.454548 -0.101230
v -0.276992 -0.367596 -0.128439
v -0.070602 -0.460888 -0.175694
v -0.081193 -0.530109 -0.118490
v -0.166379 -0.342352 -0.191682
v -0.238905 -0.344386 -0.154164
v -0.381559 -0.261314 0.035253
v -0.406241 -0.223465 0.120320
v -0.385251 -0.314977 0.052446
v -0.400337 -0.273978 0.141065
v -0.394723 -0.114461 -0.024872
v -0.430967 -0.090891 0.042592
v -0.404910 -0.071690 -0.046420
v -0.443657 -0.050923 0.015955
v -0.365876 -0.197468 -0.029460
v -0.375792 -0.306428 -0.000169
v -0.347851 -0.237580 -0.057742
v -0.431127 -0.141842 0.118441
v -0.415347 -0.231824 0.172765
v -0.441430 -0.150985 0.168861
v -0.379288 -0.104682 -0.067257
v -0.345564 -0.186198 -0.072744
v -0.452677 -0.059852 0.064118
v -0.452842 -0.108963 0.139991
v -0.412929 -0.295659 0.418854
v -0.436079 -0.257203 0.359079
v -0.397492 -0.333464 0.398328
v -0.418290 -0.293863 0.336068
v -0.453754 -0.175157 0.476511
v -0.473860 -0.139664 0.414579
v -0.458978 -0.129019 0.495464
v -0.480445 -0.098063 0.432201
v -0.419537 -0.253921 0.477538
v -0.386241 -0.330855 0.437819
v -0.385736 -0.285936 0.496107
v -0.464623 -0.178708 0.355390
v -0.433613 -0.252865 0.315237
v -0.462190 -0.173893 0.311284
v -0.443402 -0.167355 0.518122
v -0.412859 -0.249860 0.518831
v -0.483990 -0.099576 0.391754
v -0.474847 -0.136346 0.330266
v 0.203231 -0.577277 0.585808
v 0.259845 -0.493580 0.565368
v 0.201282 -0.546276 0.488466
v 0.270938 -0.482886 0.491167
v 0.185100 -0.640732 0.774919
v 0.260982 -0.549437 0.746365
v 0.149466 -0.618517 0.784603
v 0.256828 -0.563734 0.790913
v 0.264161 -0.736616 0.772921
v 0.161205 -0.590348 0.523287
v 0.160058 -0.686750 0.615726
v 0.114508 -0.651540 0.772840
v 0.138035 -0.698456 0.690530
v 0.292590 -0.478676 0.652933
v 0.296026 -0.446305 0.520599
v 0.320494 -0.426965 0.611448
v 0.300968 -0.512985 0.768425
v 0.320132 -0.440338 0.673634
v 0.241302 -0.601746 -0.106857
v 0.289855 -0.505712 -0.108459
v 0.291245 -0.657377 -0.088929
v 0.342381 -0.539660 -0.102329
v 0.115533 -0.455126 -0.158414
v 0.164403 -0.397624 -0.168297
v 0.083861 -0.424640 -0.194632
v 0.134238 -0.369090 -0.204950
v 0.141111 -0.538617 -0.114688
v 0.232771 -0.668951 -0.099602
v 0.124452 -0.571420 -0.086535
v 0.070092 -0.460518 -0.168231
v 0.086805 -0.525998 -0.107651
v 0.240908 -0.405365 -0.126575
v 0.333309 -0.467835 -0.098923
v 0.278345 -0.373654 -0.113031
v 0.171454 -0.346796 -0.187563
v 0.236566 -0.347117 -0.134925
v 0.379172 -0.270955 0.036995
v 0.400823 -0.231437 0.116283
v 0.382055 -0.323802 0.053827
v 0.390600 -0.279306 0.139698
v 0.406341 -0.124501 -0.024835
v 0.433893 -0.097376 0.041278
v 0.419097 -0.078951 -0.048024
v 0.444283 -0.055730 0.016115
v 0.375208 -0.212219 -0.027720
v 0.376673 -0.318733 0.003051
v 0.358827 -0.254077 -0.053780
v 0.430495 -0.146774 0.114799
v 0.408877 -0.237037 0.164538
v 0.438936 -0.150674 0.163304
v 0.396030 -0.113687 -0.066862
v 0.360269 -0.200482 -0.069299
v 0.452460 -0.064165 0.062546
v 0.450286 -0.110047 0.136129
v 0.417710 -0.295711 0.411726
v 0.434737 -0.254010 0.348265
v 0.404838 -0.336855 0.387629
v 0.416527 -0.292747 0.325524
v 0.454531 -0.169186 0.475424
v 0.472215 -0.133327 0.408077
v 0.463463 -0.124691 0.493602
v 0.477380 -0.090483 0.426213
v 0.426908 -0.253329 0.480298
v 0.395128 -0.334391 0.432751
v 0.405221 -0.294176 0.506149
v 0.464441 -0.173140 0.345965
v 0.430203 -0.250612 0.304108
v 0.462595 -0.170070 0.302190
v 0.450469 -0.164028 0.520003
v 0.420708 -0.251038 0.528182
v 0.482572 -0.092772 0.383197
v 0.478351 -0.132391 0.321736
v 0.055090 -0.004898 1.009735
v -0.055250 -0.003345 1.011774
v 0.055651 -0.063514 1.016065
v -0.057134 -0.062592 1.018345
v 0.047659 0.161313 0.939028
v -0.048767 0.163572 0.950905
v 0.046558 0.215251 0.914282
v -0.045792 0.215651 0.923870
v 0.101891 0.078138 0.967648
v 0.108834 -0.035022 1.007187
v 0.152359 0.050331 0.965086
v -0.101961 0.082137 0.978774
v -0.111592 -0.032829 1.012863
v -0.152836 0.054903 0.976265
v 0.094484 0.188711 0.917820
v 0.147452 0.106199 0.940863
v -0.094005 0.191100 0.933267
v -0.147842 0.111272 0.956235
v 0.306460 -0.247030 0.842885
v 0.268483 -0.151930 0.896095
v 0.293646 -0.296552 0.896610
v 0.242677 -0.190547 0.942889
v 0.363998 -0.108350 0.704673
v 0.344422 -0.031063 0.760346
v 0.388610 -0.068382 0.667289
v 0.371293 0.005837 0.722060
v 0.337439 -0.215142 0.738046
v 0.320777 -0.321602 0.835131
v 0.347931 -0.279740 0.726929
v 0.387445 -0.123193 0.655137
v 0.361800 -0.229251 0.682188
v 0.293365 -0.048346 0.848613
v 0.236949 -0.123660 0.940120
v 0.265749 -0.024985 0.891024
v 0.348348 0.025108 0.764241
v 0.295737 0.010759 0.846781
v -0.306319 -0.239637 0.839521
v -0.273157 -0.152473 0.892198
v -0.286258 -0.287740 0.894522
v -0.250314 -0.196122 0.944063
v -0.362700 -0.110468 0.693838
v -0.341301 -0.034807 0.753532
v -0.394462 -0.072908 0.662089
v -0.368540 0.000943 0.715454
v -0.348092 -0.210695 0.732657
v -0.308559 -0.304878 0.831879
v -0.351250 -0.269010 0.724333
v -0.392946 -0.128099 0.650776
v -0.371832 -0.224638 0.677241
v -0.290973 -0.050146 0.843079
v -0.239928 -0.125686 0.936931
v -0.263120 -0.025983 0.888397
v -0.343672 0.021396 0.757679
v -0.290778 0.008929 0.842484
v 0.287374 0.376856 0.747915
v 0.262458 0.300095 0.810620
v 0.240767 0.399644 0.757561
v 0.216260 0.324824 0.819331
v 0.397657 0.302799 0.692905
v 0.370085 0.225470 0.750530
v 0.420714 0.277202 0.667595
v 0.388582 0.202461 0.718642
v 0.361535 0.377598 0.690939
v 0.275373 0.426018 0.719813
v 0.351758 0.427447 0.665002
v 0.424458 0.326997 0.650574
v 0.393694 0.403119 0.650057
v 0.308965 0.222342 0.814803
v 0.225417 0.272887 0.843379
v 0.272011 0.193357 0.848810
v 0.363604 0.176346 0.759401
v 0.306818 0.169972 0.827441
v -0.290075 0.387743 0.740230
v -0.258482 0.304854 0.803429
v -0.240005 0.408141 0.746320
v -0.210958 0.327595 0.811182
v -0.399795 0.311226 0.689935
v -0.369321 0.230101 0.746112
v -0.412421 0.282856 0.660135
v -0.386471 0.206136 0.712282
v -0.371246 0.391918 0.690881
v -0.277193 0.436577 0.709893
v -0.357914 0.439027 0.662124
v -0.417200 0.336023 0.645844
v -0.398168 0.414055 0.647211
v -0.306297 0.225629 0.812430
v -0.218497 0.274902 0.839286
v -0.268210 0.197060 0.850373
v -0.361163 0.178105 0.753467
v -0.303745 0.172809 0.827304
v 0.042978 0.056989 -0.503758
v -0.039030 0.057384 -0.499572
v 0.039201 0.003217 -0.468427
v -0.034845 0.005586 -0.460763
v 0.056827 0.211070 -0.635808
v -0.057438 0.202844 -0.636322
v 0.062879 0.266956 -0.664462
v -0.061959 0.262186 -0.655649
v 0.096012 0.134844 -0.560268
v 0.079807 0.030059 -0.480912
v 0.132937 0.106982 -0.524298
v -0.093060 0.129426 -0.556153
v -0.075853 0.029261 -0.470927
v -0.130327 0.101666 -0.518578
v 0.119689 0.246515 -0.655307
v 0.149282 0.159709 -0.568257
v -0.116906 0.232920 -0.646459
v -0.144656 0.150315 -0.565730
v 0.203430 -0.139530 -0.267188
v 0.181266 -0.062541 -0.324394
v 0.168557 -0.168472 -0.284395
v 0.149688 -0.093496 -0.343845
v 0.310427 -0.050962 -0.206245
v 0.285609 0.019385 -0.258049
v 0.347276 -0.024212 -0.187974
v 0.322442 0.042951 -0.234563
v 0.266278 -0.130786 -0.210195
v 0.195396 -0.191889 -0.247593
v 0.256854 -0.182833 -0.193141
v 0.341922 -0.070478 -0.176048
v 0.292199 -0.150919 -0.175018
v 0.221524 0.017335 -0.326368
v 0.155389 -0.039794 -0.367762
v 0.195494 0.041856 -0.375584
v 0.291707 0.066623 -0.276169
v 0.229552 0.067675 -0.352677
v -0.203328 -0.143293 -0.268681
v -0.189226 -0.071986 -0.327463
v -0.168661 -0.172879 -0.285353
v -0.155193 -0.100481 -0.343305
v -0.309679 -0.056243 -0.217078
v -0.290301 0.010534 -0.267595
v -0.343380 -0.028399 -0.196969
v -0.325579 0.034905 -0.247116
v -0.264974 -0.133489 -0.218283
v -0.192869 -0.193294 -0.249208
v -0.255039 -0.182971 -0.200141
v -0.330295 -0.070445 -0.180821
v -0.290255 -0.151404 -0.184459
v -0.230900 0.006284 -0.330323
v -0.165349 -0.049314 -0.367110
v -0.207666 0.029263 -0.376381
v -0.296451 0.059178 -0.283763
v -0.238195 0.056709 -0.352606
v 0.299553 0.440740 -0.444662
v 0.311954 0.357472 -0.524629
v 0.285479 0.481162 -0.490906
v 0.281006 0.395691 -0.572561
v 0.339426 0.323783 -0.294503
v 0.310176 0.262601 -0.330664
v 0.365458 0.285445 -0.252005
v 0.330725 0.230536 -0.280014
v 0.310471 0.417637 -0.338319
v 0.286965 0.502723 -0.430506
v 0.310593 0.475150 -0.329506
v 0.368877 0.330850 -0.253736
v 0.330786 0.429077 -0.287219
v 0.329165 0.259551 -0.465760
v 0.293912 0.334129 -0.593474
v 0.318069 0.225474 -0.527369
v 0.298235 0.215921 -0.315168
v 0.295861 0.208181 -0.441773
v -0.301078 0.433836 -0.442906
v -0.326496 0.346831 -0.534962
v -0.276228 0.472793 -0.482639
v -0.284377 0.379445 -0.580476
v -0.355963 0.315278 -0.299060
v -0.338308 0.247001 -0.346088
v -0.378706 0.276729 -0.254430
v -0.352336 0.217552 -0.292010
v -0.328041 0.413578 -0.338043
v -0.289295 0.500752 -0.425055
v -0.316116 0.476325 -0.325506
v -0.371950 0.327022 -0.250628
v -0.336528 0.429858 -0.283159
v -0.325146 0.249961 -0.470710
v -0.286428 0.316913 -0.598804
v -0.295817 0.224719 -0.530556
v -0.325316 0.200252 -0.333078
v -0.296923 0.200980 -0.446424
v 0.503758 0.141091 0.148223
v 0.498366 0.070381 0.147507
v 0.495848 0.138897 0.102093
v 0.490216 0.071286 0.102097
v 0.510969 0.147909 0.287023
v 0.511050 0.068658 0.285375
v 0.509258 0.149568 0.331975
v 0.506038 0.068172 0.330645
v 0.509699 0.183300 0.218767
v 0.499702 0.175541 0.126653
v 0.505077 0.218794 0.199555
v 0.512552 0.189384 0.311871
v 0.506636 0.223183 0.246120
v 0.501580 0.030813 0.218923
v 0.487535 0.035305 0.126499
v 0.495899 -0.005980 0.197345
v 0.505548 0.027226 0.310029
v 0.501685 -0.009533 0.243841
v -0.513542 0.146239 0.148424
v -0.507365 0.071245 0.150061
v -0.500462 0.144382 0.101325
v -0.497222 0.073505 0.102567
v -0.522776 0.150313 0.290242
v -0.522056 0.065939 0.291692
v -0.517519 0.150507 0.336110
v -0.518486 0.064742 0.338270
v -0.517498 0.189549 0.221152
v -0.501008 0.183283 0.126017
v -0.507630 0.228002 0.200248
v -0.517126 0.192572 0.314653
v -0.513960 0.231882 0.246959
v -0.510459 0.029470 0.223755
v -0.496326 0.036365 0.128492
v -0.499798 -0.007896 0.202871
v -0.513110 0.025213 0.317510
v -0.502157 -0.011001 0.250562
v -0.201119 0.770207 0.288648
v -0.227041 0.747718 0.332749
v -0.187778 0.774552 0.062526
v -0.207117 0.757804 -0.000862
v -0.180608 0.773047 0.337586
v -0.167040 0.787779 -0.024186
v -0.358720 0.640739 0.392527
v -0.384893 0.610078 0.379309
v -0.375908 0.607130 0.420145
v -0.293139 0.644586 -0.018169
v -0.318746 0.607283 0.018444
v -0.309388 0.616081 -0.054949
v -0.405051 0.540397 0.206925
v -0.413766 0.542415 0.259065
v -0.426445 0.506066 0.235956
v 0.207897 0.780315 0.275959
v 0.232824 0.757795 0.317142
v 0.185795 0.800868 0.100480
v 0.189236 0.764757 0.055316
v 0.184806 0.771622 0.320327
v 0.155635 0.795496 0.043122
v 0.361206 0.656464 0.379946
v 0.390203 0.630508 0.373811
v 0.382301 0.619914 0.410591
v 0.293824 0.632540 -0.002191
v 0.323016 0.598215 0.030096
v 0.313454 0.600102 -0.047811
v 0.413035 0.542465 0.213934
v 0.420503 0.548792 0.262350
v 0.436620 0.506665 0.238906
v -0.207266 -0.600936 0.288832
v -0.226643 -0.576051 0.338380
v -0.254754 -0.726745 0.078985
v -0.276996 -0.697029 0.017837
v -0.181197 -0.600266 0.345668
v -0.216166 -0.726150 0.004964
v -0.331452 -0.441946 0.400439
v -0.359008 -0.406693 0.386162
v -0.347738 -0.406129 0.433252
v -0.386420 -0.481245 -0.009588
v -0.387150 -0.421965 0.032288
v -0.379802 -0.417472 -0.026593
v -0.398320 -0.326987 0.214016
v -0.399923 -0.329300 0.266360
v -0.413650 -0.286411 0.245635
v 0.188154 -0.573930 0.284940
v 0.203497 -0.556512 0.347331
v 0.259064 -0.717266 0.079681
v 0.293585 -0.706691 0.015447
v 0.158851 -0.577128 0.360590
v 0.237208 -0.723300 0.016364
v 0.321046 -0.440451 0.396903
v 0.354084 -0.406322 0.377368
v 0.345237 -0.404927 0.427969
v 0.384877 -0.490229 -0.006960
v 0.382623 -0.430474 0.034086
v 0.383530 -0.429817 -0.021570
v 0.387276 -0.328640 0.210427
v 0.392212 -0.330084 0.257537
v 0.404741 -0.286623 0.235401
v -0.033345 -0.583240 0.815252
v 0.034364 -0.591490 0.802959
v -0.228592 -0.459517 0.885339
v -0.237301 -0.390517 0.903868
v -0.011196 -0.603260 0.770814
v -0.279658 -0.423169 0.860758
v 0.310649 -0.539751 0.881124
v 0.309453 -0.447175 0.932460
v 0.330482 -0.471609 0.863973
v 0.109956 -0.156199 1.000368
v 0.161590 -0.190984 0.987562
v -0.109692 -0.157692 0.998987
v -0.163261 -0.195978 0.991011
v 0.160451 -0.126166 0.998674
v -0.161487 -0.128389 0.998568
v -0.034247 0.611316 0.645614
v 0.016262 0.604766 0.642707
v -0.163211 0.517665 0.695443
v -0.177458 0.472640 0.722751
v -0.009410 0.638599 0.609785
v -0.210895 0.500895 0.688667
v 0.161162 0.508283 0.703448
v 0.178528 0.465575 0.735063
v 0.212399 0.492233 0.699576
v 0.087960 0.294009 0.868736
v 0.128749 0.320950 0.846816
v -0.083520 0.294203 0.869775
v -0.123841 0.320888 0.843499
v 0.134580 0.269270 0.870020
v -0.130957 0.270787 0.874123
v -0.023186 -0.400781 -0.240268
v 0.012600 -0.407394 -0.243334
v -0.117435 -0.298981 -0.268458
v -0.128661 -0.252642 -0.287364
v -0.002930 -0.433780 -0.209059
v -0.149128 -0.272323 -0.249045
v 0.114789 -0.294098 -0.258443
v 0.124718 -0.246036 -0.278799
v 0.150602 -0.272808 -0.244688
v 0.067295 -0.080136 -0.423838
v 0.095336 -0.105582 -0.399956
v -0.065568 -0.077581 -0.412163
v -0.095753 -0.104145 -0.387628
v 0.103444 -0.051970 -0.426261
v -0.101147 -0.050258 -0.409422
v -0.040448 0.751651 -0.411888
v 0.029630 0.752031 -0.405231
v -0.211140 0.640558 -0.471121
v -0.240846 0.578646 -0.497443
v 0.004615 0.760816 -0.403624
v -0.269984 0.611264 -0.451975
v 0.206734 0.644805 -0.470089
v 0.231418 0.580578 -0.499275
v 0.265111 0.617537 -0.460540
v 0.130280 0.362709 -0.656419
v 0.177825 0.390783 -0.626293
v -0.127289 0.353142 -0.662743
v -0.175966 0.383082 -0.628003
v 0.182341 0.331209 -0.638609
v -0.182277 0.324568 -0.657247
v 0.430396 0.255510 -0.142634
v 0.414178 0.252001 -0.180509
v 0.468015 0.201052 0.007227
v 0.475183 0.169814 0.032746
v 0.411044 0.287698 -0.175692
v 0.481463 0.205274 0.055486
v 0.422136 -0.025384 -0.108559
v 0.404815 -0.010422 -0.137241
v 0.458656 0.011919 0.014113
v 0.468559 0.041940 0.035650
v 0.393990 -0.054174 -0.124684
v 0.469280 0.007092 0.058735
v 0.358335 0.109112 -0.220447
v 0.356340 0.153524 -0.227814
v 0.324779 0.136533 -0.257801
v 0.465112 0.287204 0.556628
v 0.451422 0.269692 0.596773
v 0.498832 0.230366 0.425419
v 0.503039 0.191064 0.400189
v 0.457051 0.318786 0.582219
v 0.506469 0.233019 0.382551
v 0.449865 -0.066918 0.552211
v 0.432315 -0.051459 0.593070
v 0.487252 -0.009923 0.419931
v 0.494030 0.028733 0.396232
v 0.433940 -0.101787 0.580271
v 0.494834 -0.012305 0.377137
v 0.397250 0.083702 0.689361
v 0.400583 0.131198 0.689409
v 0.376902 0.104788 0.725779
v -0.429630 0.259799 -0.140273
v -0.418226 0.249456 -0.180485
v -0.469928 0.209075 0.006685
v -0.480388 0.177175 0.030952
v -0.411809 0.291704 -0.170062
v -0.478481 0.214089 0.055148
v -0.404038 -0.022182 -0.106247
v -0.389133 -0.010228 -0.141958
v -0.467531 0.014004 0.013807
v -0.479415 0.043835 0.035085
v -0.374591 -0.050082 -0.123908
v -0.477449 0.008129 0.059291
v -0.363207 0.102605 -0.234837
v -0.369842 0.145878 -0.243972
v -0.336421 0.127577 -0.272375
v -0.454366 0.291700 0.552865
v -0.439389 0.274315 0.591077
v -0.495829 0.233250 0.425831
v -0.504089 0.191423 0.403090
v -0.443270 0.325478 0.577895
v -0.501009 0.234492 0.383015
v -0.452773 -0.071273 0.552354
v -0.436925 -0.056052 0.591259
v -0.493795 -0.014883 0.427756
v -0.503596 0.024701 0.405401
v -0.438038 -0.106335 0.578037
v -0.499897 -0.016526 0.386177
v -0.395358 0.082915 0.682884
v -0.399229 0.132544 0.683013
v -0.375141 0.104587 0.720449
v -0.029190 0.766757 0.424854
v 0.025318 0.768672 0.424082
v -0.003630 0.746468 0.464530
v -0.025470 0.846609 -0.146118
v 0.030168 0.840364 -0.116534
v 0.002524 0.841247 -0.181193
v -0.383693 0.516302 0.551429
v -0.361064 0.500645 0.591909
v -0.402392 0.477343 0.578617
v -0.333528 0.585352 -0.214465
v -0.321335 0.568229 -0.263873
v -0.329135 0.509206 -0.218118
v -0.492512 0.352633 0.232810
v -0.497260 0.308746 0.206636
v -0.503273 0.315413 0.253342
v 0.393386 0.518176 0.554256
v 0.372013 0.500755 0.597476
v 0.407802 0.473116 0.582251
v 0.334747 0.566008 -0.216125
v 0.321098 0.551826 -0.265962
v 0.337115 0.497559 -0.226044
v 0.486739 0.339626 0.233717
v 0.492750 0.295646 0.206702
v 0.495014 0.301905 0.253451
v -0.037609 -0.692686 0.477214
v 0.030360 -0.680786 0.497292
v 0.003222 -0.682161 0.558761
v -0.029496 -0.552100 -0.032747
v 0.040293 -0.555800 -0.032283
v 0.003907 -0.533754 -0.071286
v -0.351223 -0.324101 0.585082
v -0.353711 -0.326205 0.652074
v -0.373955 -0.282010 0.606862
v -0.299150 -0.268458 -0.115241
v -0.273162 -0.252475 -0.149474
v -0.301203 -0.214448 -0.129601
v -0.469817 -0.125482 0.238524
v -0.481501 -0.084658 0.210927
v -0.483056 -0.090009 0.258368
v 0.373305 -0.339228 0.592437
v 0.365584 -0.342726 0.652882
v 0.387100 -0.293394 0.613177
v 0.304594 -0.276307 -0.102042
v 0.274164 -0.255624 -0.134875
v 0.307671 -0.221138 -0.120184
v 0.467173 -0.121422 0.230778
v 0.478613 -0.080373 0.204548
v 0.484490 -0.086332 0.250116
v 0.236275 0.055033 0.915726
v 0.236136 0.108866 0.900116
v 0.270292 0.087013 0.875584
v -0.231303 0.057993 0.920188
v -0.231168 0.113663 0.906709
v -0.263969 0.088844 0.877041
v 0.199544 0.106433 -0.473613
v 0.236779 0.140777 -0.528630
v 0.231095 0.136328 -0.449544
v -0.203309 0.098685 -0.464597
v -0.231925 0.140793 -0.517489
v -0.242884 0.122619 -0.446710
f 1 647 644
f 1 644 643
f 1 643 645
f 1 645 646
f 1 646 647
f 2 649 652
f 6 672 670
f 12 702 699
f 11 696 695
f 8 679 681
f 4 662 659
f 4 659 658
f 4 658 660
f 4 660 661
f 4 661 662
f 5 666 665
f 3 654 657
f 7 673 677
f 9 685 686
f 10 692 688
f 12 701 698
f 6 669 668
f 2 650 648
f 8 682 678
f 11 697 693
f 6 671 669
f 12 700 701
f 11 694 697
f 8 680 682
f 2 651 650
f 10 690 689
f 5 663 664
f 3 655 653
f 7 676 674
f 9 687 684
f 10 691 690
f 5 667 663
f 3 656 655
f 7 675 676
f 9 683 687
f 6 668 672
f 2 648 649
f 8 678 679
f 11 693 696
f 12 698 702
f 10 688 691
f 5 665 667
f 3 657 656
f 7 677 675
f 9 686 683
f 5 664 666
f 3 653 654
f 7 674 673
f 9 684 685
f 10 689 692
f 6 670 671
f 12 699 700
f 11 695 694
f 8 681 680
f 2 652 651
f 35 837 838
f 18 735 736
f 19 742 741
f 40 868 867
f 42 880 879
f 34 832 831
f 33 827 828
f 25 778 780
f 36 844 846
f 20 749 747
f 32 819 820
f 23 765 767
f 24 773 771
f 37 850 849
f 41 876 875
f 34 833 834
f 33 826 825
f 25 779 777
f 36 845 843
f 20 748 750
f 17 729 727
f 14 711 709
f 13 706 703
f 15 718 715
f 16 724 721
f 18 737 733
f 35 839 835
f 42 882 878
f 40 870 866
f 19 744 740
f 30 807 805
f 27 789 787
f 22 762 758
f 28 797 793
f 29 802 799
f 32 821 817
f 23 766 763
f 24 774 770
f 37 852 848
f 41 874 872
f 35 838 836
f 18 736 734
f 19 741 739
f 40 867 865
f 42 879 877
f 34 831 829
f 33 828 824
f 25 780 776
f 36 846 842
f 20 747 745
f 32 820 818
f 23 767 764
f 24 771 769
f 37 849 847
f 41 875 871
f 34 834 830
f 33 825 823
f 25 777 775
f 36 843 841
f 20 750 746
f 14 714 710
f 13 707 704
f 15 719 716
f 16 725 722
f 17 732 728
f 21 755 752
f 31 814 811
f 26 784 781
f 38 857 853
f 39 862 860
f 27 792 788
f 22 759 757
f 28 796 794
f 29 803 800
f 30 810 806
f 31 815 812
f 26 785 782
f 38 856 854
f 39 863 859
f 21 754 751
f 14 712 714
f 13 705 707
f 15 717 719
f 16 723 725
f 17 730 732
f 21 753 755
f 31 816 814
f 26 786 784
f 38 858 857
f 39 861 862
f 27 791 792
f 22 761 759
f 28 795 796
f 29 801 803
f 30 808 810
f 31 813 815
f 26 783 785
f 38 855 856
f 39 864 863
f 21 756 754
f 14 709 712
f 13 703 705
f 15 715 717
f 16 721 723
f 17 727 730
f 21 751 753
f 31 812 816
f 26 782 786
f 38 854 858
f 39 859 861
f 27 787 791
f 22 758 761
f 28 793 795
f 29 799 801
f 30 805 808
f 31 811 813
f 26 781 783
f 38 853 855
f 39 860 864
f 21 752 756
f 17 728 731
f 14 710 713
f 13 704 708
f 15 716 720
f 16 722 726
f 18 734 738
f 35 836 840
f 42 877 881
f 40 865 869
f 19 739 743
f 30 806 809
f 27 788 790
f 22 757 760
f 28 794 798
f 29 800 804
f 32 818 822
f 23 764 768
f 24 769 772
f 37 847 851
f 41 871 873
f 35 835 837
f 18 733 735
f 19 740 742
f 40 866 868
f 42 878 880
f 34 830 832
f 33 823 827
f 25 775 778
f 36 841 844
f 20 746 749
f 32 817 819
f 23 763 765
f 24 770 773
f 37 848 850
f 41 872 876
f 34 829 833
f 33 824 826
f 25 776 779
f 36 842 845
f 20 745 748
f 17 731 729
f 14 713 711
f 13 708 706
f 15 720 718
f 16 726 724
f 18 738 737
f 35 840 839
f 42 881 882
f 40 869 870
f 19 743 744
f 30 809 807
f 27 790 789
f 22 760 762
f 28 798 797
f 29 804 802
f 32 822 821
f 23 768 766
f 24 772 774
f 37 851 852
f 41 873 874
f 107 1269 1270
f 103 1245 1246
f 104 1252 1251
f 110 1288 1287
f 113 1306 1305
f 118 1336 1335
f 154 1551 1552
f 141 1473 1474
f 162 1599 1600
f 121 1354 1353
f 142 1479 1480
f 129 1401 1402
f 130 1408 1407
f 144 1492 1491
f 146 1504 1503
f 151 1533 1534
f 131 1414 1413
f 136 1444 1443
f 161 1594 1593
f 126 1383 1384
f 116 1323 1324
f 108 1275 1276
f 106 1263 1264
f 112 1299 1300
f 115 1317 1318
f 119 1341 1342
f 156 1564 1563
f 139 1462 1461
f 160 1588 1587
f 120 1347 1348
f 149 1521 1522
f 132 1420 1419
f 128 1395 1396
f 145 1497 1498
f 148 1515 1516
f 155 1557 1558
f 133 1425 1426
f 134 1431 1432
f 157 1570 1569
f 124 1372 1371
f 109 1282 1281
f 105 1258 1257
f 111 1294 1293
f 114 1312 1311
f 117 1330 1329
f 125 1378 1377
f 152 1540 1539
f 137 1449 1450
f 158 1575 1576
f 123 1365 1366
f 143 1486 1485
f 127 1390 1389
f 135 1437 1438
f 147 1510 1509
f 150 1528 1527
f 153 1546 1545
f 140 1468 1467
f 138 1455 1456
f 159 1581 1582
f 122 1359 1360
f 107 1272 1271
f 103 1248 1247
f 104 1253 1254
f 110 1289 1290
f 113 1307 1308
f 118 1337 1338
f 154 1554 1553
f 141 1476 1475
f 162 1602 1601
f 121 1355 1356
f 142 1482 1481
f 129 1404 1403
f 130 1409 1410
f 144 1493 1494
f 146 1505 1506
f 151 1536 1535
f 131 1415 1416
f 136 1445 1446
f 161 1595 1596
f 126 1386 1385
f 47 909 907
f 44 891 889
f 43 886 883
f 45 898 895
f 46 904 901
f 49 922 919
f 72 1060 1057
f 102 1240 1237
f 96 1204 1201
f 79 1102 1099
f 62 999 997
f 59 981 979
f 58 976 973
f 60 988 985
f 61 994 991
f 66 1024 1021
f 54 952 949
f 73 1066 1063
f 85 1138 1135
f 92 1179 1177
f 101 1233 1231
f 69 1041 1039
f 50 927 925
f 82 1119 1117
f 97 1209 1207
f 71 1053 1051
f 100 1228 1225
f 94 1192 1189
f 80 1108 1105
f 51 933 931
f 90 1167 1165
f 63 1005 1003
f 55 957 955
f 76 1083 1081
f 87 1150 1147
f 91 1174 1171
f 67 1029 1027
f 56 963 961
f 75 1077 1075
f 83 1126 1123
f 68 1036 1033
f 48 915 913
f 78 1095 1093
f 93 1185 1183
f 98 1216 1213
f 88 1155 1153
f 65 1018 1015
f 57 970 967
f 77 1090 1087
f 86 1143 1141
f 64 1012 1009
f 53 945 943
f 74 1071 1069
f 84 1131 1129
f 89 1162 1159
f 70 1047 1045
f 99 1221 1219
f 95 1197 1195
f 81 1114 1111
f 52 940 937
f 109 1284 1280
f 105 1260 1256
f 111 1296 1292
f 114 1314 1310
f 117 1332 1328
f 125 1380 1376
f 152 1542 1538
f 137 1451 1447
f 158 1577 1573
f 123 1367 1363
f 143 1488 1484
f 127 1392 1388
f 135 1439 1435
f 147 1512 1508
f 150 1530 1526
f 153 1548 1544
f 140 1470 1466
f 138 1457 1453
f 159 1583 1579
f 122 1361 1357
f 107 1270 1268
f 103 1246 1244
f 104 1251 1249
f 110 1287 1285
f 113 1305 1303
f 118 1335 1333
f 154 1552 1550
f 141 1474 1472
f 162 1600 1598
f 121 1353 1351
f 142 1480 1478
f 129 1402 1400
f 130 1407 1405
f 144 1491 1489
f 146 1503 1501
f 151 1534 1532
f 131 1413 1411
f 136 1443 1441
f 161 1593 1591
f 126 1384 1382
f 116 1324 1322
f 108 1276 1274
f 106 1264 1262
f 112 1300 1298
f 115 1318 1316
f 119 1342 1340
f 156 1563 1561
f 139 1461 1459
f 160 1587 1585
f 120 1348 1346
f 149 1522 1520
f 132 1419 1417
f 128 1396 1394
f 145 1498 1496
f 148 1516 1514
f 155 1558 1556
f 133 1426 1424
f 134 1432 1430
f 157 1569 1567
f 124 1371 1369
f 109 1281 1279
f 105 1257 1255
f 111 1293 1291
f 114 1311 1309
f 117 1329 1327
f 125 1377 1375
f 152 1539 1537
f 137 1450 1448
f 158 1576 1574
f 123 1366 1364
f 143 1485 1483
f 127 1389 1387
f 135 1438 1436
f 147 1509 1507
f 150 1527 1525
f 153 1545 1543
f 140 1467 1465
f 138 1456 1454
f 159 1582 1580
f 122 1360 1358
f 107 1271 1267
f 103 1247 1243
f 104 1254 1250
f 110 1290 1286
f 113 1308 1304
f 118 1338 1334
f 154 1553 1549
f 141 1475 1471
f 162 1601 1597
f 121 1356 1352
f 142 1481 1477
f 129 1403 1399
f 130 1410 1406
f 144 1494 1490
f 146 1506 1502
f 151 1535 1531
f 131 1416 1412
f 136 1446 1442
f 161 1596 1592
f 126 1385 1381
f 44 894 890
f 43 887 884
f 45 899 896
f 46 905 902
f 47 912 908
f 52 941 938
f 70 1050 1046
f 99 1224 1220
f 95 1200 1196
f 81 1115 1112
f 59 984 980
f 58 977 974
f 60 989 986
f 61 995 992
f 62 1002 998
f 65 1019 1016
f 57 971 968
f 77 1091 1088
f 86 1146 1142
f 88 1158 1154
f 98 1217 1214
f 68 1037 1034
f 48 918 914
f 78 1098 1094
f 93 1188 1184
f 69 1044 1040
f 101 1236 1232
f 97 1212 1208
f 82 1122 1118
f 50 930 926
f 89 1163 1160
f 64 1013 1010
f 53 948 944
f 74 1074 1070
f 84 1134 1130
f 90 1170 1166
f 63 1008 1004
f 55 960 956
f 76 1086 1082
f 87 1151 1148
f 72 1061 1058
f 49 923 920
f 79 1103 1100
f 96 1205 1202
f 102 1241 1238
f 91 1175 1172
f 67 1032 1028
f 56 966 962
f 75 1080 1076
f 83 1127 1124
f 66 1025 1022
f 54 953 950
f 73 1067 1064
f 85 1139 1136
f 92 1182 1178
f 71 1056 1052
f 100 1229 1226
f 94 1193 1190
f 80 1109 1106
f 51 936 932
f 116 1325 1321
f 108 1277 1273
f 106 1265 1261
f 112 1301 1297
f 115 1319 1315
f 119 1343 1339
f 156 1566 1562
f 139 1464 1460
f 160 1590 1586
f 120 1349 1345
f 149 1523 1519
f 132 1422 1418
f 128 1397 1393
f 145 1499 1495
f 148 1517 1513
f 155 1559 1555
f 133 1427 1423
f 134 1433 1429
f 157 1572 1568
f 124 1374 1370
f 44 892 894
f 43 885 887
f 45 897 899
f 46 903 905
f 47 910 912
f 52 939 941
f 70 1048 1050
f 99 1222 1224
f 95 1198 1200
f 81 1113 1115
f 59 982 984
f 58 975 977
f 60 987 989
f 61 993 995
f 62 1000 1002
f 65 1017 1019
f 57 969 971
f 77 1089 1091
f 86 1144 1146
f 88 1156 1158
f 98 1215 1217
f 68 1035 1037
f 48 916 918
f 78 1096 1098
f 93 1186 1188
f 69 1042 1044
f 101 1234 1236
f 97 1210 1212
f 82 1120 1122
f 50 928 930
f 89 1161 1163
f 64 1011 1013
f 53 946 948
f 74 1072 1074
f 84 1132 1134
f 90 1168 1170
f 63 1006 1008
f 55 958 960
f 76 1084 1086
f 87 1149 1151
f 72 1059 1061
f 49 921 923
f 79 1101 1103
f 96 1203 1205
f 102 1239 1241
f 91 1173 1175
f 67 1030 1032
f 56 964 966
f 75 1078 1080
f 83 1125 1127
f 66 1023 1025
f 54 951 953
f 73 1065 1067
f 85 1137 1139
f 92 1180 1182
f 71 1054 1056
f 100 1227 1229
f 94 1191 1193
f 80 1107 1109
f 51 934 936
f 116 1326 1325
f 108 1278 1277
f 106 1266 1265
f 112 1302 1301
f 115 1320 1319
f 119 1344 1343
f 156 1565 1566
f 139 1463 1464
f 160 1589 1590
f 120 1350 1349
f 149 1524 1523
f 132 1421 1422
f 128 1398 1397
f 145 1500 1499
f 148 1518 1517
f 155 1560 1559
f 133 1428 1427
f 134 1434 1433
f 157 1571 1572
f 124 1373 1374
f 44 889 892
f 43 883 885
f 45 895 897
f 46 901 903
f 47 907 910
f 52 937 939
f 70 1045 1048
f 99 1219 1222
f 95 1195 1198
f 81 1111 1113
f 59 979 982
f 58 973 975
f 60 985 987
f 61 991 993
f 62 997 1000
f 65 1015 1017
f 57 967 969
f 77 1087 1089
f 86 1141 1144
f 88 1153 1156
f 98 1213 1215
f 68 1033 1035
f 48 913 916
f 78 1093 1096
f 93 1183 1186
f 69 1039 1042
f 101 1231 1234
f 97 1207 1210
f 82 1117 1120
f 50 925 928
f 89 1159 1161
f 64 1009 1011
f 53 943 946
f 74 1069 1072
f 84 1129 1132
f 90 1165 1168
f 63 1003 1006
f 55 955 958
f 76 1081 1084
f 87 1147 1149
f 72 1057 1059
f 49 919 921
f 79 1099 1101
f 96 1201 1203
f 102 1237 1239
f 91 1171 1173
f 67 1027 1030
f 56 961 964
f 75 1075 1078
f 83 1123 1125
f 66 1021 1023
f 54 949 951
f 73 1063 1065
f 85 1135 1137
f 92 1177 1180
f 71 1051 1054
f 100 1225 1227
f 94 1189 1191
f 80 1105 1107
f 51 931 934
f 116 1322 1326
f 108 1274 1278
f 106 1262 1266
f 112 1298 1302
f 115 1316 1320
f 119 1340 1344
f 156 1561 1565
f 139 1459 1463
f 160 1585 1589
f 120 1346 1350
f 149 1520 1524
f 132 1417 1421
f 128 1394 1398
f 145 1496 1500
f 148 1514 1518
f 155 1556 1560
f 133 1424 1428
f 134 1430 1434
f 157 1567 1571
f 124 1369 1373
f 47 908 911
f 44 890 893
f 43 884 888
f 45 896 900
f 46 902 906
f 49 920 924
f 72 1058 1062
f 102 1238 1242
f 96 1202 1206
f 79 1100 1104
f 62 998 1001
f 59 980 983
f 58 974 978
f 60 986 990
f 61 992 996
f 66 1022 1026
f 54 950 954
f 73 1064 1068
f 85 1136 1140
f 92 1178 1181
f 101 1232 1235
f 69 1040 1043
f 50 926 929
f 82 1118 1121
f 97 1208 1211
f 71 1052 1055
f 100 1226 1230
f 94 1190 1194
f 80 1106 1110
f 51 932 935
f 90 1166 1169
f 63 1004 1007
f 55 956 959
f 76 1082 1085
f 87 1148 1152
f 91 1172 1176
f 67 1028 1031
f 56 962 965
f 75 1076 1079
f 83 1124 1128
f 68 1034 1038
f 48 914 917
f 78 1094 1097
f 93 1184 1187
f 98 1214 1218
f 88 1154 1157
f 65 1016 1020
f 57 968 972
f 77 1088 1092
f 86 1142 1145
f 64 1010 1014
f 53 944 947
f 74 1070 1073
f 84 1130 1133
f 89 1160 1164
f 70 1046 1049
f 99 1220 1223
f 95 1196 1199
f 81 1112 1116
f 52 938 942
f 109 1279 1283
f 105 1255 1259
f 111 1291 1295
f 114 1309 1313
f 117 1327 1331
f 125 1375 1379
f 152 1537 1541
f 137 1448 1452
f 158 1574 1578
f 123 1364 1368
f 143 1483 1487
f 127 1387 1391
f 135 1436 1440
f 147 1507 1511
f 150 1525 1529
f 153 1543 1547
f 140 1465 1469
f 138 1454 1458
f 159 1580 1584
f 122 1358 1362
f 107 1267 1269
f 103 1243 1245
f 104 1250 1252
f 110 1286 1288
f 113 1304 1306
f 118 1334 1336
f 154 1549 1551
f 141 1471 1473
f 162 1597 1599
f 121 1352 1354
f 142 1477 1479
f 129 1399 1401
f 130 1406 1408
f 144 1490 1492
f 146 1502 1504
f 151 1531 1533
f 131 1412 1414
f 136 1442 1444
f 161 1592 1594
f 126 1381 1383
f 116 1321 1323
f 108 1273 1275
f 106 1261 1263
f 112 1297 1299
f 115 1315 1317
f 119 1339 1341
f 156 1562 1564
f 139 1460 1462
f 160 1586 1588
f 120 1345 1347
f 149 1519 1521
f 132 1418 1420
f 128 1393 1395
f 145 1495 1497
f 148 1513 1515
f 155 1555 1557
f 133 1423 1425
f 134 1429 1431
f 157 1568 1570
f 124 1370 1372
f 109 1280 1282
f 105 1256 1258
f 111 1292 1294
f 114 1310 1312
f 117 1328 1330
f 125 1376 1378
f 152 1538 1540
f 137 1447 1449
f 158 1573 1575
f 123 1363 1365
f 143 1484 1486
f 127 1388 1390
f 135 1435 1437
f 147 1508 1510
f 150 1526 1528
f 153 1544 1546
f 140 1466 1468
f 138 1453 1455
f 159 1579 1581
f 122 1357 1359
f 107 1268 1272
f 103 1244 1248
f 104 1249 1253
f 110 1285 1289
f 113 1303 1307
f 118 1333 1337
f 154 1550 1554
f 141 1472 1476
f 162 1598 1602
f 121 1351 1355
f 142 1478 1482
f 129 1400 1404
f 130 1405 1409
f 144 1489 1493
f 146 1501 1505
f 151 1532 1536
f 131 1411 1415
f 136 1441 1445
f 161 1591 1595
f 126 1382 1386
f 47 911 909
f 44 893 891
f 43 888 886
f 45 900 898
f 46 906 904
f 49 924 922
f 72 1062 1060
f 102 1242 1240
f 96 1206 1204
f 79 1104 1102
f 62 1001 999
f 59 983 981
f 58 978 976
f 60 990 988
f 61 996 994
f 66 1026 1024
f 54 954 952
f 73 1068 1066
f 85 1140 1138
f 92 1181 1179
f 101 1235 1233
f 69 1043 1041
f 50 929 927
f 82 1121 1119
f 97 1211 1209
f 71 1055 1053
f 100 1230 1228
f 94 1194 1192
f 80 1110 1108
f 51 935 933
f 90 1169 1167
f 63 1007 1005
f 55 959 957
f 76 1085 1083
f 87 1152 1150
f 91 1176 1174
f 67 1031 1029
f 56 965 963
f 75 1079 1077
f 83 1128 1126
f 68 1038 1036
f 48 917 915
f 78 1097 1095
f 93 1187 1185
f 98 1218 1216
f 88 1157 1155
f 65 1020 1018
f 57 972 970
f 77 1092 1090
f 86 1145 1143
f 64 1014 1012
f 53 947 945
f 74 1073 1071
f 84 1133 1131
f 89 1164 1162
f 70 1049 1047
f 99 1223 1221
f 95 1199 1197
f 81 1116 1114
f 52 942 940
f 109 1283 1284
f 105 1259 1260
f 111 1295 1296
f 114 1313 1314
f 117 1331 1332
f 125 1379 1380
f 152 1541 1542
f 137 1452 1451
f 158 1578 1577
f 123 1368 1367
f 143 1487 1488
f 127 1391 1392
f 135 1440 1439
f 147 1511 1512
f 150 1529 1530
f 153 1547 1548
f 140 1469 1470
f 138 1458 1457
f 159 1584 1583
f 122 1362 1361
f 407 1609 1616
f 403 1605 1608
f 404 1611 1606
f 410 1614 1612
f 413 1617 1615
f 422 1631 1624
f 486 1688 1692
f 573 1775 1782
f 561 1763 1765
f 512 1719 1714
f 452 1654 1661
f 448 1650 1653
f 449 1656 1651
f 455 1659 1657
f 458 1662 1660
f 470 1672 1675
f 437 1646 1639
f 494 1706 1696
f 531 1735 1733
f 539 1741 1751
f 568 1770 1779
f 478 1680 1683
f 419 1621 1626
f 509 1711 1721
f 554 1756 1766
f 482 1684 1689
f 576 1780 1778
f 558 1767 1760
f 516 1722 1718
f 425 1627 1629
f 542 1744 1747
f 463 1668 1665
f 434 1636 1641
f 497 1699 1704
f 528 1730 1737
f 546 1748 1750
f 464 1666 1676
f 440 1642 1644
f 500 1705 1702
f 524 1736 1726
f 479 1691 1681
f 418 1623 1620
f 508 1713 1710
f 553 1764 1755
f 569 1781 1771
f 538 1749 1740
f 471 1677 1673
f 443 1645 1647
f 501 1703 1707
f 523 1725 1734
f 467 1674 1669
f 433 1638 1635
f 493 1695 1698
f 527 1732 1729
f 543 1752 1745
f 485 1690 1687
f 572 1777 1774
f 557 1759 1762
f 515 1717 1720
f 428 1630 1632
f 591 2191 2189
f 587 1885 1883
f 588 1901 1903
f 594 2279 2281
f 597 2315 2317
f 600 2171 2173
f 634 2160 2158
f 619 2016 2012
f 639 2214 2210
f 602 1919 1924
f 624 2137 2135
f 608 1978 1973
f 610 1991 1996
f 627 2225 2227
f 630 2302 2304
f 635 2178 2176
f 615 2153 2155
f 617 2009 2014
f 637 2207 2212
f 604 1926 1922
f 416 1857 1864
f 408 1803 1810
f 406 1786 1795
f 412 1822 1831
f 415 1840 1849
f 424 1876 1887
f 492 2182 2193
f 582 2312 2321
f 565 2276 2285
f 514 1898 1907
f 461 2091 2098
f 453 2037 2044
f 451 1952 1961
f 457 2056 2067
f 460 2074 2083
f 475 2128 2139
f 439 1966 1975
f 496 1988 1997
f 533 2222 2231
f 551 2293 2298
f 579 2185 2190
f 483 1879 1884
f 426 1893 1900
f 521 2271 2278
f 566 2307 2314
f 489 2163 2170
f 578 2150 2159
f 560 2006 2015
f 518 2204 2213
f 429 1911 1918
f 547 2131 2136
f 465 1969 1977
f 441 1983 1990
f 504 2217 2224
f 537 2290 2301
f 550 2168 2177
f 476 2145 2152
f 444 2001 2008
f 502 2199 2206
f 526 1916 1925
f 481 1808 1817
f 420 1789 1797
f 510 1825 1833
f 555 1843 1851
f 571 1862 1871
f 540 1933 1941
f 473 2110 2119
f 447 2020 2029
f 507 2236 2247
f 534 2257 2262
f 469 2042 2051
f 435 1947 1954
f 498 2059 2064
f 529 2077 2085
f 545 2096 2105
f 487 2113 2121
f 574 2023 2031
f 562 2239 2244
f 520 2254 2265
f 432 1930 1939
f 589 1818 1814
f 583 1798 1793
f 586 1834 1829
f 593 1852 1847
f 596 1872 1868
f 599 1942 1937
f 633 2120 2124
f 620 2030 2034
f 640 2248 2250
f 603 2263 2261
f 622 2052 2050
f 607 1955 1960
f 612 2065 2063
f 626 2086 2081
f 629 2106 2102
f 631 2122 2117
f 614 2032 2027
f 618 2245 2243
f 641 2266 2268
f 605 1940 1944
f 409 1813 1804
f 405 1792 1785
f 411 1828 1821
f 414 1846 1839
f 417 1867 1858
f 431 1936 1929
f 488 2123 2114
f 575 2033 2024
f 563 2249 2240
f 519 2260 2253
f 454 2049 2038
f 450 1959 1951
f 456 2062 2055
f 459 2080 2073
f 462 2101 2092
f 472 2116 2109
f 446 2026 2019
f 506 2242 2235
f 535 2267 2258
f 541 1943 1934
f 570 1869 1861
f 480 1815 1807
f 421 1799 1790
f 511 1835 1826
f 556 1853 1844
f 484 1889 1880
f 580 2195 2186
f 567 2319 2308
f 522 2283 2272
f 427 1905 1894
f 544 2103 2095
f 468 2046 2041
f 436 1957 1948
f 499 2069 2060
f 530 2087 2078
f 548 2141 2132
f 466 1979 1970
f 442 1993 1984
f 505 2229 2218
f 536 2296 2289
f 491 2188 2181
f 423 1882 1875
f 513 1902 1897
f 564 2280 2275
f 581 2316 2311
f 549 2172 2167
f 477 2157 2146
f 445 2011 2002
f 503 2209 2200
f 525 1923 1915
f 474 2134 2127
f 438 1972 1965
f 495 1995 1987
f 532 2226 2221
f 552 2303 2294
f 490 2175 2164
f 577 2154 2149
f 559 2013 2005
f 517 2211 2203
f 430 1921 1912
f 590 1865 1870
f 584 1811 1816
f 585 1796 1800
f 592 1832 1836
f 595 1850 1854
f 598 1888 1890
f 636 2194 2196
f 621 2322 2320
f 642 2286 2284
f 601 1908 1906
f 623 2099 2104
f 611 2045 2047
f 609 1962 1958
f 625 2068 2070
f 628 2084 2088
f 632 2140 2142
f 613 1976 1980
f 616 1998 1994
f 638 2232 2230
f 606 2299 2297
f 407 2330 2329
f 403 2324 2323
f 404 2325 2326
f 410 2332 2333
f 413 2335 2336
f 422 2344 2345
f 486 2410 2409
f 573 2497 2496
f 561 2486 2485
f 512 2434 2435
f 452 2375 2374
f 448 2369 2368
f 449 2370 2371
f 455 2377 2378
f 458 2380 2381
f 470 2393 2392
f 437 2359 2360
f 494 2415 2416
f 531 2455 2456
f 539 2461 2460
f 568 2489 2488
f 478 2399 2398
f 419 2341 2340
f 509 2431 2430
f 554 2476 2475
f 482 2405 2404
f 576 2500 2501
f 558 2481 2482
f 516 2439 2440
f 425 2348 2347
f 542 2465 2464
f 463 2383 2384
f 434 2356 2355
f 497 2420 2419
f 528 2452 2451
f 546 2471 2470
f 464 2386 2385
f 440 2363 2362
f 500 2422 2423
f 524 2445 2446
f 479 2400 2401
f 418 2338 2339
f 508 2428 2429
f 553 2473 2474
f 569 2490 2491
f 538 2458 2459
f 471 2394 2395
f 443 2366 2365
f 501 2425 2424
f 523 2444 2443
f 467 2389 2390
f 433 2353 2354
f 493 2414 2413
f 527 2449 2450
f 543 2466 2467
f 485 2407 2408
f 572 2494 2495
f 557 2480 2479
f 515 2438 2437
f 428 2351 2350
f 591 2510 2511
f 587 2504 2505
f 588 2508 2507
f 594 2514 2513
f 597 2517 2516
f 600 2520 2519
f 634 2554 2556
f 619 2539 2540
f 639 2560 2561
f 602 2523 2521
f 624 2543 2544
f 608 2527 2529
f 610 2532 2530
f 627 2547 2546
f 630 2550 2549
f 635 2552 2553
f 615 2535 2534
f 617 2538 2536
f 637 2558 2557
f 604 2524 2525
f 167 1607 647
f 164 1603 644
f 163 1604 643
f 165 1610 645
f 166 1613 646
f 169 1622 649
f 192 1686 672
f 222 1773 702
f 216 1761 696
f 199 1712 679
f 182 1652 662
f 179 1648 659
f 178 1649 658
f 180 1655 660
f 181 1658 661
f 186 1670 666
f 174 1637 654
f 193 1694 673
f 205 1731 685
f 212 1739 692
f 221 1768 701
f 189 1678 669
f 170 1619 650
f 202 1709 682
f 217 1754 697
f 191 1682 671
f 220 1776 700
f 214 1758 694
f 200 1716 680
f 171 1625 651
f 210 1742 690
f 183 1663 663
f 175 1634 655
f 196 1697 676
f 207 1728 687
f 211 1746 691
f 187 1664 667
f 176 1640 656
f 195 1700 675
f 203 1724 683
f 188 1679 668
f 168 1618 648
f 198 1708 678
f 213 1753 693
f 218 1769 698
f 208 1738 688
f 185 1671 665
f 177 1643 657
f 197 1701 677
f 206 1723 686
f 184 1667 664
f 173 1633 653
f 194 1693 674
f 204 1727 684
f 209 1743 689
f 190 1685 670
f 219 1772 699
f 215 1757 695
f 201 1715 681
f 172 1628 652
f 357 2187 837
f 255 1881 735
f 262 1899 742
f 388 2277 868
f 400 2313 880
f 352 2169 832
f 347 2156 827
f 298 2010 778
f 364 2208 844
f 269 1917 749
f 339 2133 819
f 285 1971 765
f 293 1989 773
f 370 2223 850
f 396 2300 876
f 353 2174 833
f 346 2151 826
f 299 2007 779
f 365 2205 845
f 268 1920 748
f 249 1855 729
f 231 1801 711
f 226 1784 706
f 238 1820 718
f 244 1838 724
f 257 1874 737
f 359 2180 839
f 402 2310 882
f 390 2274 870
f 264 1896 744
f 327 2089 807
f 309 2035 789
f 282 1950 762
f 317 2054 797
f 322 2072 802
f 341 2126 821
f 286 1964 766
f 294 1986 774
f 372 2220 852
f 394 2291 874
f 358 2183 838
f 256 1877 736
f 261 1891 741
f 387 2269 867
f 399 2305 879
f 351 2161 831
f 348 2148 828
f 300 2004 780
f 366 2202 846
f 267 1909 747
f 340 2129 820
f 287 1967 767
f 291 1981 771
f 369 2215 849
f 395 2288 875
f 354 2166 834
f 345 2143 825
f 297 1999 777
f 363 2197 843
f 270 1914 750
f 234 1806 714
f 227 1787 707
f 239 1823 719
f 245 1841 725
f 252 1860 732
f 275 1931 755
f 334 2108 814
f 304 2018 784
f 377 2234 857
f 382 2255 862
f 312 2040 792
f 279 1945 759
f 316 2057 796
f 323 2075 803
f 330 2094 810
f 335 2111 815
f 305 2021 785
f 376 2237 856
f 383 2252 863
f 274 1928 754
f 232 1812 712
f 225 1791 705
f 237 1827 717
f 243 1845 723
f 250 1866 730
f 273 1935 753
f 336 2118 816
f 306 2028 786
f 378 2246 858
f 381 2259 861
f 311 2048 791
f 281 1953 761
f 315 2061 795
f 321 2079 801
f 328 2100 808
f 333 2115 813
f 303 2025 783
f 375 2241 855
f 384 2264 864
f 276 1938 756
f 229 1802 709
f 223 1783 703
f 235 1819 715
f 241 1837 721
f 247 1856 727
f 271 1927 751
f 332 2112 812
f 302 2022 782
f 374 2238 854
f 379 2251 859
f 307 2036 787
f 278 1949 758
f 313 2053 793
f 319 2071 799
f 325 2090 805
f 331 2107 811
f 301 2017 781
f 373 2233 853
f 380 2256 860
f 272 1932 752
f 248 1859 728
f 230 1805 710
f 224 1788 704
f 236 1824 716
f 242 1842 722
f 254 1878 734
f 356 2184 836
f 397 2306 877
f 385 2270 865
f 259 1892 739
f 326 2093 806
f 308 2039 788
f 277 1946 757
f 314 2058 794
f 320 2076 800
f 338 2130 818
f 284 1968 764
f 289 1982 769
f 367 2216 847
f 391 2287 871
f 355 2179 835
f 253 1873 733
f 260 1895 740
f 386 2273 866
f 398 2309 878
f 350 2165 830
f 343 2144 823
f 295 2000 775
f 361 2198 841
f 266 1913 746
f 337 2125 817
f 283 1963 763
f 290 1985 770
f 368 2219 848
f 392 2292 872
f 349 2162 829
f 344 2147 824
f 296 2003 776
f 362 2201 842
f 265 1910 745
f 251 1863 731
f 233 1809 713
f 228 1794 708
f 240 1830 720
f 246 1848 726
f 258 1886 738
f 360 2192 840
f 401 2318 881
f 389 2282 869
f 263 1904 743
f 329 2097 809
f 310 2043 790
f 280 1956 760
f 318 2066 798
f 324 2082 804
f 342 2138 822
f 288 1974 768
f 292 1992 772
f 371 2228 851
f 393 2295 873
f 409 2331 1269
f 405 2327 1245
f 411 2328 1252
f 414 2334 1288
f 417 2337 1306
f 431 2346 1336
f 488 2412 1551
f 575 2499 1473
f 563 2487 1599
f 519 2436 1354
f 454 2376 1479
f 450 2372 1401
f 456 2373 1408
f 459 2379 1492
f 462 2382 1504
f 472 2396 1533
f 446 2361 1414
f 506 2418 1444
f 535 2457 1594
f 541 2463 1383
f 570 2492 1323
f 480 2402 1275
f 421 2343 1263
f 511 2433 1299
f 556 2478 1317
f 484 2406 1341
f 580 2502 1564
f 567 2484 1462
f 522 2442 1588
f 427 2349 1347
f 544 2468 1521
f 468 2387 1420
f 436 2358 1395
f 499 2421 1497
f 530 2454 1515
f 548 2472 1557
f 466 2388 1425
f 442 2364 1431
f 505 2426 1570
f 536 2448 1372
f 491 2403 1282
f 423 2342 1258
f 513 2432 1294
f 564 2477 1312
f 581 2493 1330
f 549 2462 1378
f 477 2397 1540
f 445 2367 1449
f 503 2427 1575
f 525 2447 1365
f 474 2391 1486
f 438 2357 1390
f 495 2417 1437
f 532 2453 1510
f 552 2469 1528
f 490 2411 1546
f 577 2498 1468
f 559 2483 1455
f 517 2441 1581
f 430 2352 1359
f 590 2509 1272
f 584 2503 1248
f 585 2506 1253
f 592 2512 1289
f 595 2515 1307
f 598 2518 1337
f 636 2555 1554
f 621 2541 1476
f 642 2562 1602
f 601 2522 1355
f 623 2542 1482
f 611 2528 1404
f 609 2531 1409
f 625 2545 1493
f 628 2548 1505
f 632 2551 1536
f 613 2533 1415
f 616 2537 1445
f 638 2559 1595
f 606 2526 1386
f 407 1616 909
f 403 1608 891
f 404 1606 886
f 410 1612 898
f 413 1615 904
f 422 1624 922
f 486 1692 1060
f 573 1782 1240
f 561 1765 1204
f 512 1714 1102
f 452 1661 999
f 448 1653 981
f 449 1651 976
f 455 1657 988
f 458 1660 994
f 470 1675 1024
f 437 1639 952
f 494 1696 1066
f 531 1733 1138
f 539 1751 1179
f 568 1779 1233
f 478 1683 1041
f 419 1626 927
f 509 1721 1119
f 554 1766 1209
f 482 1689 1053
f 576 1778 1228
f 558 1760 1192
f 516 1718 1108
f 425 1629 933
f 542 1747 1167
f 463 1665 1005
f 434 1641 957
f 497 1704 1083
f 528 1737 1150
f 546 1750 1174
f 464 1676 1029
f 440 1644 963
f 500 1702 1077
f 524 1726 1126
f 479 1681 1036
f 418 1620 915
f 508 1710 1095
f 553 1755 1185
f 569 1771 1216
f 538 1740 1155
f 471 1673 1018
f 443 1647 970
f 501 1707 1090
f 523 1734 1143
f 467 1669 1012
f 433 1635 945
f 493 1698 1071
f 527 1729 1131
f 543 1745 1162
f 485 1687 1047
f 572 1774 1221
f 557 1762 1197
f 515 1720 1114
f 428 1632 940
f 591 2189 1284
f 587 1883 1260
f 588 1903 1296
f 594 2281 1314
f 597 2317 1332
f 600 2173 1380
f 634 2158 1542
f 619 2012 1451
f 639 2210 1577
f 602 1924 1367
f 624 2135 1488
f 608 1973 1392
f 610 1996 1439
f 627 2227 1512
f 630 2304 1530
f 635 2176 1548
f 615 2155 1470
f 617 2014 1457
f 637 2212 1583
f 604 1922 1361
f 416 1864 1270
f 408 1810 1246
f 406 1795 1251
f 412 1831 1287
f 415 1849 1305
f 424 1887 1335
f 492 2193 1552
f 582 2321 1474
f 565 2285 1600
f 514 1907 1353
f 461 2098 1480
f 453 2044 1402
f 451 1961 1407
f 457 2067 1491
f 460 2083 1503
f 475 2139 1534
f 439 1975 1413
f 496 1997 1443
f 533 2231 1593
f 551 2298 1384
f 579 2190 1324
f 483 1884 1276
f 426 1900 1264
f 521 2278 1300
f 566 2314 1318
f 489 2170 1342
f 578 2159 1563
f 560 2015 1461
f 518 2213 1587
f 429 1918 1348
f 547 2136 1522
f 465 1977 1419
f 441 1990 1396
f 504 2224 1498
f 537 2301 1516
f 550 2177 1558
f 476 2152 1426
f 444 2008 1432
f 502 2206 1569
f 526 1925 1371
f 481 1817 1281
f 420 1797 1257
f 510 1833 1293
f 555 1851 1311
f 571 1871 1329
f 540 1941 1377
f 473 2119 1539
f 447 2029 1450
f 507 2247 1576
f 534 2262 1366
f 469 2051 1485
f 435 1954 1389
f 498 2064 1438
f 529 2085 1509
f 545 2105 1527
f 487 2121 1545
f 574 2031 1467
f 562 2244 1456
f 520 2265 1582
f 432 1939 1360
f 589 1814 1271
f 583 1793 1247
f 586 1829 1254
f 593 1847 1290
f 596 1868 1308
f 599 1937 1338
f 633 2124 1553
f 620 2034 1475
f 640 2250 1601
f 603 2261 1356
f 622 2050 1481
f 607 1960 1403
f 612 2063 1410
f 626 2081 1494
f 629 2102 1506
f 631 2117 1535
f 614 2027 1416
f 618 2243 1446
f 641 2268 1596
f 605 1944 1385
f 409 1804 894
f 405 1785 887
f 411 1821 899
f 414 1839 905
f 417 1858 912
f 431 1929 941
f 488 2114 1050
f 575 2024 1224
f 563 2240 1200
f 519 2253 1115
f 454 2038 984
f 450 1951 977
f 456 2055 989
f 459 2073 995
f 462 2092 1002
f 472 2109 1019
f 446 2019 971
f 506 2235 1091
f 535 2258 1146
f 541 1934 1158
f 570 1861 1217
f 480 1807 1037
f 421 1790 918
f 511 1826 1098
f 556 1844 1188
f 484 1880 1044
f 580 2186 1236
f 567 2308 1212
f 522 2272 1122
f 427 1894 930
f 544 2095 1163
f 468 2041 1013
f 436 1948 948
f 499 2060 1074
f 530 2078 1134
f 548 2132 1170
f 466 1970 1008
f 442 1984 960
f 505 2218 1086
f 536 2289 1151
f 491 2181 1061
f 423 1875 923
f 513 1897 1103
f 564 2275 1205
f 581 2311 1241
f 549 2167 1175
f 477 2146 1032
f 445 2002 966
f 503 2200 1080
f 525 1915 1127
f 474 2127 1025
f 438 1965 953
f 495 1987 1067
f 532 2221 1139
f 552 2294 1182
f 490 2164 1056
f 577 2149 1229
f 559 2005 1193
f 517 2203 1109
f 430 1912 936
f 590 1870 1325
f 584 1816 1277
f 585 1800 1265
f 592 1836 1301
f 595 1854 1319
f 598 1890 1343
f 636 2196 1566
f 621 2320 1464
f 642 2284 1590
f 601 1906 1349
f 623 2104 1523
f 611 2047 1422
f 609 1958 1397
f 625 2070 1499
f 628 2088 1517
f 632 2142 1559
f 613 1980 1427
f 616 1994 1433
f 638 2230 1572
f 606 2297 1374
f 407 2329 892
f 403 2323 885
f 404 2326 897
f 410 2333 903
f 413 2336 910
f 422 2345 939
f 486 2409 1048
f 573 2496 1222
f 561 2485 1198
f 512 2435 1113
f 452 2374 982
f 448 2368 975
f 449 2371 987
f 455 2378 993
f 458 2381 1000
f 470 2392 1017
f 437 2360 969
f 494 2416 1089
f 531 2456 1144
f 539 2460 1156
f 568 2488 1215
f 478 2398 1035
f 419 2340 916
f 509 2430 1096
f 554 2475 1186
f 482 2404 1042
f 576 2501 1234
f 558 2482 1210
f 516 2440 1120
f 425 2347 928
f 542 2464 1161
f 463 2384 1011
f 434 2355 946
f 497 2419 1072
f 528 2451 1132
f 546 2470 1168
f 464 2385 1006
f 440 2362 958
f 500 2423 1084
f 524 2446 1149
f 479 2401 1059
f 418 2339 921
f 508 2429 1101
f 553 2474 1203
f 569 2491 1239
f 538 2459 1173
f 471 2395 1030
f 443 2365 964
f 501 2424 1078
f 523 2443 1125
f 467 2390 1023
f 433 2354 951
f 493 2413 1065
f 527 2450 1137
f 543 2467 1180
f 485 2408 1054
f 572 2495 1227
f 557 2479 1191
f 515 2437 1107
f 428 2350 934
f 591 2511 1326
f 587 2505 1278
f 588 2507 1266
f 594 2513 1302
f 597 2516 1320
f 600 2519 1344
f 634 2556 1565
f 619 2540 1463
f 639 2561 1589
f 602 2521 1350
f 624 2544 1524
f 608 2529 1421
f 610 2530 1398
f 627 2546 1500
f 630 2549 1518
f 635 2553 1560
f 615 2534 1428
f 617 2536 1434
f 637 2557 1571
f 604 2525 1373
f 164 1609 889
f 163 1605 883
f 165 1611 895
f 166 1614 901
f 167 1617 907
f 172 1631 937
f 190 1688 1045
f 219 1775 1219
f 215 1763 1195
f 201 1719 1111
f 179 1654 979
f 178 1650 973
f 180 1656 985
f 181 1659 991
f 182 1662 997
f 185 1672 1015
f 177 1646 967
f 197 1706 1087
f 206 1735 1141
f 208 1741 1153
f 218 1770 1213
f 188 1680 1033
f 168 1621 913
f 198 1711 1093
f 213 1756 1183
f 189 1684 1039
f 221 1780 1231
f 217 1767 1207
f 202 1722 1117
f 170 1627 925
f 209 1744 1159
f 184 1668 1009
f 173 1636 943
f 194 1699 1069
f 204 1730 1129
f 210 1748 1165
f 183 1666 1003
f 175 1642 955
f 196 1705 1081
f 207 1736 1147
f 192 1691 1057
f 169 1623 919
f 199 1713 1099
f 216 1764 1201
f 222 1781 1237
f 211 1749 1171
f 187 1677 1027
f 176 1645 961
f 195 1703 1075
f 203 1725 1123
f 186 1674 1021
f 174 1638 949
f 193 1695 1063
f 205 1732 1135
f 212 1752 1177
f 191 1690 1051
f 220 1777 1225
f 214 1759 1189
f 200 1717 1105
f 171 1630 931
f 358 2191 1322
f 256 1885 1274
f 261 1901 1262
f 387 2279 1298
f 399 2315 1316
f 351 2171 1340
f 348 2160 1561
f 300 2016 1459
f 366 2214 1585
f 267 1919 1346
f 340 2137 1520
f 287 1978 1417
f 291 1991 1394
f 369 2225 1496
f 395 2302 1514
f 354 2178 1556
f 345 2153 1424
f 297 2009 1430
f 363 2207 1567
f 270 1926 1369
f 247 1857 908
f 229 1803 890
f 223 1786 884
f 235 1822 896
f 241 1840 902
f 253 1876 920
f 355 2182 1058
f 398 2312 1238
f 386 2276 1202
f 260 1898 1100
f 325 2091 998
f 307 2037 980
f 278 1952 974
f 313 2056 986
f 319 2074 992
f 337 2128 1022
f 283 1966 950
f 290 1988 1064
f 368 2222 1136
f 392 2293 1178
f 356 2185 1232
f 254 1879 1040
f 259 1893 926
f 385 2271 1118
f 397 2307 1208
f 349 2163 1052
f 344 2150 1226
f 296 2006 1190
f 362 2204 1106
f 265 1911 932
f 338 2131 1166
f 284 1969 1004
f 289 1983 956
f 367 2217 1082
f 391 2290 1148
f 350 2168 1172
f 343 2145 1028
f 295 2001 962
f 361 2199 1076
f 266 1916 1124
f 230 1808 1034
f 224 1789 914
f 236 1825 1094
f 242 1843 1184
f 248 1862 1214
f 272 1933 1154
f 331 2110 1016
f 301 2020 968
f 373 2236 1088
f 380 2257 1142
f 308 2042 1010
f 277 1947 944
f 314 2059 1070
f 320 2077 1130
f 326 2096 1160
f 332 2113 1046
f 302 2023 1220
f 374 2239 1196
f 379 2254 1112
f 271 1930 938
f 234 1818 1279
f 227 1798 1255
f 239 1834 1291
f 245 1852 1309
f 252 1872 1327
f 275 1942 1375
f 334 2120 1537
f 304 2030 1448
f 377 2248 1574
f 382 2263 1364
f 312 2052 1483
f 279 1955 1387
f 316 2065 1436
f 323 2086 1507
f 330 2106 1525
f 335 2122 1543
f 305 2032 1465
f 376 2245 1454
f 383 2266 1580
f 274 1940 1358
f 232 1813 1267
f 225 1792 1243
f 237 1828 1250
f 243 1846 1286
f 250 1867 1304
f 273 1936 1334
f 336 2123 1549
f 306 2033 1471
f 378 2249 1597
f 381 2260 1352
f 311 2049 1477
f 281 1959 1399
f 315 2062 1406
f 321 2080 1490
f 328 2101 1502
f 333 2116 1531
f 303 2026 1412
f 375 2242 1442
f 384 2267 1592
f 276 1943 1381
f 251 1869 1321
f 233 1815 1273
f 228 1799 1261
f 240 1835 1297
f 246 1853 1315
f 258 1889 1339
f 360 2195 1562
f 401 2319 1460
f 389 2283 1586
f 263 1905 1345
f 329 2103 1519
f 310 2046 1418
f 280 1957 1393
f 318 2069 1495
f 324 2087 1513
f 342 2141 1555
f 288 1979 1423
f 292 1993 1429
f 371 2229 1568
f 393 2296 1370
f 357 2188 1280
f 255 1882 1256
f 262 1902 1292
f 388 2280 1310
f 400 2316 1328
f 352 2172 1376
f 347 2157 1538
f 298 2011 1447
f 364 2209 1573
f 269 1923 1363
f 339 2134 1484
f 285 1972 1388
f 293 1995 1435
f 370 2226 1508
f 396 2303 1526
f 353 2175 1544
f 346 2154 1466
f 299 2013 1453
f 365 2211 1579
f 268 1921 1357
f 249 1865 1268
f 231 1811 1244
f 226 1796 1249
f 238 1832 1285
f 244 1850 1303
f 257 1888 1333
f 359 2194 1550
f 402 2322 1472
f 390 2286 1598
f 264 1908 1351
f 327 2099 1478
f 309 2045 1400
f 282 1962 1405
f 317 2068 1489
f 322 2084 1501
f 341 2140 1532
f 286 1976 1411
f 294 1998 1441
f 372 2232 1591
f 394 2299 1382
f 416 2330 911
f 408 2324 893
f 406 2325 888
f 412 2332 900
f 415 2335 906
f 424 2344 924
f 492 2410 1062
f 582 2497 1242
f 565 2486 1206
f 514 2434 1104
f 461 2375 1001
f 453 2369 983
f 451 2370 978
f 457 2377 990
f 460 2380 996
f 475 2393 1026
f 439 2359 954
f 496 2415 1068
f 533 2455 1140
f 551 2461 1181
f 579 2489 1235
f 483 2399 1043
f 426 2341 929
f 521 2431 1121
f 566 2476 1211
f 489 2405 1055
f 578 2500 1230
f 560 2481 1194
f 518 2439 1110
f 429 2348 935
f 547 2465 1169
f 465 2383 1007
f 441 2356 959
f 504 2420 1085
f 537 2452 1152
f 550 2471 1176
f 476 2386 1031
f 444 2363 965
f 502 2422 1079
f 526 2445 1128
f 481 2400 1038
f 420 2338 917
f 510 2428 1097
f 555 2473 1187
f 571 2490 1218
f 540 2458 1157
f 473 2394 1020
f 447 2366 972
f 507 2425 1092
f 534 2444 1145
f 469 2389 1014
f 435 2353 947
f 498 2414 1073
f 529 2449 1133
f 545 2466 1164
f 487 2407 1049
f 574 2494 1223
f 562 2480 1199
f 520 2438 1116
f 432 2351 942
f 589 2510 1283
f 583 2504 1259
f 586 2508 1295
f 593 2514 1313
f 596 2517 1331
f 599 2520 1379
f 633 2554 1541
f 620 2539 1452
f 640 2560 1578
f 603 2523 1368
f 622 2543 1487
f 607 2527 1391
f 612 2532 1440
f 626 2547 1511
f 629 2550 1529
f 631 2552 1547
f 614 2535 1469
f 618 2538 1458
f 641 2558 1584
f 605 2524 1362
f 164 1607 1609
f 163 1603 1605
f 165 1604 1611
f 166 1610 1614
f 167 1613 1617
f 172 1622 1631
f 190 1686 1688
f 219 1773 1775
f 215 1761 1763
f 201 1712 1719
f 179 1652 1654
f 178 1648 1650
f 180 1649 1656
f 181 1655 1659
f 182 1658 1662
f 185 1670 1672
f 177 1637 1646
f 197 1694 1706
f 206 1731 1735
f 208 1739 1741
f 218 1768 1770
f 188 1678 1680
f 168 1619 1621
f 198 1709 1711
f 213 1754 1756
f 189 1682 1684
f 221 1776 1780
f 217 1758 1767
f 202 1716 1722
f 170 1625 1627
f 209 1742 1744
f 184 1663 1668
f 173 1634 1636
f 194 1697 1699
f 204 1728 1730
f 210 1746 1748
f 183 1664 1666
f 175 1640 1642
f 196 1700 1705
f 207 1724 1736
f 192 1679 1691
f 169 1618 1623
f 199 1708 1713
f 216 1753 1764
f 222 1769 1781
f 211 1738 1749
f 187 1671 1677
f 176 1643 1645
f 195 1701 1703
f 203 1723 1725
f 186 1667 1674
f 174 1633 1638
f 193 1693 1695
f 205 1727 1732
f 212 1743 1752
f 191 1685 1690
f 220 1772 1777
f 214 1757 1759
f 200 1715 1717
f 171 1628 1630
f 358 2187 2191
f 256 1881 1885
f 261 1899 1901
f 387 2277 2279
f 399 2313 2315
f 351 2169 2171
f 348 2156 2160
f 300 2010 2016
f 366 2208 2214
f 267 1917 1919
f 340 2133 2137
f 287 1971 1978
f 291 1989 1991
f 369 2223 2225
f 395 2300 2302
f 354 2174 2178
f 345 2151 2153
f 297 2007 2009
f 363 2205 2207
f 270 1920 1926
f 247 1855 1857
f 229 1801 1803
f 223 1784 1786
f 235 1820 1822
f 241 1838 1840
f 253 1874 1876
f 355 2180 2182
f 398 2310 2312
f 386 2274 2276
f 260 1896 1898
f 325 2089 2091
f 307 2035 2037
f 278 1950 1952
f 313 2054 2056
f 319 2072 2074
f 337 2126 2128
f 283 1964 1966
f 290 1986 1988
f 368 2220 2222
f 392 2291 2293
f 356 2183 2185
f 254 1877 1879
f 259 1891 1893
f 385 2269 2271
f 397 2305 2307
f 349 2161 2163
f 344 2148 2150
f 296 2004 2006
f 362 2202 2204
f 265 1909 1911
f 338 2129 2131
f 284 1967 1969
f 289 1981 1983
f 367 2215 2217
f 391 2288 2290
f 350 2166 2168
f 343 2143 2145
f 295 1999 2001
f 361 2197 2199
f 266 1914 1916
f 230 1806 1808
f 224 1787 1789
f 236 1823 1825
f 242 1841 1843
f 248 1860 1862
f 272 1931 1933
f 331 2108 2110
f 301 2018 2020
f 373 2234 2236
f 380 2255 2257
f 308 2040 2042
f 277 1945 1947
f 314 2057 2059
f 320 2075 2077
f 326 2094 2096
f 332 2111 2113
f 302 2021 2023
f 374 2237 2239
f 379 2252 2254
f 271 1928 1930
f 234 1812 1818
f 227 1791 1798
f 239 1827 1834
f 245 1845 1852
f 252 1866 1872
f 275 1935 1942
f 334 2118 2120
f 304 2028 2030
f 377 2246 2248
f 382 2259 2263
f 312 2048 2052
f 279 1953 1955
f 316 2061 2065
f 323 2079 2086
f 330 2100 2106
f 335 2115 2122
f 305 2025 2032
f 376 2241 2245
f 383 2264 2266
f 274 1938 1940
f 232 1802 1813
f 225 1783 1792
f 237 1819 1828
f 243 1837 1846
f 250 1856 1867
f 273 1927 1936
f 336 2112 2123
f 306 2022 2033
f 378 2238 2249
f 381 2251 2260
f 311 2036 2049
f 281 1949 1959
f 315 2053 2062
f 321 2071 2080
f 328 2090 2101
f 333 2107 2116
f 303 2017 2026
f 375 2233 2242
f 384 2256 2267
f 276 1932 1943
f 251 1859 1869
f 233 1805 1815
f 228 1788 1799
f 240 1824 1835
f 246 1842 1853
f 258 1878 1889
f 360 2184 2195
f 401 2306 2319
f 389 2270 2283
f 263 1892 1905
f 329 2093 2103
f 310 2039 2046
f 280 1946 1957
f 318 2058 2069
f 324 2076 2087
f 342 2130 2141
f 288 1968 1979
f 292 1982 1993
f 371 2216 2229
f 393 2287 2296
f 357 2179 2188
f 255 1873 1882
f 262 1895 1902
f 388 2273 2280
f 400 2309 2316
f 352 2165 2172
f 347 2144 2157
f 298 2000 2011
f 364 2198 2209
f 269 1913 1923
f 339 2125 2134
f 285 1963 1972
f 293 1985 1995
f 370 2219 2226
f 396 2292 2303
f 353 2162 2175
f 346 2147 2154
f 299 2003 2013
f 365 2201 2211
f 268 1910 1921
f 249 1863 1865
f 231 1809 1811
f 226 1794 1796
f 238 1830 1832
f 244 1848 1850
f 257 1886 1888
f 359 2192 2194
f 402 2318 2322
f 390 2282 2286
f 264 1904 1908
f 327 2097 2099
f 309 2043 2045
f 282 1956 1962
f 317 2066 2068
f 322 2082 2084
f 341 2138 2140
f 286 1974 1976
f 294 1992 1998
f 372 2228 2232
f 394 2295 2299
f 416 2331 2330
f 408 2327 2324
f 406 2328 2325
f 412 2334 2332
f 415 2337 2335
f 424 2346 2344
f 492 2412 2410
f 582 2499 2497
f 565 2487 2486
f 514 2436 2434
f 461 2376 2375
f 453 2372 2369
f 451 2373 2370
f 457 2379 2377
f 460 2382 2380
f 475 2396 2393
f 439 2361 2359
f 496 2418 2415
f 533 2457 2455
f 551 2463 2461
f 579 2492 2489
f 483 2402 2399
f 426 2343 2341
f 521 2433 2431
f 566 2478 2476
f 489 2406 2405
f 578 2502 2500
f 560 2484 2481
f 518 2442 2439
f 429 2349 2348
f 547 2468 2465
f 465 2387 2383
f 441 2358 2356
f 504 2421 2420
f 537 2454 2452
f 550 2472 2471
f 476 2388 2386
f 444 2364 2363
f 502 2426 2422
f 526 2448 2445
f 481 2403 2400
f 420 2342 2338
f 510 2432 2428
f 555 2477 2473
f 571 2493 2490
f 540 2462 2458
f 473 2397 2394
f 447 2367 2366
f 507 2427 2425
f 534 2447 2444
f 469 2391 2389
f 435 2357 2353
f 498 2417 2414
f 529 2453 2449
f 545 2469 2466
f 487 2411 2407
f 574 2498 2494
f 562 2483 2480
f 520 2441 2438
f 432 2352 2351
f 589 2509 2510
f 583 2503 2504
f 586 2506 2508
f 593 2512 2514
f 596 2515 2517
f 599 2518 2520
f 633 2555 2554
f 620 2541 2539
f 640 2562 2560
f 603 2522 2523
f 622 2542 2543
f 607 2528 2527
f 612 2531 2532
f 626 2545 2547
f 629 2548 2550
f 631 2551 2552
f 614 2533 2535
f 618 2537 2538
f 641 2559 2558
f 605 2526 2524
f 164 644 1607
f 163 643 1603
f 165 645 1604
f 166 646 1610
f 167 647 1613
f 172 652 1622
f 190 670 1686
f 219 699 1773
f 215 695 1761
f 201 681 1712
f 179 659 1652
f 178 658 1648
f 180 660 1649
f 181 661 1655
f 182 662 1658
f 185 665 1670
f 177 657 1637
f 197 677 1694
f 206 686 1731
f 208 688 1739
f 218 698 1768
f 188 668 1678
f 168 648 1619
f 198 678 1709
f 213 693 1754
f 189 669 1682
f 221 701 1776
f 217 697 1758
f 202 682 1716
f 170 650 1625
f 209 689 1742
f 184 664 1663
f 173 653 1634
f 194 674 1697
f 204 684 1728
f 210 690 1746
f 183 663 1664
f 175 655 1640
f 196 676 1700
f 207 687 1724
f 192 672 1679
f 169 649 1618
f 199 679 1708
f 216 696 1753
f 222 702 1769
f 211 691 1738
f 187 667 1671
f 176 656 1643
f 195 675 1701
f 203 683 1723
f 186 666 1667
f 174 654 1633
f 193 673 1693
f 205 685 1727
f 212 692 1743
f 191 671 1685
f 220 700 1772
f 214 694 1757
f 200 680 1715
f 171 651 1628
f 358 838 2187
f 256 736 1881
f 261 741 1899
f 387 867 2277
f 399 879 2313
f 351 831 2169
f 348 828 2156
f 300 780 2010
f 366 846 2208
f 267 747 1917
f 340 820 2133
f 287 767 1971
f 291 771 1989
f 369 849 2223
f 395 875 2300
f 354 834 2174
f 345 825 2151
f 297 777 2007
f 363 843 2205
f 270 750 1920
f 247 727 1855
f 229 709 1801
f 223 703 1784
f 235 715 1820
f 241 721 1838
f 253 733 1874
f 355 835 2180
f 398 878 2310
f 386 866 2274
f 260 740 1896
f 325 805 2089
f 307 787 2035
f 278 758 1950
f 313 793 2054
f 319 799 2072
f 337 817 2126
f 283 763 1964
f 290 770 1986
f 368 848 2220
f 392 872 2291
f 356 836 2183
f 254 734 1877
f 259 739 1891
f 385 865 2269
f 397 877 2305
f 349 829 2161
f 344 824 2148
f 296 776 2004
f 362 842 2202
f 265 745 1909
f 338 818 2129
f 284 764 1967
f 289 769 1981
f 367 847 2215
f 391 871 2288
f 350 830 2166
f 343 823 2143
f 295 775 1999
f 361 841 2197
f 266 746 1914
f 230 710 1806
f 224 704 1787
f 236 716 1823
f 242 722 1841
f 248 728 1860
f 272 752 1931
f 331 811 2108
f 301 781 2018
f 373 853 2234
f 380 860 2255
f 308 788 2040
f 277 757 1945
f 314 794 2057
f 320 800 2075
f 326 806 2094
f 332 812 2111
f 302 782 2021
f 374 854 2237
f 379 859 2252
f 271 751 1928
f 234 714 1812
f 227 707 1791
f 239 719 1827
f 245 725 1845
f 252 732 1866
f 275 755 1935
f 334 814 2118
f 304 784 2028
f 377 857 2246
f 382 862 2259
f 312 792 2048
f 279 759 1953
f 316 796 2061
f 323 803 2079
f 330 810 2100
f 335 815 2115
f 305 785 2025
f 376 856 2241
f 383 863 2264
f 274 754 1938
f 232 712 1802
f 225 705 1783
f 237 717 1819
f 243 723 1837
f 250 730 1856
f 273 753 1927
f 336 816 2112
f 306 786 2022
f 378 858 2238
f 381 861 2251
f 311 791 2036
f 281 761 1949
f 315 795 2053
f 321 801 2071
f 328 808 2090
f 333 813 2107
f 303 783 2017
f 375 855 2233
f 384 864 2256
f 276 756 1932
f 251 731 1859
f 233 713 1805
f 228 708 1788
f 240 720 1824
f 246 726 1842
f 258 738 1878
f 360 840 2184
f 401 881 2306
f 389 869 2270
f 263 743 1892
f 329 809 2093
f 310 790 2039
f 280 760 1946
f 318 798 2058
f 324 804 2076
f 342 822 2130
f 288 768 1968
f 292 772 1982
f 371 851 2216
f 393 873 2287
f 357 837 2179
f 255 735 1873
f 262 742 1895
f 388 868 2273
f 400 880 2309
f 352 832 2165
f 347 827 2144
f 298 778 2000
f 364 844 2198
f 269 749 1913
f 339 819 2125
f 285 765 1963
f 293 773 1985
f 370 850 2219
f 396 876 2292
f 353 833 2162
f 346 826 2147
f 299 779 2003
f 365 845 2201
f 268 748 1910
f 249 729 1863
f 231 711 1809
f 226 706 1794
f 238 718 1830
f 244 724 1848
f 257 737 1886
f 359 839 2192
f 402 882 2318
f 390 870 2282
f 264 744 1904
f 327 807 2097
f 309 789 2043
f 282 762 1956
f 317 797 2066
f 322 802 2082
f 341 821 2138
f 286 766 1974
f 294 774 1992
f 372 852 2228
f 394 874 2295
f 416 1270 2331
f 408 1246 2327
f 406 1251 2328
f 412 1287 2334
f 415 1305 2337
f 424 1335 2346
f 492 1552 2412
f 582 1474 2499
f 565 1600 2487
f 514 1353 2436
f 461 1480 2376
f 453 1402 2372
f 451 1407 2373
f 457 1491 2379
f 460 1503 2382
f 475 1534 2396
f 439 1413 2361
f 496 1443 2418
f 533 1593 2457
f 551 1384 2463
f 579 1324 2492
f 483 1276 2402
f 426 1264 2343
f 521 1300 2433
f 566 1318 2478
f 489 1342 2406
f 578 1563 2502
f 560 1461 2484
f 518 1587 2442
f 429 1348 2349
f 547 1522 2468
f 465 1419 2387
f 441 1396 2358
f 504 1498 2421
f 537 1516 2454
f 550 1558 2472
f 476 1426 2388
f 444 1432 2364
f 502 1569 2426
f 526 1371 2448
f 481 1281 2403
f 420 1257 2342
f 510 1293 2432
f 555 1311 2477
f 571 1329 2493
f 540 1377 2462
f 473 1539 2397
f 447 1450 2367
f 507 1576 2427
f 534 1366 2447
f 469 1485 2391
f 435 1389 2357
f 498 1438 2417
f 529 1509 2453
f 545 1527 2469
f 487 1545 2411
f 574 1467 2498
f 562 1456 2483
f 520 1582 2441
f 432 1360 2352
f 589 1271 2509
f 583 1247 2503
f 586 1254 2506
f 593 1290 2512
f 596 1308 2515
f 599 1338 2518
f 633 1553 2555
f 620 1475 2541
f 640 1601 2562
f 603 1356 2522
f 622 1481 2542
f 607 1403 2528
f 612 1410 2531
f 626 1494 2545
f 629 1506 2548
f 631 1535 2551
f 614 1416 2533
f 618 1446 2537
f 641 1596 2559
f 605 1385 2526
f 167 907 1616
f 164 889 1608
f 163 883 1606
f 165 895 1612
f 166 901 1615
f 169 919 1624
f 192 1057 1692
f 222 1237 1782
f 216 1201 1765
f 199 1099 1714
f 182 997 1661
f 179 979 1653
f 178 973 1651
f 180 985 1657
f 181 991 1660
f 186 1021 1675
f 174 949 1639
f 193 1063 1696
f 205 1135 1733
f 212 1177 1751
f 221 1231 1779
f 189 1039 1683
f 170 925 1626
f 202 1117 1721
f 217 1207 1766
f 191 1051 1689
f 220 1225 1778
f 214 1189 1760
f 200 1105 1718
f 171 931 1629
f 210 1165 1747
f 183 1003 1665
f 175 955 1641
f 196 1081 1704
f 207 1147 1737
f 211 1171 1750
f 187 1027 1676
f 176 961 1644
f 195 1075 1702
f 203 1123 1726
f 188 1033 1681
f 168 913 1620
f 198 1093 1710
f 213 1183 1755
f 218 1213 1771
f 208 1153 1740
f 185 1015 1673
f 177 967 1647
f 197 1087 1707
f 206 1141 1734
f 184 1009 1669
f 173 943 1635
f 194 1069 1698
f 204 1129 1729
f 209 1159 1745
f 190 1045 1687
f 219 1219 1774
f 215 1195 1762
f 201 1111 1720
f 172 937 1632
f 357 1280 2189
f 255 1256 1883
f 262 1292 1903
f 388 1310 2281
f 400 1328 2317
f 352 1376 2173
f 347 1538 2158
f 298 1447 2012
f 364 1573 2210
f 269 1363 1924
f 339 1484 2135
f 285 1388 1973
f 293 1435 1996
f 370 1508 2227
f 396 1526 2304
f 353 1544 2176
f 346 1466 2155
f 299 1453 2014
f 365 1579 2212
f 268 1357 1922
f 249 1268 1864
f 231 1244 1810
f 226 1249 1795
f 238 1285 1831
f 244 1303 1849
f 257 1333 1887
f 359 1550 2193
f 402 1472 2321
f 390 1598 2285
f 264 1351 1907
f 327 1478 2098
f 309 1400 2044
f 282 1405 1961
f 317 1489 2067
f 322 1501 2083
f 341 1532 2139
f 286 1411 1975
f 294 1441 1997
f 372 1591 2231
f 394 1382 2298
f 358 1322 2190
f 256 1274 1884
f 261 1262 1900
f 387 1298 2278
f 399 1316 2314
f 351 1340 2170
f 348 1561 2159
f 300 1459 2015
f 366 1585 2213
f 267 1346 1918
f 340 1520 2136
f 287 1417 1977
f 291 1394 1990
f 369 1496 2224
f 395 1514 2301
f 354 1556 2177
f 345 1424 2152
f 297 1430 2008
f 363 1567 2206
f 270 1369 1925
f 234 1279 1817
f 227 1255 1797
f 239 1291 1833
f 245 1309 1851
f 252 1327 1871
f 275 1375 1941
f 334 1537 2119
f 304 1448 2029
f 377 1574 2247
f 382 1364 2262
f 312 1483 2051
f 279 1387 1954
f 316 1436 2064
f 323 1507 2085
f 330 1525 2105
f 335 1543 2121
f 305 1465 2031
f 376 1454 2244
f 383 1580 2265
f 274 1358 1939
f 232 1267 1814
f 225 1243 1793
f 237 1250 1829
f 243 1286 1847
f 250 1304 1868
f 273 1334 1937
f 336 1549 2124
f 306 1471 2034
f 378 1597 2250
f 381 1352 2261
f 311 1477 2050
f 281 1399 1960
f 315 1406 2063
f 321 1490 2081
f 328 1502 2102
f 333 1531 2117
f 303 1412 2027
f 375 1442 2243
f 384 1592 2268
f 276 1381 1944
f 229 890 1804
f 223 884 1785
f 235 896 1821
f 241 902 1839
f 247 908 1858
f 271 938 1929
f 332 1046 2114
f 302 1220 2024
f 374 1196 2240
f 379 1112 2253
f 307 980 2038
f 278 974 1951
f 313 986 2055
f 319 992 2073
f 325 998 2092
f 331 1016 2109
f 301 968 2019
f 373 1088 2235
f 380 1142 2258
f 272 1154 1934
f 248 1214 1861
f 230 1034 1807
f 224 914 1790
f 236 1094 1826
f 242 1184 1844
f 254 1040 1880
f 356 1232 2186
f 397 1208 2308
f 385 1118 2272
f 259 926 1894
f 326 1160 2095
f 308 1010 2041
f 277 944 1948
f 314 1070 2060
f 320 1130 2078
f 338 1166 2132
f 284 1004 1970
f 289 956 1984
f 367 1082 2218
f 391 1148 2289
f 355 1058 2181
f 253 920 1875
f 260 1100 1897
f 386 1202 2275
f 398 1238 2311
f 350 1172 2167
f 343 1028 2146
f 295 962 2002
f 361 1076 2200
f 266 1124 1915
f 337 1022 2127
f 283 950 1965
f 290 1064 1987
f 368 1136 2221
f 392 1178 2294
f 349 1052 2164
f 344 1226 2149
f 296 1190 2005
f 362 1106 2203
f 265 932 1912
f 251 1321 1870
f 233 1273 1816
f 228 1261 1800
f 240 1297 1836
f 246 1315 1854
f 258 1339 1890
f 360 1562 2196
f 401 1460 2320
f 389 1586 2284
f 263 1345 1906
f 329 1519 2104
f 310 1418 2047
f 280 1393 1958
f 318 1495 2070
f 324 1513 2088
f 342 1555 2142
f 288 1423 1980
f 292 1429 1994
f 371 1568 2230
f 393 1370 2297
f 409 894 2329
f 405 887 2323
f 411 899 2326
f 414 905 2333
f 417 912 2336
f 431 941 2345
f 488 1050 2409
f 575 1224 2496
f 563 1200 2485
f 519 1115 2435
f 454 984 2374
f 450 977 2368
f 456 989 2371
f 459 995 2378
f 462 1002 2381
f 472 1019 2392
f 446 971 2360
f 506 1091 2416
f 535 1146 2456
f 541 1158 2460
f 570 1217 2488
f 480 1037 2398
f 421 918 2340
f 511 1098 2430
f 556 1188 2475
f 484 1044 2404
f 580 1236 2501
f 567 1212 2482
f 522 1122 2440
f 427 930 2347
f 544 1163 2464
f 468 1013 2384
f 436 948 2355
f 499 1074 2419
f 530 1134 2451
f 548 1170 2470
f 466 1008 2385
f 442 960 2362
f 505 1086 2423
f 536 1151 2446
f 491 1061 2401
f 423 923 2339
f 513 1103 2429
f 564 1205 2474
f 581 1241 2491
f 549 1175 2459
f 477 1032 2395
f 445 966 2365
f 503 1080 2424
f 525 1127 2443
f 474 1025 2390
f 438 953 2354
f 495 1067 2413
f 532 1139 2450
f 552 1182 2467
f 490 1056 2408
f 577 1229 2495
f 559 1193 2479
f 517 1109 2437
f 430 936 2350
f 590 1325 2511
f 584 1277 2505
f 585 1265 2507
f 592 1301 2513
f 595 1319 2516
f 598 1343 2519
f 636 1566 2556
f 621 1464 2540
f 642 1590 2561
f 601 1349 2521
f 623 1523 2544
f 611 1422 2529
f 609 1397 2530
f 625 1499 2546
f 628 1517 2549
f 632 1559 2553
f 613 1427 2534
f 616 1433 2536
f 638 1572 2557
f 606 1374 2525
f 407 892 1609
f 403 885 1605
f 404 897 1611
f 410 903 1614
f 413 910 1617
f 422 939 1631
f 486 1048 1688
f 573 1222 1775
f 561 1198 1763
f 512 1113 1719
f 452 982 1654
f 448 975 1650
f 449 987 1656
f 455 993 1659
f 458 1000 1662
f 470 1017 1672
f 437 969 1646
f 494 1089 1706
f 531 1144 1735
f 539 1156 1741
f 568 1215 1770
f 478 1035 1680
f 419 916 1621
f 509 1096 1711
f 554 1186 1756
f 482 1042 1684
f 576 1234 1780
f 558 1210 1767
f 516 1120 1722
f 425 928 1627
f 542 1161 1744
f 463 1011 1668
f 434 946 1636
f 497 1072 1699
f 528 1132 1730
f 546 1168 1748
f 464 1006 1666
f 440 958 1642
f 500 1084 1705
f 524 1149 1736
f 479 1059 1691
f 418 921 1623
f 508 1101 1713
f 553 1203 1764
f 569 1239 1781
f 538 1173 1749
f 471 1030 1677
f 443 964 1645
f 501 1078 1703
f 523 1125 1725
f 467 1023 1674
f 433 951 1638
f 493 1065 1695
f 527 1137 1732
f 543 1180 1752
f 485 1054 1690
f 572 1227 1777
f 557 1191 1759
f 515 1107 1717
f 428 934 1630
f 591 1326 2191
f 587 1278 1885
f 588 1266 1901
f 594 1302 2279
f 597 1320 2315
f 600 1344 2171
f 634 1565 2160
f 619 1463 2016
f 639 1589 2214
f 602 1350 1919
f 624 1524 2137
f 608 1421 1978
f 610 1398 1991
f 627 1500 2225
f 630 1518 2302
f 635 1560 2178
f 615 1428 2153
f 617 1434 2009
f 637 1571 2207
f 604 1373 1926
f 416 911 1857
f 408 893 1803
f 406 888 1786
f 412 900 1822
f 415 906 1840
f 424 924 1876
f 492 1062 2182
f 582 1242 2312
f 565 1206 2276
f 514 1104 1898
f 461 1001 2091
f 453 983 2037
f 451 978 1952
f 457 990 2056
f 460 996 2074
f 475 1026 2128
f 439 954 1966
f 496 1068 1988
f 533 1140 2222
f 551 1181 2293
f 579 1235 2185
f 483 1043 1879
f 426 929 1893
f 521 1121 2271
f 566 1211 2307
f 489 1055 2163
f 578 1230 2150
f 560 1194 2006
f 518 1110 2204
f 429 935 1911
f 547 1169 2131
f 465 1007 1969
f 441 959 1983
f 504 1085 2217
f 537 1152 2290
f 550 1176 2168
f 476 1031 2145
f 444 965 2001
f 502 1079 2199
f 526 1128 1916
f 481 1038 1808
f 420 917 1789
f 510 1097 1825
f 555 1187 1843
f 571 1218 1862
f 540 1157 1933
f 473 1020 2110
f 447 972 2020
f 507 1092 2236
f 534 1145 2257
f 469 1014 2042
f 435 947 1947
f 498 1073 2059
f 529 1133 2077
f 545 1164 2096
f 487 1049 2113
f 574 1223 2023
f 562 1199 2239
f 520 1116 2254
f 432 942 1930
f 589 1283 1818
f 583 1259 1798
f 586 1295 1834
f 593 1313 1852
f 596 1331 1872
f 599 1379 1942
f 633 1541 2120
f 620 1452 2030
f 640 1578 2248
f 603 1368 2263
f 622 1487 2052
f 607 1391 1955
f 612 1440 2065
f 626 1511 2086
f 629 1529 2106
f 631 1547 2122
f 614 1469 2032
f 618 1458 2245
f 641 1584 2266
f 605 1362 1940
f 409 1269 1813
f 405 1245 1792
f 411 1252 1828
f 414 1288 1846
f 417 1306 1867
f 431 1336 1936
f 488 1551 2123
f 575 1473 2033
f 563 1599 2249
f 519 1354 2260
f 454 1479 2049
f 450 1401 1959
f 456 1408 2062
f 459 1492 2080
f 462 1504 2101
f 472 1533 2116
f 446 1414 2026
f 506 1444 2242
f 535 1594 2267
f 541 1383 1943
f 570 1323 1869
f 480 1275 1815
f 421 1263 1799
f 511 1299 1835
f 556 1317 1853
f 484 1341 1889
f 580 1564 2195
f 567 1462 2319
f 522 1588 2283
f 427 1347 1905
f 544 1521 2103
f 468 1420 2046
f 436 1395 1957
f 499 1497 2069
f 530 1515 2087
f 548 1557 2141
f 466 1425 1979
f 442 1431 1993
f 505 1570 2229
f 536 1372 2296
f 491 1282 2188
f 423 1258 1882
f 513 1294 1902
f 564 1312 2280
f 581 1330 2316
f 549 1378 2172
f 477 1540 2157
f 445 1449 2011
f 503 1575 2209
f 525 1365 1923
f 474 1486 2134
f 438 1390 1972
f 495 1437 1995
f 532 1510 2226
f 552 1528 2303
f 490 1546 2175
f 577 1468 2154
f 559 1455 2013
f 517 1581 2211
f 430 1359 1921
f 590 1272 1865
f 584 1248 1811
f 585 1253 1796
f 592 1289 1832
f 595 1307 1850
f 598 1337 1888
f 636 1554 2194
f 621 1476 2322
f 642 1602 2286
f 601 1355 1908
f 623 1482 2099
f 611 1404 2045
f 609 1409 1962
f 625 1493 2068
f 628 1505 2084
f 632 1536 2140
f 613 1415 1976
f 616 1445 1998
f 638 1595 2232
f 606 1386 2299
f 407 909 2330
f 403 891 2324
f 404 886 2325
f 410 898 2332
f 413 904 2335
f 422 922 2344
f 486 1060 2410
f 573 1240 2497
f 561 1204 2486
f 512 1102 2434
f 452 999 2375
f 448 981 2369
f 449 976 2370
f 455 988 2377
f 458 994 2380
f 470 1024 2393
f 437 952 2359
f 494 1066 2415
f 531 1138 2455
f 539 1179 2461
f 568 1233 2489
f 478 1041 2399
f 419 927 2341
f 509 1119 2431
f 554 1209 2476
f 482 1053 2405
f 576 1228 2500
f 558 1192 2481
f 516 1108 2439
f 425 933 2348
f 542 1167 2465
f 463 1005 2383
f 434 957 2356
f 497 1083 2420
f 528 1150 2452
f 546 1174 2471
f 464 1029 2386
f 440 963 2363
f 500 1077 2422
f 524 1126 2445
f 479 1036 2400
f 418 915 2338
f 508 1095 2428
f 553 1185 2473
f 569 1216 2490
f 538 1155 2458
f 471 1018 2394
f 443 970 2366
f 501 1090 2425
f 523 1143 2444
f 467 1012 2389
f 433 945 2353
f 493 1071 2414
f 527 1131 2449
f 543 1162 2466
f 485 1047 2407
f 572 1221 2494
f 557 1197 2480
f 515 1114 2438
f 428 940 2351
f 591 1284 2510
f 587 1260 2504
f 588 1296 2508
f 594 1314 2514
f 597 1332 2517
f 600 1380 2520
f 634 1542 2554
f 619 1451 2539
f 639 1577 2560
f 602 1367 2523
f 624 1488 2543
f 608 1392 2527
f 610 1439 2532
f 627 1512 2547
f 630 1530 2550
f 635 1548 2552
f 615 1470 2535
f 617 1457 2538
f 637 1583 2558
f 604 1361 2524
f 167 1616 1607
f 164 1608 1603
f 163 1606 1604
f 165 1612 1610
f 166 1615 1613
f 169 1624 1622
f 192 1692 1686
f 222 1782 1773
f 216 1765 1761
f 199 1714 1712
f 182 1661 1652
f 179 1653 1648
f 178 1651 1649
f 180 1657 1655
f 181 1660 1658
f 186 1675 1670
f 174 1639 1637
f 193 1696 1694
f 205 1733 1731
f 212 1751 1739
f 221 1779 1768
f 189 1683 1678
f 170 1626 1619
f 202 1721 1709
f 217 1766 1754
f 191 1689 1682
f 220 1778 1776
f 214 1760 1758
f 200 1718 1716
f 171 1629 1625
f 210 1747 1742
f 183 1665 1663
f 175 1641 1634
f 196 1704 1697
f 207 1737 1728
f 211 1750 1746
f 187 1676 1664
f 176 1644 1640
f 195 1702 1700
f 203 1726 1724
f 188 1681 1679
f 168 1620 1618
f 198 1710 1708
f 213 1755 1753
f 218 1771 1769
f 208 1740 1738
f 185 1673 1671
f 177 1647 1643
f 197 1707 1701
f 206 1734 1723
f 184 1669 1667
f 173 1635 1633
f 194 1698 1693
f 204 1729 1727
f 209 1745 1743
f 190 1687 1685
f 219 1774 1772
f 215 1762 1757
f 201 1720 1715
f 172 1632 1628
f 357 2189 2187
f 255 1883 1881
f 262 1903 1899
f 388 2281 2277
f 400 2317 2313
f 352 2173 2169
f 347 2158 2156
f 298 2012 2010
f 364 2210 2208
f 269 1924 1917
f 339 2135 2133
f 285 1973 1971
f 293 1996 1989
f 370 2227 2223
f 396 2304 2300
f 353 2176 2174
f 346 2155 2151
f 299 2014 2007
f 365 2212 2205
f 268 1922 1920
f 249 1864 1855
f 231 1810 1801
f 226 1795 1784
f 238 1831 1820
f 244 1849 1838
f 257 1887 1874
f 359 2193 2180
f 402 2321 2310
f 390 2285 2274
f 264 1907 1896
f 327 2098 2089
f 309 2044 2035
f 282 1961 1950
f 317 2067 2054
f 322 2083 2072
f 341 2139 2126
f 286 1975 1964
f 294 1997 1986
f 372 2231 2220
f 394 2298 2291
f 358 2190 2183
f 256 1884 1877
f 261 1900 1891
f 387 2278 2269
f 399 2314 2305
f 351 2170 2161
f 348 2159 2148
f 300 2015 2004
f 366 2213 2202
f 267 1918 1909
f 340 2136 2129
f 287 1977 1967
f 291 1990 1981
f 369 2224 2215
f 395 2301 2288
f 354 2177 2166
f 345 2152 2143
f 297 2008 1999
f 363 2206 2197
f 270 1925 1914
f 234 1817 1806
f 227 1797 1787
f 239 1833 1823
f 245 1851 1841
f 252 1871 1860
f 275 1941 1931
f 334 2119 2108
f 304 2029 2018
f 377 2247 2234
f 382 2262 2255
f 312 2051 2040
f 279 1954 1945
f 316 2064 2057
f 323 2085 2075
f 330 2105 2094
f 335 2121 2111
f 305 2031 2021
f 376 2244 2237
f 383 2265 2252
f 274 1939 1928
f 232 1814 1812
f 225 1793 1791
f 237 1829 1827
f 243 1847 1845
f 250 1868 1866
f 273 1937 1935
f 336 2124 2118
f 306 2034 2028
f 378 2250 2246
f 381 2261 2259
f 311 2050 2048
f 281 1960 1953
f 315 2063 2061
f 321 2081 2079
f 328 2102 2100
f 333 2117 2115
f 303 2027 2025
f 375 2243 2241
f 384 2268 2264
f 276 1944 1938
f 229 1804 1802
f 223 1785 1783
f 235 1821 1819
f 241 1839 1837
f 247 1858 1856
f 271 1929 1927
f 332 2114 2112
f 302 2024 2022
f 374 2240 2238
f 379 2253 2251
f 307 2038 2036
f 278 1951 1949
f 313 2055 2053
f 319 2073 2071
f 325 2092 2090
f 331 2109 2107
f 301 2019 2017
f 373 2235 2233
f 380 2258 2256
f 272 1934 1932
f 248 1861 1859
f 230 1807 1805
f 224 1790 1788
f 236 1826 1824
f 242 1844 1842
f 254 1880 1878
f 356 2186 2184
f 397 2308 2306
f 385 2272 2270
f 259 1894 1892
f 326 2095 2093
f 308 2041 2039
f 277 1948 1946
f 314 2060 2058
f 320 2078 2076
f 338 2132 2130
f 284 1970 1968
f 289 1984 1982
f 367 2218 2216
f 391 2289 2287
f 355 2181 2179
f 253 1875 1873
f 260 1897 1895
f 386 2275 2273
f 398 2311 2309
f 350 2167 2165
f 343 2146 2144
f 295 2002 2000
f 361 2200 2198
f 266 1915 1913
f 337 2127 2125
f 283 1965 1963
f 290 1987 1985
f 368 2221 2219
f 392 2294 2292
f 349 2164 2162
f 344 2149 2147
f 296 2005 2003
f 362 2203 2201
f 265 1912 1910
f 251 1870 1863
f 233 1816 1809
f 228 1800 1794
f 240 1836 1830
f 246 1854 1848
f 258 1890 1886
f 360 2196 2192
f 401 2320 2318
f 389 2284 2282
f 263 1906 1904
f 329 2104 2097
f 310 2047 2043
f 280 1958 1956
f 318 2070 2066
f 324 2088 2082
f 342 2142 2138
f 288 1980 1974
f 292 1994 1992
f 371 2230 2228
f 393 2297 2295
f 409 2329 2331
f 405 2323 2327
f 411 2326 2328
f 414 2333 2334
f 417 2336 2337
f 431 2345 2346
f 488 2409 2412
f 575 2496 2499
f 563 2485 2487
f 519 2435 2436
f 454 2374 2376
f 450 2368 2372
f 456 2371 2373
f 459 2378 2379
f 462 2381 2382
f 472 2392 2396
f 446 2360 2361
f 506 2416 2418
f 535 2456 2457
f 541 2460 2463
f 570 2488 2492
f 480 2398 2402
f 421 2340 2343
f 511 2430 2433
f 556 2475 2478
f 484 2404 2406
f 580 2501 2502
f 567 2482 2484
f 522 2440 2442
f 427 2347 2349
f 544 2464 2468
f 468 2384 2387
f 436 2355 2358
f 499 2419 2421
f 530 2451 2454
f 548 2470 2472
f 466 2385 2388
f 442 2362 2364
f 505 2423 2426
f 536 2446 2448
f 491 2401 2403
f 423 2339 2342
f 513 2429 2432
f 564 2474 2477
f 581 2491 2493
f 549 2459 2462
f 477 2395 2397
f 445 2365 2367
f 503 2424 2427
f 525 2443 2447
f 474 2390 2391
f 438 2354 2357
f 495 2413 2417
f 532 2450 2453
f 552 2467 2469
f 490 2408 2411
f 577 2495 2498
f 559 2479 2483
f 517 2437 2441
f 430 2350 2352
f 590 2511 2509
f 584 2505 2503
f 585 2507 2506
f 592 2513 2512
f 595 2516 2515
f 598 2519 2518
f 636 2556 2555
f 621 2540 2541
f 642 2561 2562
f 601 2521 2522
f 623 2544 2542
f 611 2529 2528
f 609 2530 2531
f 625 2546 2545
f 628 2549 2548
f 632 2553 2551
f 613 2534 2533
f 616 2536 2537
f 638 2557 2559
f 606 2525 2526
f 1607 644 647
f 1603 643 644
f 1604 645 643
f 1610 646 645
f 1613 647 646
f 1622 652 649
f 1686 670 672
f 1773 699 702
f 1761 695 696
f 1712 681 679
f 1652 659 662
f 1648 658 659
f 1649 660 658
f 1655 661 660
f 1658 662 661
f 1670 665 666
f 1637 657 654
f 1694 677 673
f 1731 686 685
f 1739 688 692
f 1768 698 701
f 1678 668 669
f 1619 648 650
f 1709 678 682
f 1754 693 697
f 1682 669 671
f 1776 701 700
f 1758 697 694
f 1716 682 680
f 1625 650 651
f 1742 689 690
f 1663 664 663
f 1634 653 655
f 1697 674 676
f 1728 684 687
f 1746 690 691
f 1664 663 667
f 1640 655 656
f 1700 676 675
f 1724 687 683
f 1679 672 668
f 1618 649 648
f 1708 679 678
f 1753 696 693
f 1769 702 698
f 1738 691 688
f 1671 667 665
f 1643 656 657
f 1701 675 677
f 1723 683 686
f 1667 666 664
f 1633 654 653
f 1693 673 674
f 1727 685 684
f 1743 692 689
f 1685 671 670
f 1772 700 699
f 1757 694 695
f 1715 680 681
f 1628 651 652
f 2187 838 837
f 1881 736 735
f 1899 741 742
f 2277 867 868
f 2313 879 880
f 2169 831 832
f 2156 828 827
f 2010 780 778
f 2208 846 844
f 1917 747 749
f 2133 820 819
f 1971 767 765
f 1989 771 773
f 2223 849 850
f 2300 875 876
f 2174 834 833
f 2151 825 826
f 2007 777 779
f 2205 843 845
f 1920 750 748
f 1855 727 729
f 1801 709 711
f 1784 703 706
f 1820 715 718
f 1838 721 724
f 1874 733 737
f 2180 835 839
f 2310 878 882
f 2274 866 870
f 1896 740 744
f 2089 805 807
f 2035 787 789
f 1950 758 762
f 2054 793 797
f 2072 799 802
f 2126 817 821
f 1964 763 766
f 1986 770 774
f 2220 848 852
f 2291 872 874
f 2183 836 838
f 1877 734 736
f 1891 739 741
f 2269 865 867
f 2305 877 879
f 2161 829 831
f 2148 824 828
f 2004 776 780
f 2202 842 846
f 1909 745 747
f 2129 818 820
f 1967 764 767
f 1981 769 771
f 2215 847 849
f 2288 871 875
f 2166 830 834
f 2143 823 825
f 1999 775 777
f 2197 841 843
f 1914 746 750
f 1806 710 714
f 1787 704 707
f 1823 716 719
f 1841 722 725
f 1860 728 732
f 1931 752 755
f 2108 811 814
f 2018 781 784
f 2234 853 857
f 2255 860 862
f 2040 788 792
f 1945 757 759
f 2057 794 796
f 2075 800 803
f 2094 806 810
f 2111 812 815
f 2021 782 785
f 2237 854 856
f 2252 859 863
f 1928 751 754
f 1812 714 712
f 1791 707 705
f 1827 719 717
f 1845 725 723
f 1866 732 730
f 1935 755 753
f 2118 814 816
f 2028 784 786
f 2246 857 858
f 2259 862 861
f 2048 792 791
f 1953 759 761
f 2061 796 795
f 2079 803 801
f 2100 810 808
f 2115 815 813
f 2025 785 783
f 2241 856 855
f 2264 863 864
f 1938 754 756
f 1802 712 709
f 1783 705 703
f 1819 717 715
f 1837 723 721
f 1856 730 727
f 1927 753 751
f 2112 816 812
f 2022 786 782
f 2238 858 854
f 2251 861 859
f 2036 791 787
f 1949 761 758
f 2053 795 793
f 2071 801 799
f 2090 808 805
f 2107 813 811
f 2017 783 781
f 2233 855 853
f 2256 864 860
f 1932 756 752
f 1859 731 728
f 1805 713 710
f 1788 708 704
f 1824 720 716
f 1842 726 722
f 1878 738 734
f 2184 840 836
f 2306 881 877
f 2270 869 865
f 1892 743 739
f 2093 809 806
f 2039 790 788
f 1946 760 757
f 2058 798 794
f 2076 804 800
f 2130 822 818
f 1968 768 764
f 1982 772 769
f 2216 851 847
f 2287 873 871
f 2179 837 835
f 1873 735 733
f 1895 742 740
f 2273 868 866
f 2309 880 878
f 2165 832 830
f 2144 827 823
f 2000 778 775
f 2198 844 841
f 1913 749 746
f 2125 819 817
f 1963 765 763
f 1985 773 770
f 2219 850 848
f 2292 876 872
f 2162 833 829
f 2147 826 824
f 2003 779 776
f 2201 845 842
f 1910 748 745
f 1863 729 731
f 1809 711 713
f 1794 706 708
f 1830 718 720
f 1848 724 726
f 1886 737 738
f 2192 839 840
f 2318 882 881
f 2282 870 869
f 1904 744 743
f 2097 807 809
f 2043 789 790
f 1956 762 760
f 2066 797 798
f 2082 802 804
f 2138 821 822
f 1974 766 768
f 1992 774 772
f 2228 852 851
f 2295 874 873
f 2331 1270 1269
f 2327 1246 1245
f 2328 1251 1252
f 2334 1287 1288
f 2337 1305 1306
f 2346 1335 1336
f 2412 1552 1551
f 2499 1474 1473
f 2487 1600 1599
f 2436 1353 1354
f 2376 1480 1479
f 2372 1402 1401
f 2373 1407 1408
f 2379 1491 1492
f 2382 1503 1504
f 2396 1534 1533
f 2361 1413 1414
f 2418 1443 1444
f 2457 1593 1594
f 2463 1384 1383
f 2492 1324 1323
f 2402 1276 1275
f 2343 1264 1263
f 2433 1300 1299
f 2478 1318 1317
f 2406 1342 1341
f 2502 1563 1564
f 2484 1461 1462
f 2442 1587 1588
f 2349 1348 1347
f 2468 1522 1521
f 2387 1419 1420
f 2358 1396 1395
f 2421 1498 1497
f 2454 1516 1515
f 2472 1558 1557
f 2388 1426 1425
f 2364 1432 1431
f 2426 1569 1570
f 2448 1371 1372
f 2403 1281 1282
f 2342 1257 1258
f 2432 1293 1294
f 2477 1311 1312
f 2493 1329 1330
f 2462 1377 1378
f 2397 1539 1540
f 2367 1450 1449
f 2427 1576 1575
f 2447 1366 1365
f 2391 1485 1486
f 2357 1389 1390
f 2417 1438 1437
f 2453 1509 1510
f 2469 1527 1528
f 2411 1545 1546
f 2498 1467 1468
f 2483 1456 1455
f 2441 1582 1581
f 2352 1360 1359
f 2509 1271 1272
f 2503 1247 1248
f 2506 1254 1253
f 2512 1290 1289
f 2515 1308 1307
f 2518 1338 1337
f 2555 1553 1554
f 2541 1475 1476
f 2562 1601 1602
f 2522 1356 1355
f 2542 1481 1482
f 2528 1403 1404
f 2531 1410 1409
f 2545 1494 1493
f 2548 1506 1505
f 2551 1535 1536
f 2533 1416 1415
f 2537 1446 1445
f 2559 1596 1595
f 2526 1385 1386
f 1616 907 909
f 1608 889 891
f 1606 883 886
f 1612 895 898
f 1615 901 904
f 1624 919 922
f 1692 1057 1060
f 1782 1237 1240
f 1765 1201 1204
f 1714 1099 1102
f 1661 997 999
f 1653 979 981
f 1651 973 976
f 1657 985 988
f 1660 991 994
f 1675 1021 1024
f 1639 949 952
f 1696 1063 1066
f 1733 1135 1138
f 1751 1177 1179
f 1779 1231 1233
f 1683 1039 1041
f 1626 925 927
f 1721 1117 1119
f 1766 1207 1209
f 1689 1051 1053
f 1778 1225 1228
f 1760 1189 1192
f 1718 1105 1108
f 1629 931 933
f 1747 1165 1167
f 1665 1003 1005
f 1641 955 957
f 1704 1081 1083
f 1737 1147 1150
f 1750 1171 1174
f 1676 1027 1029
f 1644 961 963
f 1702 1075 1077
f 1726 1123 1126
f 1681 1033 1036
f 1620 913 915
f 1710 1093 1095
f 1755 1183 1185
f 1771 1213 1216
f 1740 1153 1155
f 1673 1015 1018
f 1647 967 970
f 1707 1087 1090
f 1734 1141 1143
f 1669 1009 1012
f 1635 943 945
f 1698 1069 1071
f 1729 1129 1131
f 1745 1159 1162
f 1687 1045 1047
f 1774 1219 1221
f 1762 1195 1197
f 1720 1111 1114
f 1632 937 940
f 2189 1280 1284
f 1883 1256 1260
f 1903 1292 1296
f 2281 1310 1314
f 2317 1328 1332
f 2173 1376 1380
f 2158 1538 1542
f 2012 1447 1451
f 2210 1573 1577
f 1924 1363 1367
f 2135 1484 1488
f 1973 1388 1392
f 1996 1435 1439
f 2227 1508 1512
f 2304 1526 1530
f 2176 1544 1548
f 2155 1466 1470
f 2014 1453 1457
f 2212 1579 1583
f 1922 1357 1361
f 1864 1268 1270
f 1810 1244 1246
f 1795 1249 1251
f 1831 1285 1287
f 1849 1303 1305
f 1887 1333 1335
f 2193 1550 1552
f 2321 1472 1474
f 2285 1598 1600
f 1907 1351 1353
f 2098 1478 1480
f 2044 1400 1402
f 1961 1405 1407
f 2067 1489 1491
f 2083 1501 1503
f 2139 1532 1534
f 1975 1411 1413
f 1997 1441 1443
f 2231 1591 1593
f 2298 1382 1384
f 2190 1322 1324
f 1884 1274 1276
f 1900 1262 1264
f 2278 1298 1300
f 2314 1316 1318
f 2170 1340 1342
f 2159 1561 1563
f 2015 1459 1461
f 2213 1585 1587
f 1918 1346 1348
f 2136 1520 1522
f 1977 1417 1419
f 1990 1394 1396
f 2224 1496 1498
f 2301 1514 1516
f 2177 1556 1558
f 2152 1424 1426
f 2008 1430 1432
f 2206 1567 1569
f 1925 1369 1371
f 1817 1279 1281
f 1797 1255 1257
f 1833 1291 1293
f 1851 1309 1311
f 1871 1327 1329
f 1941 1375 1377
f 2119 1537 1539
f 2029 1448 1450
f 2247 1574 1576
f 2262 1364 1366
f 2051 1483 1485
f 1954 1387 1389
f 2064 1436 1438
f 2085 1507 1509
f 2105 1525 1527
f 2121 1543 1545
f 2031 1465 1467
f 2244 1454 1456
f 2265 1580 1582
f 1939 1358 1360
f 1814 1267 1271
f 1793 1243 1247
f 1829 1250 1254
f 1847 1286 1290
f 1868 1304 1308
f 1937 1334 1338
f 2124 1549 1553
f 2034 1471 1475
f 2250 1597 1601
f 2261 1352 1356
f 2050 1477 1481
f 1960 1399 1403
f 2063 1406 1410
f 2081 1490 1494
f 2102 1502 1506
f 2117 1531 1535
f 2027 1412 1416
f 2243 1442 1446
f 2268 1592 1596
f 1944 1381 1385
f 1804 890 894
f 1785 884 887
f 1821 896 899
f 1839 902 905
f 1858 908 912
f 1929 938 941
f 2114 1046 1050
f 2024 1220 1224
f 2240 1196 1200
f 2253 1112 1115
f 2038 980 984
f 1951 974 977
f 2055 986 989
f 2073 992 995
f 2092 998 1002
f 2109 1016 1019
f 2019 968 971
f 2235 1088 1091
f 2258 1142 1146
f 1934 1154 1158
f 1861 1214 1217
f 1807 1034 1037
f 1790 914 918
f 1826 1094 1098
f 1844 1184 1188
f 1880 1040 1044
f 2186 1232 1236
f 2308 1208 1212
f 2272 1118 1122
f 1894 926 930
f 2095 1160 1163
f 2041 1010 1013
f 1948 944 948
f 2060 1070 1074
f 2078 1130 1134
f 2132 1166 1170
f 1970 1004 1008
f 1984 956 960
f 2218 1082 1086
f 2289 1148 1151
f 2181 1058 1061
f 1875 920 923
f 1897 1100 1103
f 2275 1202 1205
f 2311 1238 1241
f 2167 1172 1175
f 2146 1028 1032
f 2002 962 966
f 2200 1076 1080
f 1915 1124 1127
f 2127 1022 1025
f 1965 950 953
f 1987 1064 1067
f 2221 1136 1139
f 2294 1178 1182
f 2164 1052 1056
f 2149 1226 1229
f 2005 1190 1193
f 2203 1106 1109
f 1912 932 936
f 1870 1321 1325
f 1816 1273 1277
f 1800 1261 1265
f 1836 1297 1301
f 1854 1315 1319
f 1890 1339 1343
f 2196 1562 1566
f 2320 1460 1464
f 2284 1586 1590
f 1906 1345 1349
f 2104 1519 1523
f 2047 1418 1422
f 1958 1393 1397
f 2070 1495 1499
f 2088 1513 1517
f 2142 1555 1559
f 1980 1423 1427
f 1994 1429 1433
f 2230 1568 1572
f 2297 1370 1374
f 2329 894 892
f 2323 887 885
f 2326 899 897
f 2333 905 903
f 2336 912 910
f 2345 941 939
f 2409 1050 1048
f 2496 1224 1222
f 2485 1200 1198
f 2435 1115 1113
f 2374 984 982
f 2368 977 975
f 2371 989 987
f 2378 995 993
f 2381 1002 1000
f 2392 1019 1017
f 2360 971 969
f 2416 1091 1089
f 2456 1146 1144
f 2460 1158 1156
f 2488 1217 1215
f 2398 1037 1035
f 2340 918 916
f 2430 1098 1096
f 2475 1188 1186
f 2404 1044 1042
f 2501 1236 1234
f 2482 1212 1210
f 2440 1122 1120
f 2347 930 928
f 2464 1163 1161
f 2384 1013 1011
f 2355 948 946
f 2419 1074 1072
f 2451 1134 1132
f 2470 1170 1168
f 2385 1008 1006
f 2362 960 958
f 2423 1086 1084
f 2446 1151 1149
f 2401 1061 1059
f 2339 923 921
f 2429 1103 1101
f 2474 1205 1203
f 2491 1241 1239
f 2459 1175 1173
f 2395 1032 1030
f 2365 966 964
f 2424 1080 1078
f 2443 1127 1125
f 2390 1025 1023
f 2354 953 951
f 2413 1067 1065
f 2450 1139 1137
f 2467 1182 1180
f 2408 1056 1054
f 2495 1229 1227
f 2479 1193 1191
f 2437 1109 1107
f 2350 936 934
f 2511 1325 1326
f 2505 1277 1278
f 2507 1265 1266
f 2513 1301 1302
f 2516 1319 1320
f 2519 1343 1344
f 2556 1566 1565
f 2540 1464 1463
f 2561 1590 1589
f 2521 1349 1350
f 2544 1523 1524
f 2529 1422 1421
f 2530 1397 1398
f 2546 1499 1500
f 2549 1517 1518
f 2553 1559 1560
f 2534 1427 1428
f 2536 1433 1434
f 2557 1572 1571
f 2525 1374 1373
f 1609 892 889
f 1605 885 883
f 1611 897 895
f 1614 903 901
f 1617 910 907
f 1631 939 937
f 1688 1048 1045
f 1775 1222 1219
f 1763 1198 1195
f 1719 1113 1111
f 1654 982 979
f 1650 975 973
f 1656 987 985
f 1659 993 991
f 1662 1000 997
f 1672 1017 1015
f 1646 969 967
f 1706 1089 1087
f 1735 1144 1141
f 1741 1156 1153
f 1770 1215 1213
f 1680 1035 1033
f 1621 916 913
f 1711 1096 1093
f 1756 1186 1183
f 1684 1042 1039
f 1780 1234 1231
f 1767 1210 1207
f 1722 1120 1117
f 1627 928 925
f 1744 1161 1159
f 1668 1011 1009
f 1636 946 943
f 1699 1072 1069
f 1730 1132 1129
f 1748 1168 1165
f 1666 1006 1003
f 1642 958 955
f 1705 1084 1081
f 1736 1149 1147
f 1691 1059 1057
f 1623 921 919
f 1713 1101 1099
f 1764 1203 1201
f 1781 1239 1237
f 1749 1173 1171
f 1677 1030 1027
f 1645 964 961
f 1703 1078 1075
f 1725 1125 1123
f 1674 1023 1021
f 1638 951 949
f 1695 1065 1063
f 1732 1137 1135
f 1752 1180 1177
f 1690 1054 1051
f 1777 1227 1225
f 1759 1191 1189
f 1717 1107 1105
f 1630 934 931
f 2191 1326 1322
f 1885 1278 1274
f 1901 1266 1262
f 2279 1302 1298
f 2315 1320 1316
f 2171 1344 1340
f 2160 1565 1561
f 2016 1463 1459
f 2214 1589 1585
f 1919 1350 1346
f 2137 1524 1520
f 1978 1421 1417
f 1991 1398 1394
f 2225 1500 1496
f 2302 1518 1514
f 2178 1560 1556
f 2153 1428 1424
f 2009 1434 1430
f 2207 1571 1567
f 1926 1373 1369
f 1857 911 908
f 1803 893 890
f 1786 888 884
f 1822 900 896
f 1840 906 902
f 1876 924 920
f 2182 1062 1058
f 2312 1242 1238
f 2276 1206 1202
f 1898 1104 1100
f 2091 1001 998
f 2037 983 980
f 1952 978 974
f 2056 990 986
f 2074 996 992
f 2128 1026 1022
f 1966 954 950
f 1988 1068 1064
f 2222 1140 1136
f 2293 1181 1178
f 2185 1235 1232
f 1879 1043 1040
f 1893 929 926
f 2271 1121 1118
f 2307 1211 1208
f 2163 1055 1052
f 2150 1230 1226
f 2006 1194 1190
f 2204 1110 1106
f 1911 935 932
f 2131 1169 1166
f 1969 1007 1004
f 1983 959 956
f 2217 1085 1082
f 2290 1152 1148
f 2168 1176 1172
f 2145 1031 1028
f 2001 965 962
f 2199 1079 1076
f 1916 1128 1124
f 1808 1038 1034
f 1789 917 914
f 1825 1097 1094
f 1843 1187 1184
f 1862 1218 1214
f 1933 1157 1154
f 2110 1020 1016
f 2020 972 968
f 2236 1092 1088
f 2257 1145 1142
f 2042 1014 1010
f 1947 947 944
f 2059 1073 1070
f 2077 1133 1130
f 2096 1164 1160
f 2113 1049 1046
f 2023 1223 1220
f 2239 1199 1196
f 2254 1116 1112
f 1930 942 938
f 1818 1283 1279
f 1798 1259 1255
f 1834 1295 1291
f 1852 1313 1309
f 1872 1331 1327
f 1942 1379 1375
f 2120 1541 1537
f 2030 1452 1448
f 2248 1578 1574
f 2263 1368 1364
f 2052 1487 1483
f 1955 1391 1387
f 2065 1440 1436
f 2086 1511 1507
f 2106 1529 1525
f 2122 1547 1543
f 2032 1469 1465
f 2245 1458 1454
f 2266 1584 1580
f 1940 1362 1358
f 1813 1269 1267
f 1792 1245 1243
f 1828 1252 1250
f 1846 1288 1286
f 1867 1306 1304
f 1936 1336 1334
f 2123 1551 1549
f 2033 1473 1471
f 2249 1599 1597
f 2260 1354 1352
f 2049 1479 1477
f 1959 1401 1399
f 2062 1408 1406
f 2080 1492 1490
f 2101 1504 1502
f 2116 1533 1531
f 2026 1414 1412
f 2242 1444 1442
f 2267 1594 1592
f 1943 1383 1381
f 1869 1323 1321
f 1815 1275 1273
f 1799 1263 1261
f 1835 1299 1297
f 1853 1317 1315
f 1889 1341 1339
f 2195 1564 1562
f 2319 1462 1460
f 2283 1588 1586
f 1905 1347 1345
f 2103 1521 1519
f 2046 1420 1418
f 1957 1395 1393
f 2069 1497 1495
f 2087 1515 1513
f 2141 1557 1555
f 1979 1425 1423
f 1993 1431 1429
f 2229 1570 1568
f 2296 1372 1370
f 2188 1282 1280
f 1882 1258 1256
f 1902 1294 1292
f 2280 1312 1310
f 2316 1330 1328
f 2172 1378 1376
f 2157 1540 1538
f 2011 1449 1447
f 2209 1575 1573
f 1923 1365 1363
f 2134 1486 1484
f 1972 1390 1388
f 1995 1437 1435
f 2226 1510 1508
f 2303 1528 1526
f 2175 1546 1544
f 2154 1468 1466
f 2013 1455 1453
f 2211 1581 1579
f 1921 1359 1357
f 1865 1272 1268
f 1811 1248 1244
f 1796 1253 1249
f 1832 1289 1285
f 1850 1307 1303
f 1888 1337 1333
f 2194 1554 1550
f 2322 1476 1472
f 2286 1602 1598
f 1908 1355 1351
f 2099 1482 1478
f 2045 1404 1400
f 1962 1409 1405
f 2068 1493 1489
f 2084 1505 1501
f 2140 1536 1532
f 1976 1415 1411
f 1998 1445 1441
f 2232 1595 1591
f 2299 1386 1382
f 2330 909 911
f 2324 891 893
f 2325 886 888
f 2332 898 900
f 2335 904 906
f 2344 922 924
f 2410 1060 1062
f 2497 1240 1242
f 2486 1204 1206
f 2434 1102 1104
f 2375 999 1001
f 2369 981 983
f 2370 976 978
f 2377 988 990
f 2380 994 996
f 2393 1024 1026
f 2359 952 954
f 2415 1066 1068
f 2455 1138 1140
f 2461 1179 1181
f 2489 1233 1235
f 2399 1041 1043
f 2341 927 929
f 2431 1119 1121
f 2476 1209 1211
f 2405 1053 1055
f 2500 1228 1230
f 2481 1192 1194
f 2439 1108 1110
f 2348 933 935
f 2465 1167 1169
f 2383 1005 1007
f 2356 957 959
f 2420 1083 1085
f 2452 1150 1152
f 2471 1174 1176
f 2386 1029 1031
f 2363 963 965
f 2422 1077 1079
f 2445 1126 1128
f 2400 1036 1038
f 2338 915 917
f 2428 1095 1097
f 2473 1185 1187
f 2490 1216 1218
f 2458 1155 1157
f 2394 1018 1020
f 2366 970 972
f 2425 1090 1092
f 2444 1143 1145
f 2389 1012 1014
f 2353 945 947
f 2414 1071 1073
f 2449 1131 1133
f 2466 1162 1164
f 2407 1047 1049
f 2494 1221 1223
f 2480 1197 1199
f 2438 1114 1116
f 2351 940 942
f 2510 1284 1283
f 2504 1260 1259
f 2508 1296 1295
f 2514 1314 1313
f 2517 1332 1331
f 2520 1380 1379
f 2554 1542 1541
f 2539 1451 1452
f 2560 1577 1578
f 2523 1367 1368
f 2543 1488 1487
f 2527 1392 1391
f 2532 1439 1440
f 2547 1512 1511
f 2550 1530 1529
f 2552 1548 1547
f 2535 1470 1469
f 2538 1457 1458
f 2558 1583 1584
f 2524 1361 1362
f 1607 1616 1609
f 1603 1608 1605
f 1604 1606 1611
f 1610 1612 1614
f 1613 1615 1617
f 1622 1624 1631
f 1686 1692 1688
f 1773 1782 1775
f 1761 1765 1763
f 1712 1714 1719
f 1652 1661 1654
f 1648 1653 1650
f 1649 1651 1656
f 1655 1657 1659
f 1658 1660 1662
f 1670 1675 1672
f 1637 1639 1646
f 1694 1696 1706
f 1731 1733 1735
f 1739 1751 1741
f 1768 1779 1770
f 1678 1683 1680
f 1619 1626 1621
f 1709 1721 1711
f 1754 1766 1756
f 1682 1689 1684
f 1776 1778 1780
f 1758 1760 1767
f 1716 1718 1722
f 1625 1629 1627
f 1742 1747 1744
f 1663 1665 1668
f 1634 1641 1636
f 1697 1704 1699
f 1728 1737 1730
f 1746 1750 1748
f 1664 1676 1666
f 1640 1644 1642
f 1700 1702 1705
f 1724 1726 1736
f 1679 1681 1691
f 1618 1620 1623
f 1708 1710 1713
f 1753 1755 1764
f 1769 1771 1781
f 1738 1740 1749
f 1671 1673 1677
f 1643 1647 1645
f 1701 1707 1703
f 1723 1734 1725
f 1667 1669 1674
f 1633 1635 1638
f 1693 1698 1695
f 1727 1729 1732
f 1743 1745 1752
f 1685 1687 1690
f 1772 1774 1777
f 1757 1762 1759
f 1715 1720 1717
f 1628 1632 1630
f 2187 2189 2191
f 1881 1883 1885
f 1899 1903 1901
f 2277 2281 2279
f 2313 2317 2315
f 2169 2173 2171
f 2156 2158 2160
f 2010 2012 2016
f 2208 2210 2214
f 1917 1924 1919
f 2133 2135 2137
f 1971 1973 1978
f 1989 1996 1991
f 2223 2227 2225
f 2300 2304 2302
f 2174 2176 2178
f 2151 2155 2153
f 2007 2014 2009
f 2205 2212 2207
f 1920 1922 1926
f 1855 1864 1857
f 1801 1810 1803
f 1784 1795 1786
f 1820 1831 1822
f 1838 1849 1840
f 1874 1887 1876
f 2180 2193 2182
f 2310 2321 2312
f 2274 2285 2276
f 1896 1907 1898
f 2089 2098 2091
f 2035 2044 2037
f 1950 1961 1952
f 2054 2067 2056
f 2072 2083 2074
f 2126 2139 2128
f 1964 1975 1966
f 1986 1997 1988
f 2220 2231 2222
f 2291 2298 2293
f 2183 2190 2185
f 1877 1884 1879
f 1891 1900 1893
f 2269 2278 2271
f 2305 2314 2307
f 2161 2170 2163
f 2148 2159 2150
f 2004 2015 2006
f 2202 2213 2204
f 1909 1918 1911
f 2129 2136 2131
f 1967 1977 1969
f 1981 1990 1983
f 2215 2224 2217
f 2288 2301 2290
f 2166 2177 2168
f 2143 2152 2145
f 1999 2008 2001
f 2197 2206 2199
f 1914 1925 1916
f 1806 1817 1808
f 1787 1797 1789
f 1823 1833 1825
f 1841 1851 1843
f 1860 1871 1862
f 1931 1941 1933
f 2108 2119 2110
f 2018 2029 2020
f 2234 2247 2236
f 2255 2262 2257
f 2040 2051 2042
f 1945 1954 1947
f 2057 2064 2059
f 2075 2085 2077
f 2094 2105 2096
f 2111 2121 2113
f 2021 2031 2023
f 2237 2244 2239
f 2252 2265 2254
f 1928 1939 1930
f 1812 1814 1818
f 1791 1793 1798
f 1827 1829 1834
f 1845 1847 1852
f 1866 1868 1872
f 1935 1937 1942
f 2118 2124 2120
f 2028 2034 2030
f 2246 2250 2248
f 2259 2261 2263
f 2048 2050 2052
f 1953 1960 1955
f 2061 2063 2065
f 2079 2081 2086
f 2100 2102 2106
f 2115 2117 2122
f 2025 2027 2032
f 2241 2243 2245
f 2264 2268 2266
f 1938 1944 1940
f 1802 1804 1813
f 1783 1785 1792
f 1819 1821 1828
f 1837 1839 1846
f 1856 1858 1867
f 1927 1929 1936
f 2112 2114 2123
f 2022 2024 2033
f 2238 2240 2249
f 2251 2253 2260
f 2036 2038 2049
f 1949 1951 1959
f 2053 2055 2062
f 2071 2073 2080
f 2090 2092 2101
f 2107 2109 2116
f 2017 2019 2026
f 2233 2235 2242
f 2256 2258 2267
f 1932 1934 1943
f 1859 1861 1869
f 1805 1807 1815
f 1788 1790 1799
f 1824 1826 1835
f 1842 1844 1853
f 1878 1880 1889
f 2184 2186 2195
f 2306 2308 2319
f 2270 2272 2283
f 1892 1894 1905
f 2093 2095 2103
f 2039 2041 2046
f 1946 1948 1957
f 2058 2060 2069
f 2076 2078 2087
f 2130 2132 2141
f 1968 1970 1979
f 1982 1984 1993
f 2216 2218 2229
f 2287 2289 2296
f 2179 2181 2188
f 1873 1875 1882
f 1895 1897 1902
f 2273 2275 2280
f 2309 2311 2316
f 2165 2167 2172
f 2144 2146 2157
f 2000 2002 2011
f 2198 2200 2209
f 1913 1915 1923
f 2125 2127 2134
f 1963 1965 1972
f 1985 1987 1995
f 2219 2221 2226
f 2292 2294 2303
f 2162 2164 2175
f 2147 2149 2154
f 2003 2005 2013
f 2201 2203 2211
f 1910 1912 1921
f 1863 1870 1865
f 1809 1816 1811
f 1794 1800 1796
f 1830 1836 1832
f 1848 1854 1850
f 1886 1890 1888
f 2192 2196 2194
f 2318 2320 2322
f 2282 2284 2286
f 1904 1906 1908
f 2097 2104 2099
f 2043 2047 2045
f 1956 1958 1962
f 2066 2070 2068
f 2082 2088 2084
f 2138 2142 2140
f 1974 1980 1976
f 1992 1994 1998
f 2228 2230 2232
f 2295 2297 2299
f 2331 2329 2330
f 2327 2323 2324
f 2328 2326 2325
f 2334 2333 2332
f 2337 2336 2335
f 2346 2345 2344
f 2412 2409 2410
f 2499 2496 2497
f 2487 2485 2486
f 2436 2435 2434
f 2376 2374 2375
f 2372 2368 2369
f 2373 2371 2370
f 2379 2378 2377
f 2382 2381 2380
f 2396 2392 2393
f 2361 2360 2359
f 2418 2416 2415
f 2457 2456 2455
f 2463 2460 2461
f 2492 2488 2489
f 2402 2398 2399
f 2343 2340 2341
f 2433 2430 2431
f 2478 2475 2476
f 2406 2404 2405
f 2502 2501 2500
f 2484 2482 2481
f 2442 2440 2439
f 2349 2347 2348
f 2468 2464 2465
f 2387 2384 2383
f 2358 2355 2356
f 2421 2419 2420
f 2454 2451 2452
f 2472 2470 2471
f 2388 2385 2386
f 2364 2362 2363
f 2426 2423 2422
f 2448 2446 2445
f 2403 2401 2400
f 2342 2339 2338
f 2432 2429 2428
f 2477 2474 2473
f 2493 2491 2490
f 2462 2459 2458
f 2397 2395 2394
f 2367 2365 2366
f 2427 2424 2425
f 2447 2443 2444
f 2391 2390 2389
f 2357 2354 2353
f 2417 2413 2414
f 2453 2450 2449
f 2469 2467 2466
f 2411 2408 2407
f 2498 2495 2494
f 2483 2479 2480
f 2441 2437 2438
f 2352 2350 2351
f 2509 2511 2510
f 2503 2505 2504
f 2506 2507 2508
f 2512 2513 2514
f 2515 2516 2517
f 2518 2519 2520
f 2555 2556 2554
f 2541 2540 2539
f 2562 2561 2560
f 2522 2521 2523
f 2542 2544 2543
f 2528 2529 2527
f 2531 2530 2532
f 2545 2546 2547
f 2548 2549 2550
f 2551 2553 2552
f 2533 2534 2535
f 2537 2536 2538
f 2559 2557 2558
f 2526 2525 2524